run,cond,head,path,is_prev,pe,conflict_frac,d_model,steps,d_ce,discount_base,discount,discount_removed,swap_slope_base,swap_slope,gap_base,h_eff_base,gap,h_eff
E1_h0.01_e0.1_L2_alibi_learn_attn_s0,h0_all,0,all,False,alibi_learn,,128,20000,0.3253920078277588,-0.36639315040680165,-0.35912445933692244,0.01983850151622346,-0.03091540294034145,0.03500927856990268,0.29342899297544855,0.058342690072722296,,
E1_h0.01_e0.1_L2_alibi_learn_attn_s0,h0_k,0,k,False,alibi_learn,,128,20000,0.06104099750518799,-0.36639315040680165,-0.3187288090455123,0.13009069986261534,-0.03091540294034145,-0.004144252198083128,0.29342899297544855,0.058342690072722296,0.13857356445155322,0.08980127494730894
E1_h0.01_e0.1_L2_alibi_learn_attn_s0,h0_q,0,q,False,alibi_learn,,128,20000,0.2624988555908203,-0.36639315040680165,-0.2215659129602385,0.39527823401109796,-0.03091540294034145,0.1856346722692251,0.29342899297544855,0.058342690072722296,-0.17003243846268523,0.01657920652495492
E1_h0.01_e0.1_L2_alibi_learn_attn_s0,h0_v,0,v,False,alibi_learn,,128,20000,0.032213807106018066,-0.36639315040680165,-0.36639315040680165,0.0,-0.03091540294034145,-0.026657072561127846,0.29342899297544855,0.058342690072722296,,
E1_h0.01_e0.1_L2_alibi_learn_attn_s0,h1_all,1,all,False,alibi_learn,,128,20000,0.1268554925918579,-0.36639315040680165,-0.010024649511137499,0.9726396372311893,-0.03091540294034145,-0.036776568208422,0.29342899297544855,0.058342690072722296,,
E1_h0.01_e0.1_L2_alibi_learn_attn_s0,h1_k,1,k,False,alibi_learn,,128,20000,0.04068922996520996,-0.36639315040680165,-0.010183671558740124,0.9722056169788291,-0.03091540294034145,-0.011290073394775432,0.29342899297544855,0.058342690072722296,0.38925013616192705,0.044082542383468114
E1_h0.01_e0.1_L2_alibi_learn_attn_s0,h1_q,1,q,False,alibi_learn,,128,20000,0.018186330795288086,-0.36639315040680165,-0.37450229837484095,-0.022132367810467457,-0.03091540294034145,-0.02504779355866571,0.29342899297544855,0.058342690072722296,0.2651652949346227,0.05595595726855755
E1_h0.01_e0.1_L2_alibi_learn_attn_s0,h1_v,1,v,False,alibi_learn,,128,20000,0.12474775314331055,-0.36639315040680165,-0.36639315040680165,0.0,-0.03091540294034145,-0.028053446326937036,0.29342899297544855,0.058342690072722296,,
E1_h0.01_e0.1_L2_alibi_learn_attn_s0,h2_all,2,all,False,alibi_learn,,128,20000,0.020593881607055664,-0.36639315040680165,-0.3618944770120321,0.012278268274870108,-0.03091540294034145,-0.04541841191904889,0.29342899297544855,0.058342690072722296,,
E1_h0.01_e0.1_L2_alibi_learn_attn_s0,h2_k,2,k,False,alibi_learn,,128,20000,0.02013218402862549,-0.36639315040680165,-0.3586347623563202,0.021175035728335567,-0.03091540294034145,-0.0380563054765974,0.29342899297544855,0.058342690072722296,0.4068311525362184,0.059206834857982706
E1_h0.01_e0.1_L2_alibi_learn_attn_s0,h2_q,2,q,False,alibi_learn,,128,20000,0.00014400482177734375,-0.36639315040680165,-0.3693131626980249,-0.007969614846732753,-0.03091540294034145,-0.03032564095088414,0.29342899297544855,0.058342690072722296,0.3013462295079542,0.057124363406726976
E1_h0.01_e0.1_L2_alibi_learn_attn_s0,h2_v,2,v,False,alibi_learn,,128,20000,0.002905726432800293,-0.36639315040680165,-0.36639315040680165,0.0,-0.03091540294034145,-0.03607971327645441,0.29342899297544855,0.058342690072722296,,
E1_h0.01_e0.1_L2_alibi_learn_attn_s0,h3_all,3,all,True,alibi_learn,,128,20000,2.893699526786804,-0.36639315040680165,0.10015206235666986,1.273345891552482,-0.03091540294034145,-0.07009920318211828,0.29342899297544855,0.058342690072722296,,
E1_h0.01_e0.1_L2_alibi_learn_attn_s0,h3_k,3,k,True,alibi_learn,,128,20000,2.9255834817886353,-0.36639315040680165,0.10062708055747618,1.2746423628437138,-0.03091540294034145,-0.07350694824542318,0.29342899297544855,0.058342690072722296,,
E1_h0.01_e0.1_L2_alibi_learn_attn_s0,h3_q,3,q,True,alibi_learn,,128,20000,-2.6345252990722656e-05,-0.36639315040680165,-0.3694759375618823,-0.008413877693013383,-0.03091540294034145,-0.031274247169494646,0.29342899297544855,0.058342690072722296,,
E1_h0.01_e0.1_L2_alibi_learn_attn_s0,h3_v,3,v,True,alibi_learn,,128,20000,0.001996278762817383,-0.36639315040680165,-0.36639315040680165,0.0,-0.03091540294034145,-0.035228148102760336,0.29342899297544855,0.058342690072722296,,
E1_h0.01_e0.1_L2_alibi_learn_attn_s1,h0_all,0,all,False,alibi_learn,,128,20000,0.17998981475830078,-0.4408367701786196,-0.22248290404163026,0.49531681771580904,0.026113493527684845,0.012037139279501688,0.22778993314657892,0.07037040079730156,,
E1_h0.01_e0.1_L2_alibi_learn_attn_s1,h0_k,0,k,False,alibi_learn,,128,20000,0.026915431022644043,-0.4408367701786196,-0.26215635024408007,0.40532104402756886,0.026113493527684845,0.027275710446493993,0.22778993314657892,0.07037040079730156,0.27999832596014484,0.058283287592767775
E1_h0.01_e0.1_L2_alibi_learn_attn_s1,h0_q,0,q,False,alibi_learn,,128,20000,0.010485172271728516,-0.4408367701786196,-0.36738362135341257,0.16662210095461194,0.026113493527684845,0.040263168726648584,0.22778993314657892,0.07037040079730156,0.10852036319246305,0.07917377249660755
E1_h0.01_e0.1_L2_alibi_learn_attn_s1,h0_v,0,v,False,alibi_learn,,128,20000,0.1637263298034668,-0.4408367701786196,-0.4408367701786196,0.0,0.026113493527684845,0.014089417031833062,0.22778993314657892,0.07037040079730156,,
E1_h0.01_e0.1_L2_alibi_learn_attn_s1,h1_all,1,all,False,alibi_learn,,128,20000,0.0926198959350586,-0.4408367701786196,-0.2026632476669696,0.540275990170117,0.026113493527684845,0.012622734478541744,0.22778993314657892,0.07037040079730156,,
E1_h0.01_e0.1_L2_alibi_learn_attn_s1,h1_k,1,k,False,alibi_learn,,128,20000,0.015127062797546387,-0.4408367701786196,-0.2307403359447914,0.4765855492242643,0.026113493527684845,0.03549794214112422,0.22778993314657892,0.07037040079730156,0.16492520793363408,0.06437381384122999
E1_h0.01_e0.1_L2_alibi_learn_attn_s1,h1_q,1,q,False,alibi_learn,,128,20000,0.005984902381896973,-0.4408367701786196,-0.3806321502532872,0.13656896157037557,0.026113493527684845,0.041914865374565076,0.22778993314657892,0.07037040079730156,0.09655390319810109,0.07737197880196951
E1_h0.01_e0.1_L2_alibi_learn_attn_s1,h1_v,1,v,False,alibi_learn,,128,20000,0.07167470455169678,-0.4408367701786196,-0.4408367701786196,0.0,0.026113493527684845,0.00489261576107564,0.22778993314657892,0.07037040079730156,,
E1_h0.01_e0.1_L2_alibi_learn_attn_s1,h2_all,2,all,False,alibi_learn,,128,20000,0.0028977394104003906,-0.4408367701786196,-0.49437002952391035,-0.12143555838955988,0.026113493527684845,0.026351871235029974,0.22778993314657892,0.07037040079730156,,
E1_h0.01_e0.1_L2_alibi_learn_attn_s1,h2_k,2,k,False,alibi_learn,,128,20000,0.0023316144943237305,-0.4408367701786196,-0.46249772202363215,-0.04913599161938298,0.026113493527684845,0.01991517330918991,0.22778993314657892,0.07037040079730156,0.309521303544951,0.07237422349972931
E1_h0.01_e0.1_L2_alibi_learn_attn_s1,h2_q,2,q,False,alibi_learn,,128,20000,0.0005776882171630859,-0.4408367701786196,-0.46907846958698796,-0.06406384702647494,0.026113493527684845,0.024816460268837957,0.22778993314657892,0.07037040079730156,0.2650316791681403,0.06772483815548473
E1_h0.01_e0.1_L2_alibi_learn_attn_s1,h2_v,2,v,False,alibi_learn,,128,20000,0.00023293495178222656,-0.4408367701786196,-0.4408367701786196,0.0,0.026113493527684845,0.034700014761515977,0.22778993314657892,0.07037040079730156,,
E1_h0.01_e0.1_L2_alibi_learn_attn_s1,h3_all,3,all,True,alibi_learn,,128,20000,2.6096609830856323,-0.4408367701786196,-0.4240564276701238,0.03806475240642171,0.026113493527684845,-0.018247718683310914,0.22778993314657892,0.07037040079730156,,
E1_h0.01_e0.1_L2_alibi_learn_attn_s1,h3_k,3,k,True,alibi_learn,,128,20000,2.688712000846863,-0.4408367701786196,-0.3113529172408643,0.29372289631214443,0.026113493527684845,-0.009692714602819532,0.22778993314657892,0.07037040079730156,,
E1_h0.01_e0.1_L2_alibi_learn_attn_s1,h3_q,3,q,True,alibi_learn,,128,20000,0.003811359405517578,-0.4408367701786196,-0.5591322980180436,-0.2683431506666123,0.026113493527684845,0.018729631389890374,0.22778993314657892,0.07037040079730156,,
E1_h0.01_e0.1_L2_alibi_learn_attn_s1,h3_v,3,v,True,alibi_learn,,128,20000,0.005053043365478516,-0.4408367701786196,-0.4408367701786196,0.0,0.026113493527684845,0.02300340022359575,0.22778993314657892,0.07037040079730156,,
E1_h0.01_e0.1_L2_alibi_learn_attn_s2,h0_all,0,all,False,alibi_learn,,128,20000,0.6213008165359497,-0.36611179806584476,-0.3758698719362641,-0.026653262533387068,-0.030039200186729457,0.032802473647253805,0.3121682706422594,0.05908900830952093,,
E1_h0.01_e0.1_L2_alibi_learn_attn_s2,h0_k,0,k,False,alibi_learn,,128,20000,0.1163097620010376,-0.36611179806584476,-0.33839939820641496,0.07569381813378695,-0.030039200186729457,0.07169403604098726,0.3121682706422594,0.05908900830952093,0.09194049958410111,0.09626701962299022
E1_h0.01_e0.1_L2_alibi_learn_attn_s2,h0_q,0,q,False,alibi_learn,,128,20000,0.09281599521636963,-0.36611179806584476,-0.21006141257091038,0.42623697547946515,-0.030039200186729457,0.06989348658493585,0.3121682706422594,0.05908900830952093,0.11132651282463213,0.004591085439061351
E1_h0.01_e0.1_L2_alibi_learn_attn_s2,h0_v,0,v,False,alibi_learn,,128,20000,0.06010925769805908,-0.36611179806584476,-0.36611179806584476,0.0,-0.030039200186729457,-0.0628178349563054,0.3121682706422594,0.05908900830952093,,
E1_h0.01_e0.1_L2_alibi_learn_attn_s2,h1_all,1,all,False,alibi_learn,,128,20000,0.07132387161254883,-0.36611179806584476,-0.013919064456781299,0.9619813823801494,-0.030039200186729457,0.009550585065569175,0.3121682706422594,0.05908900830952093,,
E1_h0.01_e0.1_L2_alibi_learn_attn_s2,h1_k,1,k,False,alibi_learn,,128,20000,0.010291337966918945,-0.36611179806584476,-0.003277453076580825,0.9910479446609055,-0.030039200186729457,-0.01892311487879078,0.3121682706422594,0.05908900830952093,0.36720100843470993,0.05188349608731394
E1_h0.01_e0.1_L2_alibi_learn_attn_s2,h1_q,1,q,False,alibi_learn,,128,20000,0.009110331535339355,-0.36611179806584476,-0.2538712751202162,0.3065744494949115,-0.030039200186729457,-0.009224546807152897,0.3121682706422594,0.05908900830952093,0.315078606894465,0.05126560413729962
E1_h0.01_e0.1_L2_alibi_learn_attn_s2,h1_v,1,v,False,alibi_learn,,128,20000,0.0665891170501709,-0.36611179806584476,-0.36611179806584476,0.0,-0.030039200186729457,-0.021028991256441386,0.3121682706422594,0.05908900830952093,,
E1_h0.01_e0.1_L2_alibi_learn_attn_s2,h2_all,2,all,False,alibi_learn,,128,20000,0.008752107620239258,-0.36611179806584476,-0.3617795091820844,0.011833240301590053,-0.030039200186729457,-0.04262808774198801,0.3121682706422594,0.05908900830952093,,
E1_h0.01_e0.1_L2_alibi_learn_attn_s2,h2_k,2,k,False,alibi_learn,,128,20000,0.00798797607421875,-0.36611179806584476,-0.3624969756299131,0.009873548066543059,-0.030039200186729457,-0.03501309709889555,0.3121682706422594,0.05908900830952093,0.4259318936849932,0.05624586670358191
E1_h0.01_e0.1_L2_alibi_learn_attn_s2,h2_q,2,q,False,alibi_learn,,128,20000,0.00021636486053466797,-0.36611179806584476,-0.365174428778602,0.002560336192919288,-0.030039200186729457,-0.0287210762500763,0.3121682706422594,0.05908900830952093,0.31546233176300587,0.058359746258232835
E1_h0.01_e0.1_L2_alibi_learn_attn_s2,h2_v,2,v,False,alibi_learn,,128,20000,0.0017633438110351562,-0.36611179806584476,-0.36611179806584476,0.0,-0.030039200186729457,-0.03542984766619547,0.3121682706422594,0.05908900830952093,,
E1_h0.01_e0.1_L2_alibi_learn_attn_s2,h3_all,3,all,True,alibi_learn,,128,20000,2.857667326927185,-0.36611179806584476,0.11225719322814659,1.3066199828063374,-0.030039200186729457,-0.018777528298752677,0.3121682706422594,0.05908900830952093,,
E1_h0.01_e0.1_L2_alibi_learn_attn_s2,h3_k,3,k,True,alibi_learn,,128,20000,2.8811274766921997,-0.36611179806584476,0.13575989021810184,1.3708153928262252,-0.030039200186729457,-0.00523124411702158,0.3121682706422594,0.05908900830952093,,
E1_h0.01_e0.1_L2_alibi_learn_attn_s2,h3_q,3,q,True,alibi_learn,,128,20000,0.0003485679626464844,-0.36611179806584476,-0.36775056602084194,-0.0044761407953928245,-0.030039200186729457,-0.03023235712732587,0.3121682706422594,0.05908900830952093,,
E1_h0.01_e0.1_L2_alibi_learn_attn_s2,h3_v,3,v,True,alibi_learn,,128,20000,0.0020371675491333008,-0.36611179806584476,-0.36611179806584476,0.0,-0.030039200186729457,-0.02683038924421588,0.3121682706422594,0.05908900830952093,,
E1_h0.03_e0.2_L2_alibi_learn_attn_s0,h0_all,0,all,False,alibi_learn,,128,20000,1.1409192085266113,-0.35500132471177626,0.11790910061123125,1.3321370721840575,-0.007484125239508526,0.00490536370447704,0.23633335640530362,0.09877466324012137,,
E1_h0.03_e0.2_L2_alibi_learn_attn_s0,h0_k,0,k,False,alibi_learn,,128,20000,0.13542461395263672,-0.35500132471177626,0.0021433066013819913,1.0060374608548917,-0.007484125239508526,-0.024419397541454883,0.23633335640530362,0.09877466324012137,0.319374218703143,0.09188937701424776
E1_h0.03_e0.2_L2_alibi_learn_attn_s0,h0_q,0,q,False,alibi_learn,,128,20000,0.12044882774353027,-0.35500132471177626,-1.191970344687263,-2.357650413431605,-0.007484125239508526,0.05094693877867289,0.23633335640530362,0.09877466324012137,0.4866576933623262,0.04481057808985472
E1_h0.03_e0.2_L2_alibi_learn_attn_s0,h0_v,0,v,False,alibi_learn,,128,20000,0.2554342746734619,-0.35500132471177626,-0.35500132471177626,0.0,-0.007484125239508526,-0.005015634638922568,0.23633335640530362,0.09877466324012137,,
E1_h0.03_e0.2_L2_alibi_learn_attn_s0,h1_all,1,all,False,alibi_learn,,128,20000,0.04673731327056885,-0.35500132471177626,-0.2959061194757976,0.16646474568498515,-0.007484125239508526,-0.030396693944931063,0.23633335640530362,0.09877466324012137,,
E1_h0.03_e0.2_L2_alibi_learn_attn_s0,h1_k,1,k,False,alibi_learn,,128,20000,0.015002250671386719,-0.35500132471177626,-0.3229110214957212,0.090394883010955,-0.007484125239508526,-0.018432391115597347,0.23633335640530362,0.09877466324012137,0.22233083927022979,0.13913540558811824
E1_h0.03_e0.2_L2_alibi_learn_attn_s0,h1_q,1,q,False,alibi_learn,,128,20000,0.002919912338256836,-0.35500132471177626,-0.32520735047169497,0.08392637482204002,-0.007484125239508526,-0.007438521725790832,0.23633335640530362,0.09877466324012137,0.21185198055517585,0.09808812512481117
E1_h0.03_e0.2_L2_alibi_learn_attn_s0,h1_v,1,v,False,alibi_learn,,128,20000,0.0330883264541626,-0.35500132471177626,-0.35500132471177626,0.0,-0.007484125239508526,-0.026582049897738897,0.23633335640530362,0.09877466324012137,,
E1_h0.03_e0.2_L2_alibi_learn_attn_s0,h2_all,2,all,False,alibi_learn,,128,20000,0.009157061576843262,-0.35500132471177626,-0.3918053728043414,-0.10367298804432967,-0.007484125239508526,-0.003292523111615884,0.23633335640530362,0.09877466324012137,,
E1_h0.03_e0.2_L2_alibi_learn_attn_s0,h2_k,2,k,False,alibi_learn,,128,20000,0.006360888481140137,-0.35500132471177626,-0.40854219464269526,-0.1508187891253323,-0.007484125239508526,-0.007611192124230534,0.23633335640530362,0.09877466324012137,0.14513851155049462,0.1008779314794053
E1_h0.03_e0.2_L2_alibi_learn_attn_s0,h2_q,2,q,False,alibi_learn,,128,20000,0.0009462833404541016,-0.35500132471177626,-0.3386100794002404,0.04617234970839568,-0.007484125239508526,-0.00764242070061822,0.23633335640530362,0.09877466324012137,0.22913814187806014,0.09659485224516934
E1_h0.03_e0.2_L2_alibi_learn_attn_s0,h2_v,2,v,False,alibi_learn,,128,20000,0.0016928911209106445,-0.35500132471177626,-0.35500132471177626,0.0,-0.007484125239508526,-0.0018989482096263288,0.23633335640530362,0.09877466324012137,,
E1_h0.03_e0.2_L2_alibi_learn_attn_s0,h3_all,3,all,True,alibi_learn,,128,20000,1.9889328479766846,-0.35500132471177626,0.05409042061467334,1.1523668134438345,-0.007484125239508526,-0.01628785109413523,0.23633335640530362,0.09877466324012137,,
E1_h0.03_e0.2_L2_alibi_learn_attn_s0,h3_k,3,k,True,alibi_learn,,128,20000,1.9967360496520996,-0.35500132471177626,0.02123702860755157,1.0598223925637287,-0.007484125239508526,-0.010993152590734636,0.23633335640530362,0.09877466324012137,,
E1_h0.03_e0.2_L2_alibi_learn_attn_s0,h3_q,3,q,True,alibi_learn,,128,20000,0.000989675521850586,-0.35500132471177626,-0.3356382201737836,0.0545437529105377,-0.007484125239508526,-0.010647409728595198,0.23633335640530362,0.09877466324012137,,
E1_h0.03_e0.2_L2_alibi_learn_attn_s0,h3_v,3,v,True,alibi_learn,,128,20000,0.016187429428100586,-0.35500132471177626,-0.35500132471177626,0.0,-0.007484125239508526,-0.016889559796878294,0.23633335640530362,0.09877466324012137,,
E1_h0.03_e0.2_L2_alibi_learn_attn_s1,h0_all,0,all,False,alibi_learn,,128,20000,0.2268984317779541,-0.4114017740003995,-0.6347355764380617,-0.5428605721992956,-0.007877482260976544,-0.031379954091140215,0.20114296030254797,0.10294769507662305,,
E1_h0.03_e0.2_L2_alibi_learn_attn_s1,h0_k,0,k,False,alibi_learn,,128,20000,0.016015172004699707,-0.4114017740003995,-0.32011520256867204,0.22189153572205744,-0.007877482260976544,0.015114440875393991,0.20114296030254797,0.10294769507662305,0.11306968739587353,0.10625991970403355
E1_h0.03_e0.2_L2_alibi_learn_attn_s1,h0_q,0,q,False,alibi_learn,,128,20000,0.048272013664245605,-0.4114017740003995,-0.8136145205356425,-0.9776641034485487,-0.007877482260976544,0.0034370939646448154,0.20114296030254797,0.10294769507662305,0.3651873926037763,0.0785234721174895
E1_h0.03_e0.2_L2_alibi_learn_attn_s1,h0_v,0,v,False,alibi_learn,,128,20000,0.13752150535583496,-0.4114017740003995,-0.4114017740003995,0.0,-0.007877482260976544,-0.02802088643823356,0.20114296030254797,0.10294769507662305,,
E1_h0.03_e0.2_L2_alibi_learn_attn_s1,h1_all,1,all,False,alibi_learn,,128,20000,0.10073018074035645,-0.4114017740003995,-0.06511421316820092,0.8417259786338751,-0.007877482260976544,0.0028796008655002808,0.20114296030254797,0.10294769507662305,,
E1_h0.03_e0.2_L2_alibi_learn_attn_s1,h1_k,1,k,False,alibi_learn,,128,20000,0.01334238052368164,-0.4114017740003995,-0.09680360509119293,0.7646981340165565,-0.007877482260976544,0.004879980853625691,0.20114296030254797,0.10294769507662305,0.16066893185411601,0.10401434684783133
E1_h0.03_e0.2_L2_alibi_learn_attn_s1,h1_q,1,q,False,alibi_learn,,128,20000,0.03310048580169678,-0.4114017740003995,-0.28690811192517673,0.30260847167640526,-0.007877482260976544,0.006310807807104891,0.20114296030254797,0.10294769507662305,0.09384995599262103,0.09991250389880861
E1_h0.03_e0.2_L2_alibi_learn_attn_s1,h1_v,1,v,False,alibi_learn,,128,20000,0.043265581130981445,-0.4114017740003995,-0.4114017740003995,0.0,-0.007877482260976544,-0.007261785013335103,0.20114296030254797,0.10294769507662305,,
E1_h0.03_e0.2_L2_alibi_learn_attn_s1,h2_all,2,all,False,alibi_learn,,128,20000,0.003419160842895508,-0.4114017740003995,-0.45334029699173284,-0.10194054970529276,-0.007877482260976544,-0.010696313636643582,0.20114296030254797,0.10294769507662305,,
E1_h0.03_e0.2_L2_alibi_learn_attn_s1,h2_k,2,k,False,alibi_learn,,128,20000,0.003626585006713867,-0.4114017740003995,-0.45648130462005576,-0.10957544052693491,-0.007877482260976544,-0.023234345231737397,0.20114296030254797,0.10294769507662305,0.2934231274504927,0.12198735578033497
E1_h0.03_e0.2_L2_alibi_learn_attn_s1,h2_q,2,q,False,alibi_learn,,128,20000,0.0013245344161987305,-0.4114017740003995,-0.4015586686613576,0.02392577271441798,-0.007877482260976544,-0.005534834521157377,0.20114296030254797,0.10294769507662305,0.20148913876284746,0.09985725711964923
E1_h0.03_e0.2_L2_alibi_learn_attn_s1,h2_v,2,v,False,alibi_learn,,128,20000,0.001326441764831543,-0.4114017740003995,-0.4114017740003995,0.0,-0.007877482260976544,0.0029655439513070164,0.20114296030254797,0.10294769507662305,,
E1_h0.03_e0.2_L2_alibi_learn_attn_s1,h3_all,3,all,True,alibi_learn,,128,20000,1.8779582977294922,-0.4114017740003995,-0.2642556996842781,0.3576700043981301,-0.007877482260976544,0.009251110149281353,0.20114296030254797,0.10294769507662305,,
E1_h0.03_e0.2_L2_alibi_learn_attn_s1,h3_k,3,k,True,alibi_learn,,128,20000,1.9066481590270996,-0.4114017740003995,-0.2765831430689673,0.3277055167275513,-0.007877482260976544,0.011696165480784003,0.20114296030254797,0.10294769507662305,,
E1_h0.03_e0.2_L2_alibi_learn_attn_s1,h3_q,3,q,True,alibi_learn,,128,20000,0.0025998353958129883,-0.4114017740003995,-0.46274412711135654,-0.12479857004920736,-0.007877482260976544,-0.008140524796077209,0.20114296030254797,0.10294769507662305,,
E1_h0.03_e0.2_L2_alibi_learn_attn_s1,h3_v,3,v,True,alibi_learn,,128,20000,0.019402742385864258,-0.4114017740003995,-0.4114017740003995,0.0,-0.007877482260976544,-0.009055107193333802,0.20114296030254797,0.10294769507662305,,
E1_h0.03_e0.2_L2_alibi_learn_attn_s2,h0_all,0,all,False,alibi_learn,,128,20000,0.646377682685852,-0.44761882915903467,-0.7751743967340762,-0.7317734336387001,-0.01586203532559532,0.015603527000972181,0.25057943312527475,0.10164044334690851,,
E1_h0.03_e0.2_L2_alibi_learn_attn_s2,h0_k,0,k,False,alibi_learn,,128,20000,0.07520115375518799,-0.44761882915903467,-0.2068396832661203,0.5379111203728382,-0.01586203532559532,0.005850636533328432,0.25057943312527475,0.10164044334690851,0.14212112863589343,0.1053286685837021
E1_h0.03_e0.2_L2_alibi_learn_attn_s2,h0_q,0,q,False,alibi_learn,,128,20000,0.16291892528533936,-0.44761882915903467,-1.6811411176399869,-2.755742627713933,-0.01586203532559532,0.02254588540111268,0.25057943312527475,0.10164044334690851,0.4304544896706811,0.05570288962384395
E1_h0.03_e0.2_L2_alibi_learn_attn_s2,h0_v,0,v,False,alibi_learn,,128,20000,0.1176227331161499,-0.44761882915903467,-0.44761882915903467,0.0,-0.01586203532559532,-0.027166639055524557,0.25057943312527475,0.10164044334690851,,
E1_h0.03_e0.2_L2_alibi_learn_attn_s2,h1_all,1,all,False,alibi_learn,,128,20000,0.1353083848953247,-0.44761882915903467,-0.22442810521388945,0.4986178181209793,-0.01586203532559532,-0.0235460949795587,0.25057943312527475,0.10164044334690851,,
E1_h0.03_e0.2_L2_alibi_learn_attn_s2,h1_k,1,k,False,alibi_learn,,128,20000,0.017487287521362305,-0.44761882915903467,-0.22613859231181158,0.4947965152925533,-0.01586203532559532,0.00031290394919254976,0.25057943312527475,0.10164044334690851,0.16076673961045995,0.11183382848819112
E1_h0.03_e0.2_L2_alibi_learn_attn_s2,h1_q,1,q,False,alibi_learn,,128,20000,0.00031757354736328125,-0.44761882915903467,-0.44177387133273427,0.01305789087845488,-0.01586203532559532,-0.01569219359329771,0.25057943312527475,0.10164044334690851,0.24513593455871496,0.10081501137865037
E1_h0.03_e0.2_L2_alibi_learn_attn_s2,h1_v,1,v,False,alibi_learn,,128,20000,0.10213649272918701,-0.44761882915903467,-0.44761882915903467,0.0,-0.01586203532559532,-0.030190673470497142,0.25057943312527475,0.10164044334690851,,
E1_h0.03_e0.2_L2_alibi_learn_attn_s2,h2_all,2,all,False,alibi_learn,,128,20000,0.012459516525268555,-0.44761882915903467,-0.44032551491741245,0.01629358232164757,-0.01586203532559532,-0.01903662042958398,0.25057943312527475,0.10164044334690851,,
E1_h0.03_e0.2_L2_alibi_learn_attn_s2,h2_k,2,k,False,alibi_learn,,128,20000,0.021684885025024414,-0.44761882915903467,-0.5039119246055457,-0.12576123205601486,-0.01586203532559532,-0.035400401268686585,0.25057943312527475,0.10164044334690851,0.3186600750777837,0.1075749500934728
E1_h0.03_e0.2_L2_alibi_learn_attn_s2,h2_q,2,q,False,alibi_learn,,128,20000,0.021054983139038086,-0.44761882915903467,-0.38804841835205295,0.1330828976048658,-0.01586203532559532,-0.012449813740594074,0.25057943312527475,0.10164044334690851,0.21705182018832914,0.09942148562518571
E1_h0.03_e0.2_L2_alibi_learn_attn_s2,h2_v,2,v,False,alibi_learn,,128,20000,0.005098462104797363,-0.44761882915903467,-0.44761882915903467,0.0,-0.01586203532559532,-0.004952042869159187,0.25057943312527475,0.10164044334690851,,
E1_h0.03_e0.2_L2_alibi_learn_attn_s2,h3_all,3,all,True,alibi_learn,,128,20000,2.0976892709732056,-0.44761882915903467,-0.18568946047339374,0.5851616411618377,-0.01586203532559532,-0.002569473534822469,0.25057943312527475,0.10164044334690851,,
E1_h0.03_e0.2_L2_alibi_learn_attn_s2,h3_k,3,k,True,alibi_learn,,128,20000,2.107690930366516,-0.44761882915903467,-0.19154721672095995,0.5720751580517068,-0.01586203532559532,0.00037783501403672364,0.25057943312527475,0.10164044334690851,,
E1_h0.03_e0.2_L2_alibi_learn_attn_s2,h3_q,3,q,True,alibi_learn,,128,20000,0.0023773908615112305,-0.44761882915903467,-0.4860186808686045,-0.08578694462365144,-0.01586203532559532,-0.01797129469258445,0.25057943312527475,0.10164044334690851,,
E1_h0.03_e0.2_L2_alibi_learn_attn_s2,h3_v,3,v,True,alibi_learn,,128,20000,0.014936089515686035,-0.44761882915903467,-0.44761882915903467,0.0,-0.01586203532559532,-0.02103163940565928,0.25057943312527475,0.10164044334690851,,
E2a_h0.01_e0.1_L2_learned_abs_attn_s0,h0_all,0,all,True,learned_abs,0.0,128,20000,1.3468949794769287,-0.4132544343779539,-0.07495087911109653,0.818632607720434,0.014404174685478196,0.001870548299380671,0.21630090929180112,0.06330558765285624,,
E2a_h0.01_e0.1_L2_learned_abs_attn_s0,h0_k,0,k,True,learned_abs,0.0,128,20000,1.3417181968688965,-0.4132544343779539,-0.08335945022959876,0.7982854065315124,0.014404174685478196,0.018724680372646844,0.21630090929180112,0.06330558765285624,,
E2a_h0.01_e0.1_L2_learned_abs_attn_s0,h0_q,0,q,True,learned_abs,0.0,128,20000,0.0015573501586914062,-0.4132544343779539,-0.4062867296065432,0.016860568675805543,0.014404174685478196,0.014820106540407425,0.21630090929180112,0.06330558765285624,,
E2a_h0.01_e0.1_L2_learned_abs_attn_s0,h0_v,0,v,True,learned_abs,0.0,128,20000,0.0044231414794921875,-0.4132544343779539,-0.4132544343779539,0.0,0.014404174685478196,0.0034543424844742016,0.21630090929180112,0.06330558765285624,,
E2a_h0.01_e0.1_L2_learned_abs_attn_s0,h1_all,1,all,False,learned_abs,0.0,128,20000,0.033711910247802734,-0.4132544343779539,-0.24306064375252362,0.4118377843461314,0.014404174685478196,0.01053133606910702,0.21630090929180112,0.06330558765285624,,
E2a_h0.01_e0.1_L2_learned_abs_attn_s0,h1_k,1,k,False,learned_abs,0.0,128,20000,0.01719355583190918,-0.4132544343779539,-0.2321503485681483,0.4382386993194889,0.014404174685478196,0.015070273620741672,0.21630090929180112,0.06330558765285624,0.005518324549894649,0.08219960596727721
E2a_h0.01_e0.1_L2_learned_abs_attn_s0,h1_q,1,q,False,learned_abs,0.0,128,20000,0.0017747879028320312,-0.4132544343779539,-0.4388354055387858,-0.06190126235266491,0.014404174685478196,0.016586109995841963,0.21630090929180112,0.06330558765285624,0.26810231886826097,0.05257345261811191
E2a_h0.01_e0.1_L2_learned_abs_attn_s0,h1_v,1,v,False,learned_abs,0.0,128,20000,0.021359562873840332,-0.4132544343779539,-0.4132544343779539,0.0,0.014404174685478196,0.009616780706814336,0.21630090929180112,0.06330558765285624,,
E2a_h0.01_e0.1_L2_learned_abs_attn_s0,h2_all,2,all,False,learned_abs,0.0,128,20000,0.2668083906173706,-0.4132544343779539,-0.6464356783776372,-0.5642558787074516,0.014404174685478196,0.007595263208661693,0.21630090929180112,0.06330558765285624,,
E2a_h0.01_e0.1_L2_learned_abs_attn_s0,h2_k,2,k,False,learned_abs,0.0,128,20000,0.9539394378662109,-0.4132544343779539,-0.2746804515584161,0.3353236439631303,0.014404174685478196,0.0726185470819473,0.21630090929180112,0.06330558765285624,0.0488014831020851,0.09283466572930156
E2a_h0.01_e0.1_L2_learned_abs_attn_s0,h2_q,2,q,False,learned_abs,0.0,128,20000,0.18407273292541504,-0.4132544343779539,-0.49098797691497,-0.1881009278315997,0.014404174685478196,0.7410545436931508,0.21630090929180112,0.06330558765285624,0.5709285343398905,0.024469165613222942
E2a_h0.01_e0.1_L2_learned_abs_attn_s0,h2_v,2,v,False,learned_abs,0.0,128,20000,0.020343303680419922,-0.4132544343779539,-0.4132544343779539,0.0,0.014404174685478196,0.017407189096723227,0.21630090929180112,0.06330558765285624,,
E2a_h0.01_e0.1_L2_learned_abs_attn_s0,h3_all,3,all,False,learned_abs,0.0,128,20000,0.19118249416351318,-0.4132544343779539,-0.021132546198723647,0.9488631108567942,0.014404174685478196,0.2041073641872832,0.21630090929180112,0.06330558765285624,,
E2a_h0.01_e0.1_L2_learned_abs_attn_s0,h3_k,3,k,False,learned_abs,0.0,128,20000,0.17572009563446045,-0.4132544343779539,-0.01819541789618276,0.955970423103696,0.014404174685478196,0.41905660001294953,0.21630090929180112,0.06330558765285624,0.18141207937591408,0.008800771665931972
E2a_h0.01_e0.1_L2_learned_abs_attn_s0,h3_q,3,q,False,learned_abs,0.0,128,20000,0.00012123584747314453,-0.4132544343779539,-0.4125121661110749,0.0017961531810209985,0.014404174685478196,0.014364293217658988,0.21630090929180112,0.06330558765285624,0.20193225843472562,0.06534077398570537
E2a_h0.01_e0.1_L2_learned_abs_attn_s0,h3_v,3,v,False,learned_abs,0.0,128,20000,0.021494507789611816,-0.4132544343779539,-0.4132544343779539,0.0,0.014404174685478196,0.011718230162348044,0.21630090929180112,0.06330558765285624,,
E2a_h0.01_e0.1_L2_learned_abs_attn_s1,h0_all,0,all,False,learned_abs,0.0,128,20000,0.15766191482543945,-0.41565877018087116,0.007884038871545731,1.0189675749368046,0.013061919382640255,0.671389390568116,0.18075269980373,0.07174150666067625,,
E2a_h0.01_e0.1_L2_learned_abs_attn_s1,h0_k,0,k,False,learned_abs,0.0,128,20000,0.1368638277053833,-0.41565877018087116,0.0038443020440706377,1.0092486970559957,0.013061919382640255,1.025595461337694,0.18075269980373,0.07174150666067625,-0.17050388803197014,0.20805136635670793
E2a_h0.01_e0.1_L2_learned_abs_attn_s1,h0_q,0,q,False,learned_abs,0.0,128,20000,0.00044083595275878906,-0.41565877018087116,-0.41293257772478886,0.006558727137878084,0.013061919382640255,0.01329006850719447,0.18075269980373,0.07174150666067625,0.17976669449547023,0.07089974249710386
E2a_h0.01_e0.1_L2_learned_abs_attn_s1,h0_v,0,v,False,learned_abs,0.0,128,20000,0.02617168426513672,-0.41565877018087116,-0.41565877018087116,0.0,0.013061919382640255,0.004364993316786594,0.18075269980373,0.07174150666067625,,
E2a_h0.01_e0.1_L2_learned_abs_attn_s1,h1_all,1,all,True,learned_abs,0.0,128,20000,1.7107954025268555,-0.41565877018087116,-0.144831604219352,0.6515612935188893,0.013061919382640255,0.0009719955069677513,0.18075269980373,0.07174150666067625,,
E2a_h0.01_e0.1_L2_learned_abs_attn_s1,h1_k,1,k,True,learned_abs,0.0,128,20000,1.698890209197998,-0.41565877018087116,-0.14589512173948455,0.6490026622654943,0.013061919382640255,0.01263666408402581,0.18075269980373,0.07174150666067625,,
E2a_h0.01_e0.1_L2_learned_abs_attn_s1,h1_q,1,q,True,learned_abs,0.0,128,20000,7.05718994140625e-05,-0.41565877018087116,-0.415747344328074,-0.000213093415939003,0.013061919382640255,0.013225748709269947,0.18075269980373,0.07174150666067625,,
E2a_h0.01_e0.1_L2_learned_abs_attn_s1,h1_v,1,v,True,learned_abs,0.0,128,20000,0.005729794502258301,-0.41565877018087116,-0.41565877018087116,0.0,0.013061919382640255,0.007208491223198982,0.18075269980373,0.07174150666067625,,
E2a_h0.01_e0.1_L2_learned_abs_attn_s1,h2_all,2,all,False,learned_abs,0.0,128,20000,0.2936124801635742,-0.41565877018087116,-0.5193461406883942,-0.24945310419506894,0.013061919382640255,0.0044659065348761065,0.18075269980373,0.07174150666067625,,
E2a_h0.01_e0.1_L2_learned_abs_attn_s1,h2_k,2,k,False,learned_abs,0.0,128,20000,0.7442915439605713,-0.41565877018087116,-0.2695683196039477,0.3514672636724425,0.013061919382640255,0.010217569129807544,0.18075269980373,0.07174150666067625,0.055096846864806315,0.10375148792239328
E2a_h0.01_e0.1_L2_learned_abs_attn_s1,h2_q,2,q,False,learned_abs,0.0,128,20000,0.14758551120758057,-0.41565877018087116,-0.5510689337713578,-0.32577242032343934,0.013061919382640255,0.5163704697574887,0.18075269980373,0.07174150666067625,0.5692492655998215,0.024994473618732978
E2a_h0.01_e0.1_L2_learned_abs_attn_s1,h2_v,2,v,False,learned_abs,0.0,128,20000,0.026690363883972168,-0.41565877018087116,-0.41565877018087116,0.0,0.013061919382640255,0.013232137049947445,0.18075269980373,0.07174150666067625,,
E2a_h0.01_e0.1_L2_learned_abs_attn_s1,h3_all,3,all,False,learned_abs,0.0,128,20000,0.03772735595703125,-0.41565877018087116,-0.2517449900643318,0.39434697852089917,0.013061919382640255,0.016019279190472142,0.18075269980373,0.07174150666067625,,
E2a_h0.01_e0.1_L2_learned_abs_attn_s1,h3_k,3,k,False,learned_abs,0.0,128,20000,0.014938712120056152,-0.41565877018087116,-0.21683956090853712,0.47832314276881294,0.013061919382640255,0.01854311823844906,0.18075269980373,0.07174150666067625,0.15924912778032663,0.08468470357413058
E2a_h0.01_e0.1_L2_learned_abs_attn_s1,h3_q,3,q,False,learned_abs,0.0,128,20000,0.004399418830871582,-0.41565877018087116,-0.4769093254085889,-0.14735778388860887,0.013061919382640255,0.015645570414406926,0.18075269980373,0.07174150666067625,0.17721591528817804,0.0642937860011933
E2a_h0.01_e0.1_L2_learned_abs_attn_s1,h3_v,3,v,False,learned_abs,0.0,128,20000,0.021459460258483887,-0.41565877018087116,-0.41565877018087116,0.0,0.013061919382640255,0.012615873132433184,0.18075269980373,0.07174150666067625,,
E2a_h0.01_e0.1_L2_learned_abs_attn_s2,h0_all,0,all,True,learned_abs,0.0,128,20000,1.5605273246765137,-0.8155303779758287,-0.5893222969562244,0.27737541988449244,0.02482100299426488,0.02787331172398161,0.13255870664037517,0.06783317218556405,,
E2a_h0.01_e0.1_L2_learned_abs_attn_s2,h0_k,0,k,True,learned_abs,0.0,128,20000,1.549917459487915,-0.8155303779758287,-0.5158214567424679,0.36750184827847554,0.02482100299426488,0.02407053964478623,0.13255870664037517,0.06783317218556405,,
E2a_h0.01_e0.1_L2_learned_abs_attn_s2,h0_q,0,q,True,learned_abs,0.0,128,20000,0.005016326904296875,-0.8155303779758287,-0.9474006978956706,-0.16169884467964035,0.02482100299426488,0.029515185100691642,0.13255870664037517,0.06783317218556405,,
E2a_h0.01_e0.1_L2_learned_abs_attn_s2,h0_v,0,v,True,learned_abs,0.0,128,20000,0.003090500831604004,-0.8155303779758287,-0.8155303779758287,0.0,0.02482100299426488,0.026598450541496222,0.13255870664037517,0.06783317218556405,,
E2a_h0.01_e0.1_L2_learned_abs_attn_s2,h1_all,1,all,False,learned_abs,0.0,128,20000,0.12865674495697021,-0.8155303779758287,-0.1600390594639294,0.8037607625835457,0.02482100299426488,0.940750676287072,0.13255870664037517,0.06783317218556405,,
E2a_h0.01_e0.1_L2_learned_abs_attn_s2,h1_k,1,k,False,learned_abs,0.0,128,20000,0.12633812427520752,-0.8155303779758287,-0.24037859277109896,0.7052487568056925,0.02482100299426488,1.0625188721077785,0.13255870664037517,0.06783317218556405,-0.16325398078831255,0.18566118990612612
E2a_h0.01_e0.1_L2_learned_abs_attn_s2,h1_q,1,q,False,learned_abs,0.0,128,20000,0.0012494325637817383,-0.8155303779758287,-0.9666256188648101,-0.18527236381311063,0.02482100299426488,0.0238799597535814,0.13255870664037517,0.06783317218556405,0.18371038765555736,0.06444806261878568
E2a_h0.01_e0.1_L2_learned_abs_attn_s2,h1_v,1,v,False,learned_abs,0.0,128,20000,0.0025762319564819336,-0.8155303779758287,-0.8155303779758287,0.0,0.02482100299426488,0.026079377106257802,0.13255870664037517,0.06783317218556405,,
E2a_h0.01_e0.1_L2_learned_abs_attn_s2,h2_all,2,all,False,learned_abs,0.0,128,20000,0.5713537931442261,-0.8155303779758287,-0.9190895563540326,-0.1269838391982907,0.02482100299426488,0.02628395642553049,0.13255870664037517,0.06783317218556405,,
E2a_h0.01_e0.1_L2_learned_abs_attn_s2,h2_k,2,k,False,learned_abs,0.0,128,20000,1.2996745109558105,-0.8155303779758287,-0.6351016308744665,0.22124098865475972,0.02482100299426488,0.016334805318287397,0.13255870664037517,0.06783317218556405,0.17717677047696412,0.10216623046491587
E2a_h0.01_e0.1_L2_learned_abs_attn_s2,h2_q,2,q,False,learned_abs,0.0,128,20000,0.1831873655319214,-0.8155303779758287,-0.9904484288322543,-0.21448379555226071,0.02482100299426488,0.20923789367079734,0.13255870664037517,0.06783317218556405,0.5085370291255692,0.023664492321024553
E2a_h0.01_e0.1_L2_learned_abs_attn_s2,h2_v,2,v,False,learned_abs,0.0,128,20000,0.026487112045288086,-0.8155303779758287,-0.8155303779758287,0.0,0.02482100299426488,0.017759644559451518,0.13255870664037517,0.06783317218556405,,
E2a_h0.01_e0.1_L2_learned_abs_attn_s2,h3_all,3,all,False,learned_abs,0.0,128,20000,0.06748402118682861,-0.8155303779758287,0.03936954460951434,1.0482747739050884,0.02482100299426488,0.011934733390808031,0.13255870664037517,0.06783317218556405,,
E2a_h0.01_e0.1_L2_learned_abs_attn_s2,h3_k,3,k,False,learned_abs,0.0,128,20000,0.037770986557006836,-0.8155303779758287,0.0237163429166099,1.029080882278689,0.02482100299426488,0.041558022584233946,0.13255870664037517,0.06783317218556405,0.19759124996392174,0.05942316247704642
E2a_h0.01_e0.1_L2_learned_abs_attn_s2,h3_q,3,q,False,learned_abs,0.0,128,20000,0.0003192424774169922,-0.8155303779758287,-0.8229922795415673,-0.009149753053049103,0.02482100299426488,0.025159843053136528,0.13255870664037517,0.06783317218556405,0.13514057023722126,0.06935120176602982
E2a_h0.01_e0.1_L2_learned_abs_attn_s2,h3_v,3,v,False,learned_abs,0.0,128,20000,0.037114500999450684,-0.8155303779758287,-0.8155303779758287,0.0,0.02482100299426488,0.007751177038465181,0.13255870664037517,0.06783317218556405,,
E2a_h0.01_e0.1_L2_rope_attn_s0,h0_all,0,all,True,rope,0.0,128,20000,3.015938878059387,-0.22173237341597346,-0.18875926837731338,0.14870676992575194,0.011460757255554186,-0.03128079109426057,0.07827207990301832,0.01520657395294926,,
E2a_h0.01_e0.1_L2_rope_attn_s0,h0_k,0,k,True,rope,0.0,128,20000,3.0040160417556763,-0.22173237341597346,-0.16805079511267204,0.2421007698438059,0.011460757255554186,-0.0318534595359649,0.07827207990301832,0.01520657395294926,,
E2a_h0.01_e0.1_L2_rope_attn_s0,h0_q,0,q,True,rope,0.0,128,20000,0.04948091506958008,-0.22173237341597346,-0.24792001333671362,-0.11810472019623286,0.011460757255554186,0.007247924804687515,0.07827207990301832,0.01520657395294926,,
E2a_h0.01_e0.1_L2_rope_attn_s0,h0_v,0,v,True,rope,0.0,128,20000,0.007993221282958984,-0.22173237341597346,-0.22173237341597346,0.0,0.011460757255554186,0.014689258592469287,0.07827207990301832,0.01520657395294926,,
E2a_h0.01_e0.1_L2_rope_attn_s0,h1_all,1,all,False,rope,0.0,128,20000,0.03230750560760498,-0.22173237341597346,-0.194067649135149,0.12476628403253043,0.011460757255554186,0.023653995990753105,0.07827207990301832,0.01520657395294926,,
E2a_h0.01_e0.1_L2_rope_attn_s0,h1_k,1,k,False,rope,0.0,128,20000,0.0023555755615234375,-0.22173237341597346,-0.21076879606531937,0.049445090862245245,0.011460757255554186,0.012785149897847833,0.07827207990301832,0.01520657395294926,0.07330005924871363,0.01451174165892645
E2a_h0.01_e0.1_L2_rope_attn_s0,h1_q,1,q,False,rope,0.0,128,20000,0.03380131721496582,-0.22173237341597346,-0.20565314711196775,0.0725163676205316,0.011460757255554186,0.020811288697378905,0.07827207990301832,0.01520657395294926,0.406417674843773,0.007216390770587773
E2a_h0.01_e0.1_L2_rope_attn_s0,h1_v,1,v,False,rope,0.0,128,20000,0.0014313459396362305,-0.22173237341597346,-0.22173237341597346,0.0,0.011460757255554186,0.013482000146593337,0.07827207990301832,0.01520657395294926,,
E2a_h0.01_e0.1_L2_rope_attn_s0,h2_all,2,all,False,rope,0.0,128,20000,0.06819427013397217,-0.22173237341597346,-0.057679469071058316,0.739868977260931,0.011460757255554186,0.024450701049395958,0.07827207990301832,0.01520657395294926,,
E2a_h0.01_e0.1_L2_rope_attn_s0,h2_k,2,k,False,rope,0.0,128,20000,0.007623195648193359,-0.22173237341597346,-0.07457677401766023,0.6636631229407669,0.011460757255554186,0.017902666330337512,0.07827207990301832,0.01520657395294926,0.07488838628258265,0.011697848075859413
E2a_h0.01_e0.1_L2_rope_attn_s0,h2_q,2,q,False,rope,0.0,128,20000,0.028113126754760742,-0.22173237341597346,-0.17087446647699753,0.22936617759268596,0.011460757255554186,0.035305877668516956,0.07827207990301832,0.01520657395294926,0.23259184361387597,0.056447233331494436
E2a_h0.01_e0.1_L2_rope_attn_s0,h2_v,2,v,False,rope,0.0,128,20000,0.009518861770629883,-0.22173237341597346,-0.22173237341597346,0.0,0.011460757255554186,-0.0014689973422459014,0.07827207990301832,0.01520657395294926,,
E2a_h0.01_e0.1_L2_rope_attn_s0,h3_all,3,all,False,rope,0.0,128,20000,0.012492895126342773,-0.22173237341597346,-0.15698681745755966,0.2919986601909055,0.011460757255554186,0.011647633569581135,0.07827207990301832,0.01520657395294926,,
E2a_h0.01_e0.1_L2_rope_attn_s0,h3_k,3,k,False,rope,0.0,128,20000,0.005107879638671875,-0.22173237341597346,-0.1535264406182195,0.3076047567929946,0.011460757255554186,0.012250827039991103,0.07827207990301832,0.01520657395294926,0.07760495323432681,0.014051555022037887
E2a_h0.01_e0.1_L2_rope_attn_s0,h3_q,3,q,False,rope,0.0,128,20000,0.0011006593704223633,-0.22173237341597346,-0.22551350499041256,-0.01705268164583984,0.011460757255554186,0.010340914555958288,0.07827207990301832,0.01520657395294926,0.06574293089751326,0.013413000973257774
E2a_h0.01_e0.1_L2_rope_attn_s0,h3_v,3,v,False,rope,0.0,128,20000,0.008115649223327637,-0.22173237341597346,-0.22173237341597346,0.0,0.011460757255554186,0.012315687962940762,0.07827207990301832,0.01520657395294926,,
E2a_h0.01_e0.1_L2_rope_attn_s1,h0_all,0,all,False,rope,0.0,128,20000,0.08553731441497803,-0.29227433840243655,-0.16564541603297847,0.433253644714785,-0.0062159785202571555,0.036534582291330574,0.12351151652552828,0.026022045868541704,,
E2a_h0.01_e0.1_L2_rope_attn_s1,h0_k,0,k,False,rope,0.0,128,20000,0.010185837745666504,-0.29227433840243655,-0.18723569463725284,0.3593837363188367,-0.0062159785202571555,0.002396678924560491,0.12351151652552828,0.026022045868541704,0.09174890588499662,0.02226125844588505
E2a_h0.01_e0.1_L2_rope_attn_s1,h0_q,0,q,False,rope,0.0,128,20000,0.05113649368286133,-0.29227433840243655,-0.26700649335183435,0.08645249250657971,-0.0062159785202571555,0.04816401941435668,0.12351151652552828,0.026022045868541704,0.0801081645965277,0.014517735385843968
E2a_h0.01_e0.1_L2_rope_attn_s1,h0_v,0,v,False,rope,0.0,128,20000,0.01575148105621338,-0.29227433840243655,-0.29227433840243655,0.0,-0.0062159785202571555,-0.01766137225287309,0.12351151652552828,0.026022045868541704,,
E2a_h0.01_e0.1_L2_rope_attn_s1,h1_all,1,all,False,rope,0.0,128,20000,0.0945204496383667,-0.29227433840243655,-0.20429680934734423,0.30101010419175034,-0.0062159785202571555,0.06397796443530487,0.12351151652552828,0.026022045868541704,,
E2a_h0.01_e0.1_L2_rope_attn_s1,h1_k,1,k,False,rope,0.0,128,20000,0.01158130168914795,-0.29227433840243655,-0.2253843634258194,0.22886023912409104,-0.0062159785202571555,-0.005981097476823046,0.12351151652552828,0.026022045868541704,0.11316871575793941,0.023246605034573826
E2a_h0.01_e0.1_L2_rope_attn_s1,h1_q,1,q,False,rope,0.0,128,20000,0.0658109188079834,-0.29227433840243655,-0.255099220085348,0.1271925497130083,-0.0062159785202571555,0.05573472508362357,0.12351151652552828,0.026022045868541704,-0.078361508154418,0.020880809119780196
E2a_h0.01_e0.1_L2_rope_attn_s1,h1_v,1,v,False,rope,0.0,128,20000,0.01081395149230957,-0.29227433840243655,-0.29227433840243655,0.0,-0.0062159785202571555,-0.005767491459846582,0.12351151652552828,0.026022045868541704,,
E2a_h0.01_e0.1_L2_rope_attn_s1,h2_all,2,all,True,rope,0.0,128,20000,2.9022419452667236,-0.29227433840243655,-0.3199597980079656,-0.09472422299151195,-0.0062159785202571555,-0.043870093513812325,0.12351151652552828,0.026022045868541704,,
E2a_h0.01_e0.1_L2_rope_attn_s1,h2_k,2,k,True,rope,0.0,128,20000,2.8511364459991455,-0.29227433840243655,-0.3098993310118537,-0.06030290823941242,-0.0062159785202571555,-0.04787661278886455,0.12351151652552828,0.026022045868541704,,
E2a_h0.01_e0.1_L2_rope_attn_s1,h2_q,2,q,True,rope,0.0,128,20000,0.01806044578552246,-0.29227433840243655,-0.3050015988608692,-0.04354559667468405,-0.0062159785202571555,-0.008045065828732068,0.12351151652552828,0.026022045868541704,,
E2a_h0.01_e0.1_L2_rope_attn_s1,h2_v,2,v,True,rope,0.0,128,20000,0.0612943172454834,-0.29227433840243655,-0.29227433840243655,0.0,-0.0062159785202571555,-0.0014724067279270829,0.12351151652552828,0.026022045868541704,,
E2a_h0.01_e0.1_L2_rope_attn_s1,h3_all,3,all,False,rope,0.0,128,20000,0.015104532241821289,-0.29227433840243655,-0.15685539835929785,0.463328189478881,-0.0062159785202571555,-0.0040118988071169625,0.12351151652552828,0.026022045868541704,,
E2a_h0.01_e0.1_L2_rope_attn_s1,h3_k,3,k,False,rope,0.0,128,20000,0.011218070983886719,-0.29227433840243655,-0.15600951206532104,0.4662223412494415,-0.0062159785202571555,0.00017440531935008135,0.12351151652552828,0.026022045868541704,0.11904579863273956,0.022309105150227996
E2a_h0.01_e0.1_L2_rope_attn_s1,h3_q,3,q,False,rope,0.0,128,20000,0.0003955364227294922,-0.29227433840243655,-0.2942916224227166,-0.0069020223646949486,-0.0062159785202571555,-0.006365929331098288,0.12351151652552828,0.026022045868541704,0.11960240005120348,0.026414847747895848
E2a_h0.01_e0.1_L2_rope_attn_s1,h3_v,3,v,False,rope,0.0,128,20000,0.006581306457519531,-0.29227433840243655,-0.29227433840243655,0.0,-0.0062159785202571555,-0.00899454568113607,0.12351151652552828,0.026022045868541704,,
E2a_h0.01_e0.1_L2_rope_attn_s2,h0_all,0,all,False,rope,0.0,128,20000,0.04958748817443848,-0.24163584476837688,-0.18001234023545118,0.25502633763627125,-0.005462842753955309,0.020320116196359917,0.12971505965500285,0.01904408011841623,,
E2a_h0.01_e0.1_L2_rope_attn_s2,h0_k,0,k,False,rope,0.0,128,20000,0.010761618614196777,-0.24163584476837688,-0.18704762973849362,0.2259110815376315,-0.005462842753955309,-0.0025363819939750515,0.12971505965500285,0.01904408011841623,0.12258066382564214,0.017805656205070648
E2a_h0.01_e0.1_L2_rope_attn_s2,h0_q,0,q,False,rope,0.0,128,20000,0.032409071922302246,-0.24163584476837688,-0.2400201125751456,0.006686641192576559,-0.005462842753955309,0.01968395071370263,0.12971505965500285,0.01904408011841623,0.5205476584747727,0.0023653921133909984
E2a_h0.01_e0.1_L2_rope_attn_s2,h0_v,0,v,False,rope,0.0,128,20000,0.006855010986328125,-0.24163584476837688,-0.24163584476837688,0.0,-0.005462842753955309,-0.004547766276768335,0.12971505965500285,0.01904408011841623,,
E2a_h0.01_e0.1_L2_rope_attn_s2,h1_all,1,all,True,rope,0.0,128,20000,3.0747207403182983,-0.24163584476837688,-0.25382279940860697,-0.05043521027235043,-0.005462842753955309,-0.03365725819021463,0.12971505965500285,0.01904408011841623,,
E2a_h0.01_e0.1_L2_rope_attn_s2,h1_k,1,k,True,rope,0.0,128,20000,3.0682510137557983,-0.24163584476837688,-0.21283075659857226,0.11920867203049323,-0.005462842753955309,-0.034267147790108414,0.12971505965500285,0.01904408011841623,,
E2a_h0.01_e0.1_L2_rope_attn_s2,h1_q,1,q,True,rope,0.0,128,20000,0.06221961975097656,-0.24163584476837688,-0.3149436798980294,-0.3033814589881012,-0.005462842753955309,-0.0031012807573591547,0.12971505965500285,0.01904408011841623,,
E2a_h0.01_e0.1_L2_rope_attn_s2,h1_v,1,v,True,rope,0.0,128,20000,0.05855369567871094,-0.24163584476837688,-0.24163584476837688,0.0,-0.005462842753955309,-0.0016734693731580395,0.12971505965500285,0.01904408011841623,,
E2a_h0.01_e0.1_L2_rope_attn_s2,h2_all,2,all,False,rope,0.0,128,20000,0.03621268272399902,-0.24163584476837688,-0.13354100964406082,0.44734602694369185,-0.005462842753955309,0.004862092222486189,0.12971505965500285,0.01904408011841623,,
E2a_h0.01_e0.1_L2_rope_attn_s2,h2_k,2,k,False,rope,0.0,128,20000,0.00853729248046875,-0.24163584476837688,-0.17661043016350325,0.26910500247678304,-0.005462842753955309,-0.0031334136213575117,0.12971505965500285,0.01904408011841623,0.1182563089379467,0.016471723610063414
E2a_h0.01_e0.1_L2_rope_attn_s2,h2_q,2,q,False,rope,0.0,128,20000,0.016384601593017578,-0.24163584476837688,-0.18769904042275845,0.22321524522704916,-0.005462842753955309,0.009149094138826632,0.12971505965500285,0.01904408011841623,-0.002644580462665247,0.03209218064380355
E2a_h0.01_e0.1_L2_rope_attn_s2,h2_v,2,v,False,rope,0.0,128,20000,0.014199614524841309,-0.24163584476837688,-0.24163584476837688,0.0,-0.005462842753955309,-0.011157104372978196,0.12971505965500285,0.01904408011841623,,
E2a_h0.01_e0.1_L2_rope_attn_s2,h3_all,3,all,False,rope,0.0,128,20000,0.018029212951660156,-0.24163584476837688,-0.1658092023912889,0.3138054391299957,-0.005462842753955309,-0.005319511890411399,0.12971505965500285,0.01904408011841623,,
E2a_h0.01_e0.1_L2_rope_attn_s2,h3_k,3,k,False,rope,0.0,128,20000,0.0083770751953125,-0.24163584476837688,-0.1533720392120054,0.365276127144869,-0.005462842753955309,-0.0044771198715482475,0.12971505965500285,0.01904408011841623,0.11536888428792968,0.017210244762269025
E2a_h0.01_e0.1_L2_rope_attn_s2,h3_q,3,q,False,rope,0.0,128,20000,0.003075718879699707,-0.24163584476837688,-0.25871660155125853,-0.07068800905451189,-0.005462842753955309,-0.003948267442839487,0.12971505965500285,0.01904408011841623,0.13193008988726806,0.021291131715086602
E2a_h0.01_e0.1_L2_rope_attn_s2,h3_v,3,v,False,rope,0.0,128,20000,0.010203361511230469,-0.24163584476837688,-0.24163584476837688,0.0,-0.005462842753955309,-0.007199885589735866,0.12971505965500285,0.01904408011841623,,
E2a_h0.03_e0.2_L2_learned_abs_attn_s0,h0_all,0,all,False,learned_abs,0.0,128,20000,0.08456838130950928,-0.2044442957744287,-0.034057014937850884,0.8334166536227193,0.007079292620931329,0.04222689562344124,0.05032950071355624,0.1059276728701645,,
E2a_h0.03_e0.2_L2_learned_abs_attn_s0,h0_k,0,k,False,learned_abs,0.0,128,20000,0.04660844802856445,-0.2044442957744287,-0.03997353386197915,0.8044771378406004,0.007079292620931329,0.22260143062365914,0.05032950071355624,0.1059276728701645,0.27165384352228183,0.042975104107646704
E2a_h0.03_e0.2_L2_learned_abs_attn_s0,h0_q,0,q,False,learned_abs,0.0,128,20000,0.0006040334701538086,-0.2044442957744287,-0.2017825006932813,0.013019659321208299,0.007079292620931329,0.006253403850964115,0.05032950071355624,0.1059276728701645,0.053314159145639195,0.11235288575270523
E2a_h0.03_e0.2_L2_learned_abs_attn_s0,h0_v,0,v,False,learned_abs,0.0,128,20000,0.04147160053253174,-0.2044442957744287,-0.2044442957744287,0.0,0.007079292620931329,-0.00810601924146927,0.05032950071355624,0.1059276728701645,,
E2a_h0.03_e0.2_L2_learned_abs_attn_s0,h1_all,1,all,True,learned_abs,0.0,128,20000,1.953969120979309,-0.2044442957744287,-0.23026723388293566,-0.12630794129369294,0.007079292620931329,-0.004036758201462901,0.05032950071355624,0.1059276728701645,,
E2a_h0.03_e0.2_L2_learned_abs_attn_s0,h1_k,1,k,True,learned_abs,0.0,128,20000,1.964802861213684,-0.2044442957744287,-0.23029014092636474,-0.12641998669629184,0.007079292620931329,-0.011144346424511503,0.05032950071355624,0.1059276728701645,,
E2a_h0.03_e0.2_L2_learned_abs_attn_s0,h1_q,1,q,True,learned_abs,0.0,128,20000,-4.2557716369628906e-05,-0.2044442957744287,-0.20576681314234227,-0.006468839655828562,0.007079292620931329,0.006442554507936733,0.05032950071355624,0.1059276728701645,,
E2a_h0.03_e0.2_L2_learned_abs_attn_s0,h1_v,1,v,True,learned_abs,0.0,128,20000,0.027137279510498047,-0.2044442957744287,-0.2044442957744287,0.0,0.007079292620931329,0.01690658118043626,0.05032950071355624,0.1059276728701645,,
E2a_h0.03_e0.2_L2_learned_abs_attn_s0,h2_all,2,all,False,learned_abs,0.0,128,20000,0.05713319778442383,-0.2044442957744287,-0.2675671671457182,-0.30875339970813065,0.007079292620931329,0.04679457178073269,0.05032950071355624,0.1059276728701645,,
E2a_h0.03_e0.2_L2_learned_abs_attn_s0,h2_k,2,k,False,learned_abs,0.0,128,20000,0.0687333345413208,-0.2044442957744287,-0.20545643422495424,-0.0049506808037445005,0.007079292620931329,0.01769492966788154,0.05032950071355624,0.1059276728701645,0.1051676111481985,0.12152801218939088
E2a_h0.03_e0.2_L2_learned_abs_attn_s0,h2_q,2,q,False,learned_abs,0.0,128,20000,0.03019726276397705,-0.2044442957744287,-0.2680306046853629,-0.31102021540914704,0.007079292620931329,0.03247123381921219,0.05032950071355624,0.1059276728701645,0.04468548234984182,0.0851593097529756
E2a_h0.03_e0.2_L2_learned_abs_attn_s0,h2_v,2,v,False,learned_abs,0.0,128,20000,0.01184237003326416,-0.2044442957744287,-0.2044442957744287,0.0,0.007079292620931329,0.021865302750042486,0.05032950071355624,0.1059276728701645,,
E2a_h0.03_e0.2_L2_learned_abs_attn_s0,h3_all,3,all,False,learned_abs,0.0,128,20000,0.6853052377700806,-0.2044442957744287,-0.3448789378117579,-0.6869090746962006,0.007079292620931329,0.037943139885153035,0.05032950071355624,0.1059276728701645,,
E2a_h0.03_e0.2_L2_learned_abs_attn_s0,h3_k,3,k,False,learned_abs,0.0,128,20000,0.5702427625656128,-0.2044442957744287,-0.2749080402899084,-0.3446598705459851,0.007079292620931329,-0.028603736843381623,0.05032950071355624,0.1059276728701645,0.013372493366747396,0.15278744689987164
E2a_h0.03_e0.2_L2_learned_abs_attn_s0,h3_q,3,q,False,learned_abs,0.0,128,20000,0.4351733922958374,-0.2044442957744287,-0.28248595668766774,-0.38172579292378694,0.007079292620931329,0.009599446239215988,0.05032950071355624,0.1059276728701645,-0.11813246506185948,0.0001353456848979631
E2a_h0.03_e0.2_L2_learned_abs_attn_s0,h3_v,3,v,False,learned_abs,0.0,128,20000,0.048890113830566406,-0.2044442957744287,-0.2044442957744287,0.0,0.007079292620931329,0.015559552822794212,0.05032950071355624,0.1059276728701645,,
E2a_h0.03_e0.2_L2_learned_abs_attn_s1,h0_all,0,all,False,learned_abs,0.0,128,20000,0.09878063201904297,-0.40907957269984546,-0.21258228051313705,0.48034002502218476,0.00822451923574717,0.15570848238255294,0.25160404918401125,0.045051162362124565,,
E2a_h0.03_e0.2_L2_learned_abs_attn_s1,h0_k,0,k,False,learned_abs,0.0,128,20000,0.0647575855255127,-0.40907957269984546,-0.2774502557321665,0.3217694691987457,0.00822451923574717,0.23488938537027157,0.25160404918401125,0.045051162362124565,0.30829450714219686,0.010529707633139396
E2a_h0.03_e0.2_L2_learned_abs_attn_s1,h0_q,0,q,False,learned_abs,0.0,128,20000,0.007088065147399902,-0.40907957269984546,-0.45684220157472394,-0.11675632826067162,0.00822451923574717,0.021995611701692862,0.25160404918401125,0.045051162362124565,0.1960281172306766,0.08196894269770717
E2a_h0.03_e0.2_L2_learned_abs_attn_s1,h0_v,0,v,False,learned_abs,0.0,128,20000,0.019265413284301758,-0.40907957269984546,-0.40907957269984546,0.0,0.00822451923574717,0.006012222596577225,0.25160404918401125,0.045051162362124565,,
E2a_h0.03_e0.2_L2_learned_abs_attn_s1,h1_all,1,all,True,learned_abs,0.0,128,20000,1.8857982158660889,-0.40907957269984546,-0.26089852533780866,0.3622303758265678,0.00822451923574717,0.004469432575362025,0.25160404918401125,0.045051162362124565,,
E2a_h0.03_e0.2_L2_learned_abs_attn_s1,h1_k,1,k,True,learned_abs,0.0,128,20000,1.84090256690979,-0.40907957269984546,-0.26290772060688794,0.3573188735097472,0.00822451923574717,0.0016542072807039265,0.25160404918401125,0.045051162362124565,,
E2a_h0.03_e0.2_L2_learned_abs_attn_s1,h1_q,1,q,True,learned_abs,0.0,128,20000,0.0023174285888671875,-0.40907957269984546,-0.41435058026416655,-0.012885042216929765,0.00822451923574717,0.004785200953483561,0.25160404918401125,0.045051162362124565,,
E2a_h0.03_e0.2_L2_learned_abs_attn_s1,h1_v,1,v,True,learned_abs,0.0,128,20000,0.014728307723999023,-0.40907957269984546,-0.40907957269984546,0.0,0.00822451923574717,0.004806635635239699,0.25160404918401125,0.045051162362124565,,
E2a_h0.03_e0.2_L2_learned_abs_attn_s1,h2_all,2,all,False,learned_abs,0.0,128,20000,0.06379413604736328,-0.40907957269984546,-0.024936645979765512,0.939042065055489,0.00822451923574717,-0.0030999089990343233,0.25160404918401125,0.045051162362124565,,
E2a_h0.03_e0.2_L2_learned_abs_attn_s1,h2_k,2,k,False,learned_abs,0.0,128,20000,0.03515267372131348,-0.40907957269984546,-0.026008741946816384,0.9364213134008043,0.00822451923574717,0.019613238743373312,0.25160404918401125,0.045051162362124565,0.22361338499833794,0.04341173276606368
E2a_h0.03_e0.2_L2_learned_abs_attn_s1,h2_q,2,q,False,learned_abs,0.0,128,20000,0.00021457672119140625,-0.40907957269984546,-0.40675057378079865,0.005693266235896055,0.00822451923574717,0.0074836130653108904,0.25160404918401125,0.045051162362124565,0.24074267090348367,0.047133969264497935
E2a_h0.03_e0.2_L2_learned_abs_attn_s1,h2_v,2,v,False,learned_abs,0.0,128,20000,0.034105777740478516,-0.40907957269984546,-0.40907957269984546,0.0,0.00822451923574717,-0.004260564701897796,0.25160404918401125,0.045051162362124565,,
E2a_h0.03_e0.2_L2_learned_abs_attn_s1,h3_all,3,all,False,learned_abs,0.0,128,20000,1.3089747428894043,-0.40907957269984546,-0.5925630248112904,-0.4485275343877231,0.00822451923574717,0.03783186439956937,0.25160404918401125,0.045051162362124565,,
E2a_h0.03_e0.2_L2_learned_abs_attn_s1,h3_k,3,k,False,learned_abs,0.0,128,20000,1.293644666671753,-0.40907957269984546,-0.2340621152490447,0.4278323072836897,0.00822451923574717,-0.00017333722540310847,0.25160404918401125,0.045051162362124565,,
E2a_h0.03_e0.2_L2_learned_abs_attn_s1,h3_q,3,q,False,learned_abs,0.0,128,20000,0.7667264938354492,-0.40907957269984546,-0.4899469940897857,-0.1976813969375959,0.00822451923574717,0.16241481682019576,0.25160404918401125,0.045051162362124565,0.4200934514766351,0.11128121433894912
E2a_h0.03_e0.2_L2_learned_abs_attn_s1,h3_v,3,v,False,learned_abs,0.0,128,20000,0.054236412048339844,-0.40907957269984546,-0.40907957269984546,0.0,0.00822451923574717,0.012177946312086898,0.25160404918401125,0.045051162362124565,,
E2a_h0.03_e0.2_L2_learned_abs_attn_s2,h0_all,0,all,False,learned_abs,0.0,128,20000,0.08847332000732422,-0.25593366908368387,-0.030308799587590817,0.8815755672315212,0.025958243438175745,0.03889862038195131,0.2262293512817375,0.09703216152495318,,
E2a_h0.03_e0.2_L2_learned_abs_attn_s2,h0_k,0,k,False,learned_abs,0.0,128,20000,0.048073649406433105,-0.25593366908368387,-0.03260335956552133,0.8726101193240783,0.025958243438175745,0.22171092205015677,0.2262293512817375,0.09703216152495318,0.3856288314954608,0.016324943578660846
E2a_h0.03_e0.2_L2_learned_abs_attn_s2,h0_q,0,q,False,learned_abs,0.0,128,20000,0.0093841552734375,-0.25593366908368387,-0.26488409069460084,-0.034971645750877745,0.025958243438175745,0.03584847577980582,0.2262293512817375,0.09703216152495318,0.2340040196997728,0.05278013268373841
E2a_h0.03_e0.2_L2_learned_abs_attn_s2,h0_v,0,v,False,learned_abs,0.0,128,20000,0.03496241569519043,-0.25593366908368387,-0.25593366908368387,0.0,0.025958243438175745,0.010804182716778321,0.2262293512817375,0.09703216152495318,,
E2a_h0.03_e0.2_L2_learned_abs_attn_s2,h1_all,1,all,False,learned_abs,0.0,128,20000,1.1850917339324951,-0.25593366908368387,-0.3198828802491506,-0.24986634777058958,0.025958243438175745,0.030308040976524318,0.2262293512817375,0.09703216152495318,,
E2a_h0.03_e0.2_L2_learned_abs_attn_s2,h1_k,1,k,False,learned_abs,0.0,128,20000,1.5139274597167969,-0.25593366908368387,-0.2848383338901278,-0.11293810974511853,0.025958243438175745,0.031836623379162356,0.2262293512817375,0.09703216152495318,0.15457920095093758,0.12490618827419311
E2a_h0.03_e0.2_L2_learned_abs_attn_s2,h1_q,1,q,False,learned_abs,0.0,128,20000,0.14132428169250488,-0.25593366908368387,-0.2823222237561268,-0.10310700724496913,0.025958243438175745,0.025070045675550174,0.2262293512817375,0.09703216152495318,0.16983230914949266,0.10267555059864326
E2a_h0.03_e0.2_L2_learned_abs_attn_s2,h1_v,1,v,False,learned_abs,0.0,128,20000,0.07964658737182617,-0.25593366908368387,-0.25593366908368387,0.0,0.025958243438175745,0.030374990616525897,0.2262293512817375,0.09703216152495318,,
E2a_h0.03_e0.2_L2_learned_abs_attn_s2,h2_all,2,all,False,learned_abs,0.0,128,20000,0.025716066360473633,-0.25593366908368387,-0.34657066807296805,-0.354142537454297,0.025958243438175745,0.057294363422053185,0.2262293512817375,0.09703216152495318,,
E2a_h0.03_e0.2_L2_learned_abs_attn_s2,h2_k,2,k,False,learned_abs,0.0,128,20000,0.014393448829650879,-0.25593366908368387,-0.26124950310365447,-0.020770358347156126,0.025958243438175745,0.03647950504507336,0.2262293512817375,0.09703216152495318,0.38233478081504335,0.07739144756295116
E2a_h0.03_e0.2_L2_learned_abs_attn_s2,h2_q,2,q,False,learned_abs,0.0,128,20000,0.0124281644821167,-0.25593366908368387,-0.34768289517307616,-0.3584883005736639,0.025958243438175745,0.033881285786628704,0.2262293512817375,0.09703216152495318,0.3141036980558185,0.05332422838859542
E2a_h0.03_e0.2_L2_learned_abs_attn_s2,h2_v,2,v,False,learned_abs,0.0,128,20000,0.0010322332382202148,-0.25593366908368387,-0.25593366908368387,0.0,0.025958243438175745,0.025783628225326507,0.2262293512817375,0.09703216152495318,,
E2a_h0.03_e0.2_L2_learned_abs_attn_s2,h3_all,3,all,True,learned_abs,0.0,128,20000,1.944589376449585,-0.25593366908368387,-0.18044177879302825,0.2949666238167815,0.025958243438175745,0.0038856944867542366,0.2262293512817375,0.09703216152495318,,
E2a_h0.03_e0.2_L2_learned_abs_attn_s2,h3_k,3,k,True,learned_abs,0.0,128,20000,1.9372081756591797,-0.25593366908368387,-0.1773643718327928,0.3069908602967001,0.025958243438175745,0.006588733196258516,0.2262293512817375,0.09703216152495318,,
E2a_h0.03_e0.2_L2_learned_abs_attn_s2,h3_q,3,q,True,learned_abs,0.0,128,20000,0.0005513429641723633,-0.25593366908368387,-0.2575498834987091,-0.006314973800874757,0.025958243438175745,0.024483282225472573,0.2262293512817375,0.09703216152495318,,
E2a_h0.03_e0.2_L2_learned_abs_attn_s2,h3_v,3,v,True,learned_abs,0.0,128,20000,0.015011072158813477,-0.25593366908368387,-0.25593366908368387,0.0,0.025958243438175745,0.026121420093945056,0.2262293512817375,0.09703216152495318,,
E2a_h0.03_e0.2_L2_rope_attn_s0,h0_all,0,all,False,rope,0.0,128,20000,0.002332448959350586,-0.29369583730831333,-0.28528165882851536,0.028649294307038553,0.007459164943013885,0.00697829851082392,0.20905039112849932,0.0685065820771192,,
E2a_h0.03_e0.2_L2_rope_attn_s0,h0_k,0,k,False,rope,0.0,128,20000,0.0015555620193481445,-0.29369583730831333,-0.2879181848783194,0.019672231254434625,0.007459164943013885,0.005201002103941741,0.20905039112849932,0.0685065820771192,0.2224876927844316,0.07063431760464256
E2a_h0.03_e0.2_L2_rope_attn_s0,h0_q,0,q,False,rope,0.0,128,20000,0.00045883655548095703,-0.29369583730831333,-0.2908139977790743,0.009812326778788405,0.007459164943013885,0.007476269773074543,0.20905039112849932,0.0685065820771192,0.21361247069821365,0.06897974658502432
E2a_h0.03_e0.2_L2_rope_attn_s0,h0_v,0,v,False,rope,0.0,128,20000,0.0005627870559692383,-0.29369583730831333,-0.29369583730831333,0.0,0.007459164943013885,0.00907754557473317,0.20905039112849932,0.0685065820771192,,
E2a_h0.03_e0.2_L2_rope_attn_s0,h1_all,1,all,True,rope,0.0,128,20000,2.2431654930114746,-0.29369583730831333,-0.27422860248643827,0.06628365931328783,0.007459164943013885,0.029306060115673712,0.20905039112849932,0.0685065820771192,,
E2a_h0.03_e0.2_L2_rope_attn_s0,h1_k,1,k,True,rope,0.0,128,20000,2.08512544631958,-0.29369583730831333,-0.1258620001838889,0.5714545996381875,0.007459164943013885,0.020208743773400782,0.20905039112849932,0.0685065820771192,,
E2a_h0.03_e0.2_L2_rope_attn_s0,h1_q,1,q,True,rope,0.0,128,20000,0.13412094116210938,-0.29369583730831333,-0.46557788772704545,-0.5852382927657751,0.007459164943013885,0.0037391530615942556,0.20905039112849932,0.0685065820771192,,
E2a_h0.03_e0.2_L2_rope_attn_s0,h1_v,1,v,True,rope,0.0,128,20000,0.009644150733947754,-0.29369583730831333,-0.29369583730831333,0.0,0.007459164943013885,0.007073604634829958,0.20905039112849932,0.0685065820771192,,
E2a_h0.03_e0.2_L2_rope_attn_s0,h2_all,2,all,False,rope,0.0,128,20000,0.16972780227661133,-0.29369583730831333,0.01216759360945964,1.0414292341388771,0.007459164943013885,0.018157044265951387,0.20905039112849932,0.0685065820771192,,
E2a_h0.03_e0.2_L2_rope_attn_s0,h2_k,2,k,False,rope,0.0,128,20000,0.020356178283691406,-0.29369583730831333,-0.18307028613808915,0.3766670722475808,0.007459164943013885,0.0054712572268077325,0.20905039112849932,0.0685065820771192,0.18126135218335826,0.06570396623735178
E2a_h0.03_e0.2_L2_rope_attn_s0,h2_q,2,q,False,rope,0.0,128,20000,0.12215447425842285,-0.29369583730831333,-0.08552673983356335,0.7087914469016465,0.007459164943013885,0.03841348609754016,0.20905039112849932,0.0685065820771192,0.40020142588555696,0.0547602780943782
E2a_h0.03_e0.2_L2_rope_attn_s0,h2_v,2,v,False,rope,0.0,128,20000,0.00933218002319336,-0.29369583730831333,-0.29369583730831333,0.0,0.007459164943013885,0.003775326269013522,0.20905039112849932,0.0685065820771192,,
E2a_h0.03_e0.2_L2_rope_attn_s0,h3_all,3,all,False,rope,0.0,128,20000,0.025713682174682617,-0.29369583730831333,-0.10310741290121848,0.6489313098674281,0.007459164943013885,0.0034210890531539773,0.20905039112849932,0.0685065820771192,,
E2a_h0.03_e0.2_L2_rope_attn_s0,h3_k,3,k,False,rope,0.0,128,20000,0.012356758117675781,-0.29369583730831333,-0.1051361168833137,0.6420238099154778,0.007459164943013885,0.01021884083747862,0.20905039112849932,0.0685065820771192,0.19062809760006072,0.05215322589837171
E2a_h0.03_e0.2_L2_rope_attn_s0,h3_q,3,q,False,rope,0.0,128,20000,0.008788585662841797,-0.29369583730831333,-0.28628799690678386,0.02522283076744103,0.007459164943013885,0.010332257407052155,0.20905039112849932,0.0685065820771192,0.2225562862579975,0.06844831728678846
E2a_h0.03_e0.2_L2_rope_attn_s0,h3_v,3,v,False,rope,0.0,128,20000,0.01089179515838623,-0.29369583730831333,-0.29369583730831333,0.0,0.007459164943013885,0.000849929026194967,0.20905039112849932,0.0685065820771192,,
E2a_h0.03_e0.2_L2_rope_attn_s1,h0_all,0,all,False,rope,0.0,128,20000,0.14057862758636475,-0.2783027608579357,0.03239582977447566,1.116404988849581,-0.0033184277159827276,0.047544014666761655,0.2417389133014921,0.07549234638763877,,
E2a_h0.03_e0.2_L2_rope_attn_s1,h0_k,0,k,False,rope,0.0,128,20000,0.01376354694366455,-0.2783027608579357,-0.15083924856706474,0.4580030463870851,-0.0033184277159827276,-0.00044661419732232993,0.2417389133014921,0.07549234638763877,0.21879781253993114,0.06732326651031657
E2a_h0.03_e0.2_L2_rope_attn_s1,h0_q,0,q,False,rope,0.0,128,20000,0.07863545417785645,-0.2783027608579357,-0.07057124820971065,0.7464227519980122,-0.0033184277159827276,0.05498762833220616,0.2417389133014921,0.07549234638763877,0.38028431505492677,0.0546750843627399
E2a_h0.03_e0.2_L2_rope_attn_s1,h0_v,0,v,False,rope,0.0,128,20000,0.018178582191467285,-0.2783027608579357,-0.2783027608579357,0.0,-0.0033184277159827276,-0.0028374569756644042,0.2417389133014921,0.07549234638763877,,
E2a_h0.03_e0.2_L2_rope_attn_s1,h1_all,1,all,False,rope,0.0,128,20000,0.04952836036682129,-0.2783027608579357,-0.31527309710666235,-0.13284214692932483,-0.0033184277159827276,-0.005152198885168364,0.2417389133014921,0.07549234638763877,,
E2a_h0.03_e0.2_L2_rope_attn_s1,h1_k,1,k,False,rope,0.0,128,20000,0.017673134803771973,-0.2783027608579357,-0.24443490708811205,0.12169427879701156,-0.0033184277159827276,-0.0054577529430389635,0.2417389133014921,0.07549234638763877,0.24138137769741008,0.08040217059257557
E2a_h0.03_e0.2_L2_rope_attn_s1,h1_q,1,q,False,rope,0.0,128,20000,0.05072677135467529,-0.2783027608579357,-0.3559757134443947,-0.2790951564656179,-0.0033184277159827276,-0.004909380418913731,0.2417389133014921,0.07549234638763877,0.14809029426127496,0.05507907306405834
E2a_h0.03_e0.2_L2_rope_attn_s1,h1_v,1,v,False,rope,0.0,128,20000,0.016834259033203125,-0.2783027608579357,-0.2783027608579357,0.0,-0.0033184277159827276,-0.0015672257968357764,0.2417389133014921,0.07549234638763877,,
E2a_h0.03_e0.2_L2_rope_attn_s1,h2_all,2,all,True,rope,0.0,128,20000,2.2509559392929077,-0.2783027608579357,-0.15800236750216323,0.43226446257635875,-0.0033184277159827276,-0.017290179325001598,0.2417389133014921,0.07549234638763877,,
E2a_h0.03_e0.2_L2_rope_attn_s1,h2_k,2,k,True,rope,0.0,128,20000,1.889652132987976,-0.2783027608579357,-0.11320905608506925,0.5932161947079688,-0.0033184277159827276,-0.011415284233433864,0.2417389133014921,0.07549234638763877,,
E2a_h0.03_e0.2_L2_rope_attn_s1,h2_q,2,q,True,rope,0.0,128,20000,0.11567461490631104,-0.2783027608579357,-0.30121807897730973,-0.08233952853623161,-0.0033184277159827276,-0.005457893013954165,0.2417389133014921,0.07549234638763877,,
E2a_h0.03_e0.2_L2_rope_attn_s1,h2_v,2,v,True,rope,0.0,128,20000,0.011048316955566406,-0.2783027608579357,-0.2783027608579357,0.0,-0.0033184277159827276,-0.006095573306083703,0.2417389133014921,0.07549234638763877,,
E2a_h0.03_e0.2_L2_rope_attn_s1,h3_all,3,all,False,rope,0.0,128,20000,0.013477325439453125,-0.2783027608579357,-0.10123028390616726,0.6362584273540788,-0.0033184277159827276,-0.0019679086548941528,0.2417389133014921,0.07549234638763877,,
E2a_h0.03_e0.2_L2_rope_attn_s1,h3_k,3,k,False,rope,0.0,128,20000,0.013340115547180176,-0.2783027608579357,-0.10187438944776742,0.6339440214904267,-0.0033184277159827276,0.0011427994285310558,0.2417389133014921,0.07549234638763877,0.2119884674997089,0.052962480488351844
E2a_h0.03_e0.2_L2_rope_attn_s1,h3_q,3,q,False,rope,0.0,128,20000,2.300739288330078e-05,-0.2783027608579357,-0.27694963277703366,0.004862072071188606,-0.0033184277159827276,-0.0031654766627720555,0.2417389133014921,0.07549234638763877,0.2507103696458952,0.0736483275692605
E2a_h0.03_e0.2_L2_rope_attn_s1,h3_v,3,v,False,rope,0.0,128,20000,0.009357929229736328,-0.2783027608579357,-0.2783027608579357,0.0,-0.0033184277159827276,-0.004380747675895707,0.2417389133014921,0.07549234638763877,,
E2a_h0.03_e0.2_L2_rope_attn_s2,h0_all,0,all,False,rope,0.0,128,20000,0.012711524963378906,-0.2502272607689223,-0.16954108466006007,0.32245158205753455,-0.006559483068329974,-0.005920087865420781,0.24005006818404517,0.07678318861132571,,
E2a_h0.03_e0.2_L2_rope_attn_s2,h0_k,0,k,False,rope,0.0,128,20000,0.003966689109802246,-0.2502272607689223,-0.1996119213727966,0.20227747864317447,-0.006559483068329974,-0.00410658887454444,0.24005006818404517,0.07678318861132571,0.22321258446194692,0.06623485005742263
E2a_h0.03_e0.2_L2_rope_attn_s2,h0_q,0,q,False,rope,0.0,128,20000,0.00598752498626709,-0.2502272607689223,-0.2091648694019001,0.1641003911438017,-0.006559483068329974,-0.0004917698247092309,0.24005006818404517,0.07678318861132571,0.2800801442595948,0.07021742956959622
E2a_h0.03_e0.2_L2_rope_attn_s2,h0_v,0,v,False,rope,0.0,128,20000,0.004461169242858887,-0.2502272607689223,-0.2502272607689223,0.0,-0.006559483068329974,-0.011905996288572042,0.24005006818404517,0.07678318861132571,,
E2a_h0.03_e0.2_L2_rope_attn_s2,h1_all,1,all,True,rope,0.0,128,20000,2.1515053510665894,-0.2502272607689223,-0.20803817672803798,0.1686030687113853,-0.006559483068329974,-0.00353861480419125,0.24005006818404517,0.07678318861132571,,
E2a_h0.03_e0.2_L2_rope_attn_s2,h1_k,1,k,True,rope,0.0,128,20000,2.1140979528427124,-0.2502272607689223,-0.10773831919778108,0.5694381225022708,-0.006559483068329974,-0.00666780849652631,0.24005006818404517,0.07678318861132571,,
E2a_h0.03_e0.2_L2_rope_attn_s2,h1_q,1,q,True,rope,0.0,128,20000,0.03364431858062744,-0.2502272607689223,-0.36628968034026715,-0.4638280386185625,-0.006559483068329974,-0.01186317971774513,0.24005006818404517,0.07678318861132571,,
E2a_h0.03_e0.2_L2_rope_attn_s2,h1_v,1,v,True,rope,0.0,128,20000,0.01696932315826416,-0.2502272607689223,-0.2502272607689223,0.0,-0.006559483068329974,-0.008367257458823074,0.24005006818404517,0.07678318861132571,,
E2a_h0.03_e0.2_L2_rope_attn_s2,h2_all,2,all,False,rope,0.0,128,20000,0.047736525535583496,-0.2502272607689223,-0.039364613242036536,0.842684553549149,-0.006559483068329974,0.037154073587485716,0.24005006818404517,0.07678318861132571,,
E2a_h0.03_e0.2_L2_rope_attn_s2,h2_k,2,k,False,rope,0.0,128,20000,0.007230162620544434,-0.2502272607689223,-0.23332393661200881,0.06755188905066278,-0.006559483068329974,-0.007738232186862404,0.24005006818404517,0.07678318861132571,0.25281460034436076,0.08798820567126321
E2a_h0.03_e0.2_L2_rope_attn_s2,h2_q,2,q,False,rope,0.0,128,20000,0.05533945560455322,-0.2502272607689223,-0.05641542047764626,0.7745432679705339,-0.006559483068329974,0.03861240787165508,0.24005006818404517,0.07678318861132571,0.3104122443804077,0.07860517293496538
E2a_h0.03_e0.2_L2_rope_attn_s2,h2_v,2,v,False,rope,0.0,128,20000,0.007012605667114258,-0.2502272607689223,-0.2502272607689223,0.0,-0.006559483068329974,0.005684491566249295,0.24005006818404517,0.07678318861132571,,
E2a_h0.03_e0.2_L2_rope_attn_s2,h3_all,3,all,False,rope,0.0,128,20000,0.01725172996520996,-0.2502272607689223,-0.06227571740782895,0.7511233699459358,-0.006559483068329974,-0.004815312368529186,0.24005006818404517,0.07678318861132571,,
E2a_h0.03_e0.2_L2_rope_attn_s2,h3_k,3,k,False,rope,0.0,128,20000,0.013941645622253418,-0.2502272607689223,-0.06438068446518841,0.7427111487878928,-0.006559483068329974,0.0010751851967402614,0.24005006818404517,0.07678318861132571,0.20755024238473874,0.050569024310472575
E2a_h0.03_e0.2_L2_rope_attn_s2,h3_q,3,q,False,rope,0.0,128,20000,0.0002733469009399414,-0.2502272607689223,-0.24338233158527176,0.027354849997625386,-0.006559483068329974,-0.006002999629293176,0.24005006818404517,0.07678318861132571,0.24616184839544852,0.07360717092334228
E2a_h0.03_e0.2_L2_rope_attn_s2,h3_v,3,v,False,rope,0.0,128,20000,0.010514259338378906,-0.2502272607689223,-0.2502272607689223,0.0,-0.006559483068329974,-0.010200967533247824,0.24005006818404517,0.07678318861132571,,
E2b_h0.003_e0.05_L2_alibi_learn_attn_s0,h0_all,0,all,False,alibi_learn,0.0,128,20000,0.15590888261795044,-0.29410579942984905,-0.2021274466659423,0.31273899713033604,-0.024416459458214947,0.034441244176455894,0.32267945699554434,0.040776624007185444,,
E2b_h0.003_e0.05_L2_alibi_learn_attn_s0,h0_k,0,k,False,alibi_learn,0.0,128,20000,0.006483256816864014,-0.29410579942984905,-0.16241433443749534,0.4477690179780529,-0.024416459458214947,0.025495857000350917,0.32267945699554434,0.040776624007185444,0.19922381821782753,0.04717481413670367
E2b_h0.003_e0.05_L2_alibi_learn_attn_s0,h0_q,0,q,False,alibi_learn,0.0,128,20000,0.02501392364501953,-0.29410579942984905,-0.3723398862216793,-0.2660066103541452,-0.024416459458214947,-0.011449783188956147,0.32267945699554434,0.040776624007185444,0.3720463015284201,0.039901316444580184
E2b_h0.003_e0.05_L2_alibi_learn_attn_s0,h0_v,0,v,False,alibi_learn,0.0,128,20000,0.1364496350288391,-0.29410579942984905,-0.29410579942984905,0.0,-0.024416459458214947,0.0026054471731185,0.32267945699554434,0.040776624007185444,,
E2b_h0.003_e0.05_L2_alibi_learn_attn_s0,h1_all,1,all,False,alibi_learn,0.0,128,20000,0.05241954326629639,-0.29410579942984905,-0.02483407979170374,0.9155607273306176,-0.024416459458214947,0.015146601200103705,0.32267945699554434,0.040776624007185444,,
E2b_h0.003_e0.05_L2_alibi_learn_attn_s0,h1_k,1,k,False,alibi_learn,0.0,128,20000,0.011922836303710938,-0.29410579942984905,-0.024702832579309792,0.9160069858289144,-0.024416459458214947,0.07482958606311248,0.32267945699554434,0.040776624007185444,0.33172653409955954,0.02758903598587243
E2b_h0.003_e0.05_L2_alibi_learn_attn_s0,h1_q,1,q,False,alibi_learn,0.0,128,20000,0.002820432186126709,-0.29410579942984905,-0.2971422614425514,-0.010324386729499535,-0.024416459458214947,-0.009458541870117245,0.32267945699554434,0.040776624007185444,0.27429242109782903,0.04313035783049936
E2b_h0.003_e0.05_L2_alibi_learn_attn_s0,h1_v,1,v,False,alibi_learn,0.0,128,20000,0.045170605182647705,-0.29410579942984905,-0.29410579942984905,0.0,-0.024416459458214947,-0.07474916577339184,0.32267945699554434,0.040776624007185444,,
E2b_h0.003_e0.05_L2_alibi_learn_attn_s0,h2_all,2,all,False,alibi_learn,0.0,128,20000,0.005760848522186279,-0.29410579942984905,-0.32787376864553935,-0.11481572033313392,-0.024416459458214947,-0.03537623030798776,0.32267945699554434,0.040776624007185444,,
E2b_h0.003_e0.05_L2_alibi_learn_attn_s0,h2_k,2,k,False,alibi_learn,0.0,128,20000,0.0018979310989379883,-0.29410579942984905,-0.299506846947642,-0.01836430131015221,-0.024416459458214947,-0.03084658384323129,0.32267945699554434,0.040776624007185444,0.3884507324621085,0.04997995145803095
E2b_h0.003_e0.05_L2_alibi_learn_attn_s0,h2_q,2,q,False,alibi_learn,0.0,128,20000,0.0024045705795288086,-0.29410579942984905,-0.3140482236247472,-0.06780697365899746,-0.024416459458214947,-0.033997235127857774,0.32267945699554434,0.040776624007185444,0.39329239196138155,0.026116030335301407
E2b_h0.003_e0.05_L2_alibi_learn_attn_s0,h2_v,2,v,False,alibi_learn,0.0,128,20000,0.001631021499633789,-0.29410579942984905,-0.29410579942984905,0.0,-0.024416459458214947,-0.02035631281988964,0.32267945699554434,0.040776624007185444,,
E2b_h0.003_e0.05_L2_alibi_learn_attn_s0,h3_all,3,all,True,alibi_learn,0.0,128,20000,3.6156970262527466,-0.29410579942984905,-0.11077566194805126,0.623347577086885,-0.024416459458214947,-0.024371703927006046,0.32267945699554434,0.040776624007185444,,
E2b_h0.003_e0.05_L2_alibi_learn_attn_s0,h3_k,3,k,True,alibi_learn,0.0,128,20000,3.6283360719680786,-0.29410579942984905,-0.09794674716854011,0.666967644438094,-0.024416459458214947,-0.0009250346837299156,0.32267945699554434,0.040776624007185444,,
E2b_h0.003_e0.05_L2_alibi_learn_attn_s0,h3_q,3,q,True,alibi_learn,0.0,128,20000,0.0007058382034301758,-0.29410579942984905,-0.3123482327436194,-0.06202677182542793,-0.024416459458214947,-0.020655333144324224,0.32267945699554434,0.040776624007185444,,
E2b_h0.003_e0.05_L2_alibi_learn_attn_s0,h3_v,3,v,True,alibi_learn,0.0,128,20000,0.006601393222808838,-0.29410579942984905,-0.29410579942984905,0.0,-0.024416459458214947,-0.014867681264877346,0.32267945699554434,0.040776624007185444,,
E2b_h0.003_e0.05_L2_alibi_learn_attn_s1,h0_all,0,all,False,alibi_learn,0.0,128,20000,0.07476958632469177,-0.24956639780786347,-0.03449079048206037,0.861797137815748,-0.03274898188454767,-0.023669221571513605,0.38707909563456966,0.03909755633110322,,
E2b_h0.003_e0.05_L2_alibi_learn_attn_s1,h0_k,0,k,False,alibi_learn,0.0,128,20000,0.016061753034591675,-0.24956639780786347,-0.03600581885948934,0.855726495330475,-0.03274898188454767,0.016586264542170902,0.38707909563456966,0.03909755633110322,0.38362134614016064,0.04423068341182703
E2b_h0.003_e0.05_L2_alibi_learn_attn_s1,h0_q,0,q,False,alibi_learn,0.0,128,20000,0.011024028062820435,-0.24956639780786347,-0.2520820609001801,-0.010080135444569649,-0.03274898188454767,-0.021060477835791538,0.38707909563456966,0.03909755633110322,0.3873752053496776,0.03597903874970659
E2b_h0.003_e0.05_L2_alibi_learn_attn_s1,h0_v,0,v,False,alibi_learn,0.0,128,20000,0.05416783690452576,-0.24956639780786347,-0.24956639780786347,0.0,-0.03274898188454767,-0.05660694071224765,0.38707909563456966,0.03909755633110322,,
E2b_h0.003_e0.05_L2_alibi_learn_attn_s1,h1_all,1,all,False,alibi_learn,0.0,128,20000,0.06932023167610168,-0.24956639780786347,-0.25411626048808905,-0.018231070850044606,-0.03274898188454767,0.02251991374152045,0.38707909563456966,0.03909755633110322,,
E2b_h0.003_e0.05_L2_alibi_learn_attn_s1,h1_k,1,k,False,alibi_learn,0.0,128,20000,0.011320680379867554,-0.24956639780786347,-0.23280461502349836,0.06716362030945244,-0.03274898188454767,-0.027729318823133228,0.38707909563456966,0.03909755633110322,0.37639605154785005,0.043871861005891265
E2b_h0.003_e0.05_L2_alibi_learn_attn_s1,h1_q,1,q,False,alibi_learn,0.0,128,20000,0.022952288389205933,-0.24956639780786347,-0.21774532423093618,0.12750544086237825,-0.03274898188454767,-0.0015141546726226934,0.38707909563456966,0.03909755633110322,0.43507804882789514,0.008492386868405482
E2b_h0.003_e0.05_L2_alibi_learn_attn_s1,h1_v,1,v,False,alibi_learn,0.0,128,20000,0.015927284955978394,-0.24956639780786347,-0.24956639780786347,0.0,-0.03274898188454767,-0.04264771342277528,0.38707909563456966,0.03909755633110322,,
E2b_h0.003_e0.05_L2_alibi_learn_attn_s1,h2_all,2,all,False,alibi_learn,0.0,128,20000,0.0021370351314544678,-0.24956639780786347,-0.2595772099328795,-0.040112820527718585,-0.03274898188454767,-0.027103338071278193,0.38707909563456966,0.03909755633110322,,
E2b_h0.003_e0.05_L2_alibi_learn_attn_s1,h2_k,2,k,False,alibi_learn,0.0,128,20000,0.001314014196395874,-0.24956639780786347,-0.24360047939296453,0.023905134935240713,-0.03274898188454767,-0.033460480826241666,0.38707909563456966,0.03909755633110322,0.4429712275176997,0.045717273999449214
E2b_h0.003_e0.05_L2_alibi_learn_attn_s1,h2_q,2,q,False,alibi_learn,0.0,128,20000,0.0003172159194946289,-0.24956639780786347,-0.2692674044203601,-0.07894094231253068,-0.03274898188454767,-0.034882558243615365,0.38707909563456966,0.03909755633110322,0.3927725326107889,0.03769373186991069
E2b_h0.003_e0.05_L2_alibi_learn_attn_s1,h2_v,2,v,False,alibi_learn,0.0,128,20000,0.0005472898483276367,-0.24956639780786347,-0.24956639780786347,0.0,-0.03274898188454767,-0.023807408979960868,0.38707909563456966,0.03909755633110322,,
E2b_h0.003_e0.05_L2_alibi_learn_attn_s1,h3_all,3,all,True,alibi_learn,0.0,128,20000,3.4504972994327545,-0.24956639780786347,-0.10284416842707036,0.5879085913390945,-0.03274898188454767,-0.15311040095984935,0.38707909563456966,0.03909755633110322,,
E2b_h0.003_e0.05_L2_alibi_learn_attn_s1,h3_k,3,k,True,alibi_learn,0.0,128,20000,3.482370525598526,-0.24956639780786347,-0.10122910315487688,0.5943800766287003,-0.03274898188454767,-0.11826851559536798,0.38707909563456966,0.03909755633110322,,
E2b_h0.003_e0.05_L2_alibi_learn_attn_s1,h3_q,3,q,True,alibi_learn,0.0,128,20000,0.00018772482872009277,-0.24956639780786347,-0.25067079096272527,-0.004425247808048427,-0.03274898188454767,-0.032422317777361265,0.38707909563456966,0.03909755633110322,,
E2b_h0.003_e0.05_L2_alibi_learn_attn_s1,h3_v,3,v,True,alibi_learn,0.0,128,20000,0.001200646162033081,-0.24956639780786347,-0.24956639780786347,0.0,-0.03274898188454767,-0.029737942559378554,0.38707909563456966,0.03909755633110322,,
E2b_h0.003_e0.05_L2_alibi_learn_attn_s2,h0_all,0,all,False,alibi_learn,0.0,128,20000,0.07440975308418274,-0.21933689417164826,-0.18882383057653704,0.13911505271535562,-0.03858227474348891,0.025644980583872105,0.3741074206336583,0.04550996895717018,,
E2b_h0.003_e0.05_L2_alibi_learn_attn_s2,h0_k,0,k,False,alibi_learn,0.0,128,20000,0.006069570779800415,-0.21933689417164826,-0.15538441770627068,0.29157190680073075,-0.03858227474348891,-0.022997725861413163,0.3741074206336583,0.04550996895717018,0.27297712227738324,0.05960557046898205
E2b_h0.003_e0.05_L2_alibi_learn_attn_s2,h0_q,0,q,False,alibi_learn,0.0,128,20000,0.017746061086654663,-0.21933689417164826,-0.25011816032840684,-0.1403378408954301,-0.03858227474348891,0.008771705627441376,0.3741074206336583,0.04550996895717018,0.5741429668019323,0.021739790549838715
E2b_h0.003_e0.05_L2_alibi_learn_attn_s2,h0_v,0,v,False,alibi_learn,0.0,128,20000,0.058847635984420776,-0.21933689417164826,-0.21933689417164826,0.0,-0.03858227474348891,-0.004451297010694263,0.3741074206336583,0.04550996895717018,,
E2b_h0.003_e0.05_L2_alibi_learn_attn_s2,h1_all,1,all,False,alibi_learn,0.0,128,20000,0.08471432328224182,-0.21933689417164826,-0.03520783420518326,0.8394805655557867,-0.03858227474348891,-0.006224236318043317,0.3741074206336583,0.04550996895717018,,
E2b_h0.003_e0.05_L2_alibi_learn_attn_s2,h1_k,1,k,False,alibi_learn,0.0,128,20000,0.008845120668411255,-0.21933689417164826,-0.02257599956888523,0.8970715818050303,-0.03858227474348891,0.007116766486849042,0.3741074206336583,0.04550996895717018,0.44004261903836994,0.04194358652749268
E2b_h0.003_e0.05_L2_alibi_learn_attn_s2,h1_q,1,q,False,alibi_learn,0.0,128,20000,0.0018921196460723877,-0.21933689417164826,-0.2206441459160033,-0.005960017576122079,-0.03858227474348891,-0.028734072617122155,0.3741074206336583,0.04550996895717018,0.26220753965845023,0.04945157493655816
E2b_h0.003_e0.05_L2_alibi_learn_attn_s2,h1_v,1,v,False,alibi_learn,0.0,128,20000,0.07088986039161682,-0.21933689417164826,-0.21933689417164826,0.0,-0.03858227474348891,-0.06375724502972199,0.3741074206336583,0.04550996895717018,,
E2b_h0.003_e0.05_L2_alibi_learn_attn_s2,h2_all,2,all,False,alibi_learn,0.0,128,20000,0.0016923844814300537,-0.21933689417164826,-0.19199625548002416,0.12465134420216561,-0.03858227474348891,-0.037151138271604274,0.3741074206336583,0.04550996895717018,,
E2b_h0.003_e0.05_L2_alibi_learn_attn_s2,h2_k,2,k,False,alibi_learn,0.0,128,20000,0.0012392699718475342,-0.21933689417164826,-0.19354786530365312,0.11757725012652553,-0.03858227474348891,-0.0356710135936737,0.3741074206336583,0.04550996895717018,0.41464659779175506,0.05287342760841605
E2b_h0.003_e0.05_L2_alibi_learn_attn_s2,h2_q,2,q,False,alibi_learn,0.0,128,20000,-0.00010451674461364746,-0.21933689417164826,-0.23998436153056193,-0.09413586089513704,-0.03858227474348891,-0.043656323637281155,0.3741074206336583,0.04550996895717018,0.37152644468489904,0.04772507369918143
E2b_h0.003_e0.05_L2_alibi_learn_attn_s2,h2_v,2,v,False,alibi_learn,0.0,128,20000,0.0005397498607635498,-0.21933689417164826,-0.21933689417164826,0.0,-0.03858227474348891,-0.03615460991859442,0.3741074206336583,0.04550996895717018,,
E2b_h0.003_e0.05_L2_alibi_learn_attn_s2,h3_all,3,all,True,alibi_learn,0.0,128,20000,3.5465079247951508,-0.21933689417164826,-0.09554726495819334,0.5643812441174618,-0.03858227474348891,0.0006789371371268951,0.3741074206336583,0.04550996895717018,,
E2b_h0.003_e0.05_L2_alibi_learn_attn_s2,h3_k,3,k,True,alibi_learn,0.0,128,20000,3.566185086965561,-0.21933689417164826,-0.09073013496912007,0.5863434862986769,-0.03858227474348891,0.031048762372561878,0.3741074206336583,0.04550996895717018,,
E2b_h0.003_e0.05_L2_alibi_learn_attn_s2,h3_q,3,q,True,alibi_learn,0.0,128,20000,8.210539817810059e-05,-0.21933689417164826,-0.22883366461635274,-0.04329764256291746,-0.03858227474348891,-0.039498955862862783,0.3741074206336583,0.04550996895717018,,
E2b_h0.003_e0.05_L2_alibi_learn_attn_s2,h3_v,3,v,True,alibi_learn,0.0,128,20000,0.0010912120342254639,-0.21933689417164826,-0.21933689417164826,0.0,-0.03858227474348891,-0.030504547698157258,0.3741074206336583,0.04550996895717018,,
E2b_h0.003_e0.1_L2_alibi_learn_attn_s0,h0_all,0,all,False,alibi_learn,0.0,128,20000,0.1392756700515747,-0.4080558116829062,-0.3262086691971958,0.2005783036103711,-0.03649731874465941,0.01991968793528418,0.39387137666604877,0.024211935613989145,,
E2b_h0.003_e0.1_L2_alibi_learn_attn_s0,h0_k,0,k,False,alibi_learn,0.0,128,20000,0.010203003883361816,-0.4080558116829062,-0.24487379495779413,0.39990121952219193,-0.03649731874465941,-0.02114769135202687,0.39387137666604877,0.024211935613989145,0.30155965940898566,0.04544664496749993
E2b_h0.003_e0.1_L2_alibi_learn_attn_s0,h0_q,0,q,False,alibi_learn,0.0,128,20000,0.022455930709838867,-0.4080558116829062,-0.5736630619584522,-0.40584460638496367,-0.03649731874465941,-0.014051274316651569,0.39387137666604877,0.024211935613989145,0.4996642489268398,0.015253778446436236
E2b_h0.003_e0.1_L2_alibi_learn_attn_s0,h0_v,0,v,False,alibi_learn,0.0,128,20000,0.10851901769638062,-0.4080558116829062,-0.4080558116829062,0.0,-0.03649731874465941,-0.018814748099872047,0.39387137666604877,0.024211935613989145,,
E2b_h0.003_e0.1_L2_alibi_learn_attn_s0,h1_all,1,all,False,alibi_learn,0.0,128,20000,0.10508060455322266,-0.4080558116829062,-0.027416564992566776,0.9328117276911332,-0.03649731874465941,0.027292302676609557,0.39387137666604877,0.024211935613989145,,
E2b_h0.003_e0.1_L2_alibi_learn_attn_s0,h1_k,1,k,False,alibi_learn,0.0,128,20000,0.01327526569366455,-0.4080558116829062,-0.029629497329980565,0.9273886157685577,-0.03649731874465941,-0.004757788351603942,0.39387137666604877,0.024211935613989145,0.3968765824700585,0.022487963310382605
E2b_h0.003_e0.1_L2_alibi_learn_attn_s0,h1_q,1,q,False,alibi_learn,0.0,128,20000,0.008863270282745361,-0.4080558116829062,-0.40299499660270105,0.012402261983068708,-0.03649731874465941,-0.00691316298076085,0.39387137666604877,0.024211935613989145,0.2422696172385882,0.043484769056953754
E2b_h0.003_e0.1_L2_alibi_learn_attn_s0,h1_v,1,v,False,alibi_learn,0.0,128,20000,0.07731342315673828,-0.4080558116829062,-0.4080558116829062,0.0,-0.03649731874465941,-0.06468398911612379,0.39387137666604877,0.024211935613989145,,
E2b_h0.003_e0.1_L2_alibi_learn_attn_s0,h2_all,2,all,False,alibi_learn,0.0,128,20000,0.007282078266143799,-0.4080558116829062,-0.41131288273602684,-0.007981925412819946,-0.03649731874465941,-0.041644224524498,0.39387137666604877,0.024211935613989145,,
E2b_h0.003_e0.1_L2_alibi_learn_attn_s0,h2_k,2,k,False,alibi_learn,0.0,128,20000,0.004166245460510254,-0.4080558116829062,-0.4118543969956611,-0.009308984712382173,-0.03649731874465941,-0.04502857327461244,0.39387137666604877,0.024211935613989145,0.4525291131081032,0.040029388580281086
E2b_h0.003_e0.1_L2_alibi_learn_attn_s0,h2_q,2,q,False,alibi_learn,0.0,128,20000,0.00020617246627807617,-0.4080558116829062,-0.4073228926966,0.001796124366624019,-0.03649731874465941,-0.03624702095985412,0.39387137666604877,0.024211935613989145,0.39069067677048763,0.024272562228080066
E2b_h0.003_e0.1_L2_alibi_learn_attn_s0,h2_v,2,v,False,alibi_learn,0.0,128,20000,0.0033258795738220215,-0.4080558116829062,-0.4080558116829062,0.0,-0.03649731874465941,-0.0344251453876495,0.39387137666604877,0.024211935613989145,,
E2b_h0.003_e0.1_L2_alibi_learn_attn_s0,h3_all,3,all,True,alibi_learn,0.0,128,20000,3.5200420022010803,-0.4080558116829062,-0.17941253283037634,0.5603235447365837,-0.03649731874465941,0.07050794629114009,0.39387137666604877,0.024211935613989145,,
E2b_h0.003_e0.1_L2_alibi_learn_attn_s0,h3_k,3,k,True,alibi_learn,0.0,128,20000,3.5256467461586,-0.4080558116829062,-0.17924002905448175,0.5607462902800993,-0.03649731874465941,0.10030496035303386,0.39387137666604877,0.024211935613989145,,
E2b_h0.003_e0.1_L2_alibi_learn_attn_s0,h3_q,3,q,True,alibi_learn,0.0,128,20000,0.00010079145431518555,-0.4080558116829062,-0.41233219083060885,-0.010479887861579495,-0.03649731874465941,-0.037606877088546785,0.39387137666604877,0.024211935613989145,,
E2b_h0.003_e0.1_L2_alibi_learn_attn_s0,h3_v,3,v,True,alibi_learn,0.0,128,20000,0.00323486328125,-0.4080558116829062,-0.4080558116829062,0.0,-0.03649731874465941,-0.03490935776914868,0.39387137666604877,0.024211935613989145,,
E2b_h0.003_e0.1_L2_alibi_learn_attn_s1,h0_all,0,all,False,alibi_learn,0.0,128,20000,0.1454957127571106,-0.32838125701610504,-0.027693591715510203,0.9156663447629351,-0.03351235985755919,0.029873279162815576,0.4584037005086721,0.022952834940714165,,
E2b_h0.003_e0.1_L2_alibi_learn_attn_s1,h0_k,0,k,False,alibi_learn,0.0,128,20000,0.02463054656982422,-0.32838125701610504,-0.021203315184797147,0.9354307996215592,-0.03351235985755919,0.07615870194775712,0.4584037005086721,0.022952834940714165,0.4594158634436166,0.02267245102995135
E2b_h0.003_e0.1_L2_alibi_learn_attn_s1,h0_q,0,q,False,alibi_learn,0.0,128,20000,0.005508303642272949,-0.32838125701610504,-0.33310759771442994,-0.01439284550303399,-0.03351235985755919,-0.028138468095234466,0.4584037005086721,0.022952834940714165,0.3735505788916613,0.035519376253352566
E2b_h0.003_e0.1_L2_alibi_learn_attn_s1,h0_v,0,v,False,alibi_learn,0.0,128,20000,0.1102137565612793,-0.32838125701610504,-0.32838125701610504,0.0,-0.03351235985755919,-0.07019763844353817,0.4584037005086721,0.022952834940714165,,
E2b_h0.003_e0.1_L2_alibi_learn_attn_s1,h1_all,1,all,False,alibi_learn,0.0,128,20000,0.06919413805007935,-0.32838125701610504,-0.34403033158893864,-0.04765520028466819,-0.03351235985755919,0.013316313283784038,0.4584037005086721,0.022952834940714165,,
E2b_h0.003_e0.1_L2_alibi_learn_attn_s1,h1_k,1,k,False,alibi_learn,0.0,128,20000,0.008603096008300781,-0.32838125701610504,-0.2786401141332141,0.1514737574698164,-0.03351235985755919,-0.0332719296216965,0.4584037005086721,0.022952834940714165,0.38753704810931455,0.04384071531130059
E2b_h0.003_e0.1_L2_alibi_learn_attn_s1,h1_q,1,q,False,alibi_learn,0.0,128,20000,0.019602537155151367,-0.32838125701610504,-0.3985457219748792,-0.2136676910135984,-0.03351235985755919,-0.007466882467269883,0.4584037005086721,0.022952834940714165,0.4859709353705295,0.010853097637078066
E2b_h0.003_e0.1_L2_alibi_learn_attn_s1,h1_v,1,v,False,alibi_learn,0.0,128,20000,0.018440842628479004,-0.32838125701610504,-0.32838125701610504,0.0,-0.03351235985755919,-0.049815902113914554,0.4584037005086721,0.022952834940714165,,
E2b_h0.003_e0.1_L2_alibi_learn_attn_s1,h2_all,2,all,False,alibi_learn,0.0,128,20000,0.0030726194381713867,-0.32838125701610504,-0.3479790920575424,-0.059680126751193496,-0.03351235985755919,-0.024456970180783966,0.4584037005086721,0.022952834940714165,,
E2b_h0.003_e0.1_L2_alibi_learn_attn_s1,h2_k,2,k,False,alibi_learn,0.0,128,20000,0.002793729305267334,-0.32838125701610504,-0.34398578194091795,-0.04751953587913693,-0.03351235985755919,-0.035080015659332275,0.4584037005086721,0.022952834940714165,0.48748220305450196,0.03128013009886824
E2b_h0.003_e0.1_L2_alibi_learn_attn_s1,h2_q,2,q,False,alibi_learn,0.0,128,20000,3.5703182220458984e-05,-0.32838125701610504,-0.33281819512079647,-0.01351154491888007,-0.03351235985755919,-0.03373517096042638,0.4584037005086721,0.022952834940714165,0.4616938656356909,0.02241353988269983
E2b_h0.003_e0.1_L2_alibi_learn_attn_s1,h2_v,2,v,False,alibi_learn,0.0,128,20000,0.0006642341613769531,-0.32838125701610504,-0.32838125701610504,0.0,-0.03351235985755919,-0.02171837432043896,0.4584037005086721,0.022952834940714165,,
E2b_h0.003_e0.1_L2_alibi_learn_attn_s1,h3_all,3,all,True,alibi_learn,0.0,128,20000,3.426754593849182,-0.32838125701610504,-0.13141331028123734,0.5998148265971455,-0.03351235985755919,-0.019701241914715135,0.4584037005086721,0.022952834940714165,,
E2b_h0.003_e0.1_L2_alibi_learn_attn_s1,h3_k,3,k,True,alibi_learn,0.0,128,20000,3.441339135169983,-0.32838125701610504,-0.12982040297463582,0.6046656129089946,-0.03351235985755919,0.016440885514020908,0.4584037005086721,0.022952834940714165,,
E2b_h0.003_e0.1_L2_alibi_learn_attn_s1,h3_q,3,q,True,alibi_learn,0.0,128,20000,4.798173904418945e-05,-0.32838125701610504,-0.3302285603641166,-0.005625483515098839,-0.03351235985755919,-0.03384295872279576,0.4584037005086721,0.022952834940714165,,
E2b_h0.003_e0.1_L2_alibi_learn_attn_s1,h3_v,3,v,True,alibi_learn,0.0,128,20000,0.0015880465507507324,-0.32838125701610504,-0.32838125701610504,0.0,-0.03351235985755919,-0.03213546914713725,0.4584037005086721,0.022952834940714165,,
E2b_h0.003_e0.1_L2_alibi_learn_attn_s2,h0_all,0,all,False,alibi_learn,0.0,128,20000,0.08958876132965088,-0.31683307501280145,-0.30826669895080877,0.02703750566965446,-0.034107499888965075,0.00939145769391739,0.4138060220152574,0.02424938156928469,,
E2b_h0.003_e0.1_L2_alibi_learn_attn_s2,h0_k,0,k,False,alibi_learn,0.0,128,20000,0.014334440231323242,-0.31683307501280145,-0.24009554867840102,0.24220175349843098,-0.034107499888965075,-0.033529721413339916,0.4138060220152574,0.02424938156928469,0.31930288138104346,0.047221809669347595
E2b_h0.003_e0.1_L2_alibi_learn_attn_s2,h0_q,0,q,False,alibi_learn,0.0,128,20000,0.022928178310394287,-0.31683307501280145,-0.4073437005827842,-0.28567290699156245,-0.034107499888965075,0.00039338256631572176,0.4138060220152574,0.02424938156928469,0.4732574427096983,0.014696878442812155
E2b_h0.003_e0.1_L2_alibi_learn_attn_s2,h0_v,0,v,False,alibi_learn,0.0,128,20000,0.032805025577545166,-0.31683307501280145,-0.31683307501280145,0.0,-0.034107499888965075,-0.03269501881940027,0.4138060220152574,0.02424938156928469,,
E2b_h0.003_e0.1_L2_alibi_learn_attn_s2,h1_all,1,all,False,alibi_learn,0.0,128,20000,0.21193653345108032,-0.31683307501280145,-0.00495485423447254,0.9843613100233543,-0.034107499888965075,0.05615400331360946,0.4138060220152574,0.02424938156928469,,
E2b_h0.003_e0.1_L2_alibi_learn_attn_s2,h1_k,1,k,False,alibi_learn,0.0,128,20000,0.027052640914916992,-0.31683307501280145,0.034394982970956216,1.1085586881027698,-0.034107499888965075,0.013308813316481432,0.4138060220152574,0.02424938156928469,0.4396438623159512,0.026269295084377968
E2b_h0.003_e0.1_L2_alibi_learn_attn_s2,h1_q,1,q,False,alibi_learn,0.0,128,20000,0.008839190006256104,-0.31683307501280145,-0.3368603182022458,-0.06321070863146216,-0.034107499888965075,-0.023229283520153656,0.4138060220152574,0.02424938156928469,0.2701578697708008,0.04879967324116973
E2b_h0.003_e0.1_L2_alibi_learn_attn_s2,h1_v,1,v,False,alibi_learn,0.0,128,20000,0.15014660358428955,-0.31683307501280145,-0.31683307501280145,0.0,-0.034107499888965075,-0.061450678110122677,0.4138060220152574,0.02424938156928469,,
E2b_h0.003_e0.1_L2_alibi_learn_attn_s2,h2_all,2,all,False,alibi_learn,0.0,128,20000,0.008261680603027344,-0.31683307501280145,-0.338159537002221,-0.06731134995472887,-0.034107499888965075,-0.026443505712917897,0.4138060220152574,0.02424938156928469,,
E2b_h0.003_e0.1_L2_alibi_learn_attn_s2,h2_k,2,k,False,alibi_learn,0.0,128,20000,0.006942868232727051,-0.31683307501280145,-0.3332438242783829,-0.05179619982831141,-0.034107499888965075,-0.04199588043349135,0.4138060220152574,0.02424938156928469,0.45587498802142046,0.038526176905711626
E2b_h0.003_e0.1_L2_alibi_learn_attn_s2,h2_q,2,q,False,alibi_learn,0.0,128,20000,0.0003941655158996582,-0.31683307501280145,-0.32407122691366236,-0.022845316577407404,-0.034107499888965075,-0.034669416291373135,0.4138060220152574,0.02424938156928469,0.41649262350705196,0.024081395664592737
E2b_h0.003_e0.1_L2_alibi_learn_attn_s2,h2_v,2,v,False,alibi_learn,0.0,128,20000,0.001478731632232666,-0.31683307501280145,-0.31683307501280145,0.0,-0.034107499888965075,-0.0176491975784302,0.4138060220152574,0.02424938156928469,,
E2b_h0.003_e0.1_L2_alibi_learn_attn_s2,h3_all,3,all,True,alibi_learn,0.0,128,20000,3.499339759349823,-0.31683307501280145,-0.08629959762579853,0.7276180915697907,-0.034107499888965075,-0.14683891321931572,0.4138060220152574,0.02424938156928469,,
E2b_h0.003_e0.1_L2_alibi_learn_attn_s2,h3_k,3,k,True,alibi_learn,0.0,128,20000,3.498637855052948,-0.31683307501280145,-0.08609902127191085,0.7282511579056825,-0.034107499888965075,-0.10778223489012047,0.4138060220152574,0.02424938156928469,,
E2b_h0.003_e0.1_L2_alibi_learn_attn_s2,h3_q,3,q,True,alibi_learn,0.0,128,20000,1.2874603271484375e-05,-0.31683307501280145,-0.31721483698976227,-0.0012049309465098634,-0.034107499888965075,-0.034061746937888035,0.4138060220152574,0.02424938156928469,,
E2b_h0.003_e0.1_L2_alibi_learn_attn_s2,h3_v,3,v,True,alibi_learn,0.0,128,20000,0.0019104480743408203,-0.31683307501280145,-0.31683307501280145,0.0,-0.034107499888965075,-0.031858932120459454,0.4138060220152574,0.02424938156928469,,
E2b_h0.003_e0.2_L2_alibi_learn_attn_s0,h0_all,0,all,False,alibi_learn,0.0,128,20000,0.22823423147201538,-0.3535783019774118,-0.3873965759104392,-0.0956457840990137,-0.023610158051763263,-0.015680995583534273,0.513282392056832,0.014038415144321963,,
E2b_h0.003_e0.2_L2_alibi_learn_attn_s0,h0_k,0,k,False,alibi_learn,0.0,128,20000,0.039757370948791504,-0.3535783019774118,-0.23674773478907382,0.3304234635862968,-0.023610158051763263,-0.017516119139535123,0.513282392056832,0.014038415144321963,0.5106200833461737,0.02521171626574825
E2b_h0.003_e0.2_L2_alibi_learn_attn_s0,h0_q,0,q,False,alibi_learn,0.0,128,20000,0.04545062780380249,-0.3535783019774118,-0.46856975836631937,-0.3252220392083158,-0.023610158051763263,-0.0004311416830335371,0.513282392056832,0.014038415144321963,-0.38606455776365844,0.00010000000000000009
E2b_h0.003_e0.2_L2_alibi_learn_attn_s0,h0_v,0,v,False,alibi_learn,0.0,128,20000,0.17210644483566284,-0.3535783019774118,-0.3535783019774118,0.0,-0.023610158051763263,-0.03462479838303157,0.513282392056832,0.014038415144321963,,
E2b_h0.003_e0.2_L2_alibi_learn_attn_s0,h1_all,1,all,False,alibi_learn,0.0,128,20000,0.04087179899215698,-0.3535783019774118,-0.2374594653068395,0.32841052751588384,-0.023610158051763263,-0.03014869349343437,0.513282392056832,0.014038415144321963,,
E2b_h0.003_e0.2_L2_alibi_learn_attn_s0,h1_k,1,k,False,alibi_learn,0.0,128,20000,0.019884049892425537,-0.3535783019774118,-0.22253400461432055,0.37062313108642897,-0.023610158051763263,-0.018966399346079157,0.513282392056832,0.014038415144321963,0.3758938529814374,0.028465002907442357
E2b_h0.003_e0.2_L2_alibi_learn_attn_s0,h1_q,1,q,False,alibi_learn,0.0,128,20000,0.001510918140411377,-0.3535783019774118,-0.37741746585625213,-0.06742258714835758,-0.023610158051763263,-0.026570072770118726,0.513282392056832,0.014038415144321963,0.5016827239408366,0.02005539461460057
E2b_h0.003_e0.2_L2_alibi_learn_attn_s0,h1_v,1,v,False,alibi_learn,0.0,128,20000,0.018328487873077393,-0.3535783019774118,-0.3535783019774118,0.0,-0.023610158051763263,-0.033095952442714155,0.513282392056832,0.014038415144321963,,
E2b_h0.003_e0.2_L2_alibi_learn_attn_s0,h2_all,2,all,False,alibi_learn,0.0,128,20000,0.09159517288208008,-0.3535783019774118,-0.45486839827034276,-0.2864714710333154,-0.023610158051763263,-0.006729123422077745,0.513282392056832,0.014038415144321963,,
E2b_h0.003_e0.2_L2_alibi_learn_attn_s0,h2_k,2,k,False,alibi_learn,0.0,128,20000,0.007776141166687012,-0.3535783019774118,-0.4262100645673638,-0.20541917358546535,-0.023610158051763263,-0.02608989179134371,0.513282392056832,0.014038415144321963,0.5074330321902157,0.019899930333660096
E2b_h0.003_e0.2_L2_alibi_learn_attn_s0,h2_q,2,q,False,alibi_learn,0.0,128,20000,0.0008836984634399414,-0.3535783019774118,-0.38800070090335953,-0.09735438722749112,-0.023610158051763263,-0.026248160430363286,0.513282392056832,0.014038415144321963,0.5069229485795228,0.015803484464118375
E2b_h0.003_e0.2_L2_alibi_learn_attn_s0,h2_v,2,v,False,alibi_learn,0.0,128,20000,0.13041216135025024,-0.3535783019774118,-0.3535783019774118,0.0,-0.023610158051763263,-0.004173250709261234,0.513282392056832,0.014038415144321963,,
E2b_h0.003_e0.2_L2_alibi_learn_attn_s0,h3_all,3,all,True,alibi_learn,0.0,128,20000,3.5415006279945374,-0.3535783019774118,-0.0317599672826926,0.9101755760885984,-0.023610158051763263,-0.24417354334145785,0.513282392056832,0.014038415144321963,,
E2b_h0.003_e0.2_L2_alibi_learn_attn_s0,h3_k,3,k,True,alibi_learn,0.0,128,20000,3.4777141213417053,-0.3535783019774118,-0.02969352600339617,0.9160199428603706,-0.023610158051763263,-0.2043659905237811,0.513282392056832,0.014038415144321963,,
E2b_h0.003_e0.2_L2_alibi_learn_attn_s0,h3_q,3,q,True,alibi_learn,0.0,128,20000,0.00027447938919067383,-0.3535783019774118,-0.35000153270213336,0.01011591846919091,-0.023610158051763263,-0.024150990588324452,0.513282392056832,0.014038415144321963,,
E2b_h0.003_e0.2_L2_alibi_learn_attn_s0,h3_v,3,v,True,alibi_learn,0.0,128,20000,0.0021608471870422363,-0.3535783019774118,-0.3535783019774118,0.0,-0.023610158051763263,-0.02726857534476691,0.513282392056832,0.014038415144321963,,
E2b_h0.003_e0.2_L2_alibi_learn_attn_s1,h0_all,0,all,False,alibi_learn,0.0,128,20000,0.12024736404418945,-0.3712743860422068,-0.008934650393403805,0.9759351823629758,-0.019044442687715834,-0.023343670793942055,0.5428220538368611,0.011612572471725306,,
E2b_h0.003_e0.2_L2_alibi_learn_attn_s1,h0_k,0,k,False,alibi_learn,0.0,128,20000,0.020330369472503662,-0.3712743860422068,0.016308600534722942,1.0439260049920842,-0.019044442687715834,0.0037793576717376335,0.5428220538368611,0.011612572471725306,0.4504203716881551,0.008003641488919688
E2b_h0.003_e0.2_L2_alibi_learn_attn_s1,h0_q,0,q,False,alibi_learn,0.0,128,20000,0.013152718544006348,-0.3712743860422068,-0.3864421362023989,-0.04085320919086466,-0.019044442687715834,-0.02622265219688418,0.5428220538368611,0.011612572471725306,0.46192712816261794,0.02259367584187671
E2b_h0.003_e0.2_L2_alibi_learn_attn_s1,h0_v,0,v,False,alibi_learn,0.0,128,20000,0.0872262716293335,-0.3712743860422068,-0.3712743860422068,0.0,-0.019044442687715834,-0.03617999936853137,0.5428220538368611,0.011612572471725306,,
E2b_h0.003_e0.2_L2_alibi_learn_attn_s1,h1_all,1,all,False,alibi_learn,0.0,128,20000,0.19335198402404785,-0.3712743860422068,-0.4383237847774402,-0.18059257857775068,-0.019044442687715834,0.007725754805973572,0.5428220538368611,0.011612572471725306,,
E2b_h0.003_e0.2_L2_alibi_learn_attn_s1,h1_k,1,k,False,alibi_learn,0.0,128,20000,0.037657856941223145,-0.3712743860422068,-0.41218482070422013,-0.11018921907896595,-0.019044442687715834,-0.014127806680543078,0.5428220538368611,0.011612572471725306,0.46537198598312446,0.040560780657602664
E2b_h0.003_e0.2_L2_alibi_learn_attn_s1,h1_q,1,q,False,alibi_learn,0.0,128,20000,0.042890965938568115,-0.3712743860422068,-0.39770551975996027,-0.07119029674928545,-0.019044442687715834,-0.009276624236788126,0.5428220538368611,0.011612572471725306,-0.1699797574119376,0.00565756028568716
E2b_h0.003_e0.2_L2_alibi_learn_attn_s1,h1_v,1,v,False,alibi_learn,0.0,128,20000,0.03517913818359375,-0.3712743860422068,-0.3712743860422068,0.0,-0.019044442687715834,-0.03131215742656164,0.5428220538368611,0.011612572471725306,,
E2b_h0.003_e0.2_L2_alibi_learn_attn_s1,h2_all,2,all,False,alibi_learn,0.0,128,20000,0.003703594207763672,-0.3712743860422068,-0.4837216247601752,-0.30286829079877675,-0.019044442687715834,-0.04923424784626281,0.5428220538368611,0.011612572471725306,,
E2b_h0.003_e0.2_L2_alibi_learn_attn_s1,h2_k,2,k,False,alibi_learn,0.0,128,20000,0.00299227237701416,-0.3712743860422068,-0.46713876581078045,-0.25820359112431657,-0.019044442687715834,-0.061881443219525496,0.5428220538368611,0.011612572471725306,0.5274656286494562,0.0175898872919336
E2b_h0.003_e0.2_L2_alibi_learn_attn_s1,h2_q,2,q,False,alibi_learn,0.0,128,20000,0.00015407800674438477,-0.3712743860422068,-0.39385472462014687,-0.06081846587545936,-0.019044442687715834,-0.01864066932882583,0.5428220538368611,0.011612572471725306,0.5417184823063764,0.01105055361669519
E2b_h0.003_e0.2_L2_alibi_learn_attn_s1,h2_v,2,v,False,alibi_learn,0.0,128,20000,0.0005856752395629883,-0.3712743860422068,-0.3712743860422068,0.0,-0.019044442687715834,-0.004181524685450977,0.5428220538368611,0.011612572471725306,,
E2b_h0.003_e0.2_L2_alibi_learn_attn_s1,h3_all,3,all,True,alibi_learn,0.0,128,20000,3.2934980392456055,-0.3712743860422068,-0.04914784992437125,0.8676239143553952,-0.019044442687715834,0.023091316569064345,0.5428220538368611,0.011612572471725306,,
E2b_h0.003_e0.2_L2_alibi_learn_attn_s1,h3_k,3,k,True,alibi_learn,0.0,128,20000,3.3181090354919434,-0.3712743860422068,-0.045234301342788615,0.8781647669665896,-0.019044442687715834,0.03373486229351584,0.5428220538368611,0.011612572471725306,,
E2b_h0.003_e0.2_L2_alibi_learn_attn_s1,h3_q,3,q,True,alibi_learn,0.0,128,20000,0.00038993358612060547,-0.3712743860422068,-0.37491357565169,-0.009801887084851302,-0.019044442687715834,-0.019330083472388175,0.5428220538368611,0.011612572471725306,,
E2b_h0.003_e0.2_L2_alibi_learn_attn_s1,h3_v,3,v,True,alibi_learn,0.0,128,20000,0.000845789909362793,-0.3712743860422068,-0.3712743860422068,0.0,-0.019044442687715834,-0.01983766087463925,0.5428220538368611,0.011612572471725306,,
E2b_h0.003_e0.2_L2_alibi_learn_attn_s2,h0_all,0,all,False,alibi_learn,0.0,128,20000,0.36162668466567993,-0.3630545246280473,-0.5210925742969049,-0.43530114334966363,-0.02082501564707077,-0.008514099035944266,0.5320215286666738,0.014294135848166677,,
E2b_h0.003_e0.2_L2_alibi_learn_attn_s2,h0_k,0,k,False,alibi_learn,0.0,128,20000,0.0200231671333313,-0.3630545246280473,-0.40574661318632615,-0.11759139650447059,-0.02082501564707077,-0.012692901066371385,0.5320215286666738,0.014294135848166677,0.4954169935063998,0.02789583496463012
E2b_h0.003_e0.2_L2_alibi_learn_attn_s2,h0_q,0,q,False,alibi_learn,0.0,128,20000,0.03754138946533203,-0.3630545246280473,-0.40917713678737794,-0.12704045544283926,-0.02082501564707077,-0.002882903388568354,0.5320215286666738,0.014294135848166677,,
E2b_h0.003_e0.2_L2_alibi_learn_attn_s2,h0_v,0,v,False,alibi_learn,0.0,128,20000,0.22817236185073853,-0.3630545246280473,-0.3630545246280473,0.0,-0.02082501564707077,-0.02386821423258103,0.5320215286666738,0.014294135848166677,,
E2b_h0.003_e0.2_L2_alibi_learn_attn_s2,h1_all,1,all,False,alibi_learn,0.0,128,20000,0.06978631019592285,-0.3630545246280473,-0.18357977531514713,0.4943465433925489,-0.02082501564707077,-0.016483755622591304,0.5320215286666738,0.014294135848166677,,
E2b_h0.003_e0.2_L2_alibi_learn_attn_s2,h1_k,1,k,False,alibi_learn,0.0,128,20000,0.01733618974685669,-0.3630545246280473,-0.13474994467445517,0.6288437809375665,-0.02082501564707077,-0.020024071420942063,0.5320215286666738,0.014294135848166677,0.37783604166770923,0.02056772281520303
E2b_h0.003_e0.2_L2_alibi_learn_attn_s2,h1_q,1,q,False,alibi_learn,0.0,128,20000,0.007458031177520752,-0.3630545246280473,-0.415553796378659,-0.14460437259223724,-0.02082501564707077,-0.0240370550325939,0.5320215286666738,0.014294135848166677,0.48072293811616673,0.029572387481180417
E2b_h0.003_e0.2_L2_alibi_learn_attn_s2,h1_v,1,v,False,alibi_learn,0.0,128,20000,0.020779013633728027,-0.3630545246280473,-0.3630545246280473,0.0,-0.02082501564707077,-0.01867088249751503,0.5320215286666738,0.014294135848166677,,
E2b_h0.003_e0.2_L2_alibi_learn_attn_s2,h2_all,2,all,False,alibi_learn,0.0,128,20000,0.073330819606781,-0.3630545246280473,-0.5004324480923676,-0.37839474278709306,-0.02082501564707077,-0.010571050643920906,0.5320215286666738,0.014294135848166677,,
E2b_h0.003_e0.2_L2_alibi_learn_attn_s2,h2_k,2,k,False,alibi_learn,0.0,128,20000,0.0057128071784973145,-0.3630545246280473,-0.42753517309814515,-0.17760596300558107,-0.02082501564707077,-0.028549261604036615,0.5320215286666738,0.014294135848166677,0.5004109788537746,0.02178913572423158
E2b_h0.003_e0.2_L2_alibi_learn_attn_s2,h2_q,2,q,False,alibi_learn,0.0,128,20000,0.0026764869689941406,-0.3630545246280473,-0.43430970741487906,-0.19626578916715975,-0.02082501564707077,-0.023126717124666497,0.5320215286666738,0.014294135848166677,0.5287080353142185,0.016064579191544293
E2b_h0.003_e0.2_L2_alibi_learn_attn_s2,h2_v,2,v,False,alibi_learn,0.0,128,20000,0.07895815372467041,-0.3630545246280473,-0.3630545246280473,0.0,-0.02082501564707077,-0.0037750972168786247,0.5320215286666738,0.014294135848166677,,
E2b_h0.003_e0.2_L2_alibi_learn_attn_s2,h3_all,3,all,True,alibi_learn,0.0,128,20000,3.515801966190338,-0.3630545246280473,0.02305949985450086,1.063515252641805,-0.02082501564707077,-0.16079625250505547,0.5320215286666738,0.014294135848166677,,
E2b_h0.003_e0.2_L2_alibi_learn_attn_s2,h3_k,3,k,True,alibi_learn,0.0,128,20000,3.4493618607521057,-0.3630545246280473,0.03327711135462103,1.0916587154194366,-0.02082501564707077,-0.13340007702686957,0.5320215286666738,0.014294135848166677,,
E2b_h0.003_e0.2_L2_alibi_learn_attn_s2,h3_q,3,q,True,alibi_learn,0.0,128,20000,8.881092071533203e-05,-0.3630545246280473,-0.36613313482133786,-0.008479746110986008,-0.02082501564707077,-0.021155506798199275,0.5320215286666738,0.014294135848166677,,
E2b_h0.003_e0.2_L2_alibi_learn_attn_s2,h3_v,3,v,True,alibi_learn,0.0,128,20000,0.00107651948928833,-0.3630545246280473,-0.3630545246280473,0.0,-0.02082501564707077,-0.025030825819287984,0.5320215286666738,0.014294135848166677,,
E2b_h0.003_e0.3_L2_alibi_learn_attn_s0,h0_all,0,all,False,alibi_learn,0.0,128,20000,0.10421538352966309,-0.2633778064947428,-0.32079596324004495,-0.21800681503681774,-0.020309500609125432,0.005612313534532261,0.5138910390625411,0.012727962276292273,,
E2b_h0.003_e0.3_L2_alibi_learn_attn_s0,h0_k,0,k,False,alibi_learn,0.0,128,20000,0.014269828796386719,-0.2633778064947428,-0.24968021970810308,0.05200736906780001,-0.020309500609125432,-0.01672520403351103,0.5138910390625411,0.012727962276292273,0.4941584723227066,0.026916063579582122
E2b_h0.003_e0.3_L2_alibi_learn_attn_s0,h0_q,0,q,False,alibi_learn,0.0,128,20000,0.0225907564163208,-0.2633778064947428,-0.3627908023278043,-0.37745395922357594,-0.020309500609125432,-0.0030418389609881942,0.5138910390625411,0.012727962276292273,0.01662562307401283,0.007361639265945438
E2b_h0.003_e0.3_L2_alibi_learn_attn_s0,h0_v,0,v,False,alibi_learn,0.0,128,20000,0.13101065158843994,-0.2633778064947428,-0.2633778064947428,0.0,-0.020309500609125432,-0.015092945737498156,0.5138910390625411,0.012727962276292273,,
E2b_h0.003_e0.3_L2_alibi_learn_attn_s0,h1_all,1,all,False,alibi_learn,0.0,128,20000,0.06731832027435303,-0.2633778064947428,-0.07548923653054192,0.7133804190443482,-0.020309500609125432,-0.033133166176932224,0.5138910390625411,0.012727962276292273,,
E2b_h0.003_e0.3_L2_alibi_learn_attn_s0,h1_k,1,k,False,alibi_learn,0.0,128,20000,0.016223788261413574,-0.2633778064947428,-0.06462683889030488,0.7546230650546675,-0.020309500609125432,-0.010438681287424919,0.5138910390625411,0.012727962276292273,0.4411464867780649,0.019200743034551764
E2b_h0.003_e0.3_L2_alibi_learn_attn_s0,h1_q,1,q,False,alibi_learn,0.0,128,20000,0.004793047904968262,-0.2633778064947428,-0.26364224303136713,-0.0010040198152747593,-0.020309500609125432,-0.023622561778341027,0.5138910390625411,0.012727962276292273,0.5115689576469872,0.01886971062261023
E2b_h0.003_e0.3_L2_alibi_learn_attn_s0,h1_v,1,v,False,alibi_learn,0.0,128,20000,0.04304903745651245,-0.2633778064947428,-0.2633778064947428,0.0,-0.020309500609125432,-0.039833349628107896,0.5138910390625411,0.012727962276292273,,
E2b_h0.003_e0.3_L2_alibi_learn_attn_s0,h2_all,2,all,False,alibi_learn,0.0,128,20000,0.005016326904296875,-0.2633778064947428,-0.3538880500609062,-0.3436517479234531,-0.020309500609125432,-0.021561580257756376,0.5138910390625411,0.012727962276292273,,
E2b_h0.003_e0.3_L2_alibi_learn_attn_s0,h2_k,2,k,False,alibi_learn,0.0,128,20000,0.002867400646209717,-0.2633778064947428,-0.3521448071080896,-0.33703295579355763,-0.020309500609125432,-0.02707692491156715,0.5138910390625411,0.012727962276292273,0.47427095794046026,0.021229867503098198
E2b_h0.003_e0.3_L2_alibi_learn_attn_s0,h2_q,2,q,False,alibi_learn,0.0,128,20000,0.001811385154724121,-0.2633778064947428,-0.27246560416702165,-0.034504796714753816,-0.020309500609125432,-0.020552254574639457,0.5138910390625411,0.012727962276292273,0.5112269588311494,0.013094998277380934
E2b_h0.003_e0.3_L2_alibi_learn_attn_s0,h2_v,2,v,False,alibi_learn,0.0,128,20000,0.0016352534294128418,-0.2633778064947428,-0.2633778064947428,0.0,-0.020309500609125432,-0.014560407400131226,0.5138910390625411,0.012727962276292273,,
E2b_h0.003_e0.3_L2_alibi_learn_attn_s0,h3_all,3,all,True,alibi_learn,0.0,128,20000,3.229099750518799,-0.2633778064947428,-0.16333218560432086,0.37985592720174355,-0.020309500609125432,-0.036091506587607534,0.5138910390625411,0.012727962276292273,,
E2b_h0.003_e0.3_L2_alibi_learn_attn_s0,h3_k,3,k,True,alibi_learn,0.0,128,20000,3.226457118988037,-0.2633778064947428,-0.16610344327036464,0.36933394092307403,-0.020309500609125432,-0.028665591829589443,0.5138910390625411,0.012727962276292273,,
E2b_h0.003_e0.3_L2_alibi_learn_attn_s0,h3_q,3,q,True,alibi_learn,0.0,128,20000,0.0015726089477539062,-0.2633778064947428,-0.2607507965164179,0.009974302745122565,-0.020309500609125432,-0.021355056762695314,0.5138910390625411,0.012727962276292273,,
E2b_h0.003_e0.3_L2_alibi_learn_attn_s0,h3_v,3,v,True,alibi_learn,0.0,128,20000,0.0021341443061828613,-0.2633778064947428,-0.2633778064947428,0.0,-0.020309500609125432,-0.02236945991005218,0.5138910390625411,0.012727962276292273,,
E2b_h0.003_e0.3_L2_alibi_learn_attn_s1,h0_all,0,all,False,alibi_learn,0.0,128,20000,0.057121336460113525,-0.24069430552451618,-0.028645980839795897,0.8809860466895088,-0.020682467945984443,-0.02518402785062792,0.5392051032503706,0.01172839842316263,,
E2b_h0.003_e0.3_L2_alibi_learn_attn_s1,h0_k,0,k,False,alibi_learn,0.0,128,20000,0.015507519245147705,-0.24069430552451618,-0.02682492139233397,0.8885519068102685,-0.020682467945984443,-0.007532536557742533,0.5392051032503706,0.01172839842316263,0.47556333463374356,0.011497702553511
E2b_h0.003_e0.3_L2_alibi_learn_attn_s1,h0_q,0,q,False,alibi_learn,0.0,128,20000,0.0017769336700439453,-0.24069430552451618,-0.27772799203341775,-0.15386191388366455,-0.020682467945984443,-0.026262394658156822,0.5392051032503706,0.01172839842316263,0.5095608991640745,0.019653131889879664
E2b_h0.003_e0.3_L2_alibi_learn_attn_s1,h0_v,0,v,False,alibi_learn,0.0,128,20000,0.0341639518737793,-0.24069430552451618,-0.24069430552451618,0.0,-0.020682467945984443,-0.033138873747416905,0.5392051032503706,0.01172839842316263,,
E2b_h0.003_e0.3_L2_alibi_learn_attn_s1,h1_all,1,all,False,alibi_learn,0.0,128,20000,0.05175149440765381,-0.24069430552451618,-0.17544402702623887,0.27109190787079573,-0.020682467945984443,0.006665967830589823,0.5392051032503706,0.01172839842316263,,
E2b_h0.003_e0.3_L2_alibi_learn_attn_s1,h1_k,1,k,False,alibi_learn,0.0,128,20000,0.005410611629486084,-0.24069430552451618,-0.1900350117954944,0.21047150915608936,-0.020682467945984443,-0.017642339851175047,0.5392051032503706,0.01172839842316263,0.5359622312216763,0.019823744166174447
E2b_h0.003_e0.3_L2_alibi_learn_attn_s1,h1_q,1,q,False,alibi_learn,0.0,128,20000,0.01561969518661499,-0.24069430552451618,-0.24630659620574774,-0.023317089571360583,-0.020682467945984443,-0.0056103321058409645,0.5392051032503706,0.01172839842316263,0.13387117666312887,0.006862264528745919
E2b_h0.003_e0.3_L2_alibi_learn_attn_s1,h1_v,1,v,False,alibi_learn,0.0,128,20000,0.056624650955200195,-0.24069430552451618,-0.24069430552451618,0.0,-0.020682467945984443,-0.00992122164794378,0.5392051032503706,0.01172839842316263,,
E2b_h0.003_e0.3_L2_alibi_learn_attn_s1,h2_all,2,all,False,alibi_learn,0.0,128,20000,0.0036205053329467773,-0.24069430552451618,-0.25744834935083566,-0.06960714666601442,-0.020682467945984443,-0.02683327921799251,0.5392051032503706,0.01172839842316263,,
E2b_h0.003_e0.3_L2_alibi_learn_attn_s1,h2_k,2,k,False,alibi_learn,0.0,128,20000,0.0024290084838867188,-0.24069430552451618,-0.2577238150186458,-0.07075160942016989,-0.020682467945984443,-0.030336365529469087,0.5392051032503706,0.01172839842316263,0.5253915183329384,0.01761236030955713
E2b_h0.003_e0.3_L2_alibi_learn_attn_s1,h2_q,2,q,False,alibi_learn,0.0,128,20000,0.00010198354721069336,-0.24069430552451618,-0.24102166604347114,-0.001360067568867418,-0.020682467945984443,-0.02083675861358642,0.5392051032503706,0.01172839842316263,0.5400737047548094,0.011652614967034063
E2b_h0.003_e0.3_L2_alibi_learn_attn_s1,h2_v,2,v,False,alibi_learn,0.0,128,20000,0.001109778881072998,-0.24069430552451618,-0.24069430552451618,0.0,-0.020682467945984443,-0.016981306033475054,0.5392051032503706,0.01172839842316263,,
E2b_h0.003_e0.3_L2_alibi_learn_attn_s1,h3_all,3,all,True,alibi_learn,0.0,128,20000,3.1848342418670654,-0.24069430552451618,-0.14894230721354773,0.38119721241856697,-0.020682467945984443,0.02979635018855333,0.5392051032503706,0.01172839842316263,,
E2b_h0.003_e0.3_L2_alibi_learn_attn_s1,h3_k,3,k,True,alibi_learn,0.0,128,20000,3.1952555179595947,-0.24069430552451618,-0.1425119401698691,0.4079131209219514,-0.020682467945984443,0.038768232560583496,0.5392051032503706,0.01172839842316263,,
E2b_h0.003_e0.3_L2_alibi_learn_attn_s1,h3_q,3,q,True,alibi_learn,0.0,128,20000,0.0006244778633117676,-0.24069430552451618,-0.24383137572853944,-0.013033420949394747,-0.020682467945984443,-0.021798720530101245,0.5392051032503706,0.01172839842316263,,
E2b_h0.003_e0.3_L2_alibi_learn_attn_s1,h3_v,3,v,True,alibi_learn,0.0,128,20000,0.0005767345428466797,-0.24069430552451618,-0.24069430552451618,0.0,-0.020682467945984443,-0.020013032853603372,0.5392051032503706,0.01172839842316263,,
E2b_h0.003_e0.3_L2_alibi_learn_attn_s2,h0_all,0,all,False,alibi_learn,0.0,128,20000,0.12504857778549194,-0.3930175745393523,-0.6000004769235242,-0.5266505006214346,-0.022454224526882175,0.031787177920341476,0.4898437424395903,0.013821876436176488,,
E2b_h0.003_e0.3_L2_alibi_learn_attn_s2,h0_k,0,k,False,alibi_learn,0.0,128,20000,0.018024206161499023,-0.3930175745393523,-0.28249785116350046,0.2812080948425518,-0.022454224526882175,0.010197362463389092,0.4898437424395903,0.013821876436176488,0.403630631037189,0.024891659693227413
E2b_h0.003_e0.3_L2_alibi_learn_attn_s2,h0_q,0,q,False,alibi_learn,0.0,128,20000,0.03021305799484253,-0.3930175745393523,-0.5469942507271084,-0.391780638227766,-0.022454224526882175,0.010629268309899726,0.4898437424395903,0.013821876436176488,,
E2b_h0.003_e0.3_L2_alibi_learn_attn_s2,h0_v,0,v,False,alibi_learn,0.0,128,20000,0.11011475324630737,-0.3930175745393523,-0.3930175745393523,0.0,-0.022454224526882175,-0.017274980034147007,0.4898437424395903,0.013821876436176488,,
E2b_h0.003_e0.3_L2_alibi_learn_attn_s2,h1_all,1,all,False,alibi_learn,0.0,128,20000,0.025715231895446777,-0.3930175745393523,-0.10003977711514567,0.7454572426375584,-0.022454224526882175,-0.01845059501273293,0.4898437424395903,0.013821876436176488,,
E2b_h0.003_e0.3_L2_alibi_learn_attn_s2,h1_k,1,k,False,alibi_learn,0.0,128,20000,0.007938146591186523,-0.3930175745393523,-0.07847583048078136,0.8003248822326553,-0.022454224526882175,-0.012993661207812172,0.4898437424395903,0.013821876436176488,0.390407257424887,0.019965190194895066
E2b_h0.003_e0.3_L2_alibi_learn_attn_s2,h1_q,1,q,False,alibi_learn,0.0,128,20000,0.0007700324058532715,-0.3930175745393523,-0.41289867711822237,-0.05058578513231193,-0.022454224526882175,-0.02403901900563923,0.4898437424395903,0.013821876436176488,0.4997436095183826,0.016304051917947007
E2b_h0.003_e0.3_L2_alibi_learn_attn_s2,h1_v,1,v,False,alibi_learn,0.0,128,20000,0.00962984561920166,-0.3930175745393523,-0.3930175745393523,0.0,-0.022454224526882175,-0.02701839996235711,0.4898437424395903,0.013821876436176488,,
E2b_h0.003_e0.3_L2_alibi_learn_attn_s2,h2_all,2,all,False,alibi_learn,0.0,128,20000,0.0041922926902771,-0.3930175745393523,-0.4879104038786421,-0.24144678377426687,-0.022454224526882175,-0.04642309610332764,0.4898437424395903,0.013821876436176488,,
E2b_h0.003_e0.3_L2_alibi_learn_attn_s2,h2_k,2,k,False,alibi_learn,0.0,128,20000,0.004166126251220703,-0.3930175745393523,-0.4620668120256395,-0.17568994864216525,-0.022454224526882175,-0.0386534696178777,0.4898437424395903,0.013821876436176488,0.4680991083433578,0.019315920958867003
E2b_h0.003_e0.3_L2_alibi_learn_attn_s2,h2_q,2,q,False,alibi_learn,0.0,128,20000,0.002291262149810791,-0.3930175745393523,-0.4196517628967386,-0.06776844111514269,-0.022454224526882175,-0.0335560558097703,0.4898437424395903,0.013821876436176488,0.4857926862566647,0.016443456731766927
E2b_h0.003_e0.3_L2_alibi_learn_attn_s2,h2_v,2,v,False,alibi_learn,0.0,128,20000,0.0032410621643066406,-0.3930175745393523,-0.3930175745393523,0.0,-0.022454224526882175,-0.012707143596240455,0.4898437424395903,0.013821876436176488,,
E2b_h0.003_e0.3_L2_alibi_learn_attn_s2,h3_all,3,all,True,alibi_learn,0.0,128,20000,3.224863111972809,-0.3930175745393523,-0.1512507558060315,0.615155235784788,-0.022454224526882175,-0.055357689822890944,0.4898437424395903,0.013821876436176488,,
E2b_h0.003_e0.3_L2_alibi_learn_attn_s2,h3_k,3,k,True,alibi_learn,0.0,128,20000,3.2163549065589905,-0.3930175745393523,-0.14081610972597472,0.6417053107840729,-0.022454224526882175,-0.046757968022887196,0.4898437424395903,0.013821876436176488,,
E2b_h0.003_e0.3_L2_alibi_learn_attn_s2,h3_q,3,q,True,alibi_learn,0.0,128,20000,0.00037401914596557617,-0.3930175745393523,-0.40013316058585896,-0.01810500727568387,-0.022454224526882175,-0.02087773254939489,0.4898437424395903,0.013821876436176488,,
E2b_h0.003_e0.3_L2_alibi_learn_attn_s2,h3_v,3,v,True,alibi_learn,0.0,128,20000,0.002929866313934326,-0.3930175745393523,-0.3930175745393523,0.0,-0.022454224526882175,-0.01933170216424127,0.4898437424395903,0.013821876436176488,,
E2b_h0.01_e0.05_L2_alibi_learn_attn_s0,h0_all,0,all,False,alibi_learn,0.0,128,20000,0.2132381796836853,-0.3040291043302138,-0.38226869898018684,-0.2573424502313273,-0.04731280463082454,0.026551724331719484,0.18394644894481416,0.07152649967068576,,
E2b_h0.01_e0.05_L2_alibi_learn_attn_s0,h0_k,0,k,False,alibi_learn,0.0,128,20000,0.015143632888793945,-0.3040291043302138,-0.19399486420392165,0.36192008777811335,-0.04731280463082454,0.006765146340642644,0.18394644894481416,0.07152649967068576,0.10874260320708251,0.09502433216549734
E2b_h0.01_e0.05_L2_alibi_learn_attn_s0,h0_q,0,q,False,alibi_learn,0.0,128,20000,0.044734835624694824,-0.3040291043302138,-0.526236800375836,-0.7308763959791058,-0.04731280463082454,-0.011701507227761476,0.18394644894481416,0.07152649967068576,0.3624025553969352,0.05616360542317004
E2b_h0.01_e0.05_L2_alibi_learn_attn_s0,h0_v,0,v,False,alibi_learn,0.0,128,20000,0.08867424726486206,-0.3040291043302138,-0.3040291043302138,0.0,-0.04731280463082454,-0.026830548899514327,0.18394644894481416,0.07152649967068576,,
E2b_h0.01_e0.05_L2_alibi_learn_attn_s0,h1_all,1,all,False,alibi_learn,0.0,128,20000,0.011470317840576172,-0.3040291043302138,-0.07268165693434984,0.7609384894434039,-0.04731280463082454,-0.04185305578368052,0.18394644894481416,0.07152649967068576,,
E2b_h0.01_e0.05_L2_alibi_learn_attn_s0,h1_k,1,k,False,alibi_learn,0.0,128,20000,0.005325138568878174,-0.3040291043302138,-0.06717026098901017,0.7790663458454463,-0.04731280463082454,-0.04520599842071541,0.18394644894481416,0.07152649967068576,0.14197579706676677,0.07420754411118537
E2b_h0.01_e0.05_L2_alibi_learn_attn_s0,h1_q,1,q,False,alibi_learn,0.0,128,20000,0.0003173351287841797,-0.3040291043302138,-0.30303672418206135,0.0032640958843025425,-0.04731280463082454,-0.039723482302257036,0.18394644894481416,0.07152649967068576,0.16538359990841234,0.07518641910062043
E2b_h0.01_e0.05_L2_alibi_learn_attn_s0,h1_v,1,v,False,alibi_learn,0.0,128,20000,0.004553496837615967,-0.3040291043302138,-0.3040291043302138,0.0,-0.04731280463082454,-0.05291955811636789,0.18394644894481416,0.07152649967068576,,
E2b_h0.01_e0.05_L2_alibi_learn_attn_s0,h2_all,2,all,False,alibi_learn,0.0,128,20000,0.05129891633987427,-0.3040291043302138,-0.3033284076055447,0.0023047027889411265,-0.04731280463082454,-0.08307565535817832,0.18394644894481416,0.07152649967068576,,
E2b_h0.01_e0.05_L2_alibi_learn_attn_s0,h2_k,2,k,False,alibi_learn,0.0,128,20000,0.012261271476745605,-0.3040291043302138,-0.2932754966191774,0.0353703232943009,-0.04731280463082454,-0.06899823887007576,0.18394644894481416,0.07152649967068576,0.2923273938588279,0.08894953192646715
E2b_h0.01_e0.05_L2_alibi_learn_attn_s0,h2_q,2,q,False,alibi_learn,0.0,128,20000,0.0005019307136535645,-0.3040291043302138,-0.3160084188601119,-0.039401867647799405,-0.04731280463082454,-0.04921602691922878,0.18394644894481416,0.07152649967068576,0.17640353773261397,0.0731092615864948
E2b_h0.01_e0.05_L2_alibi_learn_attn_s0,h2_v,2,v,False,alibi_learn,0.0,128,20000,0.03843742609024048,-0.3040291043302138,-0.3040291043302138,0.0,-0.04731280463082454,-0.06771612167358403,0.18394644894481416,0.07152649967068576,,
E2b_h0.01_e0.05_L2_alibi_learn_attn_s0,h3_all,3,all,True,alibi_learn,0.0,128,20000,3.0626826882362366,-0.3040291043302138,0.15722628104772385,1.5171422038495246,-0.04731280463082454,-0.09986620949847358,0.18394644894481416,0.07152649967068576,,
E2b_h0.01_e0.05_L2_alibi_learn_attn_s0,h3_k,3,k,True,alibi_learn,0.0,128,20000,3.089755594730377,-0.3040291043302138,0.159499629832163,1.5246196089796928,-0.04731280463082454,-0.08529674070222036,0.18394644894481416,0.07152649967068576,,
E2b_h0.01_e0.05_L2_alibi_learn_attn_s0,h3_q,3,q,True,alibi_learn,0.0,128,20000,0.00017112493515014648,-0.3040291043302138,-0.3123898496299541,-0.027499818868194525,-0.04731280463082454,-0.045837179252079564,0.18394644894481416,0.07152649967068576,,
E2b_h0.01_e0.05_L2_alibi_learn_attn_s0,h3_v,3,v,True,alibi_learn,0.0,128,20000,0.0076639652252197266,-0.3040291043302138,-0.3040291043302138,0.0,-0.04731280463082454,-0.03824605771473474,0.18394644894481416,0.07152649967068576,,
E2b_h0.01_e0.05_L2_alibi_learn_attn_s1,h0_all,0,all,False,alibi_learn,0.0,128,20000,0.08654236793518066,-0.34365715863281115,-0.18921159215753577,0.44941757386842773,0.037305088554109835,0.014492945160184482,0.06570945937192152,0.0719138761916467,,
E2b_h0.01_e0.05_L2_alibi_learn_attn_s1,h0_k,0,k,False,alibi_learn,0.0,128,20000,0.015258610248565674,-0.34365715863281115,-0.18706250235156593,0.45567116047933864,0.037305088554109835,0.053251765881265886,0.06570945937192152,0.0719138761916467,0.09795034579667639,0.06152455239747401
E2b_h0.01_e0.05_L2_alibi_learn_attn_s1,h0_q,0,q,False,alibi_learn,0.0,128,20000,0.002796173095703125,-0.34365715863281115,-0.34693925444065893,-0.00955049451291834,0.037305088554109835,0.040660010916846116,0.06570945937192152,0.0719138761916467,0.06485510325760291,0.06930969084469235
E2b_h0.01_e0.05_L2_alibi_learn_attn_s1,h0_v,0,v,False,alibi_learn,0.0,128,20000,0.0776447057723999,-0.34365715863281115,-0.34365715863281115,0.0,0.037305088554109835,0.010025796719959745,0.06570945937192152,0.0719138761916467,,
E2b_h0.01_e0.05_L2_alibi_learn_attn_s1,h1_all,1,all,False,alibi_learn,0.0,128,20000,0.07411015033721924,-0.34365715863281115,-0.22213465306581964,0.3536155220815149,0.037305088554109835,0.024097958632877843,0.06570945937192152,0.0719138761916467,,
E2b_h0.01_e0.05_L2_alibi_learn_attn_s1,h1_k,1,k,False,alibi_learn,0.0,128,20000,0.021146297454833984,-0.34365715863281115,-0.23574011058100658,0.3140253166299125,0.037305088554109835,0.04501130240304129,0.06570945937192152,0.0719138761916467,0.0635072884958674,0.06144434066843395
E2b_h0.01_e0.05_L2_alibi_learn_attn_s1,h1_q,1,q,False,alibi_learn,0.0,128,20000,0.0026363134384155273,-0.34365715863281115,-0.3123677004976208,0.09104846894408025,0.037305088554109835,0.043053748777934435,0.06570945937192152,0.0719138761916467,0.026628872094136447,0.07965617441846166
E2b_h0.01_e0.05_L2_alibi_learn_attn_s1,h1_v,1,v,False,alibi_learn,0.0,128,20000,0.05904221534729004,-0.34365715863281115,-0.34365715863281115,0.0,0.037305088554109835,0.02060337577547342,0.06570945937192152,0.0719138761916467,,
E2b_h0.01_e0.05_L2_alibi_learn_attn_s1,h2_all,2,all,False,alibi_learn,0.0,128,20000,0.023157715797424316,-0.34365715863281115,-0.42778266429858125,-0.2447948589240827,0.037305088554109835,0.029559226546968725,0.06570945937192152,0.0719138761916467,,
E2b_h0.01_e0.05_L2_alibi_learn_attn_s1,h2_k,2,k,False,alibi_learn,0.0,128,20000,0.003279566764831543,-0.34365715863281115,-0.4171904079963222,-0.21397269783656503,0.037305088554109835,0.02562952254499704,0.06570945937192152,0.0719138761916467,0.19286272986776898,0.10884080005527523
E2b_h0.01_e0.05_L2_alibi_learn_attn_s1,h2_q,2,q,False,alibi_learn,0.0,128,20000,0.0004094243049621582,-0.34365715863281115,-0.35449953208209817,-0.03154997117598768,0.037305088554109835,0.037700868504387926,0.06570945937192152,0.0719138761916467,0.05606055567940216,0.07253133873746698
E2b_h0.01_e0.05_L2_alibi_learn_attn_s1,h2_v,2,v,False,alibi_learn,0.0,128,20000,0.017832577228546143,-0.34365715863281115,-0.34365715863281115,0.0,0.037305088554109835,0.0411303920405251,0.06570945937192152,0.0719138761916467,,
E2b_h0.01_e0.05_L2_alibi_learn_attn_s1,h3_all,3,all,True,alibi_learn,0.0,128,20000,3.105210542678833,-0.34365715863281115,-0.1917061979584031,0.4421585782729577,0.037305088554109835,-0.14326308529291834,0.06570945937192152,0.0719138761916467,,
E2b_h0.01_e0.05_L2_alibi_learn_attn_s1,h3_k,3,k,True,alibi_learn,0.0,128,20000,3.114290952682495,-0.34365715863281115,-0.13753448639206753,0.5997915860701752,0.037305088554109835,-0.12740794800754104,0.06570945937192152,0.0719138761916467,,
E2b_h0.01_e0.05_L2_alibi_learn_attn_s1,h3_q,3,q,True,alibi_learn,0.0,128,20000,0.004528462886810303,-0.34365715863281115,-0.43088174444998245,-0.2538128004205742,0.037305088554109835,0.028606259822845457,0.06570945937192152,0.0719138761916467,,
E2b_h0.01_e0.05_L2_alibi_learn_attn_s1,h3_v,3,v,True,alibi_learn,0.0,128,20000,0.02780616283416748,-0.34365715863281115,-0.34365715863281115,0.0,0.037305088554109835,0.03347235492297574,0.06570945937192152,0.0719138761916467,,
E2b_h0.01_e0.05_L2_alibi_learn_attn_s2,h0_all,0,all,False,alibi_learn,0.0,128,20000,0.20095044374465942,-0.27034825084923114,-0.36892429462998366,-0.36462615708110047,-0.06058723756245208,0.019102091022900117,0.19795125508235611,0.06900475393131741,,
E2b_h0.01_e0.05_L2_alibi_learn_attn_s2,h0_k,0,k,False,alibi_learn,0.0,128,20000,0.010097622871398926,-0.27034825084923114,-0.21686033382755496,0.19784820820425997,-0.06058723756245208,-0.03911054049219408,0.19795125508235611,0.06900475393131741,0.13690817551463785,0.08962834893434622
E2b_h0.01_e0.05_L2_alibi_learn_attn_s2,h0_q,0,q,False,alibi_learn,0.0,128,20000,0.036402106285095215,-0.27034825084923114,-0.3833318265001537,-0.4179186486171558,-0.06058723756245208,0.006149370755468046,0.19795125508235611,0.06900475393131741,0.3997941628855729,0.05786519154867872
E2b_h0.01_e0.05_L2_alibi_learn_attn_s2,h0_v,0,v,False,alibi_learn,0.0,128,20000,0.1676667332649231,-0.27034825084923114,-0.27034825084923114,0.0,-0.06058723756245208,-0.035513680321829715,0.19795125508235611,0.06900475393131741,,
E2b_h0.01_e0.05_L2_alibi_learn_attn_s2,h1_all,1,all,False,alibi_learn,0.0,128,20000,0.030950605869293213,-0.27034825084923114,-0.05079434180707545,0.8121151453818629,-0.06058723756245208,-0.04350494572094516,0.19795125508235611,0.06900475393131741,,
E2b_h0.01_e0.05_L2_alibi_learn_attn_s2,h1_k,1,k,False,alibi_learn,0.0,128,20000,0.010527610778808594,-0.27034825084923114,-0.04285712300756828,0.8414743839734735,-0.06058723756245208,-0.04211098126002723,0.19795125508235611,0.06900475393131741,0.21994627216648932,0.058284354930566475
E2b_h0.01_e0.05_L2_alibi_learn_attn_s2,h1_q,1,q,False,alibi_learn,0.0,128,20000,0.0018004775047302246,-0.27034825084923114,-0.2695775022506418,0.0028509472362711064,-0.06058723756245208,-0.047122212818690765,0.19795125508235611,0.06900475393131741,0.1548565772071845,0.076092373253044
E2b_h0.01_e0.05_L2_alibi_learn_attn_s2,h1_v,1,v,False,alibi_learn,0.0,128,20000,0.017054200172424316,-0.27034825084923114,-0.27034825084923114,0.0,-0.06058723756245208,-0.0673033978257861,0.19795125508235611,0.06900475393131741,,
E2b_h0.01_e0.05_L2_alibi_learn_attn_s2,h2_all,2,all,False,alibi_learn,0.0,128,20000,0.018328547477722168,-0.27034825084923114,-0.24834268999942252,0.08139708979319704,-0.06058723756245208,-0.07581084370613105,0.19795125508235611,0.06900475393131741,,
E2b_h0.01_e0.05_L2_alibi_learn_attn_s2,h2_k,2,k,False,alibi_learn,0.0,128,20000,0.007630646228790283,-0.27034825084923114,-0.2499347504723682,0.07550816516378056,-0.06058723756245208,-0.07323156254632131,0.19795125508235611,0.06900475393131741,0.30416223888884586,0.09286101299228545
E2b_h0.01_e0.05_L2_alibi_learn_attn_s2,h2_q,2,q,False,alibi_learn,0.0,128,20000,0.0007414817810058594,-0.27034825084923114,-0.2691028324998289,0.004606718724793124,-0.06058723756245208,-0.05760625515665333,0.19795125508235611,0.06900475393131741,0.19370227690214836,0.06854828675705969
E2b_h0.01_e0.05_L2_alibi_learn_attn_s2,h2_v,2,v,False,alibi_learn,0.0,128,20000,0.012065708637237549,-0.27034825084923114,-0.27034825084923114,0.0,-0.06058723756245208,-0.0692105948925019,0.19795125508235611,0.06900475393131741,,
E2b_h0.01_e0.05_L2_alibi_learn_attn_s2,h3_all,3,all,True,alibi_learn,0.0,128,20000,3.0285823941230774,-0.27034825084923114,0.07895501319243114,1.2920492843745568,-0.06058723756245208,-0.07848920779568806,0.19795125508235611,0.06900475393131741,,
E2b_h0.01_e0.05_L2_alibi_learn_attn_s2,h3_k,3,k,True,alibi_learn,0.0,128,20000,3.058493196964264,-0.27034825084923114,0.08685901956698144,1.3212856724396613,-0.06058723756245208,-0.050237258204392045,0.19795125508235611,0.06900475393131741,,
E2b_h0.01_e0.05_L2_alibi_learn_attn_s2,h3_q,3,q,True,alibi_learn,0.0,128,20000,0.0010244250297546387,-0.27034825084923114,-0.296180317683628,-0.09555107811221975,-0.06058723756245208,-0.06299893089703155,0.19795125508235611,0.06900475393131741,,
E2b_h0.01_e0.05_L2_alibi_learn_attn_s2,h3_v,3,v,True,alibi_learn,0.0,128,20000,0.00648188591003418,-0.27034825084923114,-0.27034825084923114,0.0,-0.06058723756245208,-0.06653253095490597,0.19795125508235611,0.06900475393131741,,
E2b_h0.01_e0.2_L2_alibi_learn_attn_s0,h0_all,0,all,False,alibi_learn,0.0,128,20000,0.6979398727416992,-0.377085407512091,-0.10266196369968915,0.7277487761273357,-0.020720392039843997,0.008059006290776384,0.39736532011781767,0.047548749746074745,,
E2b_h0.01_e0.2_L2_alibi_learn_attn_s0,h0_k,0,k,False,alibi_learn,0.0,128,20000,0.03702712059020996,-0.377085407512091,-0.16583723566831574,0.5602130648267043,-0.020720392039843997,-0.012911041719572913,0.39736532011781767,0.047548749746074745,0.29544480728251854,0.06801242082812849
E2b_h0.01_e0.2_L2_alibi_learn_attn_s0,h0_q,0,q,False,alibi_learn,0.0,128,20000,0.13616430759429932,-0.377085407512091,-0.8011019605962193,-1.124457602010315,-0.020720392039843997,0.021471756058079855,0.39736532011781767,0.047548749746074745,-0.13153787384747395,0.038053949414844496
E2b_h0.01_e0.2_L2_alibi_learn_attn_s0,h0_v,0,v,False,alibi_learn,0.0,128,20000,0.19378447532653809,-0.377085407512091,-0.377085407512091,0.0,-0.020720392039843997,-0.00581173236880985,0.39736532011781767,0.047548749746074745,,
E2b_h0.01_e0.2_L2_alibi_learn_attn_s0,h1_all,1,all,False,alibi_learn,0.0,128,20000,0.1405930519104004,-0.377085407512091,-0.34782903090142214,0.07758554435636911,-0.020720392039843997,-0.04282638430595399,0.39736532011781767,0.047548749746074745,,
E2b_h0.01_e0.2_L2_alibi_learn_attn_s0,h1_k,1,k,False,alibi_learn,0.0,128,20000,0.010734796524047852,-0.377085407512091,-0.25150665588375215,0.33302469182478844,-0.020720392039843997,0.001371249982288894,0.39736532011781767,0.047548749746074745,0.2542414943885897,0.05230787224097642
E2b_h0.01_e0.2_L2_alibi_learn_attn_s0,h1_q,1,q,False,alibi_learn,0.0,128,20000,0.006453037261962891,-0.377085407512091,-0.44229766536217996,-0.17293763309575416,-0.020720392039843997,-0.0244732528924942,0.39736532011781767,0.047548749746074745,0.3290289832074391,0.05732358044312399
E2b_h0.01_e0.2_L2_alibi_learn_attn_s0,h1_v,1,v,False,alibi_learn,0.0,128,20000,0.12281167507171631,-0.377085407512091,-0.377085407512091,0.0,-0.020720392039843997,-0.044737284524100175,0.39736532011781767,0.047548749746074745,,
E2b_h0.01_e0.2_L2_alibi_learn_attn_s0,h2_all,2,all,False,alibi_learn,0.0,128,20000,0.003438591957092285,-0.377085407512091,-0.42046393838343266,-0.11503635517890132,-0.020720392039843997,-0.013683458736964655,0.39736532011781767,0.047548749746074745,,
E2b_h0.01_e0.2_L2_alibi_learn_attn_s0,h2_k,2,k,False,alibi_learn,0.0,128,20000,0.002651214599609375,-0.377085407512091,-0.40290005121880074,-0.06845834708117682,-0.020720392039843997,-0.02561781789575305,0.39736532011781767,0.047548749746074745,0.4312511666005139,0.05148117687145664
E2b_h0.01_e0.2_L2_alibi_learn_attn_s0,h2_q,2,q,False,alibi_learn,0.0,128,20000,0.0002601146697998047,-0.377085407512091,-0.3943619467516032,-0.04581598464257253,-0.020720392039843997,-0.02136849803583965,0.39736532011781767,0.047548749746074745,0.4005553360909784,0.046490035709966536
E2b_h0.01_e0.2_L2_alibi_learn_attn_s0,h2_v,2,v,False,alibi_learn,0.0,128,20000,0.001390695571899414,-0.377085407512091,-0.377085407512091,0.0,-0.020720392039843997,-0.007046669721603356,0.39736532011781767,0.047548749746074745,,
E2b_h0.01_e0.2_L2_alibi_learn_attn_s0,h3_all,3,all,True,alibi_learn,0.0,128,20000,2.6942437887191772,-0.377085407512091,0.04960633751988564,1.1315519946719101,-0.020720392039843997,-0.0005821205143418018,0.39736532011781767,0.047548749746074745,,
E2b_h0.01_e0.2_L2_alibi_learn_attn_s0,h3_k,3,k,True,alibi_learn,0.0,128,20000,2.6520618200302124,-0.377085407512091,0.03267463447417983,1.086650487723082,-0.020720392039843997,-0.006136129956160276,0.39736532011781767,0.047548749746074745,,
E2b_h0.01_e0.2_L2_alibi_learn_attn_s0,h3_q,3,q,True,alibi_learn,0.0,128,20000,0.0036879777908325195,-0.377085407512091,-0.3243136468191104,0.13994644089028696,-0.020720392039843997,-0.02175061021532334,0.39736532011781767,0.047548749746074745,,
E2b_h0.01_e0.2_L2_alibi_learn_attn_s0,h3_v,3,v,True,alibi_learn,0.0,128,20000,0.003923177719116211,-0.377085407512091,-0.377085407512091,0.0,-0.020720392039843997,-0.02540880058492936,0.39736532011781767,0.047548749746074745,,
E2b_h0.01_e0.2_L2_alibi_learn_attn_s1,h0_all,0,all,False,alibi_learn,0.0,128,20000,0.12228691577911377,-0.17956159438249142,0.08897804684459612,1.4955293872867959,0.003199687600135778,-0.03539253899029326,0.322822371159704,0.05078008272199636,,
E2b_h0.01_e0.2_L2_alibi_learn_attn_s1,h0_k,0,k,False,alibi_learn,0.0,128,20000,0.054816246032714844,-0.17956159438249142,0.08393869778485073,1.4674646495176997,0.003199687600135778,0.014129997364112254,0.322822371159704,0.05078008272199636,0.33061541703137,0.040517436610529596
E2b_h0.01_e0.2_L2_alibi_learn_attn_s1,h0_q,0,q,False,alibi_learn,0.0,128,20000,0.0011709928512573242,-0.17956159438249142,-0.18760737896665844,-0.044807936863315856,0.003199687600135778,0.0036909724984849727,0.322822371159704,0.05078008272199636,0.36303311484006395,0.04329279388541855
E2b_h0.01_e0.2_L2_alibi_learn_attn_s1,h0_v,0,v,False,alibi_learn,0.0,128,20000,0.1330345869064331,-0.17956159438249142,-0.17956159438249142,0.0,0.003199687600135778,-0.01838327390807018,0.322822371159704,0.05078008272199636,,
E2b_h0.01_e0.2_L2_alibi_learn_attn_s1,h1_all,1,all,False,alibi_learn,0.0,128,20000,0.018027067184448242,-0.17956159438249142,-0.19705220288634512,-0.09740729115267399,0.003199687600135778,-0.01422226216111865,0.322822371159704,0.05078008272199636,,
E2b_h0.01_e0.2_L2_alibi_learn_attn_s1,h1_k,1,k,False,alibi_learn,0.0,128,20000,0.011146068572998047,-0.17956159438249142,-0.19399404257791864,-0.08037603054851505,0.003199687600135778,0.008047286953244871,0.322822371159704,0.05078008272199636,0.38204916983903636,0.031795896664023916
E2b_h0.01_e0.2_L2_alibi_learn_attn_s1,h1_q,1,q,False,alibi_learn,0.0,128,20000,0.0018429756164550781,-0.17956159438249142,-0.17859149941609304,0.005402574919957215,0.003199687600135778,0.00482597436223713,0.322822371159704,0.05078008272199636,0.26634205547504397,0.05947673584157076
E2b_h0.01_e0.2_L2_alibi_learn_attn_s1,h1_v,1,v,False,alibi_learn,0.0,128,20000,0.009209513664245605,-0.17956159438249142,-0.17956159438249142,0.0,0.003199687600135778,-0.013783819334847588,0.322822371159704,0.05078008272199636,,
E2b_h0.01_e0.2_L2_alibi_learn_attn_s1,h2_all,2,all,False,alibi_learn,0.0,128,20000,0.005782127380371094,-0.17956159438249142,-0.28565234016087776,-0.5908320548346109,0.003199687600135778,0.027150246500968915,0.322822371159704,0.05078008272199636,,
E2b_h0.01_e0.2_L2_alibi_learn_attn_s1,h2_k,2,k,False,alibi_learn,0.0,128,20000,0.001011967658996582,-0.17956159438249142,-0.29330392253523013,-0.6334446324332117,0.003199687600135778,0.000979868854795159,0.322822371159704,0.05078008272199636,0.3412878505982283,0.05199180287382996
E2b_h0.01_e0.2_L2_alibi_learn_attn_s1,h2_q,2,q,False,alibi_learn,0.0,128,20000,0.00043702125549316406,-0.17956159438249142,-0.17359320078926962,0.033238697917263305,0.003199687600135778,0.0038039756672722607,0.322822371159704,0.05078008272199636,0.30590131556567457,0.05317968659504637
E2b_h0.01_e0.2_L2_alibi_learn_attn_s1,h2_v,2,v,False,alibi_learn,0.0,128,20000,0.004777669906616211,-0.17956159438249142,-0.17956159438249142,0.0,0.003199687600135778,0.02758374129022866,0.322822371159704,0.05078008272199636,,
E2b_h0.01_e0.2_L2_alibi_learn_attn_s1,h3_all,3,all,True,alibi_learn,0.0,128,20000,2.852344036102295,-0.17956159438249142,-0.08525858842116077,0.5251847216306846,0.003199687600135778,0.02513958242322717,0.322822371159704,0.05078008272199636,,
E2b_h0.01_e0.2_L2_alibi_learn_attn_s1,h3_k,3,k,True,alibi_learn,0.0,128,20000,2.8458471298217773,-0.17956159438249142,-0.0625000574881379,0.651929702990919,0.003199687600135778,0.017165768625480773,0.322822371159704,0.05078008272199636,,
E2b_h0.01_e0.2_L2_alibi_learn_attn_s1,h3_q,3,q,True,alibi_learn,0.0,128,20000,0.0005968809127807617,-0.17956159438249142,-0.20003680561553766,-0.11402890079841432,0.003199687600135778,0.004045887078557674,0.322822371159704,0.05078008272199636,,
E2b_h0.01_e0.2_L2_alibi_learn_attn_s1,h3_v,3,v,True,alibi_learn,0.0,128,20000,0.0061206817626953125,-0.17956159438249142,-0.17956159438249142,0.0,0.003199687600135778,0.0035048676388604086,0.322822371159704,0.05078008272199636,,
E2b_h0.01_e0.2_L2_alibi_learn_attn_s2,h0_all,0,all,False,alibi_learn,0.0,128,20000,0.7632049322128296,-0.34800204725975387,-0.9856697480797945,-1.8323676709409584,-0.03250169243131366,-0.0116212893809591,0.41022700390104494,0.04648927847482024,,
E2b_h0.01_e0.2_L2_alibi_learn_attn_s2,h0_k,0,k,False,alibi_learn,0.0,128,20000,0.03968393802642822,-0.34800204725975387,-0.4126330063568471,-0.18572005425258808,-0.03250169243131366,-0.04009365226541247,0.41022700390104494,0.04648927847482024,0.3150296005191334,0.06626605599643823
E2b_h0.01_e0.2_L2_alibi_learn_attn_s2,h0_q,0,q,False,alibi_learn,0.0,128,20000,0.08437669277191162,-0.34800204725975387,-0.5799121397311254,-0.6664043912887399,-0.03250169243131366,0.010912302349294902,0.41022700390104494,0.04648927847482024,0.16820134511251184,0.006812562625160303
E2b_h0.01_e0.2_L2_alibi_learn_attn_s2,h0_v,0,v,False,alibi_learn,0.0,128,20000,0.2655038833618164,-0.34800204725975387,-0.34800204725975387,0.0,-0.03250169243131366,-0.044341404523168294,0.41022700390104494,0.04648927847482024,,
E2b_h0.01_e0.2_L2_alibi_learn_attn_s2,h1_all,1,all,False,alibi_learn,0.0,128,20000,0.04634451866149902,-0.34800204725975387,-0.09152635380689016,0.736994783428462,-0.03250169243131366,-0.025127802576337604,0.41022700390104494,0.04648927847482024,,
E2b_h0.01_e0.2_L2_alibi_learn_attn_s2,h1_k,1,k,False,alibi_learn,0.0,128,20000,0.008620023727416992,-0.34800204725975387,-0.08610494012402059,0.7525734667309282,-0.03250169243131366,-0.028250572511128023,0.41022700390104494,0.04648927847482024,0.4052697996647977,0.03966819600682777
E2b_h0.01_e0.2_L2_alibi_learn_attn_s2,h1_q,1,q,False,alibi_learn,0.0,128,20000,0.0047026872634887695,-0.34800204725975387,-0.3424207657498736,0.01603807090742282,-0.03250169243131366,-0.0329767393214362,0.41022700390104494,0.04648927847482024,0.385879533374744,0.05488160420511008
E2b_h0.01_e0.2_L2_alibi_learn_attn_s2,h1_v,1,v,False,alibi_learn,0.0,128,20000,0.035276174545288086,-0.34800204725975387,-0.34800204725975387,0.0,-0.03250169243131366,-0.03388912081718447,0.41022700390104494,0.04648927847482024,,
E2b_h0.01_e0.2_L2_alibi_learn_attn_s2,h2_all,2,all,False,alibi_learn,0.0,128,20000,0.004707932472229004,-0.34800204725975387,-0.3823455797416379,-0.09868773115650531,-0.03250169243131366,-0.022562459536961166,0.41022700390104494,0.04648927847482024,,
E2b_h0.01_e0.2_L2_alibi_learn_attn_s2,h2_k,2,k,False,alibi_learn,0.0,128,20000,0.00321352481842041,-0.34800204725975387,-0.3816155324805377,-0.09658990654067678,-0.03250169243131366,-0.03633182772568296,0.41022700390104494,0.04648927847482024,0.43634139208517697,0.04851736033807817
E2b_h0.01_e0.2_L2_alibi_learn_attn_s2,h2_q,2,q,False,alibi_learn,0.0,128,20000,0.00037300586700439453,-0.34800204725975387,-0.3482294072331992,-0.0006533294135353529,-0.03250169243131366,-0.030610128811427557,0.41022700390104494,0.04648927847482024,0.41739027702452014,0.0434494473520196
E2b_h0.01_e0.2_L2_alibi_learn_attn_s2,h2_v,2,v,False,alibi_learn,0.0,128,20000,0.0020494461059570312,-0.34800204725975387,-0.34800204725975387,0.0,-0.03250169243131366,-0.018735748529434222,0.41022700390104494,0.04648927847482024,,
E2b_h0.01_e0.2_L2_alibi_learn_attn_s2,h3_all,3,all,True,alibi_learn,0.0,128,20000,2.7362221479415894,-0.34800204725975387,0.000683973981158196,1.0019654309120993,-0.03250169243131366,0.002982812161956501,0.41022700390104494,0.04648927847482024,,
E2b_h0.01_e0.2_L2_alibi_learn_attn_s2,h3_k,3,k,True,alibi_learn,0.0,128,20000,2.7655893564224243,-0.34800204725975387,0.0013676491227001932,1.0039300030947214,-0.03250169243131366,0.003484140868697836,0.41022700390104494,0.04648927847482024,,
E2b_h0.01_e0.2_L2_alibi_learn_attn_s2,h3_q,3,q,True,alibi_learn,0.0,128,20000,0.0015413761138916016,-0.34800204725975387,-0.32662221670314,0.06143593327959829,-0.03250169243131366,-0.03326613392148702,0.41022700390104494,0.04648927847482024,,
E2b_h0.01_e0.2_L2_alibi_learn_attn_s2,h3_v,3,v,True,alibi_learn,0.0,128,20000,0.003105759620666504,-0.34800204725975387,-0.34800204725975387,0.0,-0.03250169243131366,-0.03785102111952649,0.41022700390104494,0.04648927847482024,,
E2b_h0.01_e0.3_L2_alibi_learn_attn_s0,h0_all,0,all,False,alibi_learn,0.0,128,20000,0.14841032028198242,-0.2355734004247179,-0.3738998033383106,-0.5871902458605365,-0.027167229567255292,0.0031391558902604164,0.4580093552683484,0.030996238792634516,,
E2b_h0.01_e0.3_L2_alibi_learn_attn_s0,h0_k,0,k,False,alibi_learn,0.0,128,20000,0.013361096382141113,-0.2355734004247179,-0.2612241557733221,-0.10888646724272855,-0.027167229567255292,-0.027402425450938118,0.4580093552683484,0.030996238792634516,0.3771054969006341,0.05645651306092415
E2b_h0.01_e0.3_L2_alibi_learn_attn_s0,h0_q,0,q,False,alibi_learn,0.0,128,20000,0.039671897888183594,-0.2355734004247179,-0.31124834404007845,-0.32123721727039367,-0.027167229567255292,-0.00034141668251582715,0.4580093552683484,0.030996238792634516,0.25011767048670575,0.02758936624983279
E2b_h0.01_e0.3_L2_alibi_learn_attn_s0,h0_v,0,v,False,alibi_learn,0.0,128,20000,0.09402000904083252,-0.2355734004247179,-0.2355734004247179,0.0,-0.027167229567255292,-0.014403390032904513,0.4580093552683484,0.030996238792634516,,
E2b_h0.01_e0.3_L2_alibi_learn_attn_s0,h1_all,1,all,False,alibi_learn,0.0,128,20000,0.033474087715148926,-0.2355734004247179,-0.01870511941808243,0.9205974894264006,-0.027167229567255292,-0.03940150482313974,0.4580093552683484,0.030996238792634516,,
E2b_h0.01_e0.3_L2_alibi_learn_attn_s0,h1_k,1,k,False,alibi_learn,0.0,128,20000,0.005622148513793945,-0.2355734004247179,-0.0056049131275892625,0.9762073599248298,-0.027167229567255292,-0.017251820223672047,0.4580093552683484,0.030996238792634516,0.40811476519140055,0.03021638001074316
E2b_h0.01_e0.3_L2_alibi_learn_attn_s0,h1_q,1,q,False,alibi_learn,0.0,128,20000,0.003178238868713379,-0.2355734004247179,-0.17240595429307398,0.26814337279913025,-0.027167229567255292,-0.025430491140910536,0.4580093552683484,0.030996238792634516,0.4183042798633031,0.04924326274786023
E2b_h0.01_e0.3_L2_alibi_learn_attn_s0,h1_v,1,v,False,alibi_learn,0.0,128,20000,0.028357863426208496,-0.2355734004247179,-0.2355734004247179,0.0,-0.027167229567255292,-0.04597627052239011,0.4580093552683484,0.030996238792634516,,
E2b_h0.01_e0.3_L2_alibi_learn_attn_s0,h2_all,2,all,False,alibi_learn,0.0,128,20000,0.00863039493560791,-0.2355734004247179,-0.22393821919549714,0.049390895611489016,-0.027167229567255292,-0.01628639889614923,0.4580093552683484,0.030996238792634516,,
E2b_h0.01_e0.3_L2_alibi_learn_attn_s0,h2_k,2,k,False,alibi_learn,0.0,128,20000,0.004057526588439941,-0.2355734004247179,-0.23632616607716264,-0.0031954611644930964,-0.027167229567255292,-0.025286661514214125,0.4580093552683484,0.030996238792634516,0.47729873971721837,0.031046035083418577
E2b_h0.01_e0.3_L2_alibi_learn_attn_s0,h2_q,2,q,False,alibi_learn,0.0,128,20000,0.0011478662490844727,-0.2355734004247179,-0.22334103506173117,0.051925919229135586,-0.027167229567255292,-0.02642123294728143,0.4580093552683484,0.030996238792634516,0.46193073863156453,0.03010942000980093
E2b_h0.01_e0.3_L2_alibi_learn_attn_s0,h2_v,2,v,False,alibi_learn,0.0,128,20000,0.005266547203063965,-0.2355734004247179,-0.2355734004247179,0.0,-0.027167229567255292,-0.01787100370441164,0.4580093552683484,0.030996238792634516,,
E2b_h0.01_e0.3_L2_alibi_learn_attn_s0,h3_all,3,all,True,alibi_learn,0.0,128,20000,2.706141948699951,-0.2355734004247179,0.08315811695121492,1.3530029994952242,-0.027167229567255292,0.057017396337219625,0.4580093552683484,0.030996238792634516,,
E2b_h0.01_e0.3_L2_alibi_learn_attn_s0,h3_k,3,k,True,alibi_learn,0.0,128,20000,2.7242374420166016,-0.2355734004247179,0.08332619533136937,1.3537164857370978,-0.027167229567255292,0.052487383756254384,0.4580093552683484,0.030996238792634516,,
E2b_h0.01_e0.3_L2_alibi_learn_attn_s0,h3_q,3,q,True,alibi_learn,0.0,128,20000,0.00040841102600097656,-0.2355734004247179,-0.23813412659856878,-0.010870183854518878,-0.027167229567255292,-0.02741121990340098,0.4580093552683484,0.030996238792634516,,
E2b_h0.01_e0.3_L2_alibi_learn_attn_s0,h3_v,3,v,True,alibi_learn,0.0,128,20000,0.0021404027938842773,-0.2355734004247179,-0.2355734004247179,0.0,-0.027167229567255292,-0.030927993144307837,0.4580093552683484,0.030996238792634516,,
E2b_h0.01_e0.3_L2_alibi_learn_attn_s1,h0_all,0,all,False,alibi_learn,0.0,128,20000,0.05770313739776611,-0.19272004006110763,0.11105094928773215,1.576229380465675,-0.007202702547822695,-0.03545253851584026,0.45330064063201625,0.02735977726977752,,
E2b_h0.01_e0.3_L2_alibi_learn_attn_s1,h0_k,0,k,False,alibi_learn,0.0,128,20000,0.016233205795288086,-0.19272004006110763,0.09170497991620646,1.4758455835061506,-0.007202702547822695,-0.0036793227706636835,0.45330064063201625,0.02735977726977752,0.4266348561761406,0.025802196520827086
E2b_h0.01_e0.3_L2_alibi_learn_attn_s1,h0_q,0,q,False,alibi_learn,0.0,128,20000,0.0005853176116943359,-0.19272004006110763,-0.18940873433384883,0.01718194810570217,-0.007202702547822695,-0.006769690130438132,0.45330064063201625,0.02735977726977752,0.44368372474785045,0.02630497989754919
E2b_h0.01_e0.3_L2_alibi_learn_attn_s1,h0_v,0,v,False,alibi_learn,0.0,128,20000,0.050810933113098145,-0.19272004006110763,-0.19272004006110763,0.0,-0.007202702547822695,-0.03208579293319157,0.45330064063201625,0.02735977726977752,,
E2b_h0.01_e0.3_L2_alibi_learn_attn_s1,h1_all,1,all,False,alibi_learn,0.0,128,20000,0.015160441398620605,-0.19272004006110763,-0.23803815096380468,-0.23514996618061934,-0.007202702547822695,0.015032495984009308,0.45330064063201625,0.02735977726977752,,
E2b_h0.01_e0.3_L2_alibi_learn_attn_s1,h1_k,1,k,False,alibi_learn,0.0,128,20000,0.007664680480957031,-0.19272004006110763,-0.2430232842511175,-0.2610171945484223,-0.007202702547822695,-0.007570235856941781,0.45330064063201625,0.02735977726977752,0.42449981322797536,0.026360551684817074
E2b_h0.01_e0.3_L2_alibi_learn_attn_s1,h1_q,1,q,False,alibi_learn,0.0,128,20000,0.005078792572021484,-0.19272004006110763,-0.1723560046320527,0.10566641342850447,-0.007202702547822695,-0.006329385297639038,0.45330064063201625,0.02735977726977752,0.4409399925124863,0.026205144352497333
E2b_h0.01_e0.3_L2_alibi_learn_attn_s1,h1_v,1,v,False,alibi_learn,0.0,128,20000,0.01948249340057373,-0.19272004006110763,-0.19272004006110763,0.0,-0.007202702547822695,0.015937771328857927,0.45330064063201625,0.02735977726977752,,
E2b_h0.01_e0.3_L2_alibi_learn_attn_s1,h2_all,2,all,False,alibi_learn,0.0,128,20000,0.003600001335144043,-0.19272004006110763,-0.2255126263036358,-0.17015659726995858,-0.007202702547822695,-0.0041401988693646075,0.45330064063201625,0.02735977726977752,,
E2b_h0.01_e0.3_L2_alibi_learn_attn_s1,h2_k,2,k,False,alibi_learn,0.0,128,20000,0.0030058622360229492,-0.19272004006110763,-0.22620907370360624,-0.17377037505741444,-0.007202702547822695,-0.005325369324002965,0.45330064063201625,0.02735977726977752,0.4686792145126538,0.02800226026273211
E2b_h0.01_e0.3_L2_alibi_learn_attn_s1,h2_q,2,q,False,alibi_learn,0.0,128,20000,0.00033724308013916016,-0.19272004006110763,-0.19204491251084435,0.003503151774196467,-0.007202702547822695,-0.007296994115625119,0.45330064063201625,0.02735977726977752,0.4505012730626178,0.027217221333164437
E2b_h0.01_e0.3_L2_alibi_learn_attn_s1,h2_v,2,v,False,alibi_learn,0.0,128,20000,0.0013009309768676758,-0.19272004006110763,-0.19272004006110763,0.0,-0.007202702547822695,-0.005944127695901066,0.45330064063201625,0.02735977726977752,,
E2b_h0.01_e0.3_L2_alibi_learn_attn_s1,h3_all,3,all,True,alibi_learn,0.0,128,20000,2.7238091230392456,-0.19272004006110763,-0.14272744347819635,0.2594052832650908,-0.007202702547822695,0.038180543908051076,0.45330064063201625,0.02735977726977752,,
E2b_h0.01_e0.3_L2_alibi_learn_attn_s1,h3_k,3,k,True,alibi_learn,0.0,128,20000,2.7350462675094604,-0.19272004006110763,-0.12230017356413768,0.3653998124670441,-0.007202702547822695,0.031991032936743324,0.45330064063201625,0.02735977726977752,,
E2b_h0.01_e0.3_L2_alibi_learn_attn_s1,h3_q,3,q,True,alibi_learn,0.0,128,20000,-0.00023090839385986328,-0.19272004006110763,-0.19948037695761953,-0.03507853617282519,-0.007202702547822695,-0.007815537708146249,0.45330064063201625,0.02735977726977752,,
E2b_h0.01_e0.3_L2_alibi_learn_attn_s1,h3_v,3,v,True,alibi_learn,0.0,128,20000,0.003240346908569336,-0.19272004006110763,-0.19272004006110763,0.0,-0.007202702547822695,-0.009712100667612914,0.45330064063201625,0.02735977726977752,,
E2b_h0.01_e0.3_L2_alibi_learn_attn_s2,h0_all,0,all,False,alibi_learn,0.0,128,20000,0.06206047534942627,-0.17887045398426463,-0.12386274146441015,0.30752822109286726,-0.011070662311145247,0.01303267436368123,0.46035054578022916,0.026757453875937597,,
E2b_h0.01_e0.3_L2_alibi_learn_attn_s2,h0_k,0,k,False,alibi_learn,0.0,128,20000,0.010236740112304688,-0.17887045398426463,-0.10634913320722444,0.405440469130916,-0.011070662311145247,-0.014244857643331799,0.46035054578022916,0.026757453875937597,0.39316840505462314,0.051971774431691056
E2b_h0.01_e0.3_L2_alibi_learn_attn_s2,h0_q,0,q,False,alibi_learn,0.0,128,20000,0.01688098907470703,-0.17887045398426463,-0.1460701683999471,0.18337453086132938,-0.011070662311145247,0.011852230983121046,0.46035054578022916,0.026757453875937597,0.5156671605926232,0.021661683117982833
E2b_h0.01_e0.3_L2_alibi_learn_attn_s2,h0_v,0,v,False,alibi_learn,0.0,128,20000,0.05302894115447998,-0.17887045398426463,-0.17887045398426463,0.0,-0.011070662311145247,-0.011562237356390292,0.46035054578022916,0.026757453875937597,,
E2b_h0.01_e0.3_L2_alibi_learn_attn_s2,h1_all,1,all,False,alibi_learn,0.0,128,20000,0.13373947143554688,-0.17887045398426463,0.09557820100253044,1.5343431454081204,-0.011070662311145247,-0.024870929547718607,0.46035054578022916,0.026757453875937597,,
E2b_h0.01_e0.3_L2_alibi_learn_attn_s2,h1_k,1,k,False,alibi_learn,0.0,128,20000,0.02679884433746338,-0.17887045398426463,0.10691288334104995,1.5977112539248945,-0.011070662311145247,-0.009353250052247743,0.46035054578022916,0.026757453875937597,0.37503958793386283,0.029176260615205517
E2b_h0.01_e0.3_L2_alibi_learn_attn_s2,h1_q,1,q,False,alibi_learn,0.0,128,20000,0.005758047103881836,-0.17887045398426463,-0.19547282462666,-0.09281784818333327,-0.011070662311145247,-0.003097635720457349,0.46035054578022916,0.026757453875937597,0.4854478214454804,0.022466764093608805
E2b_h0.01_e0.3_L2_alibi_learn_attn_s2,h1_v,1,v,False,alibi_learn,0.0,128,20000,0.09459054470062256,-0.17887045398426463,-0.17887045398426463,0.0,-0.011070662311145247,-0.036901616198676,0.46035054578022916,0.026757453875937597,,
E2b_h0.01_e0.3_L2_alibi_learn_attn_s2,h2_all,2,all,False,alibi_learn,0.0,128,20000,0.0072307586669921875,-0.17887045398426463,-0.27194170683428254,-0.5203277052016957,-0.011070662311145247,-0.009737172084195278,0.46035054578022916,0.026757453875937597,,
E2b_h0.01_e0.3_L2_alibi_learn_attn_s2,h2_k,2,k,False,alibi_learn,0.0,128,20000,0.004171848297119141,-0.17887045398426463,-0.26607774150378033,-0.48754439638861435,-0.011070662311145247,-0.023965328293187267,0.46035054578022916,0.026757453875937597,0.4479642720652507,0.031975370377057014
E2b_h0.01_e0.3_L2_alibi_learn_attn_s2,h2_q,2,q,False,alibi_learn,0.0,128,20000,0.00040912628173828125,-0.17887045398426463,-0.18781994793278603,-0.05003338309472105,-0.011070662311145247,-0.012059152977807202,0.46035054578022916,0.026757453875937597,0.4562295785221544,0.027331426478924347
E2b_h0.01_e0.3_L2_alibi_learn_attn_s2,h2_v,2,v,False,alibi_learn,0.0,128,20000,0.002029895782470703,-0.17887045398426463,-0.17887045398426463,0.0,-0.011070662311145247,0.005372247951371328,0.46035054578022916,0.026757453875937597,,
E2b_h0.01_e0.3_L2_alibi_learn_attn_s2,h3_all,3,all,True,alibi_learn,0.0,128,20000,2.678955316543579,-0.17887045398426463,-0.047817968742160114,0.7326670354044794,-0.011070662311145247,-0.036369420641234954,0.46035054578022916,0.026757453875937597,,
E2b_h0.01_e0.3_L2_alibi_learn_attn_s2,h3_k,3,k,True,alibi_learn,0.0,128,20000,2.6948320865631104,-0.17887045398426463,-0.03560460433905977,0.8009475374720526,-0.011070662311145247,-0.03084081001579762,0.46035054578022916,0.026757453875937597,,
E2b_h0.01_e0.3_L2_alibi_learn_attn_s2,h3_q,3,q,True,alibi_learn,0.0,128,20000,0.0002709627151489258,-0.17887045398426463,-0.19055158031716257,-0.06530495155966642,-0.011070662311145247,-0.013102703647954142,0.46035054578022916,0.026757453875937597,,
E2b_h0.01_e0.3_L2_alibi_learn_attn_s2,h3_v,3,v,True,alibi_learn,0.0,128,20000,0.0036897659301757812,-0.17887045398426463,-0.17887045398426463,0.0,-0.011070662311145247,-0.013095220284802575,0.46035054578022916,0.026757453875937597,,
E2b_h0.03_e0.05_L2_alibi_learn_attn_s0,h0_all,0,all,False,alibi_learn,0.0,128,20000,0.3201545476913452,-0.2997029144070953,-0.27836343633515986,0.0712021039706987,-0.02667582716260639,-0.00628459581307005,0.07870494164307862,0.12282347597539756,,
E2b_h0.03_e0.05_L2_alibi_learn_attn_s0,h0_k,0,k,False,alibi_learn,0.0,128,20000,0.022989273071289062,-0.2997029144070953,-0.1781956651258238,0.405425651337593,-0.02667582716260639,-0.05990831341062277,0.07870494164307862,0.12282347597539756,0.044325146094081336,0.21060954442354018
E2b_h0.03_e0.05_L2_alibi_learn_attn_s0,h0_q,0,q,False,alibi_learn,0.0,128,20000,0.06632816791534424,-0.2997029144070953,-0.7643331514371604,-1.5503026987550217,-0.02667582716260639,0.010075475914137653,0.07870494164307862,0.12282347597539756,0.2587084637748369,0.10585575733850594
E2b_h0.03_e0.05_L2_alibi_learn_attn_s0,h0_v,0,v,False,alibi_learn,0.0,128,20000,0.0898064374923706,-0.2997029144070953,-0.2997029144070953,0.0,-0.02667582716260639,-0.054853985139301835,0.07870494164307862,0.12282347597539756,,
E2b_h0.03_e0.05_L2_alibi_learn_attn_s0,h1_all,1,all,False,alibi_learn,0.0,128,20000,0.008815884590148926,-0.2997029144070953,-0.3500230949435945,-0.16790020422740315,-0.02667582716260639,-0.027517002820968715,0.07870494164307862,0.12282347597539756,,
E2b_h0.03_e0.05_L2_alibi_learn_attn_s0,h1_k,1,k,False,alibi_learn,0.0,128,20000,0.00388944149017334,-0.2997029144070953,-0.35440348700945223,-0.18251598490649168,-0.02667582716260639,-0.03050180971622469,0.07870494164307862,0.12282347597539756,0.10386419574197792,0.13959626048246424
E2b_h0.03_e0.05_L2_alibi_learn_attn_s0,h1_q,1,q,False,alibi_learn,0.0,128,20000,0.00030219554901123047,-0.2997029144070953,-0.2917931664874139,0.026391961971171773,-0.02667582716260639,-0.025075308765683903,0.07870494164307862,0.12282347597539756,0.07794013906968733,0.12214494883866035
E2b_h0.03_e0.05_L2_alibi_learn_attn_s0,h1_v,1,v,False,alibi_learn,0.0,128,20000,0.005656838417053223,-0.2997029144070953,-0.2997029144070953,0.0,-0.02667582716260639,-0.02248900873320445,0.07870494164307862,0.12282347597539756,,
E2b_h0.03_e0.05_L2_alibi_learn_attn_s0,h2_all,2,all,False,alibi_learn,0.0,128,20000,0.050850510597229004,-0.2997029144070953,-0.30717575925718155,-0.024934174780615104,-0.02667582716260639,-0.04913842337472113,0.07870494164307862,0.12282347597539756,,
E2b_h0.03_e0.05_L2_alibi_learn_attn_s0,h2_k,2,k,False,alibi_learn,0.0,128,20000,0.0254058837890625,-0.2997029144070953,-0.3253068824035119,-0.08543116121199268,-0.02667582716260639,-0.05493958507265371,0.07870494164307862,0.12282347597539756,0.12837943709194422,0.15121311403359652
E2b_h0.03_e0.05_L2_alibi_learn_attn_s0,h2_q,2,q,False,alibi_learn,0.0,128,20000,0.0005720853805541992,-0.2997029144070953,-0.284276375788249,0.051472768122274526,-0.02667582716260639,-0.025496284450803496,0.07870494164307862,0.12282347597539756,0.06978082056388857,0.13339220203123417
E2b_h0.03_e0.05_L2_alibi_learn_attn_s0,h2_v,2,v,False,alibi_learn,0.0,128,20000,0.04167139530181885,-0.2997029144070953,-0.2997029144070953,0.0,-0.02667582716260639,-0.03257280332701553,0.07870494164307862,0.12282347597539756,,
E2b_h0.03_e0.05_L2_alibi_learn_attn_s0,h3_all,3,all,True,alibi_learn,0.0,128,20000,1.9747741222381592,-0.2997029144070953,-0.3487649256639846,-0.16370214935663574,-0.02667582716260639,-0.18833887917654857,0.07870494164307862,0.12282347597539756,,
E2b_h0.03_e0.05_L2_alibi_learn_attn_s0,h3_k,3,k,True,alibi_learn,0.0,128,20000,2.065044641494751,-0.2997029144070953,-0.3583818179223073,-0.19579023324246592,-0.02667582716260639,-0.14686090185173922,0.07870494164307862,0.12282347597539756,,
E2b_h0.03_e0.05_L2_alibi_learn_attn_s0,h3_q,3,q,True,alibi_learn,0.0,128,20000,4.935264587402344e-05,-0.2997029144070953,-0.29440602529412324,0.017673799146901592,-0.02667582716260639,-0.026235971280506715,0.07870494164307862,0.12282347597539756,,
E2b_h0.03_e0.05_L2_alibi_learn_attn_s0,h3_v,3,v,True,alibi_learn,0.0,128,20000,0.009961962699890137,-0.2997029144070953,-0.2997029144070953,0.0,-0.02667582716260639,-0.028438993862697066,0.07870494164307862,0.12282347597539756,,
E2b_h0.03_e0.05_L2_alibi_learn_attn_s1,h0_all,0,all,False,alibi_learn,0.0,128,20000,0.09130072593688965,-0.29037951237202686,-0.3776102696517086,-0.3004025888986406,0.008105453423091272,-0.030494024072374646,0.008392747726961525,0.14354873551785555,,
E2b_h0.03_e0.05_L2_alibi_learn_attn_s1,h0_k,0,k,False,alibi_learn,0.0,128,20000,0.03620588779449463,-0.29037951237202686,-0.3340432029314819,-0.15036766954658365,0.008105453423091272,-0.008087707417351899,0.008392747726961525,0.14354873551785555,0.14204072882103658,0.1464243201373936
E2b_h0.03_e0.05_L2_alibi_learn_attn_s1,h0_q,0,q,False,alibi_learn,0.0,128,20000,0.0025224685668945312,-0.29037951237202686,-0.3367615509383769,-0.15972903249085468,0.008105453423091272,0.0037505941731589146,0.008392747726961525,0.14354873551785555,0.03129772123695285,0.1362621052912314
E2b_h0.03_e0.05_L2_alibi_learn_attn_s1,h0_v,0,v,False,alibi_learn,0.0,128,20000,0.07265961170196533,-0.29037951237202686,-0.29037951237202686,0.0,0.008105453423091272,-0.009973038945879257,0.008392747726961525,0.14354873551785555,,
E2b_h0.03_e0.05_L2_alibi_learn_attn_s1,h1_all,1,all,False,alibi_learn,0.0,128,20000,0.03683042526245117,-0.29037951237202686,-0.10262760429598133,0.6465742246839459,0.008105453423091272,0.00457139185496737,0.008392747726961525,0.14354873551785555,,
E2b_h0.03_e0.05_L2_alibi_learn_attn_s1,h1_k,1,k,False,alibi_learn,0.0,128,20000,0.019003629684448242,-0.29037951237202686,-0.08103588186094901,0.7209311318178402,0.008105453423091272,0.01174731850624082,0.008392747726961525,0.14354873551785555,-0.007547063266367338,0.15425000669014585
E2b_h0.03_e0.05_L2_alibi_learn_attn_s1,h1_q,1,q,False,alibi_learn,0.0,128,20000,0.024141430854797363,-0.29037951237202686,-0.21963664155157367,0.2436221145306533,0.008105453423091272,0.011020634855542872,0.008392747726961525,0.14354873551785555,-0.021672843882588944,0.16423915884674606
E2b_h0.03_e0.05_L2_alibi_learn_attn_s1,h1_v,1,v,False,alibi_learn,0.0,128,20000,0.016399383544921875,-0.29037951237202686,-0.29037951237202686,0.0,0.008105453423091272,0.006200219903673435,0.008392747726961525,0.14354873551785555,,
E2b_h0.03_e0.05_L2_alibi_learn_attn_s1,h2_all,2,all,False,alibi_learn,0.0,128,20000,0.0033402442932128906,-0.29037951237202686,-0.3648806508455141,-0.256564720647503,0.008105453423091272,0.006278944866997799,0.008392747726961525,0.14354873551785555,,
E2b_h0.03_e0.05_L2_alibi_learn_attn_s1,h2_k,2,k,False,alibi_learn,0.0,128,20000,0.003471970558166504,-0.29037951237202686,-0.3646114238360898,-0.25563756498412626,0.008105453423091272,-0.004928576520511153,0.008392747726961525,0.14354873551785555,0.044988595925450126,0.16456256126569252
E2b_h0.03_e0.05_L2_alibi_learn_attn_s1,h2_q,2,q,False,alibi_learn,0.0,128,20000,0.0007147789001464844,-0.29037951237202686,-0.28323124914248715,0.02461696822598669,0.008105453423091272,0.010407254525593311,0.008392747726961525,0.14354873551785555,0.005942940106733463,0.13950465531491757
E2b_h0.03_e0.05_L2_alibi_learn_attn_s1,h2_v,2,v,False,alibi_learn,0.0,128,20000,0.0009857416152954102,-0.29037951237202686,-0.29037951237202686,0.0,0.008105453423091272,0.01784906046731132,0.008392747726961525,0.14354873551785555,,
E2b_h0.03_e0.05_L2_alibi_learn_attn_s1,h3_all,3,all,True,alibi_learn,0.0,128,20000,2.10725474357605,-0.29037951237202686,-0.34193643026141424,-0.1775501221426874,0.008105453423091272,-0.03171491548419,0.008392747726961525,0.14354873551785555,,
E2b_h0.03_e0.05_L2_alibi_learn_attn_s1,h3_k,3,k,True,alibi_learn,0.0,128,20000,2.11490535736084,-0.29037951237202686,-0.3016062657716284,-0.03866234676094549,0.008105453423091272,-0.02024650110730104,0.008392747726961525,0.14354873551785555,,
E2b_h0.03_e0.05_L2_alibi_learn_attn_s1,h3_q,3,q,True,alibi_learn,0.0,128,20000,0.00388181209564209,-0.29037951237202686,-0.33096095105140627,-0.13975310567843202,0.008105453423091272,0.004130924599511253,0.008392747726961525,0.14354873551785555,,
E2b_h0.03_e0.05_L2_alibi_learn_attn_s1,h3_v,3,v,True,alibi_learn,0.0,128,20000,0.008396625518798828,-0.29037951237202686,-0.29037951237202686,0.0,0.008105453423091272,0.006529703310557722,0.008392747726961525,0.14354873551785555,,
E2b_h0.03_e0.05_L2_alibi_learn_attn_s2,h0_all,0,all,False,alibi_learn,0.0,128,20000,0.08825135231018066,-0.3264922469716769,-0.3970922528236613,-0.21623792450455626,-0.02387341856956484,0.011446336337498225,0.07918279840452203,0.11817105106488367,,
E2b_h0.03_e0.05_L2_alibi_learn_attn_s2,h0_k,0,k,False,alibi_learn,0.0,128,20000,0.007203578948974609,-0.3264922469716769,-0.2041209136242394,0.3748062457300959,-0.02387341856956484,-0.010386690923145949,0.07918279840452203,0.11817105106488367,0.06517805038587554,0.13795854854175724
E2b_h0.03_e0.05_L2_alibi_learn_attn_s2,h0_q,0,q,False,alibi_learn,0.0,128,20000,0.04783785343170166,-0.3264922469716769,-0.5738427653540747,-0.7575999757319059,-0.02387341856956484,-0.009282284975051982,0.07918279840452203,0.11817105106488367,0.15832445336647205,0.13943526996337705
E2b_h0.03_e0.05_L2_alibi_learn_attn_s2,h0_v,0,v,False,alibi_learn,0.0,128,20000,0.020205140113830566,-0.3264922469716769,-0.3264922469716769,0.0,-0.02387341856956484,-0.02128167705876489,0.07918279840452203,0.11817105106488367,,
E2b_h0.03_e0.05_L2_alibi_learn_attn_s2,h1_all,1,all,False,alibi_learn,0.0,128,20000,0.016945838928222656,-0.3264922469716769,-0.0771897999808489,0.7635784595291015,-0.02387341856956484,-0.03018576928547454,0.07918279840452203,0.11817105106488367,,
E2b_h0.03_e0.05_L2_alibi_learn_attn_s2,h1_k,1,k,False,alibi_learn,0.0,128,20000,0.011255025863647461,-0.3264922469716769,-0.07312734326921176,0.776021195150905,-0.02387341856956484,-0.02755185195377899,0.07918279840452203,0.11817105106488367,0.03946233027664736,0.14290615460057182
E2b_h0.03_e0.05_L2_alibi_learn_attn_s2,h1_q,1,q,False,alibi_learn,0.0,128,20000,0.001918196678161621,-0.3264922469716769,-0.30761704713487464,0.0578120920538725,-0.02387341856956484,-0.022303010736193066,0.07918279840452203,0.11817105106488367,0.07530664386414831,0.11984678490535149
E2b_h0.03_e0.05_L2_alibi_learn_attn_s2,h1_v,1,v,False,alibi_learn,0.0,128,20000,0.0032514333724975586,-0.3264922469716769,-0.3264922469716769,0.0,-0.02387341856956484,-0.02676059007644662,0.07918279840452203,0.11817105106488367,,
E2b_h0.03_e0.05_L2_alibi_learn_attn_s2,h2_all,2,all,False,alibi_learn,0.0,128,20000,0.06295645236968994,-0.3264922469716769,-0.37247900151505087,-0.1408509848852959,-0.02387341856956484,-0.06805881772722529,0.07918279840452203,0.11817105106488367,,
E2b_h0.03_e0.05_L2_alibi_learn_attn_s2,h2_k,2,k,False,alibi_learn,0.0,128,20000,0.016148090362548828,-0.3264922469716769,-0.3231035273021847,0.010379173474787451,-0.02387341856956484,-0.057443337781088726,0.07918279840452203,0.11817105106488367,0.15006528620811577,0.1591538646083726
E2b_h0.03_e0.05_L2_alibi_learn_attn_s2,h2_q,2,q,False,alibi_learn,0.0,128,20000,0.0006213188171386719,-0.3264922469716769,-0.3716090248000494,-0.13818636812005636,-0.02387341856956484,-0.02792859077453618,0.07918279840452203,0.11817105106488367,0.09399734561217488,0.11010955359004192
E2b_h0.03_e0.05_L2_alibi_learn_attn_s2,h2_v,2,v,False,alibi_learn,0.0,128,20000,0.04654562473297119,-0.3264922469716769,-0.3264922469716769,0.0,-0.02387341856956484,-0.03902882082121726,0.07918279840452203,0.11817105106488367,,
E2b_h0.03_e0.05_L2_alibi_learn_attn_s2,h3_all,3,all,True,alibi_learn,0.0,128,20000,2.0459972620010376,-0.3264922469716769,-0.29246137229699753,0.1042318002657856,-0.02387341856956484,-0.03390734046697617,0.07918279840452203,0.11817105106488367,,
E2b_h0.03_e0.05_L2_alibi_learn_attn_s2,h3_k,3,k,True,alibi_learn,0.0,128,20000,1.9693464040756226,-0.3264922469716769,-0.28726598864184516,0.12014453235465217,-0.02387341856956484,-0.06519155789698874,0.07918279840452203,0.11817105106488367,,
E2b_h0.03_e0.05_L2_alibi_learn_attn_s2,h3_q,3,q,True,alibi_learn,0.0,128,20000,0.0007165670394897461,-0.3264922469716769,-0.32817769131473223,-0.005162279835703387,-0.02387341856956484,-0.02317940592765819,0.07918279840452203,0.11817105106488367,,
E2b_h0.03_e0.05_L2_alibi_learn_attn_s2,h3_v,3,v,True,alibi_learn,0.0,128,20000,0.013280630111694336,-0.3264922469716769,-0.3264922469716769,0.0,-0.02387341856956484,-0.013269893186432994,0.07918279840452203,0.11817105106488367,,
E2b_h0.03_e0.1_L2_alibi_learn_attn_s0,h0_all,0,all,False,alibi_learn,0.0,128,20000,0.7621870040893555,-0.4054211272558458,-0.8443472835044357,-1.0826425332580172,-0.0008811035326549,-0.018955806110586466,0.15548050759304455,0.10938055182397506,,
E2b_h0.03_e0.1_L2_alibi_learn_attn_s0,h0_k,0,k,False,alibi_learn,0.0,128,20000,0.057219624519348145,-0.4054211272558458,-0.21973621998979057,0.45800500956349166,-0.0008811035326549,-0.07785527237824039,0.15548050759304455,0.10938055182397506,0.2546772048508261,0.12671704000004788
E2b_h0.03_e0.1_L2_alibi_learn_attn_s0,h0_q,0,q,False,alibi_learn,0.0,128,20000,0.12733399868011475,-0.4054211272558458,-1.3941508715625042,-2.438772125663567,-0.0008811035326549,0.0645746482270104,0.15548050759304455,0.10938055182397506,0.4062916485202498,0.07152885565547974
E2b_h0.03_e0.1_L2_alibi_learn_attn_s0,h0_v,0,v,False,alibi_learn,0.0,128,20000,0.2437272071838379,-0.4054211272558458,-0.4054211272558458,0.0,-0.0008811035326549,-0.006123102137020724,0.15548050759304455,0.10938055182397506,,
E2b_h0.03_e0.1_L2_alibi_learn_attn_s0,h1_all,1,all,False,alibi_learn,0.0,128,20000,0.05078685283660889,-0.4054211272558458,-0.3319885706465739,0.1811266154438257,-0.0008811035326549,-0.048232741015297995,0.15548050759304455,0.10938055182397506,,
E2b_h0.03_e0.1_L2_alibi_learn_attn_s0,h1_k,1,k,False,alibi_learn,0.0,128,20000,0.016033411026000977,-0.4054211272558458,-0.4465475353394643,-0.10144120599236861,-0.0008811035326549,-0.05862929863589157,0.15548050759304455,0.10938055182397506,0.24136850710399227,0.14567204314182824
E2b_h0.03_e0.1_L2_alibi_learn_attn_s0,h1_q,1,q,False,alibi_learn,0.0,128,20000,0.012735962867736816,-0.4054211272558458,-0.2962178923059883,0.26935753370579407,-0.0008811035326549,0.0016570504222597298,0.15548050759304455,0.10938055182397506,0.10345162200699431,0.11987372139857745
E2b_h0.03_e0.1_L2_alibi_learn_attn_s0,h1_v,1,v,False,alibi_learn,0.0,128,20000,0.03717148303985596,-0.4054211272558458,-0.4054211272558458,0.0,-0.0008811035326549,-0.004832015718732594,0.15548050759304455,0.10938055182397506,,
E2b_h0.03_e0.1_L2_alibi_learn_attn_s0,h2_all,2,all,False,alibi_learn,0.0,128,20000,0.015688419342041016,-0.4054211272558458,-0.22001879886004266,0.45730800871362287,-0.0008811035326549,0.0076281768935066736,0.15548050759304455,0.10938055182397506,,
E2b_h0.03_e0.1_L2_alibi_learn_attn_s0,h2_k,2,k,False,alibi_learn,0.0,128,20000,0.014990925788879395,-0.4054211272558458,-0.22541268056104907,0.4440036164696475,-0.0008811035326549,0.005979832581111314,0.15548050759304455,0.10938055182397506,0.0007106236140964617,0.1505650954788277
E2b_h0.03_e0.1_L2_alibi_learn_attn_s0,h2_q,2,q,False,alibi_learn,0.0,128,20000,0.00033020973205566406,-0.4054211272558458,-0.4000798111033663,0.013174735585767205,-0.0008811035326549,-0.0010024292128427256,0.15548050759304455,0.10938055182397506,0.15239573358233804,0.1089639300204528
E2b_h0.03_e0.1_L2_alibi_learn_attn_s0,h2_v,2,v,False,alibi_learn,0.0,128,20000,0.0008312463760375977,-0.4054211272558458,-0.4054211272558458,0.0,-0.0008811035326549,0.00030911522252213933,0.15548050759304455,0.10938055182397506,,
E2b_h0.03_e0.1_L2_alibi_learn_attn_s0,h3_all,3,all,True,alibi_learn,0.0,128,20000,2.0950517654418945,-0.4054211272558458,-0.20760002882831463,0.4879397868742391,-0.0008811035326549,-0.022728063698325845,0.15548050759304455,0.10938055182397506,,
E2b_h0.03_e0.1_L2_alibi_learn_attn_s0,h3_k,3,k,True,alibi_learn,0.0,128,20000,2.115553379058838,-0.4054211272558458,-0.2754143727428688,0.3206708920004919,-0.0008811035326549,-0.01946467810443469,0.15548050759304455,0.10938055182397506,,
E2b_h0.03_e0.1_L2_alibi_learn_attn_s0,h3_q,3,q,True,alibi_learn,0.0,128,20000,0.0015757083892822266,-0.4054211272558458,-0.3827231763108352,0.05598610782483171,-0.0008811035326549,-0.0029760671513421213,0.15548050759304455,0.10938055182397506,,
E2b_h0.03_e0.1_L2_alibi_learn_attn_s0,h3_v,3,v,True,alibi_learn,0.0,128,20000,0.026223421096801758,-0.4054211272558458,-0.4054211272558458,0.0,-0.0008811035326549,-0.009338569641113292,0.15548050759304455,0.10938055182397506,,
E2b_h0.03_e0.1_L2_alibi_learn_attn_s1,h0_all,0,all,False,alibi_learn,0.0,128,20000,0.16744613647460938,-0.35608583456183024,-0.25715702019492886,0.2778229425740425,0.0041448882647922795,-0.0001509279012680705,0.06415544924915595,0.1318131728072868,,
E2b_h0.03_e0.1_L2_alibi_learn_attn_s1,h0_k,0,k,False,alibi_learn,0.0,128,20000,0.015660762786865234,-0.35608583456183024,-0.2576786298224153,0.27635810017690454,0.0041448882647922795,0.009729421138763421,0.06415544924915595,0.1318131728072868,0.07138128166762903,0.124890323210887
E2b_h0.03_e0.1_L2_alibi_learn_attn_s1,h0_q,0,q,False,alibi_learn,0.0,128,20000,0.0004596710205078125,-0.35608583456183024,-0.35538472793476267,0.001968925913411579,0.0041448882647922795,0.004085562058857514,0.06415544924915595,0.1318131728072868,0.06354624777237117,0.13250452822822165
E2b_h0.03_e0.1_L2_alibi_learn_attn_s1,h0_v,0,v,False,alibi_learn,0.0,128,20000,0.1565535068511963,-0.35608583456183024,-0.35608583456183024,0.0,0.0041448882647922795,0.0025433570146560372,0.06415544924915595,0.1318131728072868,,
E2b_h0.03_e0.1_L2_alibi_learn_attn_s1,h1_all,1,all,False,alibi_learn,0.0,128,20000,0.13696110248565674,-0.35608583456183024,-0.12183296547229452,0.6578550628889461,0.0041448882647922795,-0.006445018308503277,0.06415544924915595,0.1318131728072868,,
E2b_h0.03_e0.1_L2_alibi_learn_attn_s1,h1_k,1,k,False,alibi_learn,0.0,128,20000,0.017847537994384766,-0.35608583456183024,-0.1479745528044078,0.5844413384584842,0.0041448882647922795,0.020338179383959043,0.06415544924915595,0.1318131728072868,0.03498062542451008,0.11601375855932412
E2b_h0.03_e0.1_L2_alibi_learn_attn_s1,h1_q,1,q,False,alibi_learn,0.0,128,20000,0.007561206817626953,-0.35608583456183024,-0.3084358758387951,0.13381593452508223,0.0041448882647922795,0.004709224190030772,0.06415544924915595,0.1318131728072868,0.02346783158831134,0.13883592642151205
E2b_h0.03_e0.1_L2_alibi_learn_attn_s1,h1_v,1,v,False,alibi_learn,0.0,128,20000,0.10567140579223633,-0.35608583456183024,-0.35608583456183024,0.0,0.0041448882647922795,-0.01571289130619599,0.06415544924915595,0.1318131728072868,,
E2b_h0.03_e0.1_L2_alibi_learn_attn_s1,h2_all,2,all,False,alibi_learn,0.0,128,20000,0.004989504814147949,-0.35608583456183024,-0.40521014022092455,-0.13795636021169622,0.0041448882647922795,-0.0028057038784027144,0.06415544924915595,0.1318131728072868,,
E2b_h0.03_e0.1_L2_alibi_learn_attn_s1,h2_k,2,k,False,alibi_learn,0.0,128,20000,0.0035109519958496094,-0.35608583456183024,-0.3932836781289434,-0.10446313769511706,0.0041448882647922795,-0.016820654273033187,0.06415544924915595,0.1318131728072868,0.17692975732008398,0.16608090103598433
E2b_h0.03_e0.1_L2_alibi_learn_attn_s1,h2_q,2,q,False,alibi_learn,0.0,128,20000,0.00028443336486816406,-0.35608583456183024,-0.3674401930089472,-0.03188657718184351,0.0041448882647922795,0.00340802286352426,0.06415544924915595,0.1318131728072868,0.07129269303339203,0.13103229633815514
E2b_h0.03_e0.1_L2_alibi_learn_attn_s1,h2_v,2,v,False,alibi_learn,0.0,128,20000,0.00042366981506347656,-0.35608583456183024,-0.35608583456183024,0.0,0.0041448882647922795,0.017130812576838808,0.06415544924915595,0.1318131728072868,,
E2b_h0.03_e0.1_L2_alibi_learn_attn_s1,h3_all,3,all,True,alibi_learn,0.0,128,20000,1.7893452644348145,-0.35608583456183024,-0.26961933838787255,0.2428248691227951,0.0041448882647922795,-0.00854340730501074,0.06415544924915595,0.1318131728072868,,
E2b_h0.03_e0.1_L2_alibi_learn_attn_s1,h3_k,3,k,True,alibi_learn,0.0,128,20000,1.8584063053131104,-0.35608583456183024,-0.24060475064312725,0.32430687410187053,0.0041448882647922795,-0.010435359898422456,0.06415544924915595,0.1318131728072868,,
E2b_h0.03_e0.1_L2_alibi_learn_attn_s1,h3_q,3,q,True,alibi_learn,0.0,128,20000,0.00487673282623291,-0.35608583456183024,-0.4075250523458693,-0.14445735491650735,0.0041448882647922795,0.0034239445413861923,0.06415544924915595,0.1318131728072868,,
E2b_h0.03_e0.1_L2_alibi_learn_attn_s1,h3_v,3,v,True,alibi_learn,0.0,128,20000,0.009123563766479492,-0.35608583456183024,-0.35608583456183024,0.0,0.0041448882647922795,0.0025473343474524085,0.06415544924915595,0.1318131728072868,,
E2b_h0.03_e0.1_L2_alibi_learn_attn_s2,h0_all,0,all,False,alibi_learn,0.0,128,20000,0.08134341239929199,-0.3724241139424533,-0.44171154244235855,-0.18604442061077586,0.004529032962662826,-0.033406633990151605,0.031433518449014985,0.11057389562590592,,
E2b_h0.03_e0.1_L2_alibi_learn_attn_s2,h0_k,0,k,False,alibi_learn,0.0,128,20000,0.02364325523376465,-0.3724241139424533,-0.39449418418069515,-0.05926058332960715,0.004529032962662826,-0.024458896688052574,0.031433518449014985,0.11057389562590592,0.21629951450874219,0.14636399844532805
E2b_h0.03_e0.1_L2_alibi_learn_attn_s2,h0_q,0,q,False,alibi_learn,0.0,128,20000,0.002692699432373047,-0.3724241139424533,-0.41449775049683923,-0.11297237471816102,0.004529032962662826,-0.0011322328022548205,0.031433518449014985,0.11057389562590592,0.08382341599144283,0.10895018981917115
E2b_h0.03_e0.1_L2_alibi_learn_attn_s2,h0_v,0,v,False,alibi_learn,0.0,128,20000,0.07171082496643066,-0.3724241139424533,-0.3724241139424533,0.0,0.004529032962662826,-0.00550054822649276,0.031433518449014985,0.11057389562590592,,
E2b_h0.03_e0.1_L2_alibi_learn_attn_s2,h1_all,1,all,False,alibi_learn,0.0,128,20000,0.05203080177307129,-0.3724241139424533,-0.19599547447043306,0.47373044028851974,0.004529032962662826,0.008250402552740869,0.031433518449014985,0.11057389562590592,,
E2b_h0.03_e0.1_L2_alibi_learn_attn_s2,h1_k,1,k,False,alibi_learn,0.0,128,20000,0.014494657516479492,-0.3724241139424533,-0.08990437029704716,0.7585968068895261,0.004529032962662826,0.02437513087476999,0.031433518449014985,0.11057389562590592,-0.03203859602607584,0.11928015620926456
E2b_h0.03_e0.1_L2_alibi_learn_attn_s2,h1_q,1,q,False,alibi_learn,0.0,128,20000,0.02809929847717285,-0.3724241139424533,-0.30160406441384474,0.1901596778439315,0.004529032962662826,0.021604646529470067,0.031433518449014985,0.11057389562590592,-0.039319213463202884,0.13707069812340117
E2b_h0.03_e0.1_L2_alibi_learn_attn_s2,h1_v,1,v,False,alibi_learn,0.0,128,20000,0.04259085655212402,-0.3724241139424533,-0.3724241139424533,0.0,0.004529032962662826,-0.0019994207790919654,0.031433518449014985,0.11057389562590592,,
E2b_h0.03_e0.1_L2_alibi_learn_attn_s2,h2_all,2,all,False,alibi_learn,0.0,128,20000,0.004451870918273926,-0.3724241139424533,-0.6422435549626305,-0.7244950875062552,0.004529032962662826,0.012579351663589458,0.031433518449014985,0.11057389562590592,,
E2b_h0.03_e0.1_L2_alibi_learn_attn_s2,h2_k,2,k,False,alibi_learn,0.0,128,20000,0.002574324607849121,-0.3724241139424533,-0.6311949171651676,-0.6948282711433111,0.004529032962662826,0.005581531780106635,0.031433518449014985,0.11057389562590592,0.12034979133256629,0.1273055421209277
E2b_h0.03_e0.1_L2_alibi_learn_attn_s2,h2_q,2,q,False,alibi_learn,0.0,128,20000,0.00014340877532958984,-0.3724241139424533,-0.3771079164646124,-0.012576528604919535,0.004529032962662826,0.004158246091433909,0.031433518449014985,0.11057389562590592,0.035254066097609615,0.10963763231273084
E2b_h0.03_e0.1_L2_alibi_learn_attn_s2,h2_v,2,v,False,alibi_learn,0.0,128,20000,0.0035598278045654297,-0.3724241139424533,-0.3724241139424533,0.0,0.004529032962662826,0.011419902529035311,0.031433518449014985,0.11057389562590592,,
E2b_h0.03_e0.1_L2_alibi_learn_attn_s2,h3_all,3,all,True,alibi_learn,0.0,128,20000,2.226151466369629,-0.3724241139424533,-0.29324361723021736,0.2126084046331942,0.004529032962662826,-0.01897339961890663,0.031433518449014985,0.11057389562590592,,
E2b_h0.03_e0.1_L2_alibi_learn_attn_s2,h3_k,3,k,True,alibi_learn,0.0,128,20000,2.233630418777466,-0.3724241139424533,-0.24583222628456072,0.3399132411642213,0.004529032962662826,-0.006683484571320676,0.031433518449014985,0.11057389562590592,,
E2b_h0.03_e0.1_L2_alibi_learn_attn_s2,h3_q,3,q,True,alibi_learn,0.0,128,20000,0.004296422004699707,-0.3724241139424533,-0.447239777631123,-0.20088834446480064,0.004529032962662826,0.00018816505159644387,0.031433518449014985,0.11057389562590592,,
E2b_h0.03_e0.1_L2_alibi_learn_attn_s2,h3_v,3,v,True,alibi_learn,0.0,128,20000,0.01466834545135498,-0.3724241139424533,-0.3724241139424533,0.0,0.004529032962662826,0.0045328617095946894,0.031433518449014985,0.11057389562590592,,
E2b_h0.03_e0.3_L2_alibi_learn_attn_s0,h0_all,0,all,False,alibi_learn,0.0,128,20000,1.7934205532073975,-0.22373404828106122,0.019860320323135564,1.0887675366164493,-0.019785785249301368,0.006109057845813886,0.2669779532088504,0.09830568122664454,,
E2b_h0.03_e0.3_L2_alibi_learn_attn_s0,h0_k,0,k,False,alibi_learn,0.0,128,20000,1.0832555294036865,-0.22373404828106122,-0.005272895625508291,0.9764323058290872,-0.019785785249301368,-0.016757714748382578,0.2669779532088504,0.09830568122664454,0.12083662916705706,0.18401832204371918
E2b_h0.03_e0.3_L2_alibi_learn_attn_s0,h0_q,0,q,False,alibi_learn,0.0,128,20000,0.1968235969543457,-0.22373404828106122,-0.7106385190409095,-2.176264518077216,-0.019785785249301368,0.043494927031653266,0.2669779532088504,0.09830568122664454,0.46698340554699946,0.022440599010515903
E2b_h0.03_e0.3_L2_alibi_learn_attn_s0,h0_v,0,v,False,alibi_learn,0.0,128,20000,1.103747844696045,-0.22373404828106122,-0.22373404828106122,0.0,-0.019785785249301368,-0.003398151695728302,0.2669779532088504,0.09830568122664454,,
E2b_h0.03_e0.3_L2_alibi_learn_attn_s0,h1_all,1,all,False,alibi_learn,0.0,128,20000,0.03480195999145508,-0.22373404828106122,-0.22495916390819035,-0.005475767486181171,-0.019785785249301368,-0.034267955592700426,0.2669779532088504,0.09830568122664454,,
E2b_h0.03_e0.3_L2_alibi_learn_attn_s0,h1_k,1,k,False,alibi_learn,0.0,128,20000,0.011504173278808594,-0.22373404828106122,-0.23165749532809776,-0.03541457863884401,-0.019785785249301368,-0.030395608288901203,0.2669779532088504,0.09830568122664454,0.19560826175007784,0.1146214266396529
E2b_h0.03_e0.3_L2_alibi_learn_attn_s0,h1_q,1,q,False,alibi_learn,0.0,128,20000,0.0004889965057373047,-0.22373404828106122,-0.21494244116766545,0.03929490026637117,-0.019785785249301368,-0.01942784722362246,0.2669779532088504,0.09830568122664454,0.25903501035835996,0.09834072328075445
E2b_h0.03_e0.3_L2_alibi_learn_attn_s0,h1_v,1,v,False,alibi_learn,0.0,128,20000,0.025423288345336914,-0.22373404828106122,-0.22373404828106122,0.0,-0.019785785249301368,-0.028977287028517047,0.2669779532088504,0.09830568122664454,,
E2b_h0.03_e0.3_L2_alibi_learn_attn_s0,h2_all,2,all,False,alibi_learn,0.0,128,20000,0.010971784591674805,-0.22373404828106122,-0.25856947906480127,-0.15570017639862654,-0.019785785249301368,-0.01219023444822857,0.2669779532088504,0.09830568122664454,,
E2b_h0.03_e0.3_L2_alibi_learn_attn_s0,h2_k,2,k,False,alibi_learn,0.0,128,20000,0.0026221275329589844,-0.22373404828106122,-0.28408894178053906,-0.2697617727975774,-0.019785785249301368,-0.02874783596822195,0.2669779532088504,0.09830568122664454,0.2486778118497045,0.09768825762322254
E2b_h0.03_e0.3_L2_alibi_learn_attn_s0,h2_q,2,q,False,alibi_learn,0.0,128,20000,0.0006225109100341797,-0.22373404828106122,-0.202715665360019,0.0939436043933658,-0.019785785249301368,-0.019498367394719805,0.2669779532088504,0.09830568122664454,0.24362104100478776,0.09502212032767113
E2b_h0.03_e0.3_L2_alibi_learn_attn_s0,h2_v,2,v,False,alibi_learn,0.0,128,20000,0.0075643062591552734,-0.22373404828106122,-0.22373404828106122,0.0,-0.019785785249301368,-0.003876889177731107,0.2669779532088504,0.09830568122664454,,
E2b_h0.03_e0.3_L2_alibi_learn_attn_s0,h3_all,3,all,True,alibi_learn,0.0,128,20000,1.8223960399627686,-0.22373404828106122,-0.029436283131524726,0.8684318128703146,-0.019785785249301368,0.016629971164677817,0.2669779532088504,0.09830568122664454,,
E2b_h0.03_e0.3_L2_alibi_learn_attn_s0,h3_k,3,k,True,alibi_learn,0.0,128,20000,1.806044340133667,-0.22373404828106122,-0.04137928489299252,0.8150514630611312,-0.019785785249301368,0.012954138831368511,0.2669779532088504,0.09830568122664454,,
E2b_h0.03_e0.3_L2_alibi_learn_attn_s0,h3_q,3,q,True,alibi_learn,0.0,128,20000,0.024678707122802734,-0.22373404828106122,-0.16782403099090443,0.24989498790957831,-0.019785785249301368,-0.018369269371032726,0.2669779532088504,0.09830568122664454,,
E2b_h0.03_e0.3_L2_alibi_learn_attn_s0,h3_v,3,v,True,alibi_learn,0.0,128,20000,0.08127808570861816,-0.22373404828106122,-0.22373404828106122,0.0,-0.019785785249301368,-0.03400106110743114,0.2669779532088504,0.09830568122664454,,
E2b_h0.03_e0.3_L2_alibi_learn_attn_s1,h0_all,0,all,False,alibi_learn,0.0,128,20000,0.04920768737792969,-0.24777679673718717,-0.3030271956970209,-0.22298455580744703,-0.012058390464101532,-0.029462104822908137,0.24323888994415988,0.10778563183675745,,
E2b_h0.03_e0.3_L2_alibi_learn_attn_s1,h0_k,0,k,False,alibi_learn,0.0,128,20000,0.026198148727416992,-0.24777679673718717,-0.2782764718727058,-0.12309334666179073,-0.012058390464101532,-0.016451782413891402,0.24323888994415988,0.10778563183675745,0.2875391028158204,0.10646368053773188
E2b_h0.03_e0.3_L2_alibi_learn_attn_s1,h0_q,0,q,False,alibi_learn,0.0,128,20000,0.0002532005310058594,-0.24777679673718717,-0.2662097173897387,-0.07439324785566193,-0.012058390464101532,-0.010986239356654045,0.24323888994415988,0.10778563183675745,0.2720899801906401,0.0966081396728438
E2b_h0.03_e0.3_L2_alibi_learn_attn_s1,h0_v,0,v,False,alibi_learn,0.0,128,20000,0.028397560119628906,-0.24777679673718717,-0.24777679673718717,0.0,-0.012058390464101532,-0.018545181410653266,0.24323888994415988,0.10778563183675745,,
E2b_h0.03_e0.3_L2_alibi_learn_attn_s1,h1_all,1,all,False,alibi_learn,0.0,128,20000,0.04466104507446289,-0.24777679673718717,0.060607536488680676,1.2446053758333397,-0.012058390464101532,-0.007437085679599237,0.24323888994415988,0.10778563183675745,,
E2b_h0.03_e0.3_L2_alibi_learn_attn_s1,h1_k,1,k,False,alibi_learn,0.0,128,20000,0.0070421695709228516,-0.24777679673718717,0.061192179775914055,1.2469649320748126,-0.012058390464101532,-0.0020374936716897273,0.24323888994415988,0.10778563183675745,0.22113204784877638,0.09953944161756012
E2b_h0.03_e0.3_L2_alibi_learn_attn_s1,h1_q,1,q,False,alibi_learn,0.0,128,20000,0.026120901107788086,-0.24777679673718717,-0.20869888642528475,0.1577141638220132,-0.012058390464101532,-0.010720264698777904,0.24323888994415988,0.10778563183675745,0.06021204750048492,0.13421625427301967
E2b_h0.03_e0.3_L2_alibi_learn_attn_s1,h1_v,1,v,False,alibi_learn,0.0,128,20000,0.033530235290527344,-0.24777679673718717,-0.24777679673718717,0.0,-0.012058390464101532,-0.019696589240006054,0.24323888994415988,0.10778563183675745,,
E2b_h0.03_e0.3_L2_alibi_learn_attn_s1,h2_all,2,all,False,alibi_learn,0.0,128,20000,0.005271196365356445,-0.24777679673718717,-0.3460635906580686,-0.39667472989867014,-0.012058390464101532,0.009116325633866452,0.24323888994415988,0.10778563183675745,,
E2b_h0.03_e0.3_L2_alibi_learn_attn_s1,h2_k,2,k,False,alibi_learn,0.0,128,20000,0.0010833740234375,-0.24777679673718717,-0.35501035693103994,-0.4327828981807109,-0.012058390464101532,-0.01458700597286226,0.24323888994415988,0.10778563183675745,0.24958773919737087,0.10956940212419768
E2b_h0.03_e0.3_L2_alibi_learn_attn_s1,h2_q,2,q,False,alibi_learn,0.0,128,20000,0.0010669231414794922,-0.24777679673718717,-0.23919224112951176,0.034646325728316274,-0.012058390464101532,-0.011739963931696766,0.24323888994415988,0.10778563183675745,0.2264752705797507,0.11160514913588088
E2b_h0.03_e0.3_L2_alibi_learn_attn_s1,h2_v,2,v,False,alibi_learn,0.0,128,20000,0.0040035247802734375,-0.24777679673718717,-0.24777679673718717,0.0,-0.012058390464101532,0.010961610504559112,0.24323888994415988,0.10778563183675745,,
E2b_h0.03_e0.3_L2_alibi_learn_attn_s1,h3_all,3,all,True,alibi_learn,0.0,128,20000,2.0127947330474854,-0.24777679673718717,-0.055365580413114464,0.7765505844688119,-0.012058390464101532,0.013918012673301356,0.24323888994415988,0.10778563183675745,,
E2b_h0.03_e0.3_L2_alibi_learn_attn_s1,h3_k,3,k,True,alibi_learn,0.0,128,20000,2.0121967792510986,-0.24777679673718717,-0.051543751576255195,0.7919750668545174,-0.012058390464101532,0.012290737432028567,0.24323888994415988,0.10778563183675745,,
E2b_h0.03_e0.3_L2_alibi_learn_attn_s1,h3_q,3,q,True,alibi_learn,0.0,128,20000,0.005871772766113281,-0.24777679673718717,-0.276499824527393,-0.11592299266291639,-0.012058390464101532,-0.008970880721296601,0.24323888994415988,0.10778563183675745,,
E2b_h0.03_e0.3_L2_alibi_learn_attn_s1,h3_v,3,v,True,alibi_learn,0.0,128,20000,0.017167329788208008,-0.24777679673718717,-0.24777679673718717,0.0,-0.012058390464101532,-0.012177589748586931,0.24323888994415988,0.10778563183675745,,
E2b_h0.03_e0.3_L2_alibi_learn_attn_s2,h0_all,0,all,False,alibi_learn,0.0,128,20000,1.357194185256958,-0.19271046054146918,0.040595601665171975,1.2106559319670986,-0.0015891473208155128,0.019849389778184037,0.2849388683548376,0.10544564904007199,,
E2b_h0.03_e0.3_L2_alibi_learn_attn_s2,h0_k,0,k,False,alibi_learn,0.0,128,20000,0.2032783031463623,-0.19271046054146918,0.03891646232446213,1.2019426564345101,-0.0015891473208155128,-0.006374956454549533,0.2849388683548376,0.10544564904007199,0.20178589951051285,0.10951046431471186
E2b_h0.03_e0.3_L2_alibi_learn_attn_s2,h0_q,0,q,False,alibi_learn,0.0,128,20000,0.11540460586547852,-0.19271046054146918,-0.5276077063915195,-1.7378259846874484,-0.0015891473208155128,0.044607858572687405,0.2849388683548376,0.10544564904007199,0.3995916551023252,0.05466246796913492
E2b_h0.03_e0.3_L2_alibi_learn_attn_s2,h0_v,0,v,False,alibi_learn,0.0,128,20000,0.17041015625,-0.19271046054146918,-0.19271046054146918,0.0,-0.0015891473208155128,-0.007859908257211955,0.2849388683548376,0.10544564904007199,,
E2b_h0.03_e0.3_L2_alibi_learn_attn_s2,h1_all,1,all,False,alibi_learn,0.0,128,20000,0.029542922973632812,-0.19271046054146918,-0.09457637650517015,0.5092307068363923,-0.0015891473208155128,-0.023403381024088187,0.2849388683548376,0.10544564904007199,,
E2b_h0.03_e0.3_L2_alibi_learn_attn_s2,h1_k,1,k,False,alibi_learn,0.0,128,20000,0.011450529098510742,-0.19271046054146918,-0.10954519063125741,0.43155555581434313,-0.0015891473208155128,-0.002898891057286982,0.2849388683548376,0.10544564904007199,0.23798541398361284,0.11014408962871672
E2b_h0.03_e0.3_L2_alibi_learn_attn_s2,h1_q,1,q,False,alibi_learn,0.0,128,20000,0.0010581016540527344,-0.19271046054146918,-0.16905254904246883,0.12276402346051896,-0.0015891473208155128,-0.00014988545860565353,0.2849388683548376,0.10544564904007199,0.26922042809690205,0.10064894414634705
E2b_h0.03_e0.3_L2_alibi_learn_attn_s2,h1_v,1,v,False,alibi_learn,0.0,128,20000,0.019999027252197266,-0.19271046054146918,-0.19271046054146918,0.0,-0.0015891473208155128,-0.025671448877879588,0.2849388683548376,0.10544564904007199,,
E2b_h0.03_e0.3_L2_alibi_learn_attn_s2,h2_all,2,all,False,alibi_learn,0.0,128,20000,0.009103536605834961,-0.19271046054146918,-0.31772739354426677,-0.6487293562141394,-0.0015891473208155128,0.00943858815090996,0.2849388683548376,0.10544564904007199,,
E2b_h0.03_e0.3_L2_alibi_learn_attn_s2,h2_k,2,k,False,alibi_learn,0.0,128,20000,0.004783153533935547,-0.19271046054146918,-0.3261679373029683,-0.6925284511619987,-0.0015891473208155128,-0.021876988453524475,0.2849388683548376,0.10544564904007199,0.2511279106149793,0.10644881960724725
E2b_h0.03_e0.3_L2_alibi_learn_attn_s2,h2_q,2,q,False,alibi_learn,0.0,128,20000,0.00027561187744140625,-0.19271046054146918,-0.18493084094540338,0.040369472286076014,-0.0015891473208155128,-0.0010089863623891566,0.2849388683548376,0.10544564904007199,0.2796986531522371,0.10298013326238546
E2b_h0.03_e0.3_L2_alibi_learn_attn_s2,h2_v,2,v,False,alibi_learn,0.0,128,20000,0.004445552825927734,-0.19271046054146918,-0.19271046054146918,0.0,-0.0015891473208155128,0.02543735589299882,0.2849388683548376,0.10544564904007199,,
E2b_h0.03_e0.3_L2_alibi_learn_attn_s2,h3_all,3,all,True,alibi_learn,0.0,128,20000,1.9828975200653076,-0.19271046054146918,0.008625191257695302,1.044757255176811,-0.0015891473208155128,0.03217301437897341,0.2849388683548376,0.10544564904007199,,
E2b_h0.03_e0.3_L2_alibi_learn_attn_s2,h3_k,3,k,True,alibi_learn,0.0,128,20000,1.995751142501831,-0.19271046054146918,-0.02332960736885599,0.8789395899770801,-0.0015891473208155128,0.031091274108205523,0.2849388683548376,0.10544564904007199,,
E2b_h0.03_e0.3_L2_alibi_learn_attn_s2,h3_q,3,q,True,alibi_learn,0.0,128,20000,0.17599701881408691,-0.19271046054146918,-0.11995762010019764,0.37752408580651964,-0.0015891473208155128,-0.0040087161319596705,0.2849388683548376,0.10544564904007199,,
E2b_h0.03_e0.3_L2_alibi_learn_attn_s2,h3_v,3,v,True,alibi_learn,0.0,128,20000,0.0314481258392334,-0.19271046054146918,-0.19271046054146918,0.0,-0.0015891473208155128,-0.014380271519933449,0.2849388683548376,0.10544564904007199,,
E2c_h0.01_e0.1_L2_alibi_learn_attn_cf0.2_s0,h0_all,0,all,False,alibi_learn,0.2,128,20000,0.23321986198425293,-0.25971530135839194,0.03172460480146729,1.1221514659919447,0.09038298938955579,-0.020435322182519144,0.06473153704614754,0.04015467802610648,,
E2c_h0.01_e0.1_L2_alibi_learn_attn_cf0.2_s0,h0_k,0,k,False,alibi_learn,0.2,128,20000,0.03053295612335205,-0.25971530135839194,0.02853410100960524,1.1098668459669607,0.09038298938955579,0.09479977978127338,0.06473153704614754,0.04015467802610648,0.07838939260735589,0.029180352698894105
E2c_h0.01_e0.1_L2_alibi_learn_attn_cf0.2_s0,h0_q,0,q,False,alibi_learn,0.2,128,20000,0.0013365745544433594,-0.25971530135839194,-0.2755235140140888,-0.06086746746539373,0.09038298938955579,0.0956982897860663,0.06473153704614754,0.04015467802610648,0.046331043409780115,0.04065288107155093
E2c_h0.01_e0.1_L2_alibi_learn_attn_cf0.2_s0,h0_v,0,v,False,alibi_learn,0.2,128,20000,0.18167805671691895,-0.25971530135839194,-0.25971530135839194,0.0,0.09038298938955579,0.0036545532090323054,0.06473153704614754,0.04015467802610648,,
E2c_h0.01_e0.1_L2_alibi_learn_attn_cf0.2_s0,h1_all,1,all,False,alibi_learn,0.2,128,20000,0.004167318344116211,-0.25971530135839194,-0.279653685820175,-0.0767701570046091,0.09038298938955579,0.12492564618587489,0.06473153704614754,0.04015467802610648,,
E2c_h0.01_e0.1_L2_alibi_learn_attn_cf0.2_s0,h1_k,1,k,False,alibi_learn,0.2,128,20000,0.0016518831253051758,-0.25971530135839194,-0.2795909969984018,-0.07652878184709855,0.09038298938955579,0.09180413441998621,0.06473153704614754,0.04015467802610648,0.07827941073521605,0.041952590059264584
E2c_h0.01_e0.1_L2_alibi_learn_attn_cf0.2_s0,h1_q,1,q,False,alibi_learn,0.2,128,20000,-2.956390380859375e-05,-0.25971530135839194,-0.2597173252341539,-7.79267047956722e-06,0.09038298938955579,0.09000799996512275,0.06473153704614754,0.04015467802610648,0.06527113994474554,0.04008878925642279
E2c_h0.01_e0.1_L2_alibi_learn_attn_cf0.2_s0,h1_v,1,v,False,alibi_learn,0.2,128,20000,0.002971053123474121,-0.25971530135839194,-0.25971530135839194,0.0,0.09038298938955579,0.124061267716544,0.06473153704614754,0.04015467802610648,,
E2c_h0.01_e0.1_L2_alibi_learn_attn_cf0.2_s0,h2_all,2,all,False,alibi_learn,0.2,128,20000,0.0038962364196777344,-0.25971530135839194,-0.27881187740815816,-0.07352888316508577,0.09038298938955579,0.08019725297178545,0.06473153704614754,0.04015467802610648,,
E2c_h0.01_e0.1_L2_alibi_learn_attn_cf0.2_s0,h2_k,2,k,False,alibi_learn,0.2,128,20000,0.003955364227294922,-0.25971530135839194,-0.2683159060179347,-0.03311551000098545,0.09038298938955579,0.08018389429364882,0.06473153704614754,0.04015467802610648,0.12135999288013022,0.04328739230454918
E2c_h0.01_e0.1_L2_alibi_learn_attn_cf0.2_s0,h2_q,2,q,False,alibi_learn,0.2,128,20000,2.8371810913085938e-05,-0.25971530135839194,-0.26995205604425054,-0.03941529294699686,0.09038298938955579,0.08957852976662765,0.06473153704614754,0.04015467802610648,0.06257376449871788,0.040179889352195464
E2c_h0.01_e0.1_L2_alibi_learn_attn_cf0.2_s0,h2_v,2,v,False,alibi_learn,0.2,128,20000,0.0003069639205932617,-0.25971530135839194,-0.25971530135839194,0.0,0.09038298938955579,0.09167232939175196,0.06473153704614754,0.04015467802610648,,
E2c_h0.01_e0.1_L2_alibi_learn_attn_cf0.2_s0,h3_all,3,all,True,alibi_learn,0.2,128,20000,2.7083297967910767,-0.25971530135839194,-0.11126236003028471,0.5715987489056367,0.09038298938955579,-0.06940557839615005,0.06473153704614754,0.04015467802610648,,
E2c_h0.01_e0.1_L2_alibi_learn_attn_cf0.2_s0,h3_k,3,k,True,alibi_learn,0.2,128,20000,2.730888247489929,-0.25971530135839194,-0.09806313367757595,0.6224206538287301,0.09038298938955579,-0.05230641279901781,0.06473153704614754,0.04015467802610648,,
E2c_h0.01_e0.1_L2_alibi_learn_attn_cf0.2_s0,h3_q,3,q,True,alibi_learn,0.2,128,20000,0.0018756389617919922,-0.25971530135839194,-0.3017955227787592,-0.16202442135782769,0.09038298938955579,0.08877368313925606,0.06473153704614754,0.04015467802610648,,
E2c_h0.01_e0.1_L2_alibi_learn_attn_cf0.2_s0,h3_v,3,v,True,alibi_learn,0.2,128,20000,0.0021065473556518555,-0.25971530135839194,-0.25971530135839194,0.0,0.09038298938955579,0.0865167409181594,0.06473153704614754,0.04015467802610648,,
E2c_h0.01_e0.1_L2_alibi_learn_attn_cf0.2_s1,h0_all,0,all,False,alibi_learn,0.2,128,20000,0.21428728103637695,-0.2740315269401457,0.026492578397713983,1.0966771184817012,0.10320872877325328,0.0007951378822326361,0.057151632419519816,0.040658167990232856,,
E2c_h0.01_e0.1_L2_alibi_learn_attn_cf0.2_s1,h0_k,0,k,False,alibi_learn,0.2,128,20000,0.029955148696899414,-0.2740315269401457,0.02427446381634377,1.0885827411444007,0.10320872877325328,0.09585635789803096,0.057151632419519816,0.040658167990232856,0.07562954691050772,0.029336470314004565
E2c_h0.01_e0.1_L2_alibi_learn_attn_cf0.2_s1,h0_q,0,q,False,alibi_learn,0.2,128,20000,0.00148773193359375,-0.2740315269401457,-0.28855827076487567,-0.05301121366193362,0.10320872877325328,0.110001283458301,0.057151632419519816,0.040658167990232856,0.03996766980175903,0.04094214858248113
E2c_h0.01_e0.1_L2_alibi_learn_attn_cf0.2_s1,h0_v,0,v,False,alibi_learn,0.2,128,20000,0.16312599182128906,-0.2740315269401457,-0.2740315269401457,0.0,0.10320872877325328,0.032902541756629954,0.057151632419519816,0.040658167990232856,,
E2c_h0.01_e0.1_L2_alibi_learn_attn_cf0.2_s1,h1_all,1,all,False,alibi_learn,0.2,128,20000,0.004484415054321289,-0.2740315269401457,-0.29469768678948494,-0.07541526363808915,0.10320872877325328,0.12546279834849486,0.057151632419519816,0.040658167990232856,,
E2c_h0.01_e0.1_L2_alibi_learn_attn_cf0.2_s1,h1_k,1,k,False,alibi_learn,0.2,128,20000,0.0007512569427490234,-0.2740315269401457,-0.2928004555728718,-0.06849185873720898,0.10320872877325328,0.10419195464679169,0.057151632419519816,0.040658167990232856,0.07854297701254431,0.04364085101858771
E2c_h0.01_e0.1_L2_alibi_learn_attn_cf0.2_s1,h1_q,1,q,False,alibi_learn,0.2,128,20000,1.4781951904296875e-05,-0.2740315269401457,-0.2756997522754094,-0.006087713168959841,0.10320872877325328,0.10316030851432255,0.057151632419519816,0.040658167990232856,0.056352312137952,0.04062845641745656
E2c_h0.01_e0.1_L2_alibi_learn_attn_cf0.2_s1,h1_v,1,v,False,alibi_learn,0.2,128,20000,0.00403594970703125,-0.2740315269401457,-0.2740315269401457,0.0,0.10320872877325328,0.12483175247907641,0.057151632419519816,0.040658167990232856,,
E2c_h0.01_e0.1_L2_alibi_learn_attn_cf0.2_s1,h2_all,2,all,False,alibi_learn,0.2,128,20000,0.0034068822860717773,-0.2740315269401457,-0.2976559787455436,-0.08621070746563397,0.10320872877325328,0.09251637501376012,0.057151632419519816,0.040658167990232856,,
E2c_h0.01_e0.1_L2_alibi_learn_attn_cf0.2_s1,h2_k,2,k,False,alibi_learn,0.2,128,20000,0.0032684803009033203,-0.2740315269401457,-0.2857487486793226,-0.042758663099870864,0.10320872877325328,0.09093589442116876,0.057151632419519816,0.040658167990232856,0.10706710573260714,0.04417636143310808
E2c_h0.01_e0.1_L2_alibi_learn_attn_cf0.2_s1,h2_q,2,q,False,alibi_learn,0.2,128,20000,0.0001779794692993164,-0.2740315269401457,-0.2856278271945948,-0.04231739458570383,0.10320872877325328,0.1035224433456148,0.057151632419519816,0.040658167990232856,0.053027409896916455,0.0405819197780979
E2c_h0.01_e0.1_L2_alibi_learn_attn_cf0.2_s1,h2_v,2,v,False,alibi_learn,0.2,128,20000,0.0003076791763305664,-0.2740315269401457,-0.2740315269401457,0.0,0.10320872877325328,0.10464455825941901,0.057151632419519816,0.040658167990232856,,
E2c_h0.01_e0.1_L2_alibi_learn_attn_cf0.2_s1,h3_all,3,all,True,alibi_learn,0.2,128,20000,2.720680832862854,-0.2740315269401457,-0.1335642062298083,0.5125954749762003,0.10320872877325328,-0.12793791834264998,0.057151632419519816,0.040658167990232856,,
E2c_h0.01_e0.1_L2_alibi_learn_attn_cf0.2_s1,h3_k,3,k,True,alibi_learn,0.2,128,20000,2.747435688972473,-0.2740315269401457,-0.12114430441685028,0.5579183688477174,0.10320872877325328,-0.09330190598432504,0.057151632419519816,0.040658167990232856,,
E2c_h0.01_e0.1_L2_alibi_learn_attn_cf0.2_s1,h3_q,3,q,True,alibi_learn,0.2,128,20000,0.0011377334594726562,-0.2740315269401457,-0.30453573546996543,-0.11131641994055119,0.10320872877325328,0.10316170326301033,0.057151632419519816,0.040658167990232856,,
E2c_h0.01_e0.1_L2_alibi_learn_attn_cf0.2_s1,h3_v,3,v,True,alibi_learn,0.2,128,20000,0.003824949264526367,-0.2740315269401457,-0.2740315269401457,0.0,0.10320872877325328,0.1001819448811667,0.057151632419519816,0.040658167990232856,,
E2c_h0.01_e0.1_L2_alibi_learn_attn_cf0.2_s2,h0_all,0,all,False,alibi_learn,0.2,128,20000,0.19958412647247314,-0.2739806755321712,0.007627984765865628,1.027841324031519,0.09789053073951175,-0.0058358320168086925,0.05176054478343339,0.03963888956012817,,
E2c_h0.01_e0.1_L2_alibi_learn_attn_cf0.2_s2,h0_k,0,k,False,alibi_learn,0.2,128,20000,0.031476497650146484,-0.2739806755321712,0.007268780840043114,1.0265302683334308,0.09789053073951175,0.09536702994789382,0.05176054478343339,0.03963888956012817,0.07208508891266041,0.02941554975095733
E2c_h0.01_e0.1_L2_alibi_learn_attn_cf0.2_s2,h0_q,0,q,False,alibi_learn,0.2,128,20000,0.001894831657409668,-0.2739806755321712,-0.2861462804498711,-0.04440314958005653,0.09789053073951175,0.10370518820626394,0.05176054478343339,0.03963888956012817,0.03527958491841332,0.039966039195043074
E2c_h0.01_e0.1_L2_alibi_learn_attn_cf0.2_s2,h0_v,0,v,False,alibi_learn,0.2,128,20000,0.14769530296325684,-0.2739806755321712,-0.2739806755321712,0.0,0.09789053073951175,0.022449208157403117,0.05176054478343339,0.03963888956012817,,
E2c_h0.01_e0.1_L2_alibi_learn_attn_cf0.2_s2,h1_all,1,all,False,alibi_learn,0.2,128,20000,0.0033605098724365234,-0.2739806755321712,-0.28900770002407394,-0.0548470232899263,0.09789053073951175,0.11841684707573485,0.05176054478343339,0.03963888956012817,,
E2c_h0.01_e0.1_L2_alibi_learn_attn_cf0.2_s2,h1_k,1,k,False,alibi_learn,0.2,128,20000,0.0009285211563110352,-0.2739806755321712,-0.2886769249257123,-0.05363972975464626,0.09789053073951175,0.09985317289829254,0.05176054478343339,0.03963888956012817,0.07615942793132413,0.04241328988447094
E2c_h0.01_e0.1_L2_alibi_learn_attn_cf0.2_s2,h1_q,1,q,False,alibi_learn,0.2,128,20000,9.5367431640625e-07,-0.2739806755321712,-0.27420389007511076,-0.0008147090757624209,0.09789053073951175,0.09697851666382377,0.05176054478343339,0.03963888956012817,0.052720278061196946,0.039575877455795085
E2c_h0.01_e0.1_L2_alibi_learn_attn_cf0.2_s2,h1_v,1,v,False,alibi_learn,0.2,128,20000,0.0028318166732788086,-0.2739806755321712,-0.2739806755321712,0.0,0.09789053073951175,0.1175032006842749,0.05176054478343339,0.03963888956012817,,
E2c_h0.01_e0.1_L2_alibi_learn_attn_cf0.2_s2,h2_all,2,all,False,alibi_learn,0.2,128,20000,0.0031647682189941406,-0.2739806755321712,-0.29730978951363524,-0.0851487570652576,0.09789053073951175,0.08954346052237912,0.05176054478343339,0.03963888956012817,,
E2c_h0.01_e0.1_L2_alibi_learn_attn_cf0.2_s2,h2_k,2,k,False,alibi_learn,0.2,128,20000,0.002713441848754883,-0.2739806755321712,-0.28416273525089486,-0.037163422927351863,0.09789053073951175,0.0875355337347303,0.05176054478343339,0.03963888956012817,0.09763268195952202,0.04243559145512848
E2c_h0.01_e0.1_L2_alibi_learn_attn_cf0.2_s2,h2_q,2,q,False,alibi_learn,0.2,128,20000,0.0005990266799926758,-0.2739806755321712,-0.28660879047409754,-0.04609126142709852,0.09789053073951175,0.09789424198014395,0.05176054478343339,0.03963888956012817,0.0481263723128833,0.039659682906160273
E2c_h0.01_e0.1_L2_alibi_learn_attn_cf0.2_s2,h2_v,2,v,False,alibi_learn,0.2,128,20000,7.927417755126953e-05,-0.2739806755321712,-0.2739806755321712,0.0,0.09789053073951175,0.10005692924771983,0.05176054478343339,0.03963888956012817,,
E2c_h0.01_e0.1_L2_alibi_learn_attn_cf0.2_s2,h3_all,3,all,True,alibi_learn,0.2,128,20000,2.6706526279449463,-0.2739806755321712,-0.12846179950775616,0.5311282474275381,0.09789053073951175,-0.07794145515986853,0.05176054478343339,0.03963888956012817,,
E2c_h0.01_e0.1_L2_alibi_learn_attn_cf0.2_s2,h3_k,3,k,True,alibi_learn,0.2,128,20000,2.6827077865600586,-0.2739806755321712,-0.10723729798525442,0.6085953953615153,0.09789053073951175,-0.05963439510336943,0.05176054478343339,0.03963888956012817,,
E2c_h0.01_e0.1_L2_alibi_learn_attn_cf0.2_s2,h3_q,3,q,True,alibi_learn,0.2,128,20000,0.00470280647277832,-0.2739806755321712,-0.33637068485184013,-0.2277168241828902,0.09789053073951175,0.09666018869195665,0.05176054478343339,0.03963888956012817,,
E2c_h0.01_e0.1_L2_alibi_learn_attn_cf0.2_s2,h3_v,3,v,True,alibi_learn,0.2,128,20000,0.002504587173461914,-0.2739806755321712,-0.2739806755321712,0.0,0.09789053073951175,0.09434495695999685,0.05176054478343339,0.03963888956012817,,
E2c_h0.03_e0.2_L2_alibi_learn_attn_cf0.2_s0,h0_all,0,all,False,alibi_learn,0.2,128,20000,0.07835912704467773,-0.3267779409685349,0.0016059362119489147,1.0049144572218953,0.03735596409865788,-0.01105944684573584,0.10190027745931818,0.0902797068979421,,
E2c_h0.03_e0.2_L2_alibi_learn_attn_cf0.2_s0,h0_k,0,k,False,alibi_learn,0.2,128,20000,0.020200014114379883,-0.3267779409685349,0.0013114509075349882,1.0040132785696856,0.03735596409865788,0.04033332041331699,0.10190027745931818,0.0902797068979421,0.10797736872862751,0.07780546805418886
E2c_h0.03_e0.2_L2_alibi_learn_attn_cf0.2_s0,h0_q,0,q,False,alibi_learn,0.2,128,20000,0.0006891489028930664,-0.3267779409685349,-0.35927107047016676,-0.09943489271437866,0.03735596409865788,0.038829242757388506,0.10190027745931818,0.0902797068979421,0.08754654930833294,0.08793861285388428
E2c_h0.03_e0.2_L2_alibi_learn_attn_cf0.2_s0,h0_v,0,v,False,alibi_learn,0.2,128,20000,0.07196807861328125,-0.3267779409685349,-0.3267779409685349,0.0,0.03735596409865788,-0.004661841903414058,0.10190027745931818,0.0902797068979421,,
E2c_h0.03_e0.2_L2_alibi_learn_attn_cf0.2_s0,h1_all,1,all,False,alibi_learn,0.2,128,20000,0.00027680397033691406,-0.3267779409685349,-0.3302122219963653,-0.010509525268601605,0.03735596409865788,0.04297418977533065,0.10190027745931818,0.0902797068979421,,
E2c_h0.03_e0.2_L2_alibi_learn_attn_cf0.2_s0,h1_k,1,k,False,alibi_learn,0.2,128,20000,9.512901306152344e-05,-0.3267779409685349,-0.32869756543867895,-0.00587440040920284,0.03735596409865788,0.03740097326891762,0.10190027745931818,0.0902797068979421,0.10085869301923167,0.09018314063324046
E2c_h0.03_e0.2_L2_alibi_learn_attn_cf0.2_s0,h1_q,1,q,False,alibi_learn,0.2,128,20000,-5.805492401123047e-05,-0.3267779409685349,-0.32826128865503174,-0.004539314012752316,0.03735596409865788,0.037411579063960476,0.10190027745931818,0.0902797068979421,0.10096193446813062,0.09009565967915574
E2c_h0.03_e0.2_L2_alibi_learn_attn_cf0.2_s0,h1_v,1,v,False,alibi_learn,0.2,128,20000,0.00029921531677246094,-0.3267779409685349,-0.3267779409685349,0.0,0.03735596409865788,0.0430014133453369,0.10190027745931818,0.0902797068979421,,
E2c_h0.03_e0.2_L2_alibi_learn_attn_cf0.2_s0,h2_all,2,all,False,alibi_learn,0.2,128,20000,0.0037070512771606445,-0.3267779409685349,-0.34575184338512915,-0.05806359621569812,0.03735596409865788,0.03308084436825342,0.10190027745931818,0.0902797068979421,,
E2c_h0.03_e0.2_L2_alibi_learn_attn_cf0.2_s0,h2_k,2,k,False,alibi_learn,0.2,128,20000,0.0034008026123046875,-0.3267779409685349,-0.33679760863373165,-0.03066200746445591,0.03735596409865788,0.03570392600127625,0.10190027745931818,0.0902797068979421,0.186815218754806,0.10176473529631053
E2c_h0.03_e0.2_L2_alibi_learn_attn_cf0.2_s0,h2_q,2,q,False,alibi_learn,0.2,128,20000,-3.743171691894531e-05,-0.3267779409685349,-0.3352301025035079,-0.025865153290095533,0.03735596409865788,0.03686674024377552,0.10190027745931818,0.0902797068979421,0.1058699703616598,0.09095470387530658
E2c_h0.03_e0.2_L2_alibi_learn_attn_cf0.2_s0,h2_v,2,v,False,alibi_learn,0.2,128,20000,0.000594019889831543,-0.3267779409685349,-0.3267779409685349,0.0,0.03735596409865788,0.036021805661065213,0.10190027745931818,0.0902797068979421,,
E2c_h0.03_e0.2_L2_alibi_learn_attn_cf0.2_s0,h3_all,3,all,True,alibi_learn,0.2,128,20000,1.6585752964019775,-0.3267779409685349,-0.07378433736781521,0.7742064927971383,0.03735596409865788,0.001412464358976903,0.10190027745931818,0.0902797068979421,,
E2c_h0.03_e0.2_L2_alibi_learn_attn_cf0.2_s0,h3_k,3,k,True,alibi_learn,0.2,128,20000,1.6826913356781006,-0.3267779409685349,-0.07973607444532592,0.7559930936311162,0.03735596409865788,0.006855156804834082,0.10190027745931818,0.0902797068979421,,
E2c_h0.03_e0.2_L2_alibi_learn_attn_cf0.2_s0,h3_q,3,q,True,alibi_learn,0.2,128,20000,0.003944754600524902,-0.3267779409685349,-0.30368980259042994,0.07065390738944677,0.03735596409865788,0.034355250426701116,0.10190027745931818,0.0902797068979421,,
E2c_h0.03_e0.2_L2_alibi_learn_attn_cf0.2_s0,h3_v,3,v,True,alibi_learn,0.2,128,20000,0.008855700492858887,-0.3267779409685349,-0.3267779409685349,0.0,0.03735596409865788,0.03639034245695386,0.10190027745931818,0.0902797068979421,,
E2c_h0.03_e0.2_L2_alibi_learn_attn_cf0.2_s1,h0_all,0,all,False,alibi_learn,0.2,128,20000,0.07431471347808838,-0.30766373865234525,-0.017811229026153515,0.9421081304408125,0.044010997244289904,-0.003393997464861204,0.10487355739298376,0.08972883988657215,,
E2c_h0.03_e0.2_L2_alibi_learn_attn_cf0.2_s1,h0_k,0,k,False,alibi_learn,0.2,128,20000,0.018279552459716797,-0.30766373865234525,-0.014967552597647923,0.9513509370223151,0.044010997244289904,0.04729858317545482,0.10487355739298376,0.08972883988657215,0.11306851191187961,0.0776218405788093
E2c_h0.03_e0.2_L2_alibi_learn_attn_cf0.2_s1,h0_q,0,q,False,alibi_learn,0.2,128,20000,0.0008401870727539062,-0.30766373865234525,-0.3461708710489741,-0.12515980129898008,0.044010997244289904,0.046495173445769686,0.10487355739298376,0.08972883988657215,0.08005931066232364,0.08760802083141649
E2c_h0.03_e0.2_L2_alibi_learn_attn_cf0.2_s1,h0_v,0,v,False,alibi_learn,0.2,128,20000,0.07690203189849854,-0.30766373865234525,-0.30766373865234525,0.0,0.044010997244289904,0.004353455986295411,0.10487355739298376,0.08972883988657215,,
E2c_h0.03_e0.2_L2_alibi_learn_attn_cf0.2_s1,h1_all,1,all,False,alibi_learn,0.2,128,20000,0.004190683364868164,-0.30766373865234525,-0.3035776368110227,0.013281064122866337,0.044010997244289904,0.04037510965551648,0.10487355739298376,0.08972883988657215,,
E2c_h0.03_e0.2_L2_alibi_learn_attn_cf0.2_s1,h1_k,1,k,False,alibi_learn,0.2,128,20000,0.0015124082565307617,-0.30766373865234525,-0.30025322844868735,0.02408639456868744,0.044010997244289904,0.04342695261750899,0.10487355739298376,0.08972883988657215,0.11418460801992447,0.0894047984955855
E2c_h0.03_e0.2_L2_alibi_learn_attn_cf0.2_s1,h1_q,1,q,False,alibi_learn,0.2,128,20000,-0.00010907649993896484,-0.30766373865234525,-0.3110957610678899,-0.011155108595435559,0.044010997244289904,0.044357362389564496,0.10487355739298376,0.08972883988657215,0.10131068668158039,0.0894886080514623
E2c_h0.03_e0.2_L2_alibi_learn_attn_cf0.2_s1,h1_v,1,v,False,alibi_learn,0.2,128,20000,0.0030018091201782227,-0.30766373865234525,-0.30766373865234525,0.0,0.044010997244289904,0.04074860726084023,0.10487355739298376,0.08972883988657215,,
E2c_h0.03_e0.2_L2_alibi_learn_attn_cf0.2_s1,h2_all,2,all,False,alibi_learn,0.2,128,20000,0.0020629167556762695,-0.30766373865234525,-0.32462328145417274,-0.055123632301015135,0.044010997244289904,0.04493632018566131,0.10487355739298376,0.08972883988657215,,
E2c_h0.03_e0.2_L2_alibi_learn_attn_cf0.2_s1,h2_k,2,k,False,alibi_learn,0.2,128,20000,0.0021849870681762695,-0.30766373865234525,-0.32005635361025936,-0.04027973856196798,0.044010997244289904,0.04407264356102262,0.10487355739298376,0.08972883988657215,0.17876810213111916,0.1053483022501108
E2c_h0.03_e0.2_L2_alibi_learn_attn_cf0.2_s1,h2_q,2,q,False,alibi_learn,0.2,128,20000,-0.00018644332885742188,-0.30766373865234525,-0.3117217965433634,-0.013189912821035099,0.044010997244289904,0.04370915251118791,0.10487355739298376,0.08972883988657215,0.1095174527788999,0.09013347081226496
E2c_h0.03_e0.2_L2_alibi_learn_attn_cf0.2_s1,h2_v,2,v,False,alibi_learn,0.2,128,20000,0.0002720355987548828,-0.30766373865234525,-0.30766373865234525,0.0,0.044010997244289904,0.0458178128514971,0.10487355739298376,0.08972883988657215,,
E2c_h0.03_e0.2_L2_alibi_learn_attn_cf0.2_s1,h3_all,3,all,True,alibi_learn,0.2,128,20000,1.6343790292739868,-0.30766373865234525,-0.1190327857964975,0.6131075234348546,0.044010997244289904,-0.01293138861656189,0.10487355739298376,0.08972883988657215,,
E2c_h0.03_e0.2_L2_alibi_learn_attn_cf0.2_s1,h3_k,3,k,True,alibi_learn,0.2,128,20000,1.6386295557022095,-0.30766373865234525,-0.11896692541248738,0.6133215895587943,0.044010997244289904,-0.008466675345386789,0.10487355739298376,0.08972883988657215,,
E2c_h0.03_e0.2_L2_alibi_learn_attn_cf0.2_s1,h3_q,3,q,True,alibi_learn,0.2,128,20000,0.004486083984375,-0.30766373865234525,-0.29072613886082393,0.05505231089537177,0.044010997244289904,0.040880246673311506,0.10487355739298376,0.08972883988657215,,
E2c_h0.03_e0.2_L2_alibi_learn_attn_cf0.2_s1,h3_v,3,v,True,alibi_learn,0.2,128,20000,0.007635831832885742,-0.30766373865234525,-0.30766373865234525,0.0,0.044010997244289904,0.04323568131242479,0.10487355739298376,0.08972883988657215,,
E2c_h0.03_e0.2_L2_alibi_learn_attn_cf0.2_s2,h0_all,0,all,False,alibi_learn,0.2,128,20000,0.062368154525756836,-0.33920685708126447,-0.027068740200581032,0.920199902698028,0.0404018170067242,-0.0018464360918317613,0.0931556284606404,0.09334159262175834,,
E2c_h0.03_e0.2_L2_alibi_learn_attn_cf0.2_s2,h0_k,0,k,False,alibi_learn,0.2,128,20000,0.017330169677734375,-0.33920685708126447,-0.02579483052950352,0.9239554567043324,0.0404018170067242,0.0458332489643778,0.0931556284606404,0.09334159262175834,0.10264906438357257,0.08218658212258162
E2c_h0.03_e0.2_L2_alibi_learn_attn_cf0.2_s2,h0_q,0,q,False,alibi_learn,0.2,128,20000,-1.633167266845703e-05,-0.33920685708126447,-0.3626968244271228,-0.06924968306354384,0.0404018170067242,0.04135042471545082,0.0931556284606404,0.09334159262175834,0.08088505355873199,0.0916880726603919
E2c_h0.03_e0.2_L2_alibi_learn_attn_cf0.2_s2,h0_v,0,v,False,alibi_learn,0.2,128,20000,0.05806922912597656,-0.33920685708126447,-0.33920685708126447,0.0,0.0404018170067242,-0.0009459516831807031,0.0931556284606404,0.09334159262175834,,
E2c_h0.03_e0.2_L2_alibi_learn_attn_cf0.2_s2,h1_all,1,all,False,alibi_learn,0.2,128,20000,0.000186920166015625,-0.33920685708126447,-0.34197317651785475,-0.008155258005080768,0.0404018170067242,0.04562170420374188,0.0931556284606404,0.09334159262175834,,
E2c_h0.03_e0.2_L2_alibi_learn_attn_cf0.2_s2,h1_k,1,k,False,alibi_learn,0.2,128,20000,-1.1682510375976562e-05,-0.33920685708126447,-0.34211995351511565,-0.008587964461913344,0.0404018170067242,0.04051131137779778,0.0931556284606404,0.09334159262175834,0.09177190233087518,0.09345056406611388
E2c_h0.03_e0.2_L2_alibi_learn_attn_cf0.2_s2,h1_q,1,q,False,alibi_learn,0.2,128,20000,3.6954879760742188e-06,-0.33920685708126447,-0.33906072456427194,0.0004308064944498202,0.0404018170067242,0.04038320119891846,0.0931556284606404,0.09334159262175834,0.09374154183048122,0.09335908359564922
E2c_h0.03_e0.2_L2_alibi_learn_attn_cf0.2_s2,h1_v,1,v,False,alibi_learn,0.2,128,20000,0.00023305416107177734,-0.33920685708126447,-0.33920685708126447,0.0,0.0404018170067242,0.045520876773766115,0.0931556284606404,0.09334159262175834,,
E2c_h0.03_e0.2_L2_alibi_learn_attn_cf0.2_s2,h2_all,2,all,False,alibi_learn,0.2,128,20000,0.004632115364074707,-0.33920685708126447,-0.33771365446424595,0.004402041367520981,0.0404018170067242,0.034470240984644164,0.0931556284606404,0.09334159262175834,,
E2c_h0.03_e0.2_L2_alibi_learn_attn_cf0.2_s2,h2_k,2,k,False,alibi_learn,0.2,128,20000,0.003117680549621582,-0.33920685708126447,-0.3314099649955679,0.022985655870242705,0.0404018170067242,0.04015262829405919,0.0931556284606404,0.09334159262175834,0.16556211333081527,0.10535130072716746
E2c_h0.03_e0.2_L2_alibi_learn_attn_cf0.2_s2,h2_q,2,q,False,alibi_learn,0.2,128,20000,0.00022661685943603516,-0.33920685708126447,-0.34551663830989304,-0.01860157333764323,0.0404018170067242,0.040106014694486325,0.0931556284606404,0.09334159262175834,0.09644181228767523,0.09402320423862688
E2c_h0.03_e0.2_L2_alibi_learn_attn_cf0.2_s2,h2_v,2,v,False,alibi_learn,0.2,128,20000,0.0015778541564941406,-0.33920685708126447,-0.33920685708126447,0.0,0.0404018170067242,0.03584266815866744,0.0931556284606404,0.09334159262175834,,
E2c_h0.03_e0.2_L2_alibi_learn_attn_cf0.2_s2,h3_all,3,all,True,alibi_learn,0.2,128,20000,1.8759369850158691,-0.33920685708126447,-0.07152595207177384,0.7891376586923234,0.0404018170067242,0.0011805831853832435,0.0931556284606404,0.09334159262175834,,
E2c_h0.03_e0.2_L2_alibi_learn_attn_cf0.2_s2,h3_k,3,k,True,alibi_learn,0.2,128,20000,1.8879857063293457,-0.33920685708126447,-0.07388808172979676,0.7821739738236033,0.0404018170067242,0.007044876100761543,0.0931556284606404,0.09334159262175834,,
E2c_h0.03_e0.2_L2_alibi_learn_attn_cf0.2_s2,h3_q,3,q,True,alibi_learn,0.2,128,20000,0.0012235641479492188,-0.33920685708126447,-0.3694591252745616,-0.08918530849760953,0.0404018170067242,0.03938666241509574,0.0931556284606404,0.09334159262175834,,
E2c_h0.03_e0.2_L2_alibi_learn_attn_cf0.2_s2,h3_v,3,v,True,alibi_learn,0.2,128,20000,0.00603032112121582,-0.33920685708126447,-0.33920685708126447,0.0,0.0404018170067242,0.037885270374161825,0.0931556284606404,0.09334159262175834,,
E3_h0.01_e0.1_L2_alibi_learn_attn_d256_s0,h0_all,0,all,False,alibi_learn,0.0,256,20000,0.0038930177688598633,-0.2915171005928924,-0.18581613136932865,0.3625892580867034,-0.005231509889875166,-0.0036326621259962395,0.31588395501611455,0.05394382994819572,,
E3_h0.01_e0.1_L2_alibi_learn_attn_d256_s0,h0_k,0,k,False,alibi_learn,0.0,256,20000,0.0011017322540283203,-0.2915171005928924,-0.18542784124170075,0.36392122155244244,-0.005231509889875166,-0.0015201789992196706,0.31588395501611455,0.05394382994819572,0.3172556512746978,0.05005727876749338
E3_h0.01_e0.1_L2_alibi_learn_attn_d256_s0,h0_q,0,q,False,alibi_learn,0.0,256,20000,7.3909759521484375e-06,-0.2915171005928924,-0.2919420457989725,-0.001457702499153113,-0.005231509889875166,-0.005218799625124275,0.31588395501611455,0.05394382994819572,0.31549248709023214,0.053973068797608714
E3_h0.01_e0.1_L2_alibi_learn_attn_d256_s0,h0_v,0,v,False,alibi_learn,0.0,256,20000,0.002421140670776367,-0.2915171005928924,-0.2915171005928924,0.0,-0.005231509889875166,-0.0067968436649867865,0.31588395501611455,0.05394382994819572,,
E3_h0.01_e0.1_L2_alibi_learn_attn_d256_s0,h1_all,1,all,False,alibi_learn,0.0,256,20000,0.030858755111694336,-0.2915171005928924,-0.25133985118380886,0.13782124385626215,-0.005231509889875166,0.002208719934735924,0.31588395501611455,0.05394382994819572,,
E3_h0.01_e0.1_L2_alibi_learn_attn_d256_s0,h1_k,1,k,False,alibi_learn,0.0,256,20000,0.006438016891479492,-0.2915171005928924,-0.25267255255244336,0.13324963771060538,-0.005231509889875166,0.008269761289869023,0.31588395501611455,0.05394382994819572,0.45768180267514846,0.03427207714621333
E3_h0.01_e0.1_L2_alibi_learn_attn_d256_s0,h1_q,1,q,False,alibi_learn,0.0,256,20000,0.0008510351181030273,-0.2915171005928924,-0.29351953859197405,-0.006869024132749368,-0.005231509889875166,-0.00447843926293511,0.31588395501611455,0.05394382994819572,0.2840041575430393,0.055204908184227776
E3_h0.01_e0.1_L2_alibi_learn_attn_d256_s0,h1_v,1,v,False,alibi_learn,0.0,256,20000,0.02550339698791504,-0.2915171005928924,-0.2915171005928924,0.0,-0.005231509889875166,-0.011152476923806361,0.31588395501611455,0.05394382994819572,,
E3_h0.01_e0.1_L2_alibi_learn_attn_d256_s0,h2_all,2,all,False,alibi_learn,0.0,256,20000,0.6318655014038086,-0.2915171005928924,-0.13299658963927913,0.5437777428192431,-0.005231509889875166,0.01975627669266291,0.31588395501611455,0.05394382994819572,,
E3_h0.01_e0.1_L2_alibi_learn_attn_d256_s0,h2_k,2,k,False,alibi_learn,0.0,256,20000,0.15950214862823486,-0.2915171005928924,-0.12270706716301272,0.5790742055493519,-0.005231509889875166,0.0010421139853340783,0.31588395501611455,0.05394382994819572,0.16976830265482823,0.08364277507205914
E3_h0.01_e0.1_L2_alibi_learn_attn_d256_s0,h2_q,2,q,False,alibi_learn,0.0,256,20000,0.05932354927062988,-0.2915171005928924,-0.3406134265553588,-0.16841662414525094,-0.005231509889875166,0.019563494409833567,0.31588395501611455,0.05394382994819572,0.5160428406216804,0.027298125403222153
E3_h0.01_e0.1_L2_alibi_learn_attn_d256_s0,h2_v,2,v,False,alibi_learn,0.0,256,20000,0.35012662410736084,-0.2915171005928924,-0.2915171005928924,0.0,-0.005231509889875166,0.02099368699959345,0.31588395501611455,0.05394382994819572,,
E3_h0.01_e0.1_L2_alibi_learn_attn_d256_s0,h3_all,3,all,False,alibi_learn,0.0,256,20000,0.05543208122253418,-0.2915171005928924,-0.27927842647570805,0.041982697043477346,-0.005231509889875166,-0.0019455756459917496,0.31588395501611455,0.05394382994819572,,
E3_h0.01_e0.1_L2_alibi_learn_attn_d256_s0,h3_k,3,k,False,alibi_learn,0.0,256,20000,0.006376743316650391,-0.2915171005928924,-0.27280713010778285,0.06418138231704718,-0.005231509889875166,-0.005290997879845763,0.31588395501611455,0.05394382994819572,0.31676411969397544,0.05529655864423658
E3_h0.01_e0.1_L2_alibi_learn_attn_d256_s0,h3_q,3,q,False,alibi_learn,0.0,256,20000,0.0057184696197509766,-0.2915171005928924,-0.2954282492182836,-0.013416532400454928,-0.005231509889875166,-0.004076264585767544,0.31588395501611455,0.05394382994819572,0.29656098916533435,0.05264981466390597
E3_h0.01_e0.1_L2_alibi_learn_attn_d256_s0,h3_v,3,v,False,alibi_learn,0.0,256,20000,0.04151773452758789,-0.2915171005928924,-0.2915171005928924,0.0,-0.005231509889875166,-0.004700418455260162,0.31588395501611455,0.05394382994819572,,
E3_h0.01_e0.1_L2_alibi_learn_attn_d256_s0,h4_all,4,all,False,alibi_learn,0.0,256,20000,0.0008561611175537109,-0.2915171005928924,-0.2284629467425499,0.21629658679405728,-0.005231509889875166,-0.0015365328107561603,0.31588395501611455,0.05394382994819572,,
E3_h0.01_e0.1_L2_alibi_learn_attn_d256_s0,h4_k,4,k,False,alibi_learn,0.0,256,20000,0.0004703998565673828,-0.2915171005928924,-0.22868051952482188,0.21555024024413116,-0.005231509889875166,-0.003644241605486245,0.31588395501611455,0.05394382994819572,0.3113493785851805,0.05297510400346715
E3_h0.01_e0.1_L2_alibi_learn_attn_d256_s0,h4_q,4,q,False,alibi_learn,0.0,256,20000,1.2993812561035156e-05,-0.2915171005928924,-0.2913243775989434,0.0006611035632454465,-0.005231509889875166,-0.005224007368087774,0.31588395501611455,0.05394382994819572,0.3169557958134859,0.05388022887581876
E3_h0.01_e0.1_L2_alibi_learn_attn_d256_s0,h4_v,4,v,False,alibi_learn,0.0,256,20000,0.00021851062774658203,-0.2915171005928924,-0.2915171005928924,0.0,-0.005231509889875166,-0.0030904872076852495,0.31588395501611455,0.05394382994819572,,
E3_h0.01_e0.1_L2_alibi_learn_attn_d256_s0,h5_all,5,all,False,alibi_learn,0.0,256,20000,0.0021516084671020508,-0.2915171005928924,-0.3045197842285842,-0.04460350219334219,-0.005231509889875166,-0.01105071476527627,0.31588395501611455,0.05394382994819572,,
E3_h0.01_e0.1_L2_alibi_learn_attn_d256_s0,h5_k,5,k,False,alibi_learn,0.0,256,20000,0.0016765594482421875,-0.2915171005928924,-0.3015871335970332,-0.03454354130052817,-0.005231509889875166,-0.007983102117266027,0.31588395501611455,0.05394382994819572,0.3845961960526709,0.0616993274582649
E3_h0.01_e0.1_L2_alibi_learn_attn_d256_s0,h5_q,5,q,False,alibi_learn,0.0,256,20000,7.724761962890625e-05,-0.2915171005928924,-0.29497193620199974,-0.01185122794539617,-0.005231509889875166,-0.006185288940157259,0.31588395501611455,0.05394382994819572,0.31594119538373266,0.05388454943617806
E3_h0.01_e0.1_L2_alibi_learn_attn_d256_s0,h5_v,5,v,False,alibi_learn,0.0,256,20000,0.0012706518173217773,-0.2915171005928924,-0.2915171005928924,0.0,-0.005231509889875166,-0.007046645028250556,0.31588395501611455,0.05394382994819572,,
E3_h0.01_e0.1_L2_alibi_learn_attn_d256_s0,h6_all,6,all,False,alibi_learn,0.0,256,20000,0.00027942657470703125,-0.2915171005928924,-0.2627550052530092,0.09866349274669084,-0.005231509889875166,0.0013044944831302936,0.31588395501611455,0.05394382994819572,,
E3_h0.01_e0.1_L2_alibi_learn_attn_d256_s0,h6_k,6,k,False,alibi_learn,0.0,256,20000,8.094310760498047e-05,-0.2915171005928924,-0.263152632051097,0.09729950141555066,-0.005231509889875166,-0.0035172300679343444,0.31588395501611455,0.05394382994819572,0.31353168803907994,0.053321679608762725
E3_h0.01_e0.1_L2_alibi_learn_attn_d256_s0,h6_q,6,q,False,alibi_learn,0.0,256,20000,0.00010085105895996094,-0.2915171005928924,-0.29105908147202536,0.001571156957638098,-0.005231509889875166,-0.005165589707238352,0.31588395501611455,0.05394382994819572,0.3204710301618646,0.05350133781175554
E3_h0.01_e0.1_L2_alibi_learn_attn_d256_s0,h6_v,6,v,False,alibi_learn,0.0,256,20000,5.626678466796875e-05,-0.2915171005928924,-0.2915171005928924,0.0,-0.005231509889875166,-0.00047821743147717644,0.31588395501611455,0.05394382994819572,,
E3_h0.01_e0.1_L2_alibi_learn_attn_d256_s0,h7_all,7,all,True,alibi_learn,0.0,256,20000,2.517564296722412,-0.2915171005928924,-0.12136851321747406,0.5836658879680378,-0.005231509889875166,-0.16091819788728443,0.31588395501611455,0.05394382994819572,,
E3_h0.01_e0.1_L2_alibi_learn_attn_d256_s0,h7_k,7,k,True,alibi_learn,0.0,256,20000,2.4972784519195557,-0.2915171005928924,-0.12321637495328636,0.5773271115049964,-0.005231509889875166,-0.1305586900029864,0.31588395501611455,0.05394382994819572,,
E3_h0.01_e0.1_L2_alibi_learn_attn_d256_s0,h7_q,7,q,True,alibi_learn,0.0,256,20000,0.002905726432800293,-0.2915171005928924,-0.27328261111554036,0.062550325316307,-0.005231509889875166,-0.009137984684535461,0.31588395501611455,0.05394382994819572,,
E3_h0.01_e0.1_L2_alibi_learn_attn_d256_s0,h7_v,7,v,True,alibi_learn,0.0,256,20000,0.0041304826736450195,-0.2915171005928924,-0.2915171005928924,0.0,-0.005231509889875166,-0.01269924555506029,0.31588395501611455,0.05394382994819572,,
E3_h0.01_e0.1_L2_alibi_learn_attn_d256_s1,h0_all,0,all,False,alibi_learn,0.0,256,20000,0.003747224807739258,-0.27525284065532163,-0.18206906202594217,0.33853884453118677,-0.006497472524642945,-0.005951086963926077,0.3129756190370233,0.05340118790366414,,
E3_h0.01_e0.1_L2_alibi_learn_attn_d256_s1,h0_k,0,k,False,alibi_learn,0.0,256,20000,0.002052783966064453,-0.27525284065532163,-0.183968068743607,0.3316397087651628,-0.006497472524642945,-0.004580815349306404,0.3129756190370233,0.05340118790366414,0.31677733994733304,0.05179679395603656
E3_h0.01_e0.1_L2_alibi_learn_attn_d256_s1,h0_q,0,q,False,alibi_learn,0.0,256,20000,0.00011396408081054688,-0.27525284065532163,-0.271471018318461,0.013739448893086426,-0.006497472524642945,-0.0058893731662205875,0.3129756190370233,0.05340118790366414,0.30309091452641856,0.05435963834706155
E3_h0.01_e0.1_L2_alibi_learn_attn_d256_s1,h0_v,0,v,False,alibi_learn,0.0,256,20000,0.0023735761642456055,-0.27525284065532163,-0.27525284065532163,0.0,-0.006497472524642945,-0.008330702781677314,0.3129756190370233,0.05340118790366414,,
E3_h0.01_e0.1_L2_alibi_learn_attn_d256_s1,h1_all,1,all,False,alibi_learn,0.0,256,20000,0.007348537445068359,-0.27525284065532163,-0.17916396891841943,0.3490931156537165,-0.006497472524642945,-0.0067199383463178745,0.3129756190370233,0.05340118790366414,,
E3_h0.01_e0.1_L2_alibi_learn_attn_d256_s1,h1_k,1,k,False,alibi_learn,0.0,256,20000,0.0013769865036010742,-0.27525284065532163,-0.17974673739450536,0.3469759041666398,-0.006497472524642945,-0.002910753658839679,0.3129756190370233,0.05340118790366414,0.34256668817318625,0.04909435259455333
E3_h0.01_e0.1_L2_alibi_learn_attn_d256_s1,h1_q,1,q,False,alibi_learn,0.0,256,20000,3.135204315185547e-05,-0.27525284065532163,-0.27417007675758,0.00393370653383196,-0.006497472524642945,-0.006505703926086499,0.3129756190370233,0.05340118790366414,0.30952401995858814,0.05373293895576464
E3_h0.01_e0.1_L2_alibi_learn_attn_d256_s1,h1_v,1,v,False,alibi_learn,0.0,256,20000,0.006302475929260254,-0.27525284065532163,-0.27525284065532163,0.0,-0.006497472524642945,-0.00907339964594166,0.3129756190370233,0.05340118790366414,,
E3_h0.01_e0.1_L2_alibi_learn_attn_d256_s1,h2_all,2,all,False,alibi_learn,0.0,256,20000,0.019083499908447266,-0.27525284065532163,-0.21340004136167634,0.22471266471360007,-0.006497472524642945,-0.008278443132128081,0.3129756190370233,0.05340118790366414,,
E3_h0.01_e0.1_L2_alibi_learn_attn_d256_s1,h2_k,2,k,False,alibi_learn,0.0,256,20000,0.006150722503662109,-0.27525284065532163,-0.22475529637437247,0.18345875799401257,-0.006497472524642945,-0.005409423794065243,0.3129756190370233,0.05340118790366414,0.4360898360990493,0.03900128132797096
E3_h0.01_e0.1_L2_alibi_learn_attn_d256_s1,h2_q,2,q,False,alibi_learn,0.0,256,20000,0.0005822181701660156,-0.27525284065532163,-0.2635078317954458,0.04266989155103118,-0.006497472524642945,-0.007238571984427325,0.3129756190370233,0.05340118790366414,0.2976307408767873,0.05472715676313879
E3_h0.01_e0.1_L2_alibi_learn_attn_d256_s1,h2_v,2,v,False,alibi_learn,0.0,256,20000,0.015186190605163574,-0.27525284065532163,-0.27525284065532163,0.0,-0.006497472524642945,-0.010494067839213797,0.3129756190370233,0.05340118790366414,,
E3_h0.01_e0.1_L2_alibi_learn_attn_d256_s1,h3_all,3,all,False,alibi_learn,0.0,256,20000,0.0014586448669433594,-0.27525284065532163,-0.28861933177214794,-0.04856077446831564,-0.006497472524642945,-0.014370965106146742,0.3129756190370233,0.05340118790366414,,
E3_h0.01_e0.1_L2_alibi_learn_attn_d256_s1,h3_k,3,k,False,alibi_learn,0.0,256,20000,0.0013780593872070312,-0.27525284065532163,-0.284514339724521,-0.033647242466779304,-0.006497472524642945,-0.01099938494818554,0.3129756190370233,0.05340118790366414,0.3829097390341236,0.06272310964560197
E3_h0.01_e0.1_L2_alibi_learn_attn_d256_s1,h3_q,3,q,False,alibi_learn,0.0,256,20000,0.00011444091796875,-0.27525284065532163,-0.28074545398290607,-0.019954792526419185,-0.006497472524642945,-0.007464167049952917,0.3129756190370233,0.05340118790366414,0.3112488135809227,0.05398091552512392
E3_h0.01_e0.1_L2_alibi_learn_attn_d256_s1,h3_v,3,v,False,alibi_learn,0.0,256,20000,0.0005536079406738281,-0.27525284065532163,-0.27525284065532163,0.0,-0.006497472524642945,-0.008468822070530577,0.3129756190370233,0.05340118790366414,,
E3_h0.01_e0.1_L2_alibi_learn_attn_d256_s1,h4_all,4,all,False,alibi_learn,0.0,256,20000,0.4093269109725952,-0.27525284065532163,-0.12714646400901572,0.5380739261171453,-0.006497472524642945,0.016613995603152618,0.3129756190370233,0.05340118790366414,,
E3_h0.01_e0.1_L2_alibi_learn_attn_d256_s1,h4_k,4,k,False,alibi_learn,0.0,256,20000,0.04034125804901123,-0.27525284065532163,-0.15300450104839455,0.4441310735100077,-0.006497472524642945,-0.006575961198125572,0.3129756190370233,0.05340118790366414,0.18195169869719907,0.08013825641845591
E3_h0.01_e0.1_L2_alibi_learn_attn_d256_s1,h4_q,4,q,False,alibi_learn,0.0,256,20000,0.03479874134063721,-0.27525284065532163,-0.2334682237288216,0.151804489381542,-0.006497472524642945,0.013830700090953217,0.3129756190370233,0.05340118790366414,0.5318567051453049,0.023406681957032046
E3_h0.01_e0.1_L2_alibi_learn_attn_d256_s1,h4_v,4,v,False,alibi_learn,0.0,256,20000,0.3359808921813965,-0.27525284065532163,-0.27525284065532163,0.0,-0.006497472524642945,0.013446680562836752,0.3129756190370233,0.05340118790366414,,
E3_h0.01_e0.1_L2_alibi_learn_attn_d256_s1,h5_all,5,all,False,alibi_learn,0.0,256,20000,5.6624412536621094e-05,-0.27525284065532163,-0.2717313456406668,0.012793673650273174,-0.006497472524642945,-0.005117022139685521,0.3129756190370233,0.05340118790366414,,
E3_h0.01_e0.1_L2_alibi_learn_attn_d256_s1,h5_k,5,k,False,alibi_learn,0.0,256,20000,5.638599395751953e-05,-0.27525284065532163,-0.27183641853007473,0.01241194138855417,-0.006497472524642945,-0.006228631734848071,0.3129756190370233,0.05340118790366414,0.31208015218265794,0.053240964768531816
E3_h0.01_e0.1_L2_alibi_learn_attn_d256_s1,h5_q,5,q,False,alibi_learn,0.0,256,20000,-6.9141387939453125e-06,-0.27525284065532163,-0.27514537605568756,0.00039042140084077914,-0.006497472524642945,-0.006507298776081639,0.3129756190370233,0.05340118790366414,0.31300165264516744,0.053378112160964816
E3_h0.01_e0.1_L2_alibi_learn_attn_d256_s1,h5_v,5,v,False,alibi_learn,0.0,256,20000,2.384185791015625e-06,-0.27525284065532163,-0.27525284065532163,0.0,-0.006497472524642945,-0.00536708320890157,0.3129756190370233,0.05340118790366414,,
E3_h0.01_e0.1_L2_alibi_learn_attn_d256_s1,h6_all,6,all,False,alibi_learn,0.0,256,20000,0.00015687942504882812,-0.27525284065532163,-0.2702165198010314,0.0182970713119609,-0.006497472524642945,0.002640194552285298,0.3129756190370233,0.05340118790366414,,
E3_h0.01_e0.1_L2_alibi_learn_attn_d256_s1,h6_k,6,k,False,alibi_learn,0.0,256,20000,1.6927719116210938e-05,-0.27525284065532163,-0.26797886502633245,0.026426523379999622,-0.006497472524642945,-0.004060425077165901,0.3129756190370233,0.05340118790366414,0.3133326014185698,0.053128498367743894
E3_h0.01_e0.1_L2_alibi_learn_attn_d256_s1,h6_q,6,q,False,alibi_learn,0.0,256,20000,-2.849102020263672e-05,-0.27525284065532163,-0.27841505895326224,-0.011488412945755533,-0.006497472524642945,-0.006560710498264897,0.3129756190370233,0.05340118790366414,0.3121005737286109,0.053454247753487866
E3_h0.01_e0.1_L2_alibi_learn_attn_d256_s1,h6_v,6,v,False,alibi_learn,0.0,256,20000,0.0001544952392578125,-0.27525284065532163,-0.27525284065532163,0.0,-0.006497472524642945,0.00022120901516506619,0.3129756190370233,0.05340118790366414,,
E3_h0.01_e0.1_L2_alibi_learn_attn_d256_s1,h7_all,7,all,True,alibi_learn,0.0,256,20000,2.4967830181121826,-0.27525284065532163,-0.15384335349865208,0.44108350296265064,-0.006497472524642945,-0.13257003788437166,0.3129756190370233,0.05340118790366414,,
E3_h0.01_e0.1_L2_alibi_learn_attn_d256_s1,h7_k,7,k,True,alibi_learn,0.0,256,20000,2.475569725036621,-0.27525284065532163,-0.14840834352922358,0.4608290211432762,-0.006497472524642945,-0.10817867517471312,0.3129756190370233,0.05340118790366414,,
E3_h0.01_e0.1_L2_alibi_learn_attn_d256_s1,h7_q,7,q,True,alibi_learn,0.0,256,20000,0.0021605491638183594,-0.27525284065532163,-0.2725200092816023,0.009928440219592272,-0.006497472524642945,-0.012152769735881294,0.3129756190370233,0.05340118790366414,,
E3_h0.01_e0.1_L2_alibi_learn_attn_d256_s1,h7_v,7,v,True,alibi_learn,0.0,256,20000,0.004704713821411133,-0.27525284065532163,-0.27525284065532163,0.0,-0.006497472524642945,-0.014411815575190992,0.3129756190370233,0.05340118790366414,,
E3_h0.01_e0.1_L2_alibi_learn_attn_st60000_s0,h0_all,0,all,False,alibi_learn,0.0,128,60000,0.6030865907669067,-0.3747461493476334,-0.3229817293288429,0.13813195975169634,-0.0268519026892526,0.42363731052194337,0.3489384873793302,0.05011879656431409,,
E3_h0.01_e0.1_L2_alibi_learn_attn_st60000_s0,h0_k,0,k,False,alibi_learn,0.0,128,60000,0.380853533744812,-0.3747461493476334,-0.2998880916181497,0.1997567096014149,-0.0268519026892526,0.315215411196862,0.3489384873793302,0.05011879656431409,-0.01743437218627497,0.05006064819794476
E3_h0.01_e0.1_L2_alibi_learn_attn_st60000_s0,h0_q,0,q,False,alibi_learn,0.0,128,60000,0.32941174507141113,-0.3747461493476334,0.08500870667431373,1.2268434427473072,-0.0268519026892526,0.1928682061178344,0.3489384873793302,0.05011879656431409,0.39425107765697565,0.06379562045385011
E3_h0.01_e0.1_L2_alibi_learn_attn_st60000_s0,h0_v,0,v,False,alibi_learn,0.0,128,60000,0.0559767484664917,-0.3747461493476334,-0.3747461493476334,0.0,-0.0268519026892526,-0.0210857165711267,0.3489384873793302,0.05011879656431409,,
E3_h0.01_e0.1_L2_alibi_learn_attn_st60000_s0,h1_all,1,all,False,alibi_learn,0.0,128,60000,0.24076640605926514,-0.3747461493476334,-0.03238415061848908,0.9135837668382607,-0.0268519026892526,-0.04763133270399914,0.3489384873793302,0.05011879656431409,,
E3_h0.01_e0.1_L2_alibi_learn_attn_st60000_s0,h1_k,1,k,False,alibi_learn,0.0,128,60000,0.05035996437072754,-0.3747461493476334,-0.018763384263158895,0.9499304147732468,-0.0268519026892526,-0.02472159862518314,0.3489384873793302,0.05011879656431409,0.4183323540711288,0.035573195997168704
E3_h0.01_e0.1_L2_alibi_learn_attn_st60000_s0,h1_q,1,q,False,alibi_learn,0.0,128,60000,0.09355783462524414,-0.3747461493476334,-0.40476398671010916,-0.08010179001100215,-0.0268519026892526,-0.015131129537309966,0.3489384873793302,0.05011879656431409,0.38285195621262214,0.04170107062764432
E3_h0.01_e0.1_L2_alibi_learn_attn_st60000_s0,h1_v,1,v,False,alibi_learn,0.0,128,60000,0.17800188064575195,-0.3747461493476334,-0.3747461493476334,0.0,-0.0268519026892526,-0.030404704809188863,0.3489384873793302,0.05011879656431409,,
E3_h0.01_e0.1_L2_alibi_learn_attn_st60000_s0,h2_all,2,all,False,alibi_learn,0.0,128,60000,0.0336298942565918,-0.3747461493476334,-0.36526811417986726,0.025291881408963657,-0.0268519026892526,-0.036601802280971,0.3489384873793302,0.05011879656431409,,
E3_h0.01_e0.1_L2_alibi_learn_attn_st60000_s0,h2_k,2,k,False,alibi_learn,0.0,128,60000,0.029000401496887207,-0.3747461493476334,-0.3633559498929754,0.030394440275066992,-0.0268519026892526,-0.027761202199118516,0.3489384873793302,0.05011879656431409,0.41224935326998025,0.054931947605687446
E3_h0.01_e0.1_L2_alibi_learn_attn_st60000_s0,h2_q,2,q,False,alibi_learn,0.0,128,60000,0.000554203987121582,-0.3747461493476334,-0.3739887700095932,0.002021046351933675,-0.0268519026892526,-0.023034724167415085,0.3489384873793302,0.05011879656431409,0.3607925318994424,0.04743419345551367
E3_h0.01_e0.1_L2_alibi_learn_attn_st60000_s0,h2_v,2,v,False,alibi_learn,0.0,128,60000,0.0026274919509887695,-0.3747461493476334,-0.3747461493476334,0.0,-0.0268519026892526,-0.03628029014383046,0.3489384873793302,0.05011879656431409,,
E3_h0.01_e0.1_L2_alibi_learn_attn_st60000_s0,h3_all,3,all,True,alibi_learn,0.0,128,60000,2.966618537902832,-0.3747461493476334,0.07133935115210387,1.190367135929997,-0.0268519026892526,-0.0243743941720043,0.3489384873793302,0.05011879656431409,,
E3_h0.01_e0.1_L2_alibi_learn_attn_st60000_s0,h3_k,3,k,True,alibi_learn,0.0,128,60000,2.9861979484558105,-0.3747461493476334,0.07119407125231644,1.189979460432756,-0.0268519026892526,-0.021888494890715402,0.3489384873793302,0.05011879656431409,,
E3_h0.01_e0.1_L2_alibi_learn_attn_st60000_s0,h3_q,3,q,True,alibi_learn,0.0,128,60000,-5.5670738220214844e-05,-0.3747461493476334,-0.37824752300677555,-0.00934332124622883,-0.0268519026892526,-0.026835052881922037,0.3489384873793302,0.05011879656431409,,
E3_h0.01_e0.1_L2_alibi_learn_attn_st60000_s0,h3_v,3,v,True,alibi_learn,0.0,128,60000,0.001085519790649414,-0.3747461493476334,-0.3747461493476334,0.0,-0.0268519026892526,-0.02933438462870463,0.3489384873793302,0.05011879656431409,,
E3_h0.01_e0.1_L2_alibi_learn_attn_st60000_s1,h0_all,0,all,False,alibi_learn,0.0,128,60000,0.21400058269500732,-0.38257601585833517,-0.22422233028926683,0.41391430462202694,0.0004240359578813453,-0.007757046392985766,0.2285502463016621,0.06406325772663608,,
E3_h0.01_e0.1_L2_alibi_learn_attn_st60000_s1,h0_k,0,k,False,alibi_learn,0.0,128,60000,0.01914691925048828,-0.38257601585833517,-0.28361201094010213,0.2586780164360293,0.0004240359578813453,0.018844243884086596,0.2285502463016621,0.06406325772663608,0.2405056167003483,0.05018495615309338
E3_h0.01_e0.1_L2_alibi_learn_attn_st60000_s1,h0_q,0,q,False,alibi_learn,0.0,128,60000,0.0014770030975341797,-0.38257601585833517,-0.3346004290134234,0.12540144927087316,0.0004240359578813453,0.010022558484758646,0.2285502463016621,0.06406325772663608,0.2224773143490848,0.06285984165244629
E3_h0.01_e0.1_L2_alibi_learn_attn_st60000_s1,h0_v,0,v,False,alibi_learn,0.0,128,60000,0.22851085662841797,-0.38257601585833517,-0.38257601585833517,0.0,0.0004240359578813453,-0.013077374441283093,0.2285502463016621,0.06406325772663608,,
E3_h0.01_e0.1_L2_alibi_learn_attn_st60000_s1,h1_all,1,all,False,alibi_learn,0.0,128,60000,0.23061037063598633,-0.38257601585833517,-0.18400618954325015,0.5190336510499232,0.0004240359578813453,0.002713739020483817,0.2285502463016621,0.06406325772663608,,
E3_h0.01_e0.1_L2_alibi_learn_attn_st60000_s1,h1_k,1,k,False,alibi_learn,0.0,128,60000,0.026036739349365234,-0.38257601585833517,-0.1769520239740271,0.5374722495945721,0.0004240359578813453,0.02030401442732129,0.2285502463016621,0.06406325772663608,0.1496548919020485,0.04954166220428148
E3_h0.01_e0.1_L2_alibi_learn_attn_st60000_s1,h1_q,1,q,False,alibi_learn,0.0,128,60000,0.020016074180603027,-0.38257601585833517,-0.3175193162444283,0.17004908022774967,0.0004240359578813453,0.009601272855486145,0.2285502463016621,0.06406325772663608,0.12333498031355017,0.07047370234922004
E3_h0.01_e0.1_L2_alibi_learn_attn_st60000_s1,h1_v,1,v,False,alibi_learn,0.0,128,60000,0.20271682739257812,-0.38257601585833517,-0.38257601585833517,0.0,0.0004240359578813453,-0.020192904131753186,0.2285502463016621,0.06406325772663608,,
E3_h0.01_e0.1_L2_alibi_learn_attn_st60000_s1,h2_all,2,all,False,alibi_learn,0.0,128,60000,0.007265329360961914,-0.38257601585833517,-0.6505096089847123,-0.7003408003119329,0.0004240359578813453,0.020736485293933293,0.2285502463016621,0.06406325772663608,,
E3_h0.01_e0.1_L2_alibi_learn_attn_st60000_s1,h2_k,2,k,False,alibi_learn,0.0,128,60000,0.005700588226318359,-0.38257601585833517,-0.5029020069830612,-0.3145152496158614,0.0004240359578813453,6.5655793462461e-05,0.2285502463016621,0.06406325772663608,0.33185575774373277,0.07179067022712854
E3_h0.01_e0.1_L2_alibi_learn_attn_st60000_s1,h2_q,2,q,False,alibi_learn,0.0,128,60000,0.005179166793823242,-0.38257601585833517,-0.4202967290207524,-0.0985966490287904,0.0004240359578813453,0.007065613354955348,0.2285502463016621,0.06406325772663608,0.2624911200700122,0.05315399029737941
E3_h0.01_e0.1_L2_alibi_learn_attn_st60000_s1,h2_v,2,v,False,alibi_learn,0.0,128,60000,0.0009759664535522461,-0.38257601585833517,-0.38257601585833517,0.0,0.0004240359578813453,0.017230384264673475,0.2285502463016621,0.06406325772663608,,
E3_h0.01_e0.1_L2_alibi_learn_attn_st60000_s1,h3_all,3,all,True,alibi_learn,0.0,128,60000,3.0222448110580444,-0.38257601585833517,-0.25724624498022136,0.3275944274680366,0.0004240359578813453,-0.017298886725412948,0.2285502463016621,0.06406325772663608,,
E3_h0.01_e0.1_L2_alibi_learn_attn_st60000_s1,h3_k,3,k,True,alibi_learn,0.0,128,60000,3.0100854635238647,-0.38257601585833517,-0.29455044565618077,0.23008648360944184,0.0004240359578813453,-0.019746369841907713,0.2285502463016621,0.06406325772663608,,
E3_h0.01_e0.1_L2_alibi_learn_attn_st60000_s1,h3_q,3,q,True,alibi_learn,0.0,128,60000,0.01297903060913086,-0.38257601585833517,-0.3840203985739238,-0.003775413658245297,0.0004240359578813453,-0.004051600183759418,0.2285502463016621,0.06406325772663608,,
E3_h0.01_e0.1_L2_alibi_learn_attn_st60000_s1,h3_v,3,v,True,alibi_learn,0.0,128,60000,0.08641421794891357,-0.38257601585833517,-0.38257601585833517,0.0,0.0004240359578813453,0.0033324377877371326,0.2285502463016621,0.06406325772663608,,
E3_h0.01_e0.1_L2_rope_attn_d256_s0,h0_all,0,all,False,rope,0.0,256,20000,0.0005004405975341797,-0.22300698704876099,-0.20364051708631417,0.08684243583010376,0.0026703417301177693,0.00310882415090285,0.14900215377125936,0.012605222582622743,,
E3_h0.01_e0.1_L2_rope_attn_d256_s0,h0_k,0,k,False,rope,0.0,256,20000,0.0003114938735961914,-0.22300698704876099,-0.20415345352005101,0.08454234451671061,0.0026703417301177693,0.003200750691550087,0.14900215377125936,0.012605222582622743,0.15238036050563264,0.011858115009138952
E3_h0.01_e0.1_L2_rope_attn_d256_s0,h0_q,0,q,False,rope,0.0,256,20000,-5.0067901611328125e-05,-0.22300698704876099,-0.22242956118537896,0.002589272520218233,0.0026703417301177693,0.0026470354625156493,0.14900215377125936,0.012605222582622743,0.15099628230774886,0.012600376969362134
E3_h0.01_e0.1_L2_rope_attn_d256_s0,h0_v,0,v,False,rope,0.0,256,20000,0.0002536773681640625,-0.22300698704876099,-0.22300698704876099,0.0,0.0026703417301177693,0.0024089089461734776,0.14900215377125936,0.012605222582622743,,
E3_h0.01_e0.1_L2_rope_attn_d256_s0,h1_all,1,all,False,rope,0.0,256,20000,0.02930736541748047,-0.22300698704876099,-0.19039953140010854,0.1462171929237479,0.0026703417301177693,0.014437596287046097,0.14900215377125936,0.012605222582622743,,
E3_h0.01_e0.1_L2_rope_attn_d256_s0,h1_k,1,k,False,rope,0.0,256,20000,0.0007064342498779297,-0.22300698704876099,-0.19914375649756197,0.10700664973327167,0.0026703417301177693,0.0061477627073015404,0.14900215377125936,0.012605222582622743,0.15489459135275174,0.010918350424566447
E3_h0.01_e0.1_L2_rope_attn_d256_s0,h1_q,1,q,False,rope,0.0,256,20000,0.02496349811553955,-0.22300698704876099,-0.21374352971532354,0.041538865916393775,0.0026703417301177693,0.010462714093072057,0.14900215377125936,0.012605222582622743,0.14242725932867095,0.015612346135501448
E3_h0.01_e0.1_L2_rope_attn_d256_s0,h1_v,1,v,False,rope,0.0,256,20000,0.0003058910369873047,-0.22300698704876099,-0.22300698704876099,0.0,0.0026703417301177693,0.0016192495822906212,0.14900215377125936,0.012605222582622743,,
E3_h0.01_e0.1_L2_rope_attn_d256_s0,h2_all,2,all,False,rope,0.0,256,20000,0.0570673942565918,-0.22300698704876099,-0.19702374484654794,0.11651313057976853,0.0026703417301177693,0.04245127950395857,0.14900215377125936,0.012605222582622743,,
E3_h0.01_e0.1_L2_rope_attn_d256_s0,h2_k,2,k,False,rope,0.0,256,20000,0.0008500814437866211,-0.22300698704876099,-0.22177157416310456,0.005539794523955033,0.0026703417301177693,0.0010369113513401227,0.14900215377125936,0.012605222582622743,0.18004065401404445,0.014045624375429198
E3_h0.01_e0.1_L2_rope_attn_d256_s0,h2_q,2,q,False,rope,0.0,256,20000,0.062076449394226074,-0.22300698704876099,-0.19813063473652232,0.1115496543020843,0.0026703417301177693,0.04586234901632575,0.14900215377125936,0.012605222582622743,0.1060135919106372,0.018136781250338022
E3_h0.01_e0.1_L2_rope_attn_d256_s0,h2_v,2,v,False,rope,0.0,256,20000,0.0006977319717407227,-0.22300698704876099,-0.22300698704876099,0.0,0.0026703417301177693,0.002897466932024261,0.14900215377125936,0.012605222582622743,,
E3_h0.01_e0.1_L2_rope_attn_d256_s0,h3_all,3,all,True,rope,0.0,256,20000,3.123454213142395,-0.22300698704876099,-0.2091687924891374,0.06205273988387572,0.0026703417301177693,-0.07930153243775877,0.14900215377125936,0.012605222582622743,,
E3_h0.01_e0.1_L2_rope_attn_d256_s0,h3_k,3,k,True,rope,0.0,256,20000,3.052394986152649,-0.22300698704876099,-0.15859822348578337,0.28881948684816094,0.0026703417301177693,-0.11607721063441465,0.14900215377125936,0.012605222582622743,,
E3_h0.01_e0.1_L2_rope_attn_d256_s0,h3_q,3,q,True,rope,0.0,256,20000,0.22260618209838867,-0.22300698704876099,-0.28462196386743116,-0.27629168769137236,0.0026703417301177693,0.01250751614570613,0.14900215377125936,0.012605222582622743,,
E3_h0.01_e0.1_L2_rope_attn_d256_s0,h3_v,3,v,True,rope,0.0,256,20000,0.004395723342895508,-0.22300698704876099,-0.22300698704876099,0.0,0.0026703417301177693,0.006570488640240215,0.14900215377125936,0.012605222582622743,,
E3_h0.01_e0.1_L2_rope_attn_d256_s0,h4_all,4,all,False,rope,0.0,256,20000,0.020357728004455566,-0.22300698704876099,-0.14033378404908034,0.37072023658883824,0.0026703417301177693,0.021805928860391847,0.14900215377125936,0.012605222582622743,,
E3_h0.01_e0.1_L2_rope_attn_d256_s0,h4_k,4,k,False,rope,0.0,256,20000,0.002034306526184082,-0.22300698704876099,-0.15850098637651586,0.2892555140352654,0.0026703417301177693,0.008437517711094418,0.14900215377125936,0.012605222582622743,0.14481826997046277,0.0113556622468226
E3_h0.01_e0.1_L2_rope_attn_d256_s0,h4_q,4,q,False,rope,0.0,256,20000,0.015705108642578125,-0.22300698704876099,-0.1983613602728952,0.11051504305771809,0.0026703417301177693,0.014477866888046276,0.14900215377125936,0.012605222582622743,0.14751878922270867,0.012098904176454615
E3_h0.01_e0.1_L2_rope_attn_d256_s0,h4_v,4,v,False,rope,0.0,256,20000,0.0007523298263549805,-0.22300698704876099,-0.22300698704876099,0.0,0.0026703417301177693,0.0016511287008012575,0.14900215377125936,0.012605222582622743,,
E3_h0.01_e0.1_L2_rope_attn_d256_s0,h5_all,5,all,False,rope,0.0,256,20000,0.003413677215576172,-0.22300698704876099,-0.1833605220500342,0.17778126830644103,0.0026703417301177693,0.003606871196201857,0.14900215377125936,0.012605222582622743,,
E3_h0.01_e0.1_L2_rope_attn_d256_s0,h5_k,5,k,False,rope,0.0,256,20000,0.002606987953186035,-0.22300698704876099,-0.1833695215589154,0.1777409130287867,0.0026703417301177693,0.003996184894016776,0.14900215377125936,0.012605222582622743,0.1508693507242247,0.012349002138262757
E3_h0.01_e0.1_L2_rope_attn_d256_s0,h5_q,5,q,False,rope,0.0,256,20000,6.9141387939453125e-06,-0.22300698704876099,-0.22303662443777741,-0.0001328989257629587,0.0026703417301177693,0.002665307692119037,0.14900215377125936,0.012605222582622743,0.1522658467765854,0.01220871004536518
E3_h0.01_e0.1_L2_rope_attn_d256_s0,h5_v,5,v,False,rope,0.0,256,20000,0.001544356346130371,-0.22300698704876099,-0.22300698704876099,0.0,0.0026703417301177693,0.002395808696746789,0.14900215377125936,0.012605222582622743,,
E3_h0.01_e0.1_L2_rope_attn_d256_s0,h6_all,6,all,False,rope,0.0,256,20000,0.08619868755340576,-0.22300698704876099,-0.14919402823936162,0.3309894447085642,0.0026703417301177693,0.05105681589671542,0.14900215377125936,0.012605222582622743,,
E3_h0.01_e0.1_L2_rope_attn_d256_s0,h6_k,6,k,False,rope,0.0,256,20000,0.0023758411407470703,-0.22300698704876099,-0.167072696730648,0.2508185553212412,0.0026703417301177693,0.007387283018657099,0.14900215377125936,0.012605222582622743,0.14921955424129707,0.010690967391579742
E3_h0.01_e0.1_L2_rope_attn_d256_s0,h6_q,6,q,False,rope,0.0,256,20000,0.07332718372344971,-0.22300698704876099,-0.20008139019741591,0.10280214604366789,0.0026703417301177693,0.029131480199950006,0.14900215377125936,0.012605222582622743,0.10811395904542365,0.016675618480984547
E3_h0.01_e0.1_L2_rope_attn_d256_s0,h6_v,6,v,False,rope,0.0,256,20000,0.00026798248291015625,-0.22300698704876099,-0.22300698704876099,0.0,0.0026703417301177693,0.001996193613324804,0.14900215377125936,0.012605222582622743,,
E3_h0.01_e0.1_L2_rope_attn_d256_s0,h7_all,7,all,False,rope,0.0,256,20000,0.006088733673095703,-0.22300698704876099,-0.1930424377959053,0.1343659660596368,0.0026703417301177693,0.0031981783253805856,0.14900215377125936,0.012605222582622743,,
E3_h0.01_e0.1_L2_rope_attn_d256_s0,h7_k,7,k,False,rope,0.0,256,20000,0.0012313127517700195,-0.22300698704876099,-0.2023292956580966,0.09272216832445324,0.0026703417301177693,0.004241050141198266,0.14900215377125936,0.012605222582622743,0.14640840554775036,0.013369544276191378
E3_h0.01_e0.1_L2_rope_attn_d256_s0,h7_q,7,q,False,rope,0.0,256,20000,0.003538370132446289,-0.22300698704876099,-0.2121661971820246,0.048611884363811586,0.0026703417301177693,0.002529961722237714,0.14900215377125936,0.012605222582622743,0.16061084214757926,0.01285671213133197
E3_h0.01_e0.1_L2_rope_attn_d256_s0,h7_v,7,v,False,rope,0.0,256,20000,0.0018805265426635742,-0.22300698704876099,-0.22300698704876099,0.0,0.0026703417301177693,0.002621644735336281,0.14900215377125936,0.012605222582622743,,
E3_h0.01_e0.1_L2_rope_attn_d256_s1,h0_all,0,all,False,rope,0.0,256,20000,0.0036046504974365234,-0.19806352214219583,-0.08455123083926969,0.5731105358281583,0.0011545300483703047,0.005070363623755265,0.13441412564994748,0.013671905531359711,,
E3_h0.01_e0.1_L2_rope_attn_d256_s1,h0_k,0,k,False,rope,0.0,256,20000,0.0037766695022583008,-0.19806352214219583,-0.08346047825095644,0.5786176205074369,0.0011545300483703047,0.006668397784233056,0.13441412564994748,0.013671905531359711,0.11276512391652094,0.01111503628915634
E3_h0.01_e0.1_L2_rope_attn_d256_s1,h0_q,0,q,False,rope,0.0,256,20000,0.00012862682342529297,-0.19806352214219583,-0.19960422466991373,-0.007778830301784723,0.0011545300483703047,0.0011005631514957048,0.13441412564994748,0.013671905531359711,0.12852480662304233,0.013468591686684453
E3_h0.01_e0.1_L2_rope_attn_d256_s1,h0_v,0,v,False,rope,0.0,256,20000,6.914138793945312e-05,-0.19806352214219583,-0.19806352214219583,0.0,0.0011545300483703047,-0.0006506681442261138,0.13441412564994748,0.013671905531359711,,
E3_h0.01_e0.1_L2_rope_attn_d256_s1,h1_all,1,all,True,rope,0.0,256,20000,0.5804544687271118,-0.19806352214219583,-0.2347324147531116,-0.1851370318689478,0.0011545300483703047,-0.03824519344738557,0.13441412564994748,0.013671905531359711,,
E3_h0.01_e0.1_L2_rope_attn_d256_s1,h1_k,1,k,True,rope,0.0,256,20000,0.5566579103469849,-0.19806352214219583,-0.1627993262399427,0.17804487934399094,0.0011545300483703047,-0.04269259614603862,0.13441412564994748,0.013671905531359711,,
E3_h0.01_e0.1_L2_rope_attn_d256_s1,h1_q,1,q,True,rope,0.0,256,20000,0.02194678783416748,-0.19806352214219583,-0.3021378346447394,-0.5254592636589865,0.0011545300483703047,0.0005312634365898962,0.13441412564994748,0.013671905531359711,,
E3_h0.01_e0.1_L2_rope_attn_d256_s1,h1_v,1,v,True,rope,0.0,256,20000,0.05152308940887451,-0.19806352214219583,-0.19806352214219583,0.0,0.0011545300483703047,-0.0033491990395954742,0.13441412564994748,0.013671905531359711,,
E3_h0.01_e0.1_L2_rope_attn_d256_s1,h2_all,2,all,False,rope,0.0,256,20000,0.00203549861907959,-0.19806352214219583,-0.15608300760555663,0.21195480158380764,0.0011545300483703047,0.0016480803489684799,0.13441412564994748,0.013671905531359711,,
E3_h0.01_e0.1_L2_rope_attn_d256_s1,h2_k,2,k,False,rope,0.0,256,20000,0.0013121366500854492,-0.19806352214219583,-0.1583219871662055,0.20065045065420317,0.0011545300483703047,0.003889834880828794,0.13441412564994748,0.013671905531359711,0.1361092821686447,0.012682269984931457
E3_h0.01_e0.1_L2_rope_attn_d256_s1,h2_q,2,q,False,rope,0.0,256,20000,-4.470348358154297e-05,-0.19806352214219583,-0.19518925921430785,0.014511823766440224,0.0011545300483703047,0.001211591277803641,0.13441412564994748,0.013671905531359711,0.13715114788337213,0.012492295673423246
E3_h0.01_e0.1_L2_rope_attn_d256_s1,h2_v,2,v,False,rope,0.0,256,20000,0.0012631416320800781,-0.19806352214219583,-0.19806352214219583,0.0,0.0011545300483703047,-0.0010019225733620964,0.13441412564994748,0.013671905531359711,,
E3_h0.01_e0.1_L2_rope_attn_d256_s1,h3_all,3,all,False,rope,0.0,256,20000,0.0016378164291381836,-0.19806352214219583,-0.18978623818503035,0.041791057069170856,0.0011545300483703047,0.00175097669873912,0.13441412564994748,0.013671905531359711,,
E3_h0.01_e0.1_L2_rope_attn_d256_s1,h3_k,3,k,False,rope,0.0,256,20000,0.00037848949432373047,-0.19806352214219583,-0.19603795125054743,0.010226875043624517,0.0011545300483703047,-2.5234052113100327e-05,0.13441412564994748,0.013671905531359711,0.15736888802102744,0.015087413902810829
E3_h0.01_e0.1_L2_rope_attn_d256_s1,h3_q,3,q,False,rope,0.0,256,20000,0.0015916824340820312,-0.19806352214219583,-0.19158983940163904,0.03268488144883708,0.0011545300483703047,0.0024381348064967607,0.13441412564994748,0.013671905531359711,0.1450497055218608,0.01736482753881306
E3_h0.01_e0.1_L2_rope_attn_d256_s1,h3_v,3,v,False,rope,0.0,256,20000,4.7087669372558594e-05,-0.19806352214219583,-0.19806352214219583,0.0,0.0011545300483703047,0.0014007721628461183,0.13441412564994748,0.013671905531359711,,
E3_h0.01_e0.1_L2_rope_attn_d256_s1,h4_all,4,all,False,rope,0.0,256,20000,0.0012816190719604492,-0.19806352214219583,-0.1792187060333203,0.09514531451857278,0.0011545300483703047,0.0025486750262123715,0.13441412564994748,0.013671905531359711,,
E3_h0.01_e0.1_L2_rope_attn_d256_s1,h4_k,4,k,False,rope,0.0,256,20000,0.00028312206268310547,-0.19806352214219583,-0.18542728588232538,0.06379890715463754,0.0011545300483703047,0.003540836061750103,0.13441412564994748,0.013671905531359711,0.14180330168005018,0.014045085625321245
E3_h0.01_e0.1_L2_rope_attn_d256_s1,h4_q,4,q,False,rope,0.0,256,20000,0.00027501583099365234,-0.19806352214219583,-0.1909426161435891,0.03595263742454513,0.0011545300483703047,0.0014606152262006174,0.13441412564994748,0.013671905531359711,0.1443726540224739,0.015064705053987514
E3_h0.01_e0.1_L2_rope_attn_d256_s1,h4_v,4,v,False,rope,0.0,256,20000,0.0007276535034179688,-0.19806352214219583,-0.19806352214219583,0.0,0.0011545300483703047,-0.00019432221140185487,0.13441412564994748,0.013671905531359711,,
E3_h0.01_e0.1_L2_rope_attn_d256_s1,h5_all,5,all,False,rope,0.0,256,20000,0.016090035438537598,-0.19806352214219583,-0.13122999421525441,0.33743481487196614,0.0011545300483703047,0.008990288206509104,0.13441412564994748,0.013671905531359711,,
E3_h0.01_e0.1_L2_rope_attn_d256_s1,h5_k,5,k,False,rope,0.0,256,20000,0.0004175901412963867,-0.19806352214219583,-0.19828198146325135,-0.0011029760487581974,0.0011545300483703047,0.0008107943194252963,0.13441412564994748,0.013671905531359711,0.13171099279962395,0.01455086982986195
E3_h0.01_e0.1_L2_rope_attn_d256_s1,h5_q,5,q,False,rope,0.0,256,20000,0.01585257053375244,-0.19806352214219583,-0.13043514204867313,0.34144793226978076,0.0011545300483703047,0.00880145600863862,0.13441412564994748,0.013671905531359711,0.4266590159077195,0.01606132684818535
E3_h0.01_e0.1_L2_rope_attn_d256_s1,h5_v,5,v,False,rope,0.0,256,20000,0.000308990478515625,-0.19806352214219583,-0.19806352214219583,0.0,0.0011545300483703047,0.0026048455919537687,0.13441412564994748,0.013671905531359711,,
E3_h0.01_e0.1_L2_rope_attn_d256_s1,h6_all,6,all,False,rope,0.0,256,20000,0.9864472150802612,-0.19806352214219583,-0.1897981125720639,0.04173110465135499,0.0011545300483703047,-0.003017707381929713,0.13441412564994748,0.013671905531359711,,
E3_h0.01_e0.1_L2_rope_attn_d256_s1,h6_k,6,k,False,rope,0.0,256,20000,0.8718339204788208,-0.19806352214219583,-0.16996388440188911,0.14187184715483925,0.0011545300483703047,-0.05336358398199089,0.13441412564994748,0.013671905531359711,0.01049517682535539,0.1899292417166423
E3_h0.01_e0.1_L2_rope_attn_d256_s1,h6_q,6,q,False,rope,0.0,256,20000,0.041330814361572266,-0.19806352214219583,-0.2100183577852981,-0.06035859361583773,0.0011545300483703047,8.699127605983188e-05,0.13441412564994748,0.013671905531359711,0.1457433737862942,0.05420833440111601
E3_h0.01_e0.1_L2_rope_attn_d256_s1,h6_v,6,v,False,rope,0.0,256,20000,0.004399657249450684,-0.19806352214219583,-0.19806352214219583,0.0,0.0011545300483703047,0.004862461771283822,0.13441412564994748,0.013671905531359711,,
E3_h0.01_e0.1_L2_rope_attn_d256_s1,h7_all,7,all,False,rope,0.0,256,20000,0.004172682762145996,-0.19806352214219583,-0.18133366391985198,0.08446713479291246,0.0011545300483703047,0.0015373264040265727,0.13441412564994748,0.013671905531359711,,
E3_h0.01_e0.1_L2_rope_attn_d256_s1,h7_k,7,k,False,rope,0.0,256,20000,0.0020560026168823242,-0.19806352214219583,-0.18207847869861538,0.08070665042553526,0.0011545300483703047,0.001603413479668719,0.13441412564994748,0.013671905531359711,0.1335494678839586,0.012922957504414441
E3_h0.01_e0.1_L2_rope_attn_d256_s1,h7_q,7,q,False,rope,0.0,256,20000,-2.6941299438476562e-05,-0.19806352214219583,-0.1971849721148759,0.004435698294253276,0.0011545300483703047,0.0012008786201476783,0.13441412564994748,0.013671905531359711,0.13584239033903955,0.013601729527521518
E3_h0.01_e0.1_L2_rope_attn_d256_s1,h7_v,7,v,False,rope,0.0,256,20000,0.002619028091430664,-0.19806352214219583,-0.19806352214219583,0.0,0.0011545300483703047,0.0011512475354330698,0.13441412564994748,0.013671905531359711,,
E3_h0.01_e0.1_L2_rope_attn_st60000_s0,h0_all,0,all,True,rope,0.0,128,60000,3.487923264503479,-0.2793926863155602,-0.1842843325354492,0.34041103593059274,-0.008473366924694649,-0.11217506410820145,0.13641316484427024,0.023403217888153444,,
E3_h0.01_e0.1_L2_rope_attn_st60000_s0,h0_k,0,k,True,rope,0.0,128,60000,3.09784996509552,-0.2793926863155602,-0.14760311564572715,0.4717001450817623,-0.008473366924694649,-0.07001143556886488,0.13641316484427024,0.023403217888153444,,
E3_h0.01_e0.1_L2_rope_attn_st60000_s0,h0_q,0,q,True,rope,0.0,128,60000,0.08897185325622559,-0.2793926863155602,-0.333335268395865,-0.19307084516657458,-0.008473366924694649,-0.017013108730316244,0.13641316484427024,0.023403217888153444,,
E3_h0.01_e0.1_L2_rope_attn_st60000_s0,h0_v,0,v,True,rope,0.0,128,60000,0.0032662153244018555,-0.2793926863155602,-0.2793926863155602,0.0,-0.008473366924694649,-0.00637569214616505,0.13641316484427024,0.023403217888153444,,
E3_h0.01_e0.1_L2_rope_attn_st60000_s0,h1_all,1,all,False,rope,0.0,128,60000,0.039293885231018066,-0.2793926863155602,-0.18742059592767077,0.3291857478474276,-0.008473366924694649,0.0169566750526428,0.13641316484427024,0.023403217888153444,,
E3_h0.01_e0.1_L2_rope_attn_st60000_s0,h1_k,1,k,False,rope,0.0,128,60000,0.0031374692916870117,-0.2793926863155602,-0.2563509137920273,0.082470922297187,-0.008473366924694649,-0.007925963401794496,0.13641316484427024,0.023403217888153444,0.1305115381555011,0.022642975620930258
E3_h0.01_e0.1_L2_rope_attn_st60000_s0,h1_q,1,q,False,rope,0.0,128,60000,0.030237555503845215,-0.2793926863155602,-0.21273509431747983,0.23858030386233486,-0.008473366924694649,0.0071694267647606355,0.13641316484427024,0.023403217888153444,-0.046623215027629006,0.0043712389985542145
E3_h0.01_e0.1_L2_rope_attn_st60000_s0,h1_v,1,v,False,rope,0.0,128,60000,0.0009819269180297852,-0.2793926863155602,-0.2793926863155602,0.0,-0.008473366924694649,-0.0050241031817027815,0.13641316484427024,0.023403217888153444,,
E3_h0.01_e0.1_L2_rope_attn_st60000_s0,h2_all,2,all,False,rope,0.0,128,60000,0.045226216316223145,-0.2793926863155602,-0.08206861242971197,0.7062606988322537,-0.008473366924694649,-0.0015779112066541916,0.13641316484427024,0.023403217888153444,,
E3_h0.01_e0.1_L2_rope_attn_st60000_s0,h2_k,2,k,False,rope,0.0,128,60000,0.00802159309387207,-0.2793926863155602,-0.1299214588780239,0.534986185245794,-0.008473366924694649,-0.0011672603232520103,0.13641316484427024,0.023403217888153444,0.10848436124560468,0.018796969920838496
E3_h0.01_e0.1_L2_rope_attn_st60000_s0,h2_q,2,q,False,rope,0.0,128,60000,0.02862834930419922,-0.2793926863155602,-0.2127581404872151,0.2384978172015736,-0.008473366924694649,0.002738313164029776,0.13641316484427024,0.023403217888153444,0.41462040803460687,0.059134824650910994
E3_h0.01_e0.1_L2_rope_attn_st60000_s0,h2_v,2,v,False,rope,0.0,128,60000,0.010887622833251953,-0.2793926863155602,-0.2793926863155602,0.0,-0.008473366924694649,-0.013214417014803224,0.13641316484427024,0.023403217888153444,,
E3_h0.01_e0.1_L2_rope_attn_st60000_s0,h3_all,3,all,False,rope,0.0,128,60000,0.03239703178405762,-0.2793926863155602,-0.19618153085364745,0.2978286817713255,-0.008473366924694649,-0.0020336083003453464,0.13641316484427024,0.023403217888153444,,
E3_h0.01_e0.1_L2_rope_attn_st60000_s0,h3_k,3,k,False,rope,0.0,128,60000,0.005752205848693848,-0.2793926863155602,-0.20928787212877736,0.25091857310682397,-0.008473366924694649,-0.002913510373660482,0.13641316484427024,0.023403217888153444,0.1176375252713634,0.021819155559975774
E3_h0.01_e0.1_L2_rope_attn_st60000_s0,h3_q,3,q,False,rope,0.0,128,60000,0.013251662254333496,-0.2793926863155602,-0.2595032534977638,0.0711880940051961,-0.008473366924694649,-0.011709519369261623,0.13641316484427024,0.023403217888153444,0.4815934953074046,0.011207950915788769
E3_h0.01_e0.1_L2_rope_attn_st60000_s0,h3_v,3,v,False,rope,0.0,128,60000,0.009570956230163574,-0.2793926863155602,-0.2793926863155602,0.0,-0.008473366924694649,-0.005877721735409361,0.13641316484427024,0.023403217888153444,,
E3_h0.01_e0.1_L2_rope_attn_st60000_s1,h0_all,0,all,False,rope,0.0,128,60000,0.3179727792739868,-0.27078499020788077,-0.07762840900711539,0.7133208567154321,0.0034244103091103854,0.11662158056029251,0.118482199604658,0.02445309376211837,,
E3_h0.01_e0.1_L2_rope_attn_st60000_s1,h0_k,0,k,False,rope,0.0,128,60000,0.01450967788696289,-0.27078499020788077,-0.1820892537415241,0.3275504170237251,0.0034244103091103854,0.012696214233125891,0.118482199604658,0.02445309376211837,0.09761985360153058,0.023400336575935266
E3_h0.01_e0.1_L2_rope_attn_st60000_s1,h0_q,0,q,False,rope,0.0,128,60000,0.21664607524871826,-0.27078499020788077,-0.1287978846238121,0.5243536780789276,0.0034244103091103854,0.1250097827187606,0.118482199604658,0.02445309376211837,0.07652204778942961,0.008323636648372771
E3_h0.01_e0.1_L2_rope_attn_st60000_s1,h0_v,0,v,False,rope,0.0,128,60000,0.014180421829223633,-0.27078499020788077,-0.27078499020788077,0.0,0.0034244103091103854,-0.0027973426239831104,0.118482199604658,0.02445309376211837,,
E3_h0.01_e0.1_L2_rope_attn_st60000_s1,h1_all,1,all,False,rope,0.0,128,60000,0.3118492364883423,-0.27078499020788077,-0.1116569338539556,0.5876546415359398,0.0034244103091103854,0.12059026190212789,0.118482199604658,0.02445309376211837,,
E3_h0.01_e0.1_L2_rope_attn_st60000_s1,h1_k,1,k,False,rope,0.0,128,60000,0.014343857765197754,-0.27078499020788077,-0.20329709103167098,0.2492305763491527,0.0034244103091103854,-0.001523085577147339,0.118482199604658,0.02445309376211837,0.09846209404802397,0.021874102635225687
E3_h0.01_e0.1_L2_rope_attn_st60000_s1,h1_q,1,q,False,rope,0.0,128,60000,0.23443853855133057,-0.27078499020788077,-0.15014180814442354,0.44553127546264604,0.0034244103091103854,0.10078802534512107,0.118482199604658,0.02445309376211837,-0.1925589478152252,1.0000000004672189e-05
E3_h0.01_e0.1_L2_rope_attn_st60000_s1,h1_v,1,v,False,rope,0.0,128,60000,0.0083845853805542,-0.27078499020788077,-0.27078499020788077,0.0,0.0034244103091103854,0.003582836048943656,0.118482199604658,0.02445309376211837,,
E3_h0.01_e0.1_L2_rope_attn_st60000_s1,h2_all,2,all,True,rope,0.0,128,60000,3.2303282022476196,-0.27078499020788077,-0.1426587427386344,0.47316598815497213,0.0034244103091103854,-0.02230964968247074,0.118482199604658,0.02445309376211837,,
E3_h0.01_e0.1_L2_rope_attn_st60000_s1,h2_k,2,k,True,rope,0.0,128,60000,2.726599335670471,-0.27078499020788077,-0.11186449406317524,0.5868881285580223,0.0034244103091103854,-0.015829213176454835,0.118482199604658,0.02445309376211837,,
E3_h0.01_e0.1_L2_rope_attn_st60000_s1,h2_q,2,q,True,rope,0.0,128,60000,0.038153648376464844,-0.27078499020788077,-0.29449033490053345,-0.08754305279053387,0.0034244103091103854,-0.006317088007926963,0.118482199604658,0.02445309376211837,,
E3_h0.01_e0.1_L2_rope_attn_st60000_s1,h2_v,2,v,True,rope,0.0,128,60000,0.010739445686340332,-0.27078499020788077,-0.27078499020788077,0.0,0.0034244103091103854,0.006290075608662143,0.118482199604658,0.02445309376211837,,
E3_h0.01_e0.1_L2_rope_attn_st60000_s1,h3_all,3,all,False,rope,0.0,128,60000,0.01521909236907959,-0.27078499020788077,-0.12772644889446952,0.528310454739702,0.0034244103091103854,0.004115362252507856,0.118482199604658,0.02445309376211837,,
E3_h0.01_e0.1_L2_rope_attn_st60000_s1,h3_k,3,k,False,rope,0.0,128,60000,0.009694337844848633,-0.27078499020788077,-0.1254228811090654,0.5368174542733013,0.0034244103091103854,0.00846470977578844,0.118482199604658,0.02445309376211837,0.09405249821423001,0.019703472521292197
E3_h0.01_e0.1_L2_rope_attn_st60000_s1,h3_q,3,q,False,rope,0.0,128,60000,0.0005424022674560547,-0.27078499020788077,-0.2760776959661794,-0.01954578706240495,0.0034244103091103854,0.003195830328123883,0.118482199604658,0.02445309376211837,0.10940555436121335,0.0243706256741642
E3_h0.01_e0.1_L2_rope_attn_st60000_s1,h3_v,3,v,False,rope,0.0,128,60000,0.005900025367736816,-0.27078499020788077,-0.27078499020788077,0.0,0.0034244103091103854,0.0002128026315143693,0.118482199604658,0.02445309376211837,,
E3_h0.03_e0.2_L2_alibi_learn_attn_d256_s0,h0_all,0,all,False,alibi_learn,0.0,256,20000,0.04089224338531494,-0.27535582268430614,-0.21493912687090405,0.21941317682854844,0.02445537958826335,0.0533285549708775,0.2814825163780338,0.09094280972387885,,
E3_h0.03_e0.2_L2_alibi_learn_attn_d256_s0,h0_k,0,k,False,alibi_learn,0.0,256,20000,0.022411346435546875,-0.27535582268430614,-0.22472888418010675,0.18386006154023804,0.02445537958826335,0.022868012956210527,0.2814825163780338,0.09094280972387885,0.2330834181664717,0.079015130291176
E3_h0.03_e0.2_L2_alibi_learn_attn_d256_s0,h0_q,0,q,False,alibi_learn,0.0,256,20000,0.054245829582214355,-0.27535582268430614,-0.26983696154574777,0.020042652756559698,0.02445537958826335,0.030375261391912146,0.2814825163780338,0.09094280972387885,0.20141663562189238,0.05394649126552401
E3_h0.03_e0.2_L2_alibi_learn_attn_d256_s0,h0_v,0,v,False,alibi_learn,0.0,256,20000,0.07050585746765137,-0.27535582268430614,-0.27535582268430614,0.0,0.02445537958826335,0.03659671396017076,0.2814825163780338,0.09094280972387885,,
E3_h0.03_e0.2_L2_alibi_learn_attn_d256_s0,h1_all,1,all,False,alibi_learn,0.0,256,20000,0.0005627870559692383,-0.27535582268430614,-0.25398013294450367,0.07762933622184409,0.02445537958826335,0.026953306794166527,0.2814825163780338,0.09094280972387885,,
E3_h0.03_e0.2_L2_alibi_learn_attn_d256_s0,h1_k,1,k,False,alibi_learn,0.0,256,20000,0.0002461671829223633,-0.27535582268430614,-0.25321715842101356,0.08040020380710977,0.02445537958826335,0.024817854591778328,0.2814825163780338,0.09094280972387885,0.2827874113813589,0.09017999864169501
E3_h0.03_e0.2_L2_alibi_learn_attn_d256_s0,h1_q,1,q,False,alibi_learn,0.0,256,20000,5.269050598144531e-05,-0.27535582268430614,-0.27612460309790676,-0.002791952630985417,0.02445537958826335,0.023923961605344463,0.2814825163780338,0.09094280972387885,0.27889773838378684,0.09136306902914255
E3_h0.03_e0.2_L2_alibi_learn_attn_d256_s0,h1_v,1,v,False,alibi_learn,0.0,256,20000,0.0003783702850341797,-0.27535582268430614,-0.27535582268430614,0.0,0.02445537958826335,0.02712749029908859,0.2814825163780338,0.09094280972387885,,
E3_h0.03_e0.2_L2_alibi_learn_attn_d256_s0,h2_all,2,all,False,alibi_learn,0.0,256,20000,0.046155571937561035,-0.27535582268430614,-0.17950560076187688,0.34809586006946724,0.02445537958826335,0.042032824030944264,0.2814825163780338,0.09094280972387885,,
E3_h0.03_e0.2_L2_alibi_learn_attn_d256_s0,h2_k,2,k,False,alibi_learn,0.0,256,20000,0.06524932384490967,-0.27535582268430614,-0.17611922135608876,0.36039405435777394,0.02445537958826335,0.045256482277597695,0.2814825163780338,0.09094280972387885,0.2339751803002531,0.08559462304095292
E3_h0.03_e0.2_L2_alibi_learn_attn_d256_s0,h2_q,2,q,False,alibi_learn,0.0,256,20000,0.03534567356109619,-0.27535582268430614,-0.2762230915829212,-0.0031496297777924287,0.02445537958826335,0.02897879268441882,0.2814825163780338,0.09094280972387885,0.2734551843834052,0.06241619913948683
E3_h0.03_e0.2_L2_alibi_learn_attn_d256_s0,h2_v,2,v,False,alibi_learn,0.0,256,20000,0.0855257511138916,-0.27535582268430614,-0.27535582268430614,0.0,0.02445537958826335,0.017928217990057782,0.2814825163780338,0.09094280972387885,,
E3_h0.03_e0.2_L2_alibi_learn_attn_d256_s0,h3_all,3,all,False,alibi_learn,0.0,256,20000,0.0036319494247436523,-0.27535582268430614,-0.2823994308270347,-0.02558002251074254,0.02445537958826335,0.011468243598937982,0.2814825163780338,0.09094280972387885,,
E3_h0.03_e0.2_L2_alibi_learn_attn_d256_s0,h3_k,3,k,False,alibi_learn,0.0,256,20000,0.0036562681198120117,-0.27535582268430614,-0.28056575209027845,-0.018920716312381902,0.02445537958826335,0.01382286293166023,0.2814825163780338,0.09094280972387885,0.3362646235293709,0.10135611454532623
E3_h0.03_e0.2_L2_alibi_learn_attn_d256_s0,h3_q,3,q,False,alibi_learn,0.0,256,20000,0.002044200897216797,-0.27535582268430614,-0.27695877913441946,-0.0058214002322045655,0.02445537958826335,0.021893707769257652,0.2814825163780338,0.09094280972387885,0.29243509360419107,0.09112533765278168
E3_h0.03_e0.2_L2_alibi_learn_attn_d256_s0,h3_v,3,v,False,alibi_learn,0.0,256,20000,0.0009942054748535156,-0.27535582268430614,-0.27535582268430614,0.0,0.02445537958826335,0.02467506570475435,0.2814825163780338,0.09094280972387885,,
E3_h0.03_e0.2_L2_alibi_learn_attn_d256_s0,h4_all,4,all,False,alibi_learn,0.0,256,20000,0.08354854583740234,-0.27535582268430614,-0.08349102754564876,0.6967885889183802,0.02445537958826335,0.031327916043145276,0.2814825163780338,0.09094280972387885,,
E3_h0.03_e0.2_L2_alibi_learn_attn_d256_s0,h4_k,4,k,False,alibi_learn,0.0,256,20000,0.034711599349975586,-0.27535582268430614,-0.1334810545615459,0.5152415762982387,0.02445537958826335,0.011915010213851916,0.2814825163780338,0.09094280972387885,0.22938775590356297,0.09414621102695764
E3_h0.03_e0.2_L2_alibi_learn_attn_d256_s0,h4_q,4,q,False,alibi_learn,0.0,256,20000,0.040173888206481934,-0.27535582268430614,-0.28814691605602993,-0.04645296128852405,0.02445537958826335,0.0389573012079511,0.2814825163780338,0.09094280972387885,0.3135154844832365,0.04989132536228155
E3_h0.03_e0.2_L2_alibi_learn_attn_d256_s0,h4_v,4,v,False,alibi_learn,0.0,256,20000,0.18497395515441895,-0.27535582268430614,-0.27535582268430614,0.0,0.02445537958826335,0.019185108372143315,0.2814825163780338,0.09094280972387885,,
E3_h0.03_e0.2_L2_alibi_learn_attn_d256_s0,h5_all,5,all,False,alibi_learn,0.0,256,20000,0.0034055709838867188,-0.27535582268430614,-0.16016558692583752,0.41833230412757083,0.02445537958826335,0.02530684684004101,0.2814825163780338,0.09094280972387885,,
E3_h0.03_e0.2_L2_alibi_learn_attn_d256_s0,h5_k,5,k,False,alibi_learn,0.0,256,20000,0.0019358396530151367,-0.27535582268430614,-0.16046314031615466,0.4172516900064803,0.02445537958826335,0.02552409512656078,0.2814825163780338,0.09094280972387885,0.2709402962446362,0.08464055230927182
E3_h0.03_e0.2_L2_alibi_learn_attn_d256_s0,h5_q,5,q,False,alibi_learn,0.0,256,20000,6.127357482910156e-05,-0.27535582268430614,-0.2750483024401082,0.0011168103917327254,0.02445537958826335,0.02461459892136708,0.2814825163780338,0.09094280972387885,0.2816272563794304,0.09099956079396117
E3_h0.03_e0.2_L2_alibi_learn_attn_d256_s0,h5_v,5,v,False,alibi_learn,0.0,256,20000,0.0010743141174316406,-0.27535582268430614,-0.27535582268430614,0.0,0.02445537958826335,0.024352396811757774,0.2814825163780338,0.09094280972387885,,
E3_h0.03_e0.2_L2_alibi_learn_attn_d256_s0,h6_all,6,all,False,alibi_learn,0.0,256,20000,0.0017287731170654297,-0.27535582268430614,-0.2716961342390011,0.013290761058286638,0.02445537958826335,0.03321542569569178,0.2814825163780338,0.09094280972387885,,
E3_h0.03_e0.2_L2_alibi_learn_attn_d256_s0,h6_k,6,k,False,alibi_learn,0.0,256,20000,0.0006449222564697266,-0.27535582268430614,-0.27210097336873446,0.011820521112797966,0.02445537958826335,0.0272268908364432,0.2814825163780338,0.09094280972387885,0.2747226072552019,0.08956781105885632
E3_h0.03_e0.2_L2_alibi_learn_attn_d256_s0,h6_q,6,q,False,alibi_learn,0.0,256,20000,2.574920654296875e-05,-0.27535582268430614,-0.2751559308375816,0.0007259401481903849,0.02445537958826335,0.024346352900777517,0.2814825163780338,0.09094280972387885,0.2802585788917322,0.09086025432910397
E3_h0.03_e0.2_L2_alibi_learn_attn_d256_s0,h6_v,6,v,False,alibi_learn,0.0,256,20000,0.0009472370147705078,-0.27535582268430614,-0.27535582268430614,0.0,0.02445537958826335,0.030719297698565847,0.2814825163780338,0.09094280972387885,,
E3_h0.03_e0.2_L2_alibi_learn_attn_d256_s0,h7_all,7,all,True,alibi_learn,0.0,256,20000,2.178654432296753,-0.27535582268430614,-0.031881308460045395,0.884217779928347,0.02445537958826335,-0.049464939428227314,0.2814825163780338,0.09094280972387885,,
E3_h0.03_e0.2_L2_alibi_learn_attn_d256_s0,h7_k,7,k,True,alibi_learn,0.0,256,20000,2.0449373722076416,-0.27535582268430614,-0.04863871374903296,0.8233605039658196,0.02445537958826335,-0.03228745343429702,0.2814825163780338,0.09094280972387885,,
E3_h0.03_e0.2_L2_alibi_learn_attn_d256_s0,h7_q,7,q,True,alibi_learn,0.0,256,20000,0.023637771606445312,-0.27535582268430614,-0.21075931966167064,0.23459283480159066,0.02445537958826335,0.012402378661291943,0.2814825163780338,0.09094280972387885,,
E3_h0.03_e0.2_L2_alibi_learn_attn_d256_s0,h7_v,7,v,True,alibi_learn,0.0,256,20000,0.010056018829345703,-0.27535582268430614,-0.27535582268430614,0.0,0.02445537958826335,0.02095531480652943,0.2814825163780338,0.09094280972387885,,
E3_h0.03_e0.2_L2_alibi_learn_attn_d256_s1,h0_all,0,all,False,alibi_learn,0.0,256,20000,0.42039430141448975,-0.24087843486160102,-0.10222872992715568,0.5756003231011853,-0.004977993028504544,0.014665804164750242,0.28188079454475057,0.08426747490143763,,
E3_h0.03_e0.2_L2_alibi_learn_attn_d256_s1,h0_k,0,k,False,alibi_learn,0.0,256,20000,0.05522811412811279,-0.24087843486160102,-0.131361692603424,0.4546556536748543,-0.004977993028504544,-0.005543181300163299,0.28188079454475057,0.08426747490143763,0.10328781937112574,0.13418164815675118
E3_h0.03_e0.2_L2_alibi_learn_attn_d256_s1,h0_q,0,q,False,alibi_learn,0.0,256,20000,0.054686784744262695,-0.24087843486160102,-0.19543008051619803,0.1886775558447802,-0.004977993028504544,0.018958702683448746,0.28188079454475057,0.08426747490143763,0.44707042827281696,0.04063687078058995
E3_h0.03_e0.2_L2_alibi_learn_attn_d256_s1,h0_v,0,v,False,alibi_learn,0.0,256,20000,0.5246177911758423,-0.24087843486160102,-0.24087843486160102,0.0,-0.004977993028504544,0.01067104148013249,0.28188079454475057,0.08426747490143763,,
E3_h0.03_e0.2_L2_alibi_learn_attn_d256_s1,h1_all,1,all,False,alibi_learn,0.0,256,20000,0.0013589859008789062,-0.24087843486160102,-0.22972297352728865,0.046311581776599664,-0.004977993028504544,-0.0037744441202708784,0.28188079454475057,0.08426747490143763,,
E3_h0.03_e0.2_L2_alibi_learn_attn_d256_s1,h1_k,1,k,False,alibi_learn,0.0,256,20000,0.0003497600555419922,-0.24087843486160102,-0.2314343235518932,0.039206960619509235,-0.004977993028504544,-0.005585099118096509,0.28188079454475057,0.08426747490143763,0.2808458565536368,0.08415440595747258
E3_h0.03_e0.2_L2_alibi_learn_attn_d256_s1,h1_q,1,q,False,alibi_learn,0.0,256,20000,0.0004904270172119141,-0.24087843486160102,-0.2389126415857913,0.008160935107948353,-0.004977993028504544,-0.005045765638351463,0.28188079454475057,0.08426747490143763,0.2784224401993409,0.08568545827867678
E3_h0.03_e0.2_L2_alibi_learn_attn_d256_s1,h1_v,1,v,False,alibi_learn,0.0,256,20000,0.0002537965774536133,-0.24087843486160102,-0.24087843486160102,0.0,-0.004977993028504544,-0.0029364083494459073,0.28188079454475057,0.08426747490143763,,
E3_h0.03_e0.2_L2_alibi_learn_attn_d256_s1,h2_all,2,all,False,alibi_learn,0.0,256,20000,0.0014243125915527344,-0.24087843486160102,-0.2241205233076502,0.0695699951869051,-0.004977993028504544,-0.010339573451450907,0.28188079454475057,0.08426747490143763,,
E3_h0.03_e0.2_L2_alibi_learn_attn_d256_s1,h2_k,2,k,False,alibi_learn,0.0,256,20000,0.0016601085662841797,-0.24087843486160102,-0.22151867268796896,0.08037150434307405,-0.004977993028504544,-0.0071144436086927375,0.28188079454475057,0.08426747490143763,0.333048508778512,0.09181779961166825
E3_h0.03_e0.2_L2_alibi_learn_attn_d256_s1,h2_q,2,q,False,alibi_learn,0.0,256,20000,2.396106719970703e-05,-0.24087843486160102,-0.244839711593977,-0.016445128160401667,-0.004977993028504544,-0.006045447502817438,0.28188079454475057,0.08426747490143763,0.28232894753454785,0.08401606547166951
E3_h0.03_e0.2_L2_alibi_learn_attn_d256_s1,h2_v,2,v,False,alibi_learn,0.0,256,20000,0.0007672309875488281,-0.24087843486160102,-0.24087843486160102,0.0,-0.004977993028504544,-0.00693290361336304,0.28188079454475057,0.08426747490143763,,
E3_h0.03_e0.2_L2_alibi_learn_attn_d256_s1,h3_all,3,all,False,alibi_learn,0.0,256,20000,0.031339287757873535,-0.24087843486160102,-0.24560339771530082,-0.019615549463423587,-0.004977993028504544,-0.01102395526000434,0.28188079454475057,0.08426747490143763,,
E3_h0.03_e0.2_L2_alibi_learn_attn_d256_s1,h3_k,3,k,False,alibi_learn,0.0,256,20000,0.010999202728271484,-0.24087843486160102,-0.24895129697667046,-0.033514258425449306,-0.004977993028504544,0.0008019477128982287,0.28188079454475057,0.08426747490143763,0.3489716633976706,0.0755822841811847
E3_h0.03_e0.2_L2_alibi_learn_attn_d256_s1,h3_q,3,q,False,alibi_learn,0.0,256,20000,0.0016770362854003906,-0.24087843486160102,-0.2385117629186166,0.009825171540757571,-0.004977993028504544,-0.007456134472574551,0.28188079454475057,0.08426747490143763,0.2694769245338283,0.08527594845183599
E3_h0.03_e0.2_L2_alibi_learn_attn_d256_s1,h3_v,3,v,False,alibi_learn,0.0,256,20000,0.02148747444152832,-0.24087843486160102,-0.24087843486160102,0.0,-0.004977993028504544,-0.01127750745841437,0.28188079454475057,0.08426747490143763,,
E3_h0.03_e0.2_L2_alibi_learn_attn_d256_s1,h4_all,4,all,False,alibi_learn,0.0,256,20000,0.0042994022369384766,-0.24087843486160102,-0.12188073385153687,0.4940155854069518,-0.004977993028504544,-0.0066458229507719195,0.28188079454475057,0.08426747490143763,,
E3_h0.03_e0.2_L2_alibi_learn_attn_d256_s1,h4_k,4,k,False,alibi_learn,0.0,256,20000,0.001988530158996582,-0.24087843486160102,-0.12167227839430655,0.4948809823336219,-0.004977993028504544,-0.002023234963417079,0.28188079454475057,0.08426747490143763,0.29403624963152286,0.07925117561974382
E3_h0.03_e0.2_L2_alibi_learn_attn_d256_s1,h4_q,4,q,False,alibi_learn,0.0,256,20000,-4.5299530029296875e-06,-0.24087843486160102,-0.24091632164238966,-0.00015728589738817078,-0.004977993028504544,-0.0051479501383645465,0.28188079454475057,0.08426747490143763,0.281334050996233,0.0843159606427047
E3_h0.03_e0.2_L2_alibi_learn_attn_d256_s1,h4_v,4,v,False,alibi_learn,0.0,256,20000,0.0017096996307373047,-0.24087843486160102,-0.24087843486160102,0.0,-0.004977993028504544,-0.008711541976247529,0.28188079454475057,0.08426747490143763,,
E3_h0.03_e0.2_L2_alibi_learn_attn_d256_s1,h5_all,5,all,False,alibi_learn,0.0,256,20000,0.0014560222625732422,-0.24087843486160102,-0.18932415491661098,0.2140261330351596,-0.004977993028504544,-0.0027125746011733877,0.28188079454475057,0.08426747490143763,,
E3_h0.03_e0.2_L2_alibi_learn_attn_d256_s1,h5_k,5,k,False,alibi_learn,0.0,256,20000,0.0011758804321289062,-0.24087843486160102,-0.1892815182113177,0.214203138109598,-0.004977993028504544,-0.00517023205757144,0.28188079454475057,0.08426747490143763,0.2799291155783602,0.08027062657062622
E3_h0.03_e0.2_L2_alibi_learn_attn_d256_s1,h5_q,5,q,False,alibi_learn,0.0,256,20000,-1.0967254638671875e-05,-0.24087843486160102,-0.24089572942413676,-7.17978865383273e-05,-0.004977993028504544,-0.005051210096904193,0.28188079454475057,0.08426747490143763,0.2812729383874284,0.08424362661377428
E3_h0.03_e0.2_L2_alibi_learn_attn_d256_s1,h5_v,5,v,False,alibi_learn,0.0,256,20000,0.00016772747039794922,-0.24087843486160102,-0.24087843486160102,0.0,-0.004977993028504544,-0.002490940690040621,0.28188079454475057,0.08426747490143763,,
E3_h0.03_e0.2_L2_alibi_learn_attn_d256_s1,h6_all,6,all,False,alibi_learn,0.0,256,20000,0.0004025697708129883,-0.24087843486160102,-0.25593972509308766,-0.0625265198195939,-0.004977993028504544,-0.00045950583049228657,0.28188079454475057,0.08426747490143763,,
E3_h0.03_e0.2_L2_alibi_learn_attn_d256_s1,h6_k,6,k,False,alibi_learn,0.0,256,20000,0.0002677440643310547,-0.24087843486160102,-0.2557180488102504,-0.061606237009866005,-0.004977993028504544,-0.005263793468475344,0.28188079454475057,0.08426747490143763,0.29360755999184507,0.08660419435269098
E3_h0.03_e0.2_L2_alibi_learn_attn_d256_s1,h6_q,6,q,False,alibi_learn,0.0,256,20000,-6.9141387939453125e-06,-0.24087843486160102,-0.2410574373428554,-0.0007431237310937533,-0.004977993028504544,-0.0051250849451337675,0.28188079454475057,0.08426747490143763,0.2823680960819134,0.08417893868640544
E3_h0.03_e0.2_L2_alibi_learn_attn_d256_s1,h6_v,6,v,False,alibi_learn,0.0,256,20000,0.00022208690643310547,-0.24087843486160102,-0.24087843486160102,0.0,-0.004977993028504544,-7.349508149285255e-05,0.28188079454475057,0.08426747490143763,,
E3_h0.03_e0.2_L2_alibi_learn_attn_d256_s1,h7_all,7,all,True,alibi_learn,0.0,256,20000,1.761614203453064,-0.24087843486160102,-0.12549843917810313,0.47899678420689906,-0.004977993028504544,-0.01838835254311566,0.28188079454475057,0.08426747490143763,,
E3_h0.03_e0.2_L2_alibi_learn_attn_d256_s1,h7_k,7,k,True,alibi_learn,0.0,256,20000,1.7494632005691528,-0.24087843486160102,-0.1288366601530914,0.46513825437667045,-0.004977993028504544,-0.0151658495622022,0.28188079454475057,0.08426747490143763,,
E3_h0.03_e0.2_L2_alibi_learn_attn_d256_s1,h7_q,7,q,True,alibi_learn,0.0,256,20000,0.013475537300109863,-0.24087843486160102,-0.22576507364914442,0.06274269102229979,-0.004977993028504544,-0.011136527146611909,0.28188079454475057,0.08426747490143763,,
E3_h0.03_e0.2_L2_alibi_learn_attn_d256_s1,h7_v,7,v,True,alibi_learn,0.0,256,20000,0.010614991188049316,-0.24087843486160102,-0.24087843486160102,0.0,-0.004977993028504544,-0.012374387042863047,0.28188079454475057,0.08426747490143763,,
E3_h0.03_e0.2_L2_alibi_learn_attn_st60000_s0,h0_all,0,all,False,alibi_learn,0.0,128,60000,1.7568085193634033,-0.39209696372318636,-0.2596615676462503,0.33776185058763464,-0.005816187603133074,0.008209544526679173,0.23610473503011575,0.10335543065778836,,
E3_h0.03_e0.2_L2_alibi_learn_attn_st60000_s0,h0_k,0,k,False,alibi_learn,0.0,128,60000,0.11696267127990723,-0.39209696372318636,-0.10924452063919622,0.7213839158511797,-0.005816187603133074,-0.04204063521964212,0.23610473503011575,0.10335543065778836,0.3800402882602181,0.09915624665540089
E3_h0.03_e0.2_L2_alibi_learn_attn_st60000_s0,h0_q,0,q,False,alibi_learn,0.0,128,60000,0.1652827262878418,-0.39209696372318636,-1.1967692798299063,-2.0522278684993966,-0.005816187603133074,0.04350123213870185,0.23610473503011575,0.10335543065778836,0.4430028575598147,0.05874920945365598
E3_h0.03_e0.2_L2_alibi_learn_attn_st60000_s0,h0_v,0,v,False,alibi_learn,0.0,128,60000,0.5809662342071533,-0.39209696372318636,-0.39209696372318636,0.0,-0.005816187603133074,0.009255227872303538,0.23610473503011575,0.10335543065778836,,
E3_h0.03_e0.2_L2_alibi_learn_attn_st60000_s0,h1_all,1,all,False,alibi_learn,0.0,128,60000,0.05926322937011719,-0.39209696372318636,-0.24792578931098908,0.3676926570489325,-0.005816187603133074,-0.03306771729673657,0.23610473503011575,0.10335543065778836,,
E3_h0.03_e0.2_L2_alibi_learn_attn_st60000_s0,h1_k,1,k,False,alibi_learn,0.0,128,60000,0.006787657737731934,-0.39209696372318636,-0.2782217461696848,0.2904261651816704,-0.005816187603133074,-0.015797105431556685,0.23610473503011575,0.10335543065778836,0.27052146213477113,0.13949257615488317
E3_h0.03_e0.2_L2_alibi_learn_attn_st60000_s0,h1_q,1,q,False,alibi_learn,0.0,128,60000,0.0015238523483276367,-0.39209696372318636,-0.3546407092873562,0.0955280400035784,-0.005816187603133074,-0.0034777760505676435,0.23610473503011575,0.10335543065778836,0.2254610749212912,0.09941648102052106
E3_h0.03_e0.2_L2_alibi_learn_attn_st60000_s0,h1_v,1,v,False,alibi_learn,0.0,128,60000,0.05259835720062256,-0.39209696372318636,-0.39209696372318636,0.0,-0.005816187603133074,-0.03146914286272869,0.23610473503011575,0.10335543065778836,,
E3_h0.03_e0.2_L2_alibi_learn_attn_st60000_s0,h2_all,2,all,False,alibi_learn,0.0,128,60000,0.014385461807250977,-0.39209696372318636,-0.3700016730178731,0.05635159858292638,-0.005816187603133074,-0.002443175230707458,0.23610473503011575,0.10335543065778836,,
E3_h0.03_e0.2_L2_alibi_learn_attn_st60000_s0,h2_k,2,k,False,alibi_learn,0.0,128,60000,0.006662964820861816,-0.39209696372318636,-0.40619730412372196,-0.03596136084973667,-0.005816187603133074,-0.00587087188448228,0.23610473503011575,0.10335543065778836,0.1331860773446596,0.1088536891055127
E3_h0.03_e0.2_L2_alibi_learn_attn_st60000_s0,h2_q,2,q,False,alibi_learn,0.0,128,60000,0.005480408668518066,-0.39209696372318636,-0.35757653784944615,0.08804053350974439,-0.005816187603133074,-0.004374320166451644,0.23610473503011575,0.10335543065778836,0.22078481809942085,0.09970219222019798
E3_h0.03_e0.2_L2_alibi_learn_attn_st60000_s0,h2_v,2,v,False,alibi_learn,0.0,128,60000,0.0022683143615722656,-0.39209696372318636,-0.39209696372318636,0.0,-0.005816187603133074,-0.0028053526367460115,0.23610473503011575,0.10335543065778836,,
E3_h0.03_e0.2_L2_alibi_learn_attn_st60000_s0,h3_all,3,all,True,alibi_learn,0.0,128,60000,2.1919569969177246,-0.39209696372318636,0.22862407466116594,1.5830804515552703,-0.005816187603133074,0.0032794375504766036,0.23610473503011575,0.10335543065778836,,
E3_h0.03_e0.2_L2_alibi_learn_attn_st60000_s0,h3_k,3,k,True,alibi_learn,0.0,128,60000,2.0677990913391113,-0.39209696372318636,0.19441421689799385,1.49583198771018,-0.005816187603133074,0.0025196453556418255,0.23610473503011575,0.10335543065778836,,
E3_h0.03_e0.2_L2_alibi_learn_attn_st60000_s0,h3_q,3,q,True,alibi_learn,0.0,128,60000,0.008338570594787598,-0.39209696372318636,-0.3679477227051823,0.06158997200257088,-0.005816187603133074,-0.00168303293841227,0.23610473503011575,0.10335543065778836,,
E3_h0.03_e0.2_L2_alibi_learn_attn_st60000_s0,h3_v,3,v,True,alibi_learn,0.0,128,60000,0.05638909339904785,-0.39209696372318636,-0.39209696372318636,0.0,-0.005816187603133074,-0.039491039514541644,0.23610473503011575,0.10335543065778836,,
E3_h0.03_e0.2_L2_alibi_learn_attn_st60000_s1,h0_all,0,all,False,alibi_learn,0.0,128,60000,1.187892198562622,-0.37477461479547575,-0.987088125534983,-1.633817997714874,-0.014992227298872831,0.009560382259743549,0.23396376929670826,0.09610595908210665,,
E3_h0.03_e0.2_L2_alibi_learn_attn_st60000_s1,h0_k,0,k,False,alibi_learn,0.0,128,60000,0.09436273574829102,-0.37477461479547575,-0.3117831643955497,0.168078220650836,-0.014992227298872831,0.007502553079809425,0.23396376929670826,0.09610595908210665,0.09863815031329348,0.10153259306745786
E3_h0.03_e0.2_L2_alibi_learn_attn_st60000_s1,h0_q,0,q,False,alibi_learn,0.0,128,60000,0.16656041145324707,-0.37477461479547575,-1.3331612342948453,-2.557234619592328,-0.014992227298872831,0.03707313537597655,0.23396376929670826,0.09610595908210665,0.4085428513324041,0.06063907682063447
E3_h0.03_e0.2_L2_alibi_learn_attn_st60000_s1,h0_v,0,v,False,alibi_learn,0.0,128,60000,0.3004124164581299,-0.37477461479547575,-0.37477461479547575,0.0,-0.014992227298872831,-0.032209801248141726,0.23396376929670826,0.09610595908210665,,
E3_h0.03_e0.2_L2_alibi_learn_attn_st60000_s1,h1_all,1,all,False,alibi_learn,0.0,128,60000,0.2108907699584961,-0.37477461479547575,-0.10272298698587559,0.7259072975315198,-0.014992227298872831,-0.012369172062192655,0.23396376929670826,0.09610595908210665,,
E3_h0.03_e0.2_L2_alibi_learn_attn_st60000_s1,h1_k,1,k,False,alibi_learn,0.0,128,60000,0.0080338716506958,-0.37477461479547575,-0.11210985042849593,0.7008606079425171,-0.014992227298872831,-0.008057689241000612,0.23396376929670826,0.09610595908210665,0.17816165100605597,0.1028158780960133
E3_h0.03_e0.2_L2_alibi_learn_attn_st60000_s1,h1_q,1,q,False,alibi_learn,0.0,128,60000,0.12133288383483887,-0.37477461479547575,-0.3377801657490187,0.098711192236555,-0.014992227298872831,-0.012319871783256553,0.23396376929670826,0.09610595908210665,0.22150341520624195,0.09544346975169987
E3_h0.03_e0.2_L2_alibi_learn_attn_st60000_s1,h1_v,1,v,False,alibi_learn,0.0,128,60000,0.04154801368713379,-0.37477461479547575,-0.37477461479547575,0.0,-0.014992227298872831,-0.015306574106216492,0.23396376929670826,0.09610595908210665,,
E3_h0.03_e0.2_L2_alibi_learn_attn_st60000_s1,h2_all,2,all,False,alibi_learn,0.0,128,60000,0.02114880084991455,-0.37477461479547575,-0.37321319853420326,0.004166280744827389,-0.014992227298872831,-0.017668400491986994,0.23396376929670826,0.09610595908210665,,
E3_h0.03_e0.2_L2_alibi_learn_attn_st60000_s1,h2_k,2,k,False,alibi_learn,0.0,128,60000,0.013186335563659668,-0.37477461479547575,-0.4041618328140521,-0.07841304308888075,-0.014992227298872831,-0.027484022719519496,0.23396376929670826,0.09610595908210665,0.29693158709090217,0.11183047718869649
E3_h0.03_e0.2_L2_alibi_learn_attn_st60000_s1,h2_q,2,q,False,alibi_learn,0.0,128,60000,0.002550482749938965,-0.37477461479547575,-0.3407299740163559,0.09084030624032224,-0.014992227298872831,-0.01242931570325582,0.23396376929670826,0.09610595908210665,0.210672129350837,0.09080265652115299
E3_h0.03_e0.2_L2_alibi_learn_attn_st60000_s1,h2_v,2,v,False,alibi_learn,0.0,128,60000,0.004349708557128906,-0.37477461479547575,-0.37477461479547575,0.0,-0.014992227298872831,-0.005387549740927586,0.23396376929670826,0.09610595908210665,,
E3_h0.03_e0.2_L2_alibi_learn_attn_st60000_s1,h3_all,3,all,True,alibi_learn,0.0,128,60000,1.620168924331665,-0.37477461479547575,-0.20936171364309072,0.44136634292227916,-0.014992227298872831,0.007684450117605074,0.23396376929670826,0.09610595908210665,,
E3_h0.03_e0.2_L2_alibi_learn_attn_st60000_s1,h3_k,3,k,True,alibi_learn,0.0,128,60000,1.7328951358795166,-0.37477461479547575,-0.2103832935637901,0.438640491489527,-0.014992227298872831,0.006483868296657252,0.23396376929670826,0.09610595908210665,,
E3_h0.03_e0.2_L2_alibi_learn_attn_st60000_s1,h3_q,3,q,True,alibi_learn,0.0,128,60000,0.012281537055969238,-0.37477461479547575,-0.4239259479966294,-0.1311490460152347,-0.014992227298872831,-0.019140496424266292,0.23396376929670826,0.09610595908210665,,
E3_h0.03_e0.2_L2_alibi_learn_attn_st60000_s1,h3_v,3,v,True,alibi_learn,0.0,128,60000,0.018704652786254883,-0.37477461479547575,-0.37477461479547575,0.0,-0.014992227298872831,-0.0236461592572076,0.23396376929670826,0.09610595908210665,,
E3_h0.03_e0.2_L2_rope_attn_d256_s0,h0_all,0,all,True,rope,0.0,256,20000,2.102250576019287,-0.1809570199379177,-0.2093760821104516,-0.15704868582762832,0.004360267094203378,-0.004502047292355987,0.2611752484687875,0.047135663498787915,,
E3_h0.03_e0.2_L2_rope_attn_d256_s0,h0_k,0,k,True,rope,0.0,256,20000,2.0079731941223145,-0.1809570199379177,-0.05433111584666195,0.6997567938215288,0.004360267094203378,-0.01391406402524029,0.2611752484687875,0.047135663498787915,,
E3_h0.03_e0.2_L2_rope_attn_d256_s0,h0_q,0,q,True,rope,0.0,256,20000,0.11925530433654785,-0.1809570199379177,-0.4084402245814168,-1.2571117977160737,0.004360267094203378,0.004171519620077933,0.2611752484687875,0.047135663498787915,,
E3_h0.03_e0.2_L2_rope_attn_d256_s0,h0_v,0,v,True,rope,0.0,256,20000,0.11422109603881836,-0.1809570199379177,-0.1809570199379177,0.0,0.004360267094203378,0.004068482560770823,0.2611752484687875,0.047135663498787915,,
E3_h0.03_e0.2_L2_rope_attn_d256_s0,h1_all,1,all,False,rope,0.0,256,20000,0.0024220943450927734,-0.1809570199379177,-0.11231182895439332,0.3793452777188474,0.004360267094203378,0.0049230213676179895,0.2611752484687875,0.047135663498787915,,
E3_h0.03_e0.2_L2_rope_attn_d256_s0,h1_k,1,k,False,rope,0.0,256,20000,0.002072453498840332,-0.1809570199379177,-0.1126862195614344,0.3772763300363008,0.004360267094203378,0.0065712511539459196,0.2611752484687875,0.047135663498787915,0.24161119026356115,0.03884279387866718
E3_h0.03_e0.2_L2_rope_attn_d256_s0,h1_q,1,q,False,rope,0.0,256,20000,8.58306884765625e-05,-0.1809570199379177,-0.18057907945243618,0.00208856492890519,0.004360267094203378,0.004272970557212814,0.2611752484687875,0.047135663498787915,0.2617334994374192,0.04690949553381965
E3_h0.03_e0.2_L2_rope_attn_d256_s0,h1_v,1,v,False,rope,0.0,256,20000,0.0009832382202148438,-0.1809570199379177,-0.1809570199379177,0.0,0.004360267094203378,0.003134262987545571,0.2611752484687875,0.047135663498787915,,
E3_h0.03_e0.2_L2_rope_attn_d256_s0,h2_all,2,all,False,rope,0.0,256,20000,0.08197641372680664,-0.1809570199379177,-0.12044209631204104,0.33441600467690047,0.004360267094203378,0.0065221258572169625,0.2611752484687875,0.047135663498787915,,
E3_h0.03_e0.2_L2_rope_attn_d256_s0,h2_k,2,k,False,rope,0.0,256,20000,0.0007243156433105469,-0.1809570199379177,-0.16468874929419536,0.08990129617134301,0.004360267094203378,0.004935549412454868,0.2611752484687875,0.047135663498787915,0.25306371208683465,0.04539322965610748
E3_h0.03_e0.2_L2_rope_attn_d256_s0,h2_q,2,q,False,rope,0.0,256,20000,0.07711946964263916,-0.1809570199379177,-0.13679154152434703,0.24406612370563385,0.004360267094203378,0.00489349492958614,0.2611752484687875,0.047135663498787915,0.3118055832699137,0.03472282571655515
E3_h0.03_e0.2_L2_rope_attn_d256_s0,h2_v,2,v,False,rope,0.0,256,20000,0.001317739486694336,-0.1809570199379177,-0.1809570199379177,0.0,0.004360267094203378,0.004215039951460666,0.2611752484687875,0.047135663498787915,,
E3_h0.03_e0.2_L2_rope_attn_d256_s0,h3_all,3,all,False,rope,0.0,256,20000,0.0031054019927978516,-0.1809570199379177,-0.1782722969411436,0.014836246738010872,0.004360267094203378,0.0029731035232543773,0.2611752484687875,0.047135663498787915,,
E3_h0.03_e0.2_L2_rope_attn_d256_s0,h3_k,3,k,False,rope,0.0,256,20000,0.0003985166549682617,-0.1809570199379177,-0.18061450940075743,0.0018927728655002696,0.004360267094203378,0.002938853417124063,0.2611752484687875,0.047135663498787915,0.28242100226064837,0.053217417634541436
E3_h0.03_e0.2_L2_rope_attn_d256_s0,h3_q,3,q,False,rope,0.0,256,20000,0.0025750398635864258,-0.1809570199379177,-0.1786537185169947,0.012728444697604036,0.004360267094203378,0.00415404396397725,0.2611752484687875,0.047135663498787915,0.2614395065155457,0.04702245755725715
E3_h0.03_e0.2_L2_rope_attn_d256_s0,h3_v,3,v,False,rope,0.0,256,20000,3.6835670471191406e-05,-0.1809570199379177,-0.1809570199379177,0.0,0.004360267094203378,0.004634565114974952,0.2611752484687875,0.047135663498787915,,
E3_h0.03_e0.2_L2_rope_attn_d256_s0,h4_all,4,all,False,rope,0.0,256,20000,0.0019080638885498047,-0.1809570199379177,-0.15793059563173767,0.12724803002436647,0.004360267094203378,0.0037642989839826208,0.2611752484687875,0.047135663498787915,,
E3_h0.03_e0.2_L2_rope_attn_d256_s0,h4_k,4,k,False,rope,0.0,256,20000,0.0005402565002441406,-0.1809570199379177,-0.15750599677311608,0.12959443724729303,0.004360267094203378,0.004588428139686585,0.2611752484687875,0.047135663498787915,0.25427293125754147,0.04390311983867917
E3_h0.03_e0.2_L2_rope_attn_d256_s0,h4_q,4,q,False,rope,0.0,256,20000,0.0010800361633300781,-0.1809570199379177,-0.18138984819032203,-0.0023918842858530187,0.004360267094203378,0.004778893930571386,0.2611752484687875,0.047135663498787915,0.2623319841923417,0.04716248147941142
E3_h0.03_e0.2_L2_rope_attn_d256_s0,h4_v,4,v,False,rope,0.0,256,20000,0.0004957914352416992,-0.1809570199379177,-0.1809570199379177,0.0,0.004360267094203378,0.0029909223318099654,0.2611752484687875,0.047135663498787915,,
E3_h0.03_e0.2_L2_rope_attn_d256_s0,h5_all,5,all,False,rope,0.0,256,20000,0.031185030937194824,-0.1809570199379177,-0.11208705385824327,0.3805874240374989,0.004360267094203378,0.00683001663003647,0.2611752484687875,0.047135663498787915,,
E3_h0.03_e0.2_L2_rope_attn_d256_s0,h5_k,5,k,False,rope,0.0,256,20000,0.0012396574020385742,-0.1809570199379177,-0.12701977622115065,0.29806660020855624,0.004360267094203378,0.006384774616786403,0.2611752484687875,0.047135663498787915,0.25082498461868197,0.04098938992381103
E3_h0.03_e0.2_L2_rope_attn_d256_s0,h5_q,5,q,False,rope,0.0,256,20000,0.026800870895385742,-0.1809570199379177,-0.16026330258716984,0.11435708522304044,0.004360267094203378,0.005548225130353637,0.2611752484687875,0.047135663498787915,0.2563155987207577,0.04395737278339311
E3_h0.03_e0.2_L2_rope_attn_d256_s0,h5_v,5,v,False,rope,0.0,256,20000,0.0010133981704711914,-0.1809570199379177,-0.1809570199379177,0.0,0.004360267094203378,0.003749770777566069,0.2611752484687875,0.047135663498787915,,
E3_h0.03_e0.2_L2_rope_attn_d256_s0,h6_all,6,all,False,rope,0.0,256,20000,0.010839700698852539,-0.1809570199379177,-0.14860566014703394,0.17877924714931093,0.004360267094203378,0.004115045496395642,0.2611752484687875,0.047135663498787915,,
E3_h0.03_e0.2_L2_rope_attn_d256_s0,h6_k,6,k,False,rope,0.0,256,20000,0.00045096874237060547,-0.1809570199379177,-0.15271894479385087,0.15604851999527125,0.004360267094203378,0.00499195711953298,0.2611752484687875,0.047135663498787915,0.25660602608779814,0.043229918660244775
E3_h0.03_e0.2_L2_rope_attn_d256_s0,h6_q,6,q,False,rope,0.0,256,20000,0.009568929672241211,-0.1809570199379177,-0.17393329111746136,0.03881434841746412,0.004360267094203378,0.004348955409867398,0.2611752484687875,0.047135663498787915,0.2725595954695841,0.043084672365577975
E3_h0.03_e0.2_L2_rope_attn_d256_s0,h6_v,6,v,False,rope,0.0,256,20000,0.0004693269729614258,-0.1809570199379177,-0.1809570199379177,0.0,0.004360267094203378,0.003543513587542936,0.2611752484687875,0.047135663498787915,,
E3_h0.03_e0.2_L2_rope_attn_d256_s0,h7_all,7,all,False,rope,0.0,256,20000,0.04930377006530762,-0.1809570199379177,-0.07446065740583825,0.5885174422557133,0.004360267094203378,0.027994520749364593,0.2611752484687875,0.047135663498787915,,
E3_h0.03_e0.2_L2_rope_attn_d256_s0,h7_k,7,k,False,rope,0.0,256,20000,0.0005714893341064453,-0.1809570199379177,-0.17802509104784042,0.01620234954732991,0.004360267094203378,0.00439013498170034,0.2611752484687875,0.047135663498787915,0.26100063537682916,0.04735725823211971
E3_h0.03_e0.2_L2_rope_attn_d256_s0,h7_q,7,q,False,rope,0.0,256,20000,0.04645955562591553,-0.1809570199379177,-0.07726534809354448,0.5730182331691112,0.004360267094203378,0.02794142833777835,0.2611752484687875,0.047135663498787915,0.2829089521577246,0.06097053852335687
E3_h0.03_e0.2_L2_rope_attn_d256_s0,h7_v,7,v,False,rope,0.0,256,20000,7.033348083496094e-06,-0.1809570199379177,-0.1809570199379177,0.0,0.004360267094203378,0.004065031238964597,0.2611752484687875,0.047135663498787915,,
E3_h0.03_e0.2_L2_rope_attn_d256_s1,h0_all,0,all,False,rope,0.0,256,20000,0.03232741355895996,-0.17941184214095196,-0.1452721277104057,0.19028685076275487,-0.003644724828856349,0.0018981133188520067,0.24447815481474255,0.04475477392290302,,
E3_h0.03_e0.2_L2_rope_attn_d256_s1,h0_k,0,k,False,rope,0.0,256,20000,0.0006405115127563477,-0.17941184214095196,-0.15793525962043545,0.1197054902521083,-0.003644724828856349,-0.0027519915785108352,0.24447815481474255,0.04475477392290302,0.2368811174176103,0.04107922528829349
E3_h0.03_e0.2_L2_rope_attn_d256_s1,h0_q,0,q,False,rope,0.0,256,20000,0.0307464599609375,-0.17941184214095196,-0.16489797593952543,0.08089692423995043,-0.003644724828856349,0.0006912542240959782,0.24447815481474255,0.04475477392290302,0.23716873349959366,0.04119454092648745
E3_h0.03_e0.2_L2_rope_attn_d256_s1,h0_v,0,v,False,rope,0.0,256,20000,0.0005323886871337891,-0.17941184214095196,-0.17941184214095196,0.0,-0.003644724828856349,-0.00268832530294147,0.24447815481474255,0.04475477392290302,,
E3_h0.03_e0.2_L2_rope_attn_d256_s1,h1_all,1,all,True,rope,0.0,256,20000,2.073892831802368,-0.17941184214095196,-0.2173277278099587,-0.21133435349946827,-0.003644724828856349,0.0027374054172209306,0.24447815481474255,0.04475477392290302,,
E3_h0.03_e0.2_L2_rope_attn_d256_s1,h1_k,1,k,True,rope,0.0,256,20000,1.9978995323181152,-0.17941184214095196,-0.054683286532870225,0.6952080426780903,-0.003644724828856349,-0.0120739487398948,0.24447815481474255,0.04475477392290302,,
E3_h0.03_e0.2_L2_rope_attn_d256_s1,h1_q,1,q,True,rope,0.0,256,20000,0.13807988166809082,-0.17941184214095196,-0.41913559188514143,-1.3361645858128721,-0.003644724828856349,-0.0031460851430893115,0.24447815481474255,0.04475477392290302,,
E3_h0.03_e0.2_L2_rope_attn_d256_s1,h1_v,1,v,True,rope,0.0,256,20000,0.0646207332611084,-0.17941184214095196,-0.17941184214095196,0.0,-0.003644724828856349,-0.005773534093584347,0.24447815481474255,0.04475477392290302,,
E3_h0.03_e0.2_L2_rope_attn_d256_s1,h2_all,2,all,False,rope,0.0,256,20000,0.0024851560592651367,-0.17941184214095196,-0.1466036205714502,0.1828654183469478,-0.003644724828856349,-0.0025784356253487828,0.24447815481474255,0.04475477392290302,,
E3_h0.03_e0.2_L2_rope_attn_d256_s1,h2_k,2,k,False,rope,0.0,256,20000,0.0011699199676513672,-0.17941184214095196,-0.1465101648234813,0.18338631901244284,-0.003644724828856349,-0.0035421064921787805,0.24447815481474255,0.04475477392290302,0.24273612178463,0.04246387206821087
E3_h0.03_e0.2_L2_rope_attn_d256_s1,h2_q,2,q,False,rope,0.0,256,20000,0.0002391338348388672,-0.17941184214095196,-0.1796451418543233,-0.0013003584968935833,-0.003644724828856349,-0.0036267638206482146,0.24447815481474255,0.04475477392290302,0.2518449523132965,0.04378274610637454
E3_h0.03_e0.2_L2_rope_attn_d256_s1,h2_v,2,v,False,rope,0.0,256,20000,0.0011785030364990234,-0.17941184214095196,-0.17941184214095196,0.0,-0.003644724828856349,-0.0025178598506110234,0.24447815481474255,0.04475477392290302,,
E3_h0.03_e0.2_L2_rope_attn_d256_s1,h3_all,3,all,False,rope,0.0,256,20000,0.007961750030517578,-0.17941184214095196,-0.13019502412827888,0.274323129540171,-0.003644724828856349,-0.0007022291421890283,0.24447815481474255,0.04475477392290302,,
E3_h0.03_e0.2_L2_rope_attn_d256_s1,h3_k,3,k,False,rope,0.0,256,20000,0.0021146535873413086,-0.17941184214095196,-0.1821725509340626,-0.015387550566153374,-0.003644724828856349,-0.003324245129312801,0.24447815481474255,0.04475477392290302,0.2583841213832896,0.04538677141883947
E3_h0.03_e0.2_L2_rope_attn_d256_s1,h3_q,3,q,False,rope,0.0,256,20000,0.006618499755859375,-0.17941184214095196,-0.12712207691093355,0.29145102467058903,-0.003644724828856349,-0.0028136998414993518,0.24447815481474255,0.04475477392290302,0.20841338208148452,0.053292999348131434
E3_h0.03_e0.2_L2_rope_attn_d256_s1,h3_v,3,v,False,rope,0.0,256,20000,0.0013347864151000977,-0.17941184214095196,-0.17941184214095196,0.0,-0.003644724828856349,-0.00254106479031702,0.24447815481474255,0.04475477392290302,,
E3_h0.03_e0.2_L2_rope_attn_d256_s1,h4_all,4,all,False,rope,0.0,256,20000,0.00390470027923584,-0.17941184214095196,-0.14452782324782837,0.1944354312226365,-0.003644724828856349,-0.003286951780319219,0.24447815481474255,0.04475477392290302,,
E3_h0.03_e0.2_L2_rope_attn_d256_s1,h4_k,4,k,False,rope,0.0,256,20000,0.001660466194152832,-0.17941184214095196,-0.14427574885717856,0.19584043541657248,-0.003644724828856349,-0.0025408310549599883,0.24447815481474255,0.04475477392290302,0.2259243189747968,0.03946412378883508
E3_h0.03_e0.2_L2_rope_attn_d256_s1,h4_q,4,q,False,rope,0.0,256,20000,0.0005064010620117188,-0.17941184214095196,-0.17941929937631826,-4.156490049544992e-05,-0.003644724828856349,-0.0036650099924632725,0.24447815481474255,0.04475477392290302,0.2475949425838192,0.04424098672375447
E3_h0.03_e0.2_L2_rope_attn_d256_s1,h4_v,4,v,False,rope,0.0,256,20000,0.00214231014251709,-0.17941184214095196,-0.17941184214095196,0.0,-0.003644724828856349,-0.0041673072746822035,0.24447815481474255,0.04475477392290302,,
E3_h0.03_e0.2_L2_rope_attn_d256_s1,h5_all,5,all,False,rope,0.0,256,20000,0.05624234676361084,-0.17941184214095196,-0.10546946791911628,0.4121376456507485,-0.003644724828856349,0.006653219461441035,0.24447815481474255,0.04475477392290302,,
E3_h0.03_e0.2_L2_rope_attn_d256_s1,h5_k,5,k,False,rope,0.0,256,20000,0.002427339553833008,-0.17941184214095196,-0.14944551557143584,0.16702535469188018,-0.003644724828856349,-0.0017559068543570439,0.24447815481474255,0.04475477392290302,0.22376361094957287,0.04142945158626968
E3_h0.03_e0.2_L2_rope_attn_d256_s1,h5_q,5,q,False,rope,0.0,256,20000,0.04488635063171387,-0.17941184214095196,-0.12973681692936237,0.2768770702023293,-0.003644724828856349,0.003624972701072663,0.24447815481474255,0.04475477392290302,0.27549999644237,0.048323520584195236
E3_h0.03_e0.2_L2_rope_attn_d256_s1,h5_v,5,v,False,rope,0.0,256,20000,0.0033195018768310547,-0.17941184214095196,-0.17941184214095196,0.0,-0.003644724828856349,-0.0033653352941785653,0.24447815481474255,0.04475477392290302,,
E3_h0.03_e0.2_L2_rope_attn_d256_s1,h6_all,6,all,False,rope,0.0,256,20000,0.018573641777038574,-0.17941184214095196,-0.10958684938160858,0.3891883162566634,-0.003644724828856349,-0.002117279171943674,0.24447815481474255,0.04475477392290302,,
E3_h0.03_e0.2_L2_rope_attn_d256_s1,h6_k,6,k,False,rope,0.0,256,20000,0.0027185678482055664,-0.17941184214095196,-0.11799520718725405,0.3423220798627492,-0.003644724828856349,-0.002130794525146491,0.24447815481474255,0.04475477392290302,0.2252260017001454,0.0365429952126586
E3_h0.03_e0.2_L2_rope_attn_d256_s1,h6_q,6,q,False,rope,0.0,256,20000,0.014354586601257324,-0.17941184214095196,-0.16465685430898871,0.08224088028911292,-0.003644724828856349,-0.0027853923184531196,0.24447815481474255,0.04475477392290302,0.24632832627713452,0.042419489465003
E3_h0.03_e0.2_L2_rope_attn_d256_s1,h6_v,6,v,False,rope,0.0,256,20000,0.00207364559173584,-0.17941184214095196,-0.17941184214095196,0.0,-0.003644724828856349,-0.004106754916054871,0.24447815481474255,0.04475477392290302,,
E3_h0.03_e0.2_L2_rope_attn_d256_s1,h7_all,7,all,False,rope,0.0,256,20000,0.053313255310058594,-0.17941184214095196,-0.13931757466862912,0.2234761484742096,-0.003644724828856349,-0.00029042746339528097,0.24447815481474255,0.04475477392290302,,
E3_h0.03_e0.2_L2_rope_attn_d256_s1,h7_k,7,k,False,rope,0.0,256,20000,0.0013898611068725586,-0.17941184214095196,-0.1630259143827939,0.09133136120014151,-0.003644724828856349,-0.0024071821144649222,0.24447815481474255,0.04475477392290302,0.23019274933033562,0.043033780811993536
E3_h0.03_e0.2_L2_rope_attn_d256_s1,h7_q,7,q,False,rope,0.0,256,20000,0.0502094030380249,-0.17941184214095196,-0.15562650718657633,0.13257394088673957,-0.003644724828856349,-0.0013547961200986633,0.24447815481474255,0.04475477392290302,0.33387858861240616,0.03313172536431163
E3_h0.03_e0.2_L2_rope_attn_d256_s1,h7_v,7,v,False,rope,0.0,256,20000,0.003003716468811035,-0.17941184214095196,-0.17941184214095196,0.0,-0.003644724828856349,-0.003470984952790388,0.24447815481474255,0.04475477392290302,,
E3_h0.03_e0.2_L2_rope_attn_st60000_s0,h0_all,0,all,False,rope,0.0,128,60000,0.017995834350585938,-0.21724687508074508,-0.1842675090756093,0.15180593963838696,-0.0038873881101608334,0.0024569609335490577,0.2313784104155009,0.06104228328953781,,
E3_h0.03_e0.2_L2_rope_attn_st60000_s0,h0_k,0,k,False,rope,0.0,128,60000,0.0035772323608398438,-0.21724687508074508,-0.18540498077298256,0.146570091265652,-0.0038873881101608334,-0.003199854918888644,0.2313784104155009,0.06104228328953781,0.2193245125517792,0.0586828178846467
E3_h0.03_e0.2_L2_rope_attn_st60000_s0,h0_q,0,q,False,rope,0.0,128,60000,0.013207435607910156,-0.21724687508074508,-0.21038587968703715,0.03158156079878194,-0.0038873881101608334,-0.0016776736293520232,0.2313784104155009,0.06104228328953781,0.23660745611270473,0.057168858420590496
E3_h0.03_e0.2_L2_rope_attn_st60000_s0,h0_v,0,v,False,rope,0.0,128,60000,0.0035086870193481445,-0.21724687508074508,-0.21724687508074508,0.0,-0.0038873881101608334,-0.0012180128267833081,0.2313784104155009,0.06104228328953781,,
E3_h0.03_e0.2_L2_rope_attn_st60000_s0,h1_all,1,all,True,rope,0.0,128,60000,2.2210484743118286,-0.21724687508074508,-0.3764632912837653,-0.7328824230214754,-0.0038873881101608334,0.011208042888236892,0.2313784104155009,0.06104228328953781,,
E3_h0.03_e0.2_L2_rope_attn_st60000_s0,h1_k,1,k,True,rope,0.0,128,60000,2.1433078050613403,-0.21724687508074508,-0.036733981378770895,0.8309113474469181,-0.0038873881101608334,-0.003392390547586344,0.2313784104155009,0.06104228328953781,,
E3_h0.03_e0.2_L2_rope_attn_st60000_s0,h1_q,1,q,True,rope,0.0,128,60000,0.23560631275177002,-0.21724687508074508,-0.5558709108802736,-1.558706129483661,-0.0038873881101608334,-0.005046943681580709,0.2313784104155009,0.06104228328953781,,
E3_h0.03_e0.2_L2_rope_attn_st60000_s0,h1_v,1,v,True,rope,0.0,128,60000,0.014487028121948242,-0.21724687508074508,-0.21724687508074508,0.0,-0.0038873881101608334,-0.005824030722890618,0.2313784104155009,0.06104228328953781,,
E3_h0.03_e0.2_L2_rope_attn_st60000_s0,h2_all,2,all,False,rope,0.0,128,60000,0.15481221675872803,-0.21724687508074508,0.01342621584765841,1.0618016523490532,-0.0038873881101608334,0.055137650029999874,0.2313784104155009,0.06104228328953781,,
E3_h0.03_e0.2_L2_rope_attn_st60000_s0,h2_k,2,k,False,rope,0.0,128,60000,0.015055179595947266,-0.21724687508074508,-0.15762158899698886,0.27445865935514624,-0.0038873881101608334,-0.0031743977751050785,0.2313784104155009,0.06104228328953781,0.19414989655219428,0.05008580698823682
E3_h0.03_e0.2_L2_rope_attn_st60000_s0,h2_q,2,q,False,rope,0.0,128,60000,0.14442050457000732,-0.21724687508074508,0.008208854740763228,1.037785835758108,-0.0038873881101608334,0.051683782892567746,0.2313784104155009,0.06104228328953781,0.39225059458000444,0.05259310435708758
E3_h0.03_e0.2_L2_rope_attn_st60000_s0,h2_v,2,v,False,rope,0.0,128,60000,0.00939321517944336,-0.21724687508074508,-0.21724687508074508,0.0,-0.0038873881101608334,-0.004203661850520571,0.2313784104155009,0.06104228328953781,,
E3_h0.03_e0.2_L2_rope_attn_st60000_s0,h3_all,3,all,False,rope,0.0,128,60000,0.03630661964416504,-0.21724687508074508,-0.07205796205863112,0.668313010109586,-0.0038873881101608334,0.0003142356872558486,0.2313784104155009,0.06104228328953781,,
E3_h0.03_e0.2_L2_rope_attn_st60000_s0,h3_k,3,k,False,rope,0.0,128,60000,0.011084914207458496,-0.21724687508074508,-0.109288271823162,0.4969397291328478,-0.0038873881101608334,0.0011591936860765584,0.2313784104155009,0.06104228328953781,0.18448765115466026,0.04606853243761687
E3_h0.03_e0.2_L2_rope_attn_st60000_s0,h3_q,3,q,False,rope,0.0,128,60000,0.02241051197052002,-0.21724687508074508,-0.14739357813467135,0.3215387881648979,-0.0038873881101608334,0.0014977267810276501,0.2313784104155009,0.06104228328953781,0.3681600133790248,0.06870342685773474
E3_h0.03_e0.2_L2_rope_attn_st60000_s0,h3_v,3,v,False,rope,0.0,128,60000,0.010413289070129395,-0.21724687508074508,-0.21724687508074508,0.0,-0.0038873881101608334,-0.006732431479862783,0.2313784104155009,0.06104228328953781,,
E3_h0.03_e0.2_L2_rope_attn_st60000_s1,h0_all,0,all,False,rope,0.0,128,60000,0.17907321453094482,-0.2964666023563693,-0.047657704858081705,0.8392476438179215,-0.003019874010767278,0.13963098078966138,0.21403599183830924,0.06908105242542881,,
E3_h0.03_e0.2_L2_rope_attn_st60000_s1,h0_k,0,k,False,rope,0.0,128,60000,0.012035846710205078,-0.2964666023563693,-0.21786061058209819,0.26514282266365485,-0.003019874010767278,-0.0019589321953909886,0.21403599183830924,0.06908105242542881,0.18468954825475348,0.05775921122412819
E3_h0.03_e0.2_L2_rope_attn_st60000_s1,h0_q,0,q,False,rope,0.0,128,60000,0.1549926996231079,-0.2964666023563693,-0.048637066837590226,0.8359441959026273,-0.003019874010767278,0.1325973402176584,0.21403599183830924,0.06908105242542881,0.31340094008119557,0.04654843899554348
E3_h0.03_e0.2_L2_rope_attn_st60000_s1,h0_v,0,v,False,rope,0.0,128,60000,0.020148634910583496,-0.2964666023563693,-0.2964666023563693,0.0,-0.003019874010767278,0.002112298352377735,0.21403599183830924,0.06908105242542881,,
E3_h0.03_e0.2_L2_rope_attn_st60000_s1,h1_all,1,all,False,rope,0.0,128,60000,0.31607067584991455,-0.2964666023563693,-0.26982307661178284,0.08987024350405393,-0.003019874010767278,-0.0023495410169873878,0.21403599183830924,0.06908105242542881,,
E3_h0.03_e0.2_L2_rope_attn_st60000_s1,h1_k,1,k,False,rope,0.0,128,60000,0.2819329500198364,-0.2964666023563693,-0.11690967249993242,0.6056565172241543,-0.003019874010767278,-0.004609936475753806,0.21403599183830924,0.06908105242542881,0.1808594514401064,0.09042450540892366
E3_h0.03_e0.2_L2_rope_attn_st60000_s1,h1_q,1,q,False,rope,0.0,128,60000,0.13183367252349854,-0.2964666023563693,-0.5526970044591203,-0.8642808332074716,-0.003019874010767278,-0.015013151935168686,0.21403599183830924,0.06908105242542881,0.20790343829906954,0.09882417881780912
E3_h0.03_e0.2_L2_rope_attn_st60000_s1,h1_v,1,v,False,rope,0.0,128,60000,0.036447882652282715,-0.2964666023563693,-0.2964666023563693,0.0,-0.003019874010767278,-0.0005648668323244799,0.21403599183830924,0.06908105242542881,,
E3_h0.03_e0.2_L2_rope_attn_st60000_s1,h2_all,2,all,True,rope,0.0,128,60000,2.2874752283096313,-0.2964666023563693,-0.06251128160953116,0.7891456200709275,-0.003019874010767278,-0.033723791755203694,0.21403599183830924,0.06908105242542881,,
E3_h0.03_e0.2_L2_rope_attn_st60000_s1,h2_k,2,k,True,rope,0.0,128,60000,2.2662678956985474,-0.2964666023563693,-0.027924518771288938,0.9058088885920373,-0.003019874010767278,-0.03197817403290953,0.21403599183830924,0.06908105242542881,,
E3_h0.03_e0.2_L2_rope_attn_st60000_s1,h2_q,2,q,True,rope,0.0,128,60000,0.45849478244781494,-0.2964666023563693,-0.2663781714920418,0.10149011937661545,-0.003019874010767278,-0.02450213770249061,0.21403599183830924,0.06908105242542881,,
E3_h0.03_e0.2_L2_rope_attn_st60000_s1,h2_v,2,v,True,rope,0.0,128,60000,0.0264127254486084,-0.2964666023563693,-0.2964666023563693,0.0,-0.003019874010767278,-0.004792260272162322,0.21403599183830924,0.06908105242542881,,
E3_h0.03_e0.2_L2_rope_attn_st60000_s1,h3_all,3,all,False,rope,0.0,128,60000,0.014385104179382324,-0.2964666023563693,-0.11264885020301242,0.6200285316873492,-0.003019874010767278,-0.00430549170289722,0.21403599183830924,0.06908105242542881,,
E3_h0.03_e0.2_L2_rope_attn_st60000_s1,h3_k,3,k,False,rope,0.0,128,60000,0.012948393821716309,-0.2964666023563693,-0.10940127576595628,0.630982799086253,-0.003019874010767278,0.002597422259194479,0.21403599183830924,0.06908105242542881,0.16382271451121666,0.044654939057940886
E3_h0.03_e0.2_L2_rope_attn_st60000_s1,h3_q,3,q,False,rope,0.0,128,60000,0.00033485889434814453,-0.2964666023563693,-0.30856953862870384,-0.040823945011472684,-0.003019874010767278,-0.003857912336077042,0.21403599183830924,0.06908105242542881,0.2022995501574597,0.06748750967587418
E3_h0.03_e0.2_L2_rope_attn_st60000_s1,h3_v,3,v,False,rope,0.0,128,60000,0.010992050170898438,-0.2964666023563693,-0.2964666023563693,0.0,-0.003019874010767278,-0.007084551879337887,0.21403599183830924,0.06908105242542881,,
