run,head,layout,G,offset,slope
E1_h0.01_e0.1_L2_alibi_learn_attn_s0,L1H0,sp4,2,3.2826733769958163,0.1729295253753662
E1_h0.01_e0.1_L2_alibi_learn_attn_s0,L1H0,sp4,4,3.2541627402159223,0.1729295253753662
E1_h0.01_e0.1_L2_alibi_learn_attn_s0,L1H0,sp4,8,-0.8251626770580774,0.1729295253753662
E1_h0.01_e0.1_L2_alibi_learn_attn_s0,L1H0,sp4,16,4.4647473205092965,0.1729295253753662
E1_h0.01_e0.1_L2_alibi_learn_attn_s0,L1H0,sp4,32,4.144147523335661,0.1729295253753662
E1_h0.01_e0.1_L2_alibi_learn_attn_s0,L1H0,sp4,64,3.388799577311503,0.1729295253753662
E1_h0.01_e0.1_L2_alibi_learn_attn_s0,L1H0,sp4,128,0.6937342427254105,0.1729295253753662
E1_h0.01_e0.1_L2_alibi_learn_attn_s0,L1H0,swap4,2,-2.8650221535200178,0.1729295253753662
E1_h0.01_e0.1_L2_alibi_learn_attn_s0,L1H0,swap4,4,-0.6580959495139143,0.1729295253753662
E1_h0.01_e0.1_L2_alibi_learn_attn_s0,L1H0,swap4,8,-2.727307370981033,0.1729295253753662
E1_h0.01_e0.1_L2_alibi_learn_attn_s0,L1H0,swap4,16,-1.6552538158795929,0.1729295253753662
E1_h0.01_e0.1_L2_alibi_learn_attn_s0,L1H0,swap4,32,2.3998887817487122,0.1729295253753662
E1_h0.01_e0.1_L2_alibi_learn_attn_s0,L1H0,swap4,64,1.1235667580982769,0.1729295253753662
E1_h0.01_e0.1_L2_alibi_learn_attn_s0,L1H0,swap4,128,-0.7163867444339616,0.1729295253753662
E1_h0.01_e0.1_L2_alibi_learn_attn_s0,L1H1,sp4,2,-0.06688196109014616,0.1507883369922638
E1_h0.01_e0.1_L2_alibi_learn_attn_s0,L1H1,sp4,4,-2.135245773731069,0.1507883369922638
E1_h0.01_e0.1_L2_alibi_learn_attn_s0,L1H1,sp4,8,3.0781921345246332,0.1507883369922638
E1_h0.01_e0.1_L2_alibi_learn_attn_s0,L1H1,sp4,16,-2.3619609860927655,0.1507883369922638
E1_h0.01_e0.1_L2_alibi_learn_attn_s0,L1H1,sp4,32,-1.2838768401011866,0.1507883369922638
E1_h0.01_e0.1_L2_alibi_learn_attn_s0,L1H1,sp4,64,-0.376882233014463,0.1507883369922638
E1_h0.01_e0.1_L2_alibi_learn_attn_s0,L1H1,sp4,128,1.105122508735409,0.1507883369922638
E1_h0.01_e0.1_L2_alibi_learn_attn_s0,L1H1,swap4,2,0.008808876812944733,0.1507883369922638
E1_h0.01_e0.1_L2_alibi_learn_attn_s0,L1H1,swap4,4,-2.476625663266907,0.1507883369922638
E1_h0.01_e0.1_L2_alibi_learn_attn_s0,L1H1,swap4,8,0.7064589926169145,0.1507883369922638
E1_h0.01_e0.1_L2_alibi_learn_attn_s0,L1H1,swap4,16,-0.09693683046232082,0.1507883369922638
E1_h0.01_e0.1_L2_alibi_learn_attn_s0,L1H1,swap4,32,-1.888176853800498,0.1507883369922638
E1_h0.01_e0.1_L2_alibi_learn_attn_s0,L1H1,swap4,64,-0.8279254842174142,0.1507883369922638
E1_h0.01_e0.1_L2_alibi_learn_attn_s0,L1H1,swap4,128,1.0827691672195119,0.1507883369922638
E1_h0.01_e0.1_L2_alibi_learn_attn_s0,L1H2,sp4,2,-0.9057964871044213,0.7252985239028931
E1_h0.01_e0.1_L2_alibi_learn_attn_s0,L1H2,sp4,4,-0.5863420868897506,0.7252985239028931
E1_h0.01_e0.1_L2_alibi_learn_attn_s0,L1H2,sp4,8,-0.12062617699494549,0.7252985239028931
E1_h0.01_e0.1_L2_alibi_learn_attn_s0,L1H2,sp4,16,0.9468112560589734,0.7252985239028931
E1_h0.01_e0.1_L2_alibi_learn_attn_s0,L1H2,sp4,32,3.9759514132860883,0.7252985239028931
E1_h0.01_e0.1_L2_alibi_learn_attn_s0,L1H2,sp4,64,23.166548987651908,0.7252985239028931
E1_h0.01_e0.1_L2_alibi_learn_attn_s0,L1H2,sp4,128,69.58564834339104,0.7252985239028931
E1_h0.01_e0.1_L2_alibi_learn_attn_s0,L1H2,swap4,2,-1.2231079399241755,0.7252985239028931
E1_h0.01_e0.1_L2_alibi_learn_attn_s0,L1H2,swap4,4,-0.7283653994009835,0.7252985239028931
E1_h0.01_e0.1_L2_alibi_learn_attn_s0,L1H2,swap4,8,-0.26658588303544484,0.7252985239028931
E1_h0.01_e0.1_L2_alibi_learn_attn_s0,L1H2,swap4,16,0.6841531976122157,0.7252985239028931
E1_h0.01_e0.1_L2_alibi_learn_attn_s0,L1H2,swap4,32,3.9163387933608966,0.7252985239028931
E1_h0.01_e0.1_L2_alibi_learn_attn_s0,L1H2,swap4,64,23.1665536127159,0.7252985239028931
E1_h0.01_e0.1_L2_alibi_learn_attn_s0,L1H2,swap4,128,69.58564832998873,0.7252985239028931
E1_h0.01_e0.1_L2_alibi_learn_attn_s0,L1H3,sp4,2,0.12171045336408592,0.2921815812587738
E1_h0.01_e0.1_L2_alibi_learn_attn_s0,L1H3,sp4,4,0.14514008314042592,0.2921815812587738
E1_h0.01_e0.1_L2_alibi_learn_attn_s0,L1H3,sp4,8,0.19843399079197444,0.2921815812587738
E1_h0.01_e0.1_L2_alibi_learn_attn_s0,L1H3,sp4,16,0.40038705700044686,0.2921815812587738
E1_h0.01_e0.1_L2_alibi_learn_attn_s0,L1H3,sp4,32,0.7295200636278922,0.2921815812587738
E1_h0.01_e0.1_L2_alibi_learn_attn_s0,L1H3,sp4,64,1.598184195158776,0.2921815812587738
E1_h0.01_e0.1_L2_alibi_learn_attn_s0,L1H3,sp4,128,12.049017571287697,0.2921815812587738
E1_h0.01_e0.1_L2_alibi_learn_attn_s0,L1H3,swap4,2,-0.1712691637715783,0.2921815812587738
E1_h0.01_e0.1_L2_alibi_learn_attn_s0,L1H3,swap4,4,-0.16172238618569096,0.2921815812587738
E1_h0.01_e0.1_L2_alibi_learn_attn_s0,L1H3,swap4,8,0.040315970170732074,0.2921815812587738
E1_h0.01_e0.1_L2_alibi_learn_attn_s0,L1H3,swap4,16,0.1521968657612307,0.2921815812587738
E1_h0.01_e0.1_L2_alibi_learn_attn_s0,L1H3,swap4,32,0.5791974691413531,0.2921815812587738
E1_h0.01_e0.1_L2_alibi_learn_attn_s0,L1H3,swap4,64,1.435235157121289,0.2921815812587738
E1_h0.01_e0.1_L2_alibi_learn_attn_s0,L1H3,swap4,128,12.055848820086348,0.2921815812587738
E1_h0.01_e0.1_L2_alibi_learn_attn_s1,L1H0,sp4,2,2.7155639436554937,0.1066774949431419
E1_h0.01_e0.1_L2_alibi_learn_attn_s1,L1H0,sp4,4,3.115704812363043,0.1066774949431419
E1_h0.01_e0.1_L2_alibi_learn_attn_s1,L1H0,sp4,8,2.2094127269346036,0.1066774949431419
E1_h0.01_e0.1_L2_alibi_learn_attn_s1,L1H0,sp4,16,2.597457022960385,0.1066774949431419
E1_h0.01_e0.1_L2_alibi_learn_attn_s1,L1H0,sp4,32,3.3049106711565797,0.1066774949431419
E1_h0.01_e0.1_L2_alibi_learn_attn_s1,L1H0,sp4,64,2.082903601122261,0.1066774949431419
E1_h0.01_e0.1_L2_alibi_learn_attn_s1,L1H0,sp4,128,2.2504102537523165,0.1066774949431419
E1_h0.01_e0.1_L2_alibi_learn_attn_s1,L1H0,swap4,2,-2.3323497255361056,0.1066774949431419
E1_h0.01_e0.1_L2_alibi_learn_attn_s1,L1H0,swap4,4,-0.9806988704017781,0.1066774949431419
E1_h0.01_e0.1_L2_alibi_learn_attn_s1,L1H0,swap4,8,-2.115797762201422,0.1066774949431419
E1_h0.01_e0.1_L2_alibi_learn_attn_s1,L1H0,swap4,16,-1.4767739066661252,0.1066774949431419
E1_h0.01_e0.1_L2_alibi_learn_attn_s1,L1H0,swap4,32,-1.6977007014493612,0.1066774949431419
E1_h0.01_e0.1_L2_alibi_learn_attn_s1,L1H0,swap4,64,-1.5789312533681121,0.1066774949431419
E1_h0.01_e0.1_L2_alibi_learn_attn_s1,L1H0,swap4,128,-0.6323954136176066,0.1066774949431419
E1_h0.01_e0.1_L2_alibi_learn_attn_s1,L1H1,sp4,2,-0.5434514788937144,0.1179962009191513
E1_h0.01_e0.1_L2_alibi_learn_attn_s1,L1H1,sp4,4,-0.6306011910880073,0.1179962009191513
E1_h0.01_e0.1_L2_alibi_learn_attn_s1,L1H1,sp4,8,0.21309990260377532,0.1179962009191513
E1_h0.01_e0.1_L2_alibi_learn_attn_s1,L1H1,sp4,16,0.46961960842248196,0.1179962009191513
E1_h0.01_e0.1_L2_alibi_learn_attn_s1,L1H1,sp4,32,-0.9494840569211731,0.1179962009191513
E1_h0.01_e0.1_L2_alibi_learn_attn_s1,L1H1,sp4,64,1.2805842735815962,0.1179962009191513
E1_h0.01_e0.1_L2_alibi_learn_attn_s1,L1H1,sp4,128,-0.6845152113024877,0.1179962009191513
E1_h0.01_e0.1_L2_alibi_learn_attn_s1,L1H1,swap4,2,-0.017094254023604177,0.1179962009191513
E1_h0.01_e0.1_L2_alibi_learn_attn_s1,L1H1,swap4,4,-0.7559757688042732,0.1179962009191513
E1_h0.01_e0.1_L2_alibi_learn_attn_s1,L1H1,swap4,8,0.016549215062034606,0.1179962009191513
E1_h0.01_e0.1_L2_alibi_learn_attn_s1,L1H1,swap4,16,0.7933348647159048,0.1179962009191513
E1_h0.01_e0.1_L2_alibi_learn_attn_s1,L1H1,swap4,32,0.8912004176337802,0.1179962009191513
E1_h0.01_e0.1_L2_alibi_learn_attn_s1,L1H1,swap4,64,0.8529982456437528,0.1179962009191513
E1_h0.01_e0.1_L2_alibi_learn_attn_s1,L1H1,swap4,128,-0.3414948752123159,0.1179962009191513
E1_h0.01_e0.1_L2_alibi_learn_attn_s1,L1H2,sp4,2,-1.07760636210713,0.7647891640663147
E1_h0.01_e0.1_L2_alibi_learn_attn_s1,L1H2,sp4,4,-0.9781410610989156,0.7647891640663147
E1_h0.01_e0.1_L2_alibi_learn_attn_s1,L1H2,sp4,8,-0.8257818799044259,0.7647891640663147
E1_h0.01_e0.1_L2_alibi_learn_attn_s1,L1H2,sp4,16,-0.13547011271953124,0.7647891640663147
E1_h0.01_e0.1_L2_alibi_learn_attn_s1,L1H2,sp4,32,3.008855927334327,0.7647891640663147
E1_h0.01_e0.1_L2_alibi_learn_attn_s1,L1H2,sp4,64,25.92709841862036,0.7647891640663147
E1_h0.01_e0.1_L2_alibi_learn_attn_s1,L1H2,sp4,128,74.87360493015612,0.7647891640663147
E1_h0.01_e0.1_L2_alibi_learn_attn_s1,L1H2,swap4,2,-2.0473746327016213,0.7647891640663147
E1_h0.01_e0.1_L2_alibi_learn_attn_s1,L1H2,swap4,4,-1.5609828188510555,0.7647891640663147
E1_h0.01_e0.1_L2_alibi_learn_attn_s1,L1H2,swap4,8,-1.0815743368073916,0.7647891640663147
E1_h0.01_e0.1_L2_alibi_learn_attn_s1,L1H2,swap4,16,-0.6326750274558082,0.7647891640663147
E1_h0.01_e0.1_L2_alibi_learn_attn_s1,L1H2,swap4,32,2.9915840254492814,0.7647891640663147
E1_h0.01_e0.1_L2_alibi_learn_attn_s1,L1H2,swap4,64,25.92709841008022,0.7647891640663147
E1_h0.01_e0.1_L2_alibi_learn_attn_s1,L1H2,swap4,128,74.8736049372429,0.7647891640663147
E1_h0.01_e0.1_L2_alibi_learn_attn_s1,L1H3,sp4,2,-0.03663901013531867,0.1367584466934204
E1_h0.01_e0.1_L2_alibi_learn_attn_s1,L1H3,sp4,4,-0.1296037548648155,0.1367584466934204
E1_h0.01_e0.1_L2_alibi_learn_attn_s1,L1H3,sp4,8,-0.06835378858170554,0.1367584466934204
E1_h0.01_e0.1_L2_alibi_learn_attn_s1,L1H3,sp4,16,0.015427007977204865,0.1367584466934204
E1_h0.01_e0.1_L2_alibi_learn_attn_s1,L1H3,sp4,32,-0.02969425275760229,0.1367584466934204
E1_h0.01_e0.1_L2_alibi_learn_attn_s1,L1H3,sp4,64,-0.003044306361220883,0.1367584466934204
E1_h0.01_e0.1_L2_alibi_learn_attn_s1,L1H3,sp4,128,-0.04673715478701723,0.1367584466934204
E1_h0.01_e0.1_L2_alibi_learn_attn_s1,L1H3,swap4,2,-0.2159223625136212,0.1367584466934204
E1_h0.01_e0.1_L2_alibi_learn_attn_s1,L1H3,swap4,4,-0.21623436542161417,0.1367584466934204
E1_h0.01_e0.1_L2_alibi_learn_attn_s1,L1H3,swap4,8,-0.13767173980619019,0.1367584466934204
E1_h0.01_e0.1_L2_alibi_learn_attn_s1,L1H3,swap4,16,-0.12301639484048232,0.1367584466934204
E1_h0.01_e0.1_L2_alibi_learn_attn_s1,L1H3,swap4,32,-0.11534730481927657,0.1367584466934204
E1_h0.01_e0.1_L2_alibi_learn_attn_s1,L1H3,swap4,64,-0.11588416879795016,0.1367584466934204
E1_h0.01_e0.1_L2_alibi_learn_attn_s1,L1H3,swap4,128,-0.09695437401008355,0.1367584466934204
E1_h0.01_e0.1_L2_alibi_learn_attn_s2,L1H0,sp4,2,4.391587416349786,0.1750178188085556
E1_h0.01_e0.1_L2_alibi_learn_attn_s2,L1H0,sp4,4,3.331547923870968,0.1750178188085556
E1_h0.01_e0.1_L2_alibi_learn_attn_s2,L1H0,sp4,8,4.171039030314397,0.1750178188085556
E1_h0.01_e0.1_L2_alibi_learn_attn_s2,L1H0,sp4,16,3.021239723195202,0.1750178188085556
E1_h0.01_e0.1_L2_alibi_learn_attn_s2,L1H0,sp4,32,0.18548277001386992,0.1750178188085556
E1_h0.01_e0.1_L2_alibi_learn_attn_s2,L1H0,sp4,64,5.245810750533874,0.1750178188085556
E1_h0.01_e0.1_L2_alibi_learn_attn_s2,L1H0,sp4,128,2.864781536927042,0.1750178188085556
E1_h0.01_e0.1_L2_alibi_learn_attn_s2,L1H0,swap4,2,0.6978581595852764,0.1750178188085556
E1_h0.01_e0.1_L2_alibi_learn_attn_s2,L1H0,swap4,4,-0.6972453739353422,0.1750178188085556
E1_h0.01_e0.1_L2_alibi_learn_attn_s2,L1H0,swap4,8,0.5184119548621715,0.1750178188085556
E1_h0.01_e0.1_L2_alibi_learn_attn_s2,L1H0,swap4,16,-2.4814697972805217,0.1750178188085556
E1_h0.01_e0.1_L2_alibi_learn_attn_s2,L1H0,swap4,32,-2.76816906139373,0.1750178188085556
E1_h0.01_e0.1_L2_alibi_learn_attn_s2,L1H0,swap4,64,0.9410053466395967,0.1750178188085556
E1_h0.01_e0.1_L2_alibi_learn_attn_s2,L1H0,swap4,128,2.875643331080841,0.1750178188085556
E1_h0.01_e0.1_L2_alibi_learn_attn_s2,L1H1,sp4,2,-1.9972642636292677,0.1683153212070465
E1_h0.01_e0.1_L2_alibi_learn_attn_s2,L1H1,sp4,4,-0.7786003742997429,0.1683153212070465
E1_h0.01_e0.1_L2_alibi_learn_attn_s2,L1H1,sp4,8,-1.1385351807091988,0.1683153212070465
E1_h0.01_e0.1_L2_alibi_learn_attn_s2,L1H1,sp4,16,1.5520117276833196,0.1683153212070465
E1_h0.01_e0.1_L2_alibi_learn_attn_s2,L1H1,sp4,32,2.6615382713402242,0.1683153212070465
E1_h0.01_e0.1_L2_alibi_learn_attn_s2,L1H1,sp4,64,-1.419331096581887,0.1683153212070465
E1_h0.01_e0.1_L2_alibi_learn_attn_s2,L1H1,sp4,128,0.33194857910751985,0.1683153212070465
E1_h0.01_e0.1_L2_alibi_learn_attn_s2,L1H1,swap4,2,-2.9619234617875945,0.1683153212070465
E1_h0.01_e0.1_L2_alibi_learn_attn_s2,L1H1,swap4,4,-1.5535821508078507,0.1683153212070465
E1_h0.01_e0.1_L2_alibi_learn_attn_s2,L1H1,swap4,8,-2.023439690022337,0.1683153212070465
E1_h0.01_e0.1_L2_alibi_learn_attn_s2,L1H1,swap4,16,0.46100652248667484,0.1683153212070465
E1_h0.01_e0.1_L2_alibi_learn_attn_s2,L1H1,swap4,32,1.1120696083071597,0.1683153212070465
E1_h0.01_e0.1_L2_alibi_learn_attn_s2,L1H1,swap4,64,-0.3942262776686478,0.1683153212070465
E1_h0.01_e0.1_L2_alibi_learn_attn_s2,L1H1,swap4,128,0.5646147875585683,0.1683153212070465
E1_h0.01_e0.1_L2_alibi_learn_attn_s2,L1H2,sp4,2,-0.6913362824334746,0.7291454672813416
E1_h0.01_e0.1_L2_alibi_learn_attn_s2,L1H2,sp4,4,-0.6078411352153106,0.7291454672813416
E1_h0.01_e0.1_L2_alibi_learn_attn_s2,L1H2,sp4,8,-0.3231122122604462,0.7291454672813416
E1_h0.01_e0.1_L2_alibi_learn_attn_s2,L1H2,sp4,16,0.22639867266700442,0.7291454672813416
E1_h0.01_e0.1_L2_alibi_learn_attn_s2,L1H2,sp4,32,2.882077212854554,0.7291454672813416
E1_h0.01_e0.1_L2_alibi_learn_attn_s2,L1H2,sp4,64,23.435435031310256,0.7291454672813416
E1_h0.01_e0.1_L2_alibi_learn_attn_s2,L1H2,sp4,128,70.10074460218323,0.7291454672813416
E1_h0.01_e0.1_L2_alibi_learn_attn_s2,L1H2,swap4,2,-1.3857895919047616,0.7291454672813416
E1_h0.01_e0.1_L2_alibi_learn_attn_s2,L1H2,swap4,4,-1.202780449493745,0.7291454672813416
E1_h0.01_e0.1_L2_alibi_learn_attn_s2,L1H2,swap4,8,-0.796237271341659,0.7291454672813416
E1_h0.01_e0.1_L2_alibi_learn_attn_s2,L1H2,swap4,16,-0.05175224396630984,0.7291454672813416
E1_h0.01_e0.1_L2_alibi_learn_attn_s2,L1H2,swap4,32,2.56128533882465,0.7291454672813416
E1_h0.01_e0.1_L2_alibi_learn_attn_s2,L1H2,swap4,64,23.435435355291798,0.7291454672813416
E1_h0.01_e0.1_L2_alibi_learn_attn_s2,L1H2,swap4,128,70.10074461878514,0.7291454672813416
E1_h0.01_e0.1_L2_alibi_learn_attn_s2,L1H3,sp4,2,-0.0009525292775542926,0.2799291312694549
E1_h0.01_e0.1_L2_alibi_learn_attn_s2,L1H3,sp4,4,-0.023210064906519667,0.2799291312694549
E1_h0.01_e0.1_L2_alibi_learn_attn_s2,L1H3,sp4,8,0.08570065069192889,0.2799291312694549
E1_h0.01_e0.1_L2_alibi_learn_attn_s2,L1H3,sp4,16,0.1197789839049781,0.2799291312694549
E1_h0.01_e0.1_L2_alibi_learn_attn_s2,L1H3,sp4,32,0.2743955650665333,0.2799291312694549
E1_h0.01_e0.1_L2_alibi_learn_attn_s2,L1H3,sp4,64,0.5972110510660187,0.2799291312694549
E1_h0.01_e0.1_L2_alibi_learn_attn_s2,L1H3,sp4,128,10.344759260590946,0.2799291312694549
E1_h0.01_e0.1_L2_alibi_learn_attn_s2,L1H3,swap4,2,-0.11920475815079645,0.2799291312694549
E1_h0.01_e0.1_L2_alibi_learn_attn_s2,L1H3,swap4,4,-0.15922035685042957,0.2799291312694549
E1_h0.01_e0.1_L2_alibi_learn_attn_s2,L1H3,swap4,8,-0.04198330908221393,0.2799291312694549
E1_h0.01_e0.1_L2_alibi_learn_attn_s2,L1H3,swap4,16,-0.034539060900371954,0.2799291312694549
E1_h0.01_e0.1_L2_alibi_learn_attn_s2,L1H3,swap4,32,0.12057409996592128,0.2799291312694549
E1_h0.01_e0.1_L2_alibi_learn_attn_s2,L1H3,swap4,64,0.5337441715833595,0.2799291312694549
E1_h0.01_e0.1_L2_alibi_learn_attn_s2,L1H3,swap4,128,10.368564336601311,0.2799291312694549
E1_h0.03_e0.2_L2_alibi_learn_attn_s0,L1H0,sp4,2,-1.2241013330649653,0.2414150238037109
E1_h0.03_e0.2_L2_alibi_learn_attn_s0,L1H0,sp4,4,-1.3791279230494116,0.2414150238037109
E1_h0.03_e0.2_L2_alibi_learn_attn_s0,L1H0,sp4,8,1.4105663349942432,0.2414150238037109
E1_h0.03_e0.2_L2_alibi_learn_attn_s0,L1H0,sp4,16,-1.606564392440494,0.2414150238037109
E1_h0.03_e0.2_L2_alibi_learn_attn_s0,L1H0,sp4,32,-1.6540518748788449,0.2414150238037109
E1_h0.03_e0.2_L2_alibi_learn_attn_s0,L1H0,sp4,64,-1.1442409410414793,0.2414150238037109
E1_h0.03_e0.2_L2_alibi_learn_attn_s0,L1H0,sp4,128,5.748893936200702,0.2414150238037109
E1_h0.03_e0.2_L2_alibi_learn_attn_s0,L1H0,swap4,2,0.9488703950641809,0.2414150238037109
E1_h0.03_e0.2_L2_alibi_learn_attn_s0,L1H0,swap4,4,-1.331065469120269,0.2414150238037109
E1_h0.03_e0.2_L2_alibi_learn_attn_s0,L1H0,swap4,8,-0.19724042949811837,0.2414150238037109
E1_h0.03_e0.2_L2_alibi_learn_attn_s0,L1H0,swap4,16,0.4809142111918807,0.2414150238037109
E1_h0.03_e0.2_L2_alibi_learn_attn_s0,L1H0,swap4,32,-1.8790869791892657,0.2414150238037109
E1_h0.03_e0.2_L2_alibi_learn_attn_s0,L1H0,swap4,64,0.5685634350347106,0.2414150238037109
E1_h0.03_e0.2_L2_alibi_learn_attn_s0,L1H0,swap4,128,5.783316007233095,0.2414150238037109
E1_h0.03_e0.2_L2_alibi_learn_attn_s0,L1H1,sp4,2,3.7124687632431543,0.242705225944519
E1_h0.03_e0.2_L2_alibi_learn_attn_s0,L1H1,sp4,4,3.90308538767122,0.242705225944519
E1_h0.03_e0.2_L2_alibi_learn_attn_s0,L1H1,sp4,8,1.0790980906281833,0.242705225944519
E1_h0.03_e0.2_L2_alibi_learn_attn_s0,L1H1,sp4,16,4.38803356192522,0.242705225944519
E1_h0.03_e0.2_L2_alibi_learn_attn_s0,L1H1,sp4,32,4.349705838131344,0.242705225944519
E1_h0.03_e0.2_L2_alibi_learn_attn_s0,L1H1,sp4,64,2.448630241654489,0.242705225944519
E1_h0.03_e0.2_L2_alibi_learn_attn_s0,L1H1,sp4,128,5.8298394777998475,0.242705225944519
E1_h0.03_e0.2_L2_alibi_learn_attn_s0,L1H1,swap4,2,-2.570085709415041,0.242705225944519
E1_h0.03_e0.2_L2_alibi_learn_attn_s0,L1H1,swap4,4,0.5972272464975996,0.242705225944519
E1_h0.03_e0.2_L2_alibi_learn_attn_s0,L1H1,swap4,8,-1.6762797653149986,0.242705225944519
E1_h0.03_e0.2_L2_alibi_learn_attn_s0,L1H1,swap4,16,-1.2221769423393773,0.242705225944519
E1_h0.03_e0.2_L2_alibi_learn_attn_s0,L1H1,swap4,32,2.002742094753592,0.242705225944519
E1_h0.03_e0.2_L2_alibi_learn_attn_s0,L1H1,swap4,64,-0.9389549844449014,0.242705225944519
E1_h0.03_e0.2_L2_alibi_learn_attn_s0,L1H1,swap4,128,5.797404527242545,0.242705225944519
E1_h0.03_e0.2_L2_alibi_learn_attn_s0,L1H2,sp4,2,-0.4763064913615809,0.7956253290176392
E1_h0.03_e0.2_L2_alibi_learn_attn_s0,L1H2,sp4,4,-0.3823962048501386,0.7956253290176392
E1_h0.03_e0.2_L2_alibi_learn_attn_s0,L1H2,sp4,8,-0.03305445067347712,0.7956253290176392
E1_h0.03_e0.2_L2_alibi_learn_attn_s0,L1H2,sp4,16,0.21886599384274863,0.7956253290176392
E1_h0.03_e0.2_L2_alibi_learn_attn_s0,L1H2,sp4,32,4.200777004161639,0.7956253290176392
E1_h0.03_e0.2_L2_alibi_learn_attn_s0,L1H2,sp4,64,28.08303842226044,0.7956253290176392
E1_h0.03_e0.2_L2_alibi_learn_attn_s0,L1H2,sp4,128,79.00305950458466,0.7956253290176392
E1_h0.03_e0.2_L2_alibi_learn_attn_s0,L1H2,swap4,2,-1.1963549238485747,0.7956253290176392
E1_h0.03_e0.2_L2_alibi_learn_attn_s0,L1H2,swap4,4,-0.9606625386616594,0.7956253290176392
E1_h0.03_e0.2_L2_alibi_learn_attn_s0,L1H2,swap4,8,-0.7008709535025455,0.7956253290176392
E1_h0.03_e0.2_L2_alibi_learn_attn_s0,L1H2,swap4,16,-0.20805655664061362,0.7956253290176392
E1_h0.03_e0.2_L2_alibi_learn_attn_s0,L1H2,swap4,32,4.199048937875993,0.7956253290176392
E1_h0.03_e0.2_L2_alibi_learn_attn_s0,L1H2,swap4,64,28.083038459731213,0.7956253290176392
E1_h0.03_e0.2_L2_alibi_learn_attn_s0,L1H2,swap4,128,79.00305950195167,0.7956253290176392
E1_h0.03_e0.2_L2_alibi_learn_attn_s0,L1H3,sp4,2,0.06586514426318169,0.2238576114177703
E1_h0.03_e0.2_L2_alibi_learn_attn_s0,L1H3,sp4,4,0.11113833060810818,0.2238576114177703
E1_h0.03_e0.2_L2_alibi_learn_attn_s0,L1H3,sp4,8,0.16109705377615802,0.2238576114177703
E1_h0.03_e0.2_L2_alibi_learn_attn_s0,L1H3,sp4,16,0.1582403093296123,0.2238576114177703
E1_h0.03_e0.2_L2_alibi_learn_attn_s0,L1H3,sp4,32,0.09542295829030678,0.2238576114177703
E1_h0.03_e0.2_L2_alibi_learn_attn_s0,L1H3,sp4,64,-0.020316875473308293,0.2238576114177703
E1_h0.03_e0.2_L2_alibi_learn_attn_s0,L1H3,sp4,128,3.0344499630669546,0.2238576114177703
E1_h0.03_e0.2_L2_alibi_learn_attn_s0,L1H3,swap4,2,-0.16429644083464728,0.2238576114177703
E1_h0.03_e0.2_L2_alibi_learn_attn_s0,L1H3,swap4,4,-0.12910424548569766,0.2238576114177703
E1_h0.03_e0.2_L2_alibi_learn_attn_s0,L1H3,swap4,8,-0.07140677802253648,0.2238576114177703
E1_h0.03_e0.2_L2_alibi_learn_attn_s0,L1H3,swap4,16,-0.08677060566040495,0.2238576114177703
E1_h0.03_e0.2_L2_alibi_learn_attn_s0,L1H3,swap4,32,0.004345564348847031,0.2238576114177703
E1_h0.03_e0.2_L2_alibi_learn_attn_s0,L1H3,swap4,64,-0.03694335829663231,0.2238576114177703
E1_h0.03_e0.2_L2_alibi_learn_attn_s0,L1H3,swap4,128,2.989055893025583,0.2238576114177703
E1_h0.03_e0.2_L2_alibi_learn_attn_s1,L1H0,sp4,2,-1.5354085208961035,0.2015261203050613
E1_h0.03_e0.2_L2_alibi_learn_attn_s1,L1H0,sp4,4,1.5415852000937733,0.2015261203050613
E1_h0.03_e0.2_L2_alibi_learn_attn_s1,L1H0,sp4,8,-0.5005204778787968,0.2015261203050613
E1_h0.03_e0.2_L2_alibi_learn_attn_s1,L1H0,sp4,16,-2.0698103829082797,0.2015261203050613
E1_h0.03_e0.2_L2_alibi_learn_attn_s1,L1H0,sp4,32,2.3238764421470033,0.2015261203050613
E1_h0.03_e0.2_L2_alibi_learn_attn_s1,L1H0,sp4,64,-0.9740675783842914,0.2015261203050613
E1_h0.03_e0.2_L2_alibi_learn_attn_s1,L1H0,sp4,128,1.1457218466390025,0.2015261203050613
E1_h0.03_e0.2_L2_alibi_learn_attn_s1,L1H0,swap4,2,-2.7548089722831373,0.2015261203050613
E1_h0.03_e0.2_L2_alibi_learn_attn_s1,L1H0,swap4,4,0.29816672543760064,0.2015261203050613
E1_h0.03_e0.2_L2_alibi_learn_attn_s1,L1H0,swap4,8,0.3222965575467551,0.2015261203050613
E1_h0.03_e0.2_L2_alibi_learn_attn_s1,L1H0,swap4,16,-2.163469591632481,0.2015261203050613
E1_h0.03_e0.2_L2_alibi_learn_attn_s1,L1H0,swap4,32,0.8930889219455063,0.2015261203050613
E1_h0.03_e0.2_L2_alibi_learn_attn_s1,L1H0,swap4,64,-1.383581447161082,0.2015261203050613
E1_h0.03_e0.2_L2_alibi_learn_attn_s1,L1H0,swap4,128,1.1502047861572127,0.2015261203050613
E1_h0.03_e0.2_L2_alibi_learn_attn_s1,L1H1,sp4,2,3.540503640413778,0.2216861546039581
E1_h0.03_e0.2_L2_alibi_learn_attn_s1,L1H1,sp4,4,0.7438923464552649,0.2216861546039581
E1_h0.03_e0.2_L2_alibi_learn_attn_s1,L1H1,sp4,8,3.5426744928200287,0.2216861546039581
E1_h0.03_e0.2_L2_alibi_learn_attn_s1,L1H1,sp4,16,4.669791846640594,0.2216861546039581
E1_h0.03_e0.2_L2_alibi_learn_attn_s1,L1H1,sp4,32,-0.42685066542649164,0.2216861546039581
E1_h0.03_e0.2_L2_alibi_learn_attn_s1,L1H1,sp4,64,2.177036792873019,0.2216861546039581
E1_h0.03_e0.2_L2_alibi_learn_attn_s1,L1H1,sp4,128,3.381660364087134,0.2216861546039581
E1_h0.03_e0.2_L2_alibi_learn_attn_s1,L1H1,swap4,2,-0.48355964968936865,0.2216861546039581
E1_h0.03_e0.2_L2_alibi_learn_attn_s1,L1H1,swap4,4,-2.524660688029577,0.2216861546039581
E1_h0.03_e0.2_L2_alibi_learn_attn_s1,L1H1,swap4,8,-1.9277861246718273,0.2216861546039581
E1_h0.03_e0.2_L2_alibi_learn_attn_s1,L1H1,swap4,16,1.239295214052702,0.2216861546039581
E1_h0.03_e0.2_L2_alibi_learn_attn_s1,L1H1,swap4,32,-1.3178747295266628,0.2216861546039581
E1_h0.03_e0.2_L2_alibi_learn_attn_s1,L1H1,swap4,64,0.77628545843144,0.2216861546039581
E1_h0.03_e0.2_L2_alibi_learn_attn_s1,L1H1,swap4,128,3.3768773346423657,0.2216861546039581
E1_h0.03_e0.2_L2_alibi_learn_attn_s1,L1H2,sp4,2,-0.8401850825990866,0.8522312641143799
E1_h0.03_e0.2_L2_alibi_learn_attn_s1,L1H2,sp4,4,-0.7346694193893892,0.8522312641143799
E1_h0.03_e0.2_L2_alibi_learn_attn_s1,L1H2,sp4,8,-0.39423449606668015,0.8522312641143799
E1_h0.03_e0.2_L2_alibi_learn_attn_s1,L1H2,sp4,16,-0.13604466908095514,0.8522312641143799
E1_h0.03_e0.2_L2_alibi_learn_attn_s1,L1H2,sp4,32,5.669765315067615,0.8522312641143799
E1_h0.03_e0.2_L2_alibi_learn_attn_s1,L1H2,sp4,64,32.04141998266257,0.8522312641143799
E1_h0.03_e0.2_L2_alibi_learn_attn_s1,L1H2,sp4,128,86.58422091491207,0.8522312641143799
E1_h0.03_e0.2_L2_alibi_learn_attn_s1,L1H2,swap4,2,-1.4541155364947125,0.8522312641143799
E1_h0.03_e0.2_L2_alibi_learn_attn_s1,L1H2,swap4,4,-1.294954600776852,0.8522312641143799
E1_h0.03_e0.2_L2_alibi_learn_attn_s1,L1H2,swap4,8,-0.8669387721695578,0.8522312641143799
E1_h0.03_e0.2_L2_alibi_learn_attn_s1,L1H2,swap4,16,-0.2967114038657641,0.8522312641143799
E1_h0.03_e0.2_L2_alibi_learn_attn_s1,L1H2,swap4,32,5.889397027338328,0.8522312641143799
E1_h0.03_e0.2_L2_alibi_learn_attn_s1,L1H2,swap4,64,32.041419991364606,0.8522312641143799
E1_h0.03_e0.2_L2_alibi_learn_attn_s1,L1H2,swap4,128,86.58422091489751,0.8522312641143799
E1_h0.03_e0.2_L2_alibi_learn_attn_s1,L1H3,sp4,2,0.0028399155329495995,0.202659398317337
E1_h0.03_e0.2_L2_alibi_learn_attn_s1,L1H3,sp4,4,3.281028357349225e-05,0.202659398317337
E1_h0.03_e0.2_L2_alibi_learn_attn_s1,L1H3,sp4,8,0.06564380329602254,0.202659398317337
E1_h0.03_e0.2_L2_alibi_learn_attn_s1,L1H3,sp4,16,0.12824563863369565,0.202659398317337
E1_h0.03_e0.2_L2_alibi_learn_attn_s1,L1H3,sp4,32,0.06703661709548614,0.202659398317337
E1_h0.03_e0.2_L2_alibi_learn_attn_s1,L1H3,sp4,64,-0.0165499635865336,0.202659398317337
E1_h0.03_e0.2_L2_alibi_learn_attn_s1,L1H3,sp4,128,0.7087399880368981,0.202659398317337
E1_h0.03_e0.2_L2_alibi_learn_attn_s1,L1H3,swap4,2,-0.2714216068408454,0.202659398317337
E1_h0.03_e0.2_L2_alibi_learn_attn_s1,L1H3,swap4,4,-0.2794236352856305,0.202659398317337
E1_h0.03_e0.2_L2_alibi_learn_attn_s1,L1H3,swap4,8,-0.176917611770953,0.202659398317337
E1_h0.03_e0.2_L2_alibi_learn_attn_s1,L1H3,swap4,16,-0.1464066274641529,0.202659398317337
E1_h0.03_e0.2_L2_alibi_learn_attn_s1,L1H3,swap4,32,-0.04766665865357833,0.202659398317337
E1_h0.03_e0.2_L2_alibi_learn_attn_s1,L1H3,swap4,64,-0.034470707084007124,0.202659398317337
E1_h0.03_e0.2_L2_alibi_learn_attn_s1,L1H3,swap4,128,0.7239974193354204,0.202659398317337
E1_h0.03_e0.2_L2_alibi_learn_attn_s2,L1H0,sp4,2,3.7540993727584757,0.2268701940774917
E1_h0.03_e0.2_L2_alibi_learn_attn_s2,L1H0,sp4,4,3.389084322574897,0.2268701940774917
E1_h0.03_e0.2_L2_alibi_learn_attn_s2,L1H0,sp4,8,4.206882978793178,0.2268701940774917
E1_h0.03_e0.2_L2_alibi_learn_attn_s2,L1H0,sp4,16,4.6117117090013,0.2268701940774917
E1_h0.03_e0.2_L2_alibi_learn_attn_s2,L1H0,sp4,32,2.5620585342902418,0.2268701940774917
E1_h0.03_e0.2_L2_alibi_learn_attn_s2,L1H0,sp4,64,3.545319139224513,0.2268701940774917
E1_h0.03_e0.2_L2_alibi_learn_attn_s2,L1H0,sp4,128,4.187246018133104,0.2268701940774917
E1_h0.03_e0.2_L2_alibi_learn_attn_s2,L1H0,swap4,2,0.3872316262868551,0.2268701940774917
E1_h0.03_e0.2_L2_alibi_learn_attn_s2,L1H0,swap4,4,-2.2086210327713136,0.2268701940774917
E1_h0.03_e0.2_L2_alibi_learn_attn_s2,L1H0,swap4,8,-0.616605569254211,0.2268701940774917
E1_h0.03_e0.2_L2_alibi_learn_attn_s2,L1H0,swap4,16,-1.5325095289244617,0.2268701940774917
E1_h0.03_e0.2_L2_alibi_learn_attn_s2,L1H0,swap4,32,-0.8398689364455656,0.2268701940774917
E1_h0.03_e0.2_L2_alibi_learn_attn_s2,L1H0,swap4,64,-0.27898564434998274,0.2268701940774917
E1_h0.03_e0.2_L2_alibi_learn_attn_s2,L1H0,swap4,128,4.131164367739915,0.2268701940774917
E1_h0.03_e0.2_L2_alibi_learn_attn_s2,L1H1,sp4,2,-1.17245152665045,0.2469125688076019
E1_h0.03_e0.2_L2_alibi_learn_attn_s2,L1H1,sp4,4,-0.440286293865194,0.2469125688076019
E1_h0.03_e0.2_L2_alibi_learn_attn_s2,L1H1,sp4,8,-1.2092210537723709,0.2469125688076019
E1_h0.03_e0.2_L2_alibi_learn_attn_s2,L1H1,sp4,16,-1.5235163843395636,0.2469125688076019
E1_h0.03_e0.2_L2_alibi_learn_attn_s2,L1H1,sp4,32,0.5116183381224673,0.2469125688076019
E1_h0.03_e0.2_L2_alibi_learn_attn_s2,L1H1,sp4,64,-2.2215204315533352,0.2469125688076019
E1_h0.03_e0.2_L2_alibi_learn_attn_s2,L1H1,sp4,128,6.037221353454457,0.2469125688076019
E1_h0.03_e0.2_L2_alibi_learn_attn_s2,L1H1,swap4,2,-1.5899625645814743,0.2469125688076019
E1_h0.03_e0.2_L2_alibi_learn_attn_s2,L1H1,swap4,4,0.06309391533682285,0.2469125688076019
E1_h0.03_e0.2_L2_alibi_learn_attn_s2,L1H1,swap4,8,-0.549922956886669,0.2469125688076019
E1_h0.03_e0.2_L2_alibi_learn_attn_s2,L1H1,swap4,16,0.30282701750092,0.2469125688076019
E1_h0.03_e0.2_L2_alibi_learn_attn_s2,L1H1,swap4,32,-0.7631123172914513,0.2469125688076019
E1_h0.03_e0.2_L2_alibi_learn_attn_s2,L1H1,swap4,64,-0.18896376942324533,0.2469125688076019
E1_h0.03_e0.2_L2_alibi_learn_attn_s2,L1H1,swap4,128,6.045386484895108,0.2469125688076019
E1_h0.03_e0.2_L2_alibi_learn_attn_s2,L1H2,sp4,2,-0.24874145426114536,0.798683762550354
E1_h0.03_e0.2_L2_alibi_learn_attn_s2,L1H2,sp4,4,-0.11246897087192531,0.798683762550354
E1_h0.03_e0.2_L2_alibi_learn_attn_s2,L1H2,sp4,8,0.056587132377204696,0.798683762550354
E1_h0.03_e0.2_L2_alibi_learn_attn_s2,L1H2,sp4,16,0.16453512388861302,0.798683762550354
E1_h0.03_e0.2_L2_alibi_learn_attn_s2,L1H2,sp4,32,4.31777686745332,0.798683762550354
E1_h0.03_e0.2_L2_alibi_learn_attn_s2,L1H2,sp4,64,28.296887869629984,0.798683762550354
E1_h0.03_e0.2_L2_alibi_learn_attn_s2,L1H2,sp4,128,79.41264867417678,0.798683762550354
E1_h0.03_e0.2_L2_alibi_learn_attn_s2,L1H2,swap4,2,-0.6566164348981784,0.798683762550354
E1_h0.03_e0.2_L2_alibi_learn_attn_s2,L1H2,swap4,4,-0.6217412870119714,0.798683762550354
E1_h0.03_e0.2_L2_alibi_learn_attn_s2,L1H2,swap4,8,-0.4638523370379035,0.798683762550354
E1_h0.03_e0.2_L2_alibi_learn_attn_s2,L1H2,swap4,16,-0.3145163779524305,0.798683762550354
E1_h0.03_e0.2_L2_alibi_learn_attn_s2,L1H2,swap4,32,4.317838335662277,0.798683762550354
E1_h0.03_e0.2_L2_alibi_learn_attn_s2,L1H2,swap4,64,28.2968878723107,0.798683762550354
E1_h0.03_e0.2_L2_alibi_learn_attn_s2,L1H2,swap4,128,79.41264867894981,0.798683762550354
E1_h0.03_e0.2_L2_alibi_learn_attn_s2,L1H3,sp4,2,0.09447865431586466,0.1908434182405471
E1_h0.03_e0.2_L2_alibi_learn_attn_s2,L1H3,sp4,4,0.07829563471279799,0.1908434182405471
E1_h0.03_e0.2_L2_alibi_learn_attn_s2,L1H3,sp4,8,0.09502832661802652,0.1908434182405471
E1_h0.03_e0.2_L2_alibi_learn_attn_s2,L1H3,sp4,16,0.1040183699066719,0.1908434182405471
E1_h0.03_e0.2_L2_alibi_learn_attn_s2,L1H3,sp4,32,0.031240846599243532,0.1908434182405471
E1_h0.03_e0.2_L2_alibi_learn_attn_s2,L1H3,sp4,64,-0.04033810761880652,0.1908434182405471
E1_h0.03_e0.2_L2_alibi_learn_attn_s2,L1H3,sp4,128,0.17572201068773374,0.1908434182405471
E1_h0.03_e0.2_L2_alibi_learn_attn_s2,L1H3,swap4,2,-0.07238953840224482,0.1908434182405471
E1_h0.03_e0.2_L2_alibi_learn_attn_s2,L1H3,swap4,4,-0.06781326913115715,0.1908434182405471
E1_h0.03_e0.2_L2_alibi_learn_attn_s2,L1H3,swap4,8,-0.07929020295553602,0.1908434182405471
E1_h0.03_e0.2_L2_alibi_learn_attn_s2,L1H3,swap4,16,-0.09881066025005136,0.1908434182405471
E1_h0.03_e0.2_L2_alibi_learn_attn_s2,L1H3,swap4,32,-0.04014085851170757,0.1908434182405471
E1_h0.03_e0.2_L2_alibi_learn_attn_s2,L1H3,swap4,64,-0.0567079395570369,0.1908434182405471
E1_h0.03_e0.2_L2_alibi_learn_attn_s2,L1H3,swap4,128,0.19942697839814194,0.1908434182405471
E2b_h0.003_e0.05_L2_alibi_learn_attn_s0,L1H0,sp4,2,2.6393402715576206,0.0889363065361976
E2b_h0.003_e0.05_L2_alibi_learn_attn_s0,L1H0,sp4,4,2.8083208617919038,0.0889363065361976
E2b_h0.003_e0.05_L2_alibi_learn_attn_s0,L1H0,sp4,8,2.953408249881006,0.0889363065361976
E2b_h0.003_e0.05_L2_alibi_learn_attn_s0,L1H0,sp4,16,3.090575955403528,0.0889363065361976
E2b_h0.003_e0.05_L2_alibi_learn_attn_s0,L1H0,sp4,32,3.8109051780108363,0.0889363065361976
E2b_h0.003_e0.05_L2_alibi_learn_attn_s0,L1H0,sp4,64,3.957541513639173,0.0889363065361976
E2b_h0.003_e0.05_L2_alibi_learn_attn_s0,L1H0,sp4,128,4.630261243981538,0.0889363065361976
E2b_h0.003_e0.05_L2_alibi_learn_attn_s0,L1H0,swap4,2,-2.7558577860849476,0.0889363065361976
E2b_h0.003_e0.05_L2_alibi_learn_attn_s0,L1H0,swap4,4,-3.019038711301982,0.0889363065361976
E2b_h0.003_e0.05_L2_alibi_learn_attn_s0,L1H0,swap4,8,-2.954668324560975,0.0889363065361976
E2b_h0.003_e0.05_L2_alibi_learn_attn_s0,L1H0,swap4,16,-2.821292259575666,0.0889363065361976
E2b_h0.003_e0.05_L2_alibi_learn_attn_s0,L1H0,swap4,32,-2.3002229340191147,0.0889363065361976
E2b_h0.003_e0.05_L2_alibi_learn_attn_s0,L1H0,swap4,64,-2.670094531978923,0.0889363065361976
E2b_h0.003_e0.05_L2_alibi_learn_attn_s0,L1H0,swap4,128,-3.1685022456598047,0.0889363065361976
E2b_h0.003_e0.05_L2_alibi_learn_attn_s0,L1H1,sp4,2,2.3185949541717874,0.0876933261752128
E2b_h0.003_e0.05_L2_alibi_learn_attn_s0,L1H1,sp4,4,2.3121842343552474,0.0876933261752128
E2b_h0.003_e0.05_L2_alibi_learn_attn_s0,L1H1,sp4,8,0.47909765262858484,0.0876933261752128
E2b_h0.003_e0.05_L2_alibi_learn_attn_s0,L1H1,sp4,16,2.4331116012843563,0.0876933261752128
E2b_h0.003_e0.05_L2_alibi_learn_attn_s0,L1H1,sp4,32,2.014533669452535,0.0876933261752128
E2b_h0.003_e0.05_L2_alibi_learn_attn_s0,L1H1,sp4,64,-1.5601588487728213,0.0876933261752128
E2b_h0.003_e0.05_L2_alibi_learn_attn_s0,L1H1,sp4,128,3.1981929579065405,0.0876933261752128
E2b_h0.003_e0.05_L2_alibi_learn_attn_s0,L1H1,swap4,2,-2.507110015447585,0.0876933261752128
E2b_h0.003_e0.05_L2_alibi_learn_attn_s0,L1H1,swap4,4,-2.1510317270444013,0.0876933261752128
E2b_h0.003_e0.05_L2_alibi_learn_attn_s0,L1H1,swap4,8,-2.3240965045651425,0.0876933261752128
E2b_h0.003_e0.05_L2_alibi_learn_attn_s0,L1H1,swap4,16,-2.1942086792186175,0.0876933261752128
E2b_h0.003_e0.05_L2_alibi_learn_attn_s0,L1H1,swap4,32,-2.7647479200232565,0.0876933261752128
E2b_h0.003_e0.05_L2_alibi_learn_attn_s0,L1H1,swap4,64,-2.052107993712146,0.0876933261752128
E2b_h0.003_e0.05_L2_alibi_learn_attn_s0,L1H1,swap4,128,3.030696374852745,0.0876933261752128
E2b_h0.003_e0.05_L2_alibi_learn_attn_s0,L1H2,sp4,2,-0.47116758099634215,0.5570792555809021
E2b_h0.003_e0.05_L2_alibi_learn_attn_s0,L1H2,sp4,4,-0.36893132822414443,0.5570792555809021
E2b_h0.003_e0.05_L2_alibi_learn_attn_s0,L1H2,sp4,8,-0.25899801875077877,0.5570792555809021
E2b_h0.003_e0.05_L2_alibi_learn_attn_s0,L1H2,sp4,16,-0.045978677778323096,0.5570792555809021
E2b_h0.003_e0.05_L2_alibi_learn_attn_s0,L1H2,sp4,32,0.26525854356939327,0.5570792555809021
E2b_h0.003_e0.05_L2_alibi_learn_attn_s0,L1H2,sp4,64,11.415110312755266,0.5570792555809021
E2b_h0.003_e0.05_L2_alibi_learn_attn_s0,L1H2,sp4,128,47.068121158382255,0.5570792555809021
E2b_h0.003_e0.05_L2_alibi_learn_attn_s0,L1H2,swap4,2,-1.3323046190279375,0.5570792555809021
E2b_h0.003_e0.05_L2_alibi_learn_attn_s0,L1H2,swap4,4,-1.117892774902698,0.5570792555809021
E2b_h0.003_e0.05_L2_alibi_learn_attn_s0,L1H2,swap4,8,-0.9705223702371812,0.5570792555809021
E2b_h0.003_e0.05_L2_alibi_learn_attn_s0,L1H2,swap4,16,-0.6507860740059419,0.5570792555809021
E2b_h0.003_e0.05_L2_alibi_learn_attn_s0,L1H2,swap4,32,-0.19462003300099795,0.5570792555809021
E2b_h0.003_e0.05_L2_alibi_learn_attn_s0,L1H2,swap4,64,11.415175559084037,0.5570792555809021
E2b_h0.003_e0.05_L2_alibi_learn_attn_s0,L1H2,swap4,128,47.06812114860337,0.5570792555809021
E2b_h0.003_e0.05_L2_alibi_learn_attn_s0,L1H3,sp4,2,-0.05072607425344322,0.2094551771879196
E2b_h0.003_e0.05_L2_alibi_learn_attn_s0,L1H3,sp4,4,-0.0005315630796460802,0.2094551771879196
E2b_h0.003_e0.05_L2_alibi_learn_attn_s0,L1H3,sp4,8,-0.037443937415444384,0.2094551771879196
E2b_h0.003_e0.05_L2_alibi_learn_attn_s0,L1H3,sp4,16,-0.012989598055203055,0.2094551771879196
E2b_h0.003_e0.05_L2_alibi_learn_attn_s0,L1H3,sp4,32,0.18785882487404226,0.2094551771879196
E2b_h0.003_e0.05_L2_alibi_learn_attn_s0,L1H3,sp4,64,0.2688297582876773,0.2094551771879196
E2b_h0.003_e0.05_L2_alibi_learn_attn_s0,L1H3,sp4,128,1.7935324075900656,0.2094551771879196
E2b_h0.003_e0.05_L2_alibi_learn_attn_s0,L1H3,swap4,2,-0.15692541259216441,0.2094551771879196
E2b_h0.003_e0.05_L2_alibi_learn_attn_s0,L1H3,swap4,4,-0.1456104973083095,0.2094551771879196
E2b_h0.003_e0.05_L2_alibi_learn_attn_s0,L1H3,swap4,8,-0.11748474766475359,0.2094551771879196
E2b_h0.003_e0.05_L2_alibi_learn_attn_s0,L1H3,swap4,16,-0.07153247915004535,0.2094551771879196
E2b_h0.003_e0.05_L2_alibi_learn_attn_s0,L1H3,swap4,32,0.04561405387056361,0.2094551771879196
E2b_h0.003_e0.05_L2_alibi_learn_attn_s0,L1H3,swap4,64,0.22716599322483688,0.2094551771879196
E2b_h0.003_e0.05_L2_alibi_learn_attn_s0,L1H3,swap4,128,1.6723304449491394,0.2094551771879196
E2b_h0.003_e0.05_L2_alibi_learn_attn_s1,L1H0,sp4,2,3.448201626820266,0.122837595641613
E2b_h0.003_e0.05_L2_alibi_learn_attn_s1,L1H0,sp4,4,3.9473996943387095,0.122837595641613
E2b_h0.003_e0.05_L2_alibi_learn_attn_s1,L1H0,sp4,8,3.6806149591899255,0.122837595641613
E2b_h0.003_e0.05_L2_alibi_learn_attn_s1,L1H0,sp4,16,4.357340053448052,0.122837595641613
E2b_h0.003_e0.05_L2_alibi_learn_attn_s1,L1H0,sp4,32,5.544831820789062,0.122837595641613
E2b_h0.003_e0.05_L2_alibi_learn_attn_s1,L1H0,sp4,64,6.093881290003532,0.122837595641613
E2b_h0.003_e0.05_L2_alibi_learn_attn_s1,L1H0,sp4,128,6.93224285360559,0.122837595641613
E2b_h0.003_e0.05_L2_alibi_learn_attn_s1,L1H0,swap4,2,-3.8852100109043124,0.122837595641613
E2b_h0.003_e0.05_L2_alibi_learn_attn_s1,L1H0,swap4,4,-3.27452266167671,0.122837595641613
E2b_h0.003_e0.05_L2_alibi_learn_attn_s1,L1H0,swap4,8,-3.4436152446247688,0.122837595641613
E2b_h0.003_e0.05_L2_alibi_learn_attn_s1,L1H0,swap4,16,-3.5786036495660376,0.122837595641613
E2b_h0.003_e0.05_L2_alibi_learn_attn_s1,L1H0,swap4,32,-1.991636447712552,0.122837595641613
E2b_h0.003_e0.05_L2_alibi_learn_attn_s1,L1H0,swap4,64,-1.8638035207675347,0.122837595641613
E2b_h0.003_e0.05_L2_alibi_learn_attn_s1,L1H0,swap4,128,2.4472629521094893,0.122837595641613
E2b_h0.003_e0.05_L2_alibi_learn_attn_s1,L1H1,sp4,2,2.4859036892602333,0.0880736485123634
E2b_h0.003_e0.05_L2_alibi_learn_attn_s1,L1H1,sp4,4,1.975377754694497,0.0880736485123634
E2b_h0.003_e0.05_L2_alibi_learn_attn_s1,L1H1,sp4,8,2.6534397105101615,0.0880736485123634
E2b_h0.003_e0.05_L2_alibi_learn_attn_s1,L1H1,sp4,16,3.2688877950123825,0.0880736485123634
E2b_h0.003_e0.05_L2_alibi_learn_attn_s1,L1H1,sp4,32,-1.9124956799288348,0.0880736485123634
E2b_h0.003_e0.05_L2_alibi_learn_attn_s1,L1H1,sp4,64,3.3160694066174825,0.0880736485123634
E2b_h0.003_e0.05_L2_alibi_learn_attn_s1,L1H1,sp4,128,0.6224849352180133,0.0880736485123634
E2b_h0.003_e0.05_L2_alibi_learn_attn_s1,L1H1,swap4,2,-2.3441334953508552,0.0880736485123634
E2b_h0.003_e0.05_L2_alibi_learn_attn_s1,L1H1,swap4,4,-3.0315356488601726,0.0880736485123634
E2b_h0.003_e0.05_L2_alibi_learn_attn_s1,L1H1,swap4,8,-3.032947379046666,0.0880736485123634
E2b_h0.003_e0.05_L2_alibi_learn_attn_s1,L1H1,swap4,16,-2.1809445616472476,0.0880736485123634
E2b_h0.003_e0.05_L2_alibi_learn_attn_s1,L1H1,swap4,32,-2.001024335793666,0.0880736485123634
E2b_h0.003_e0.05_L2_alibi_learn_attn_s1,L1H1,swap4,64,1.5891301626884966,0.0880736485123634
E2b_h0.003_e0.05_L2_alibi_learn_attn_s1,L1H1,swap4,128,-2.296800652730129,0.0880736485123634
E2b_h0.003_e0.05_L2_alibi_learn_attn_s1,L1H2,sp4,2,-1.168515992074099,0.559562623500824
E2b_h0.003_e0.05_L2_alibi_learn_attn_s1,L1H2,sp4,4,-0.881729155492764,0.559562623500824
E2b_h0.003_e0.05_L2_alibi_learn_attn_s1,L1H2,sp4,8,-0.6811282179775162,0.559562623500824
E2b_h0.003_e0.05_L2_alibi_learn_attn_s1,L1H2,sp4,16,-0.16289199248926156,0.559562623500824
E2b_h0.003_e0.05_L2_alibi_learn_attn_s1,L1H2,sp4,32,0.789834409864131,0.559562623500824
E2b_h0.003_e0.05_L2_alibi_learn_attn_s1,L1H2,sp4,64,11.588913212336939,0.559562623500824
E2b_h0.003_e0.05_L2_alibi_learn_attn_s1,L1H2,sp4,128,47.4004300559419,0.559562623500824
E2b_h0.003_e0.05_L2_alibi_learn_attn_s1,L1H2,swap4,2,-1.6199267850484174,0.559562623500824
E2b_h0.003_e0.05_L2_alibi_learn_attn_s1,L1H2,swap4,4,-1.4414573080147022,0.559562623500824
E2b_h0.003_e0.05_L2_alibi_learn_attn_s1,L1H2,swap4,8,-1.057149855569166,0.559562623500824
E2b_h0.003_e0.05_L2_alibi_learn_attn_s1,L1H2,swap4,16,-0.4629664610016171,0.559562623500824
E2b_h0.003_e0.05_L2_alibi_learn_attn_s1,L1H2,swap4,32,0.5708816986760059,0.559562623500824
E2b_h0.003_e0.05_L2_alibi_learn_attn_s1,L1H2,swap4,64,11.589820357853847,0.559562623500824
E2b_h0.003_e0.05_L2_alibi_learn_attn_s1,L1H2,swap4,128,47.40043003126185,0.559562623500824
E2b_h0.003_e0.05_L2_alibi_learn_attn_s1,L1H3,sp4,2,-0.18229106697673347,0.2161656767129898
E2b_h0.003_e0.05_L2_alibi_learn_attn_s1,L1H3,sp4,4,-0.1521130193373006,0.2161656767129898
E2b_h0.003_e0.05_L2_alibi_learn_attn_s1,L1H3,sp4,8,-0.1487443993909312,0.2161656767129898
E2b_h0.003_e0.05_L2_alibi_learn_attn_s1,L1H3,sp4,16,-0.05017387649140259,0.2161656767129898
E2b_h0.003_e0.05_L2_alibi_learn_attn_s1,L1H3,sp4,32,0.2810928439215412,0.2161656767129898
E2b_h0.003_e0.05_L2_alibi_learn_attn_s1,L1H3,sp4,64,0.5650976420821756,0.2161656767129898
E2b_h0.003_e0.05_L2_alibi_learn_attn_s1,L1H3,sp4,128,3.0092943298683164,0.2161656767129898
E2b_h0.003_e0.05_L2_alibi_learn_attn_s1,L1H3,swap4,2,0.05784555579453993,0.2161656767129898
E2b_h0.003_e0.05_L2_alibi_learn_attn_s1,L1H3,swap4,4,0.002336882476333735,0.2161656767129898
E2b_h0.003_e0.05_L2_alibi_learn_attn_s1,L1H3,swap4,8,0.03651551520925422,0.2161656767129898
E2b_h0.003_e0.05_L2_alibi_learn_attn_s1,L1H3,swap4,16,0.10432267408986151,0.2161656767129898
E2b_h0.003_e0.05_L2_alibi_learn_attn_s1,L1H3,swap4,32,0.30183661704640397,0.2161656767129898
E2b_h0.003_e0.05_L2_alibi_learn_attn_s1,L1H3,swap4,64,0.679998473715532,0.2161656767129898
E2b_h0.003_e0.05_L2_alibi_learn_attn_s1,L1H3,swap4,128,3.0006825299802937,0.2161656767129898
E2b_h0.003_e0.05_L2_alibi_learn_attn_s2,L1H0,sp4,2,3.0240366673921617,0.119542472064495
E2b_h0.003_e0.05_L2_alibi_learn_attn_s2,L1H0,sp4,4,3.09552356989776,0.119542472064495
E2b_h0.003_e0.05_L2_alibi_learn_attn_s2,L1H0,sp4,8,3.674031732835144,0.119542472064495
E2b_h0.003_e0.05_L2_alibi_learn_attn_s2,L1H0,sp4,16,2.9675823587191497,0.119542472064495
E2b_h0.003_e0.05_L2_alibi_learn_attn_s2,L1H0,sp4,32,3.9999314987290484,0.119542472064495
E2b_h0.003_e0.05_L2_alibi_learn_attn_s2,L1H0,sp4,64,5.255775921015848,0.119542472064495
E2b_h0.003_e0.05_L2_alibi_learn_attn_s2,L1H0,sp4,128,5.304286971403692,0.119542472064495
E2b_h0.003_e0.05_L2_alibi_learn_attn_s2,L1H0,swap4,2,-3.0696179220932645,0.119542472064495
E2b_h0.003_e0.05_L2_alibi_learn_attn_s2,L1H0,swap4,4,-3.5550205038029765,0.119542472064495
E2b_h0.003_e0.05_L2_alibi_learn_attn_s2,L1H0,swap4,8,-2.6679812026598433,0.119542472064495
E2b_h0.003_e0.05_L2_alibi_learn_attn_s2,L1H0,swap4,16,-3.3999677221249547,0.119542472064495
E2b_h0.003_e0.05_L2_alibi_learn_attn_s2,L1H0,swap4,32,-2.938845728303658,0.119542472064495
E2b_h0.003_e0.05_L2_alibi_learn_attn_s2,L1H0,swap4,64,-2.0180763631948353,0.119542472064495
E2b_h0.003_e0.05_L2_alibi_learn_attn_s2,L1H0,swap4,128,4.461017145321359,0.119542472064495
E2b_h0.003_e0.05_L2_alibi_learn_attn_s2,L1H1,sp4,2,-1.7227901723645491,0.1115525588393211
E2b_h0.003_e0.05_L2_alibi_learn_attn_s2,L1H1,sp4,4,-0.5550794543839065,0.1115525588393211
E2b_h0.003_e0.05_L2_alibi_learn_attn_s2,L1H1,sp4,8,-1.802920868756164,0.1115525588393211
E2b_h0.003_e0.05_L2_alibi_learn_attn_s2,L1H1,sp4,16,1.0069900234499385,0.1115525588393211
E2b_h0.003_e0.05_L2_alibi_learn_attn_s2,L1H1,sp4,32,2.5441013603282236,0.1115525588393211
E2b_h0.003_e0.05_L2_alibi_learn_attn_s2,L1H1,sp4,64,-1.852181863390567,0.1115525588393211
E2b_h0.003_e0.05_L2_alibi_learn_attn_s2,L1H1,sp4,128,-2.6366970231678915,0.1115525588393211
E2b_h0.003_e0.05_L2_alibi_learn_attn_s2,L1H1,swap4,2,-0.542026885538368,0.1115525588393211
E2b_h0.003_e0.05_L2_alibi_learn_attn_s2,L1H1,swap4,4,0.7502366903716126,0.1115525588393211
E2b_h0.003_e0.05_L2_alibi_learn_attn_s2,L1H1,swap4,8,1.0257847646547948,0.1115525588393211
E2b_h0.003_e0.05_L2_alibi_learn_attn_s2,L1H1,swap4,16,1.5719911261592445,0.1115525588393211
E2b_h0.003_e0.05_L2_alibi_learn_attn_s2,L1H1,swap4,32,0.7171480357388345,0.1115525588393211
E2b_h0.003_e0.05_L2_alibi_learn_attn_s2,L1H1,swap4,64,1.6587820507704794,0.1115525588393211
E2b_h0.003_e0.05_L2_alibi_learn_attn_s2,L1H1,swap4,128,-3.0024447192555943,0.1115525588393211
E2b_h0.003_e0.05_L2_alibi_learn_attn_s2,L1H2,sp4,2,-0.8163970232893254,0.5223859548568726
E2b_h0.003_e0.05_L2_alibi_learn_attn_s2,L1H2,sp4,4,-0.776401852634705,0.5223859548568726
E2b_h0.003_e0.05_L2_alibi_learn_attn_s2,L1H2,sp4,8,-0.5947543092357193,0.5223859548568726
E2b_h0.003_e0.05_L2_alibi_learn_attn_s2,L1H2,sp4,16,-0.4064850286325665,0.5223859548568726
E2b_h0.003_e0.05_L2_alibi_learn_attn_s2,L1H2,sp4,32,0.1367322659604575,0.5223859548568726
E2b_h0.003_e0.05_L2_alibi_learn_attn_s2,L1H2,sp4,64,8.996942641797235,0.5223859548568726
E2b_h0.003_e0.05_L2_alibi_learn_attn_s2,L1H2,sp4,128,42.426081328194215,0.5223859548568726
E2b_h0.003_e0.05_L2_alibi_learn_attn_s2,L1H2,swap4,2,-1.3092719601912859,0.5223859548568726
E2b_h0.003_e0.05_L2_alibi_learn_attn_s2,L1H2,swap4,4,-1.3285764899263126,0.5223859548568726
E2b_h0.003_e0.05_L2_alibi_learn_attn_s2,L1H2,swap4,8,-0.9457290332609976,0.5223859548568726
E2b_h0.003_e0.05_L2_alibi_learn_attn_s2,L1H2,swap4,16,-0.8153370119023178,0.5223859548568726
E2b_h0.003_e0.05_L2_alibi_learn_attn_s2,L1H2,swap4,32,-0.08803423455696979,0.5223859548568726
E2b_h0.003_e0.05_L2_alibi_learn_attn_s2,L1H2,swap4,64,9.002955356308428,0.5223859548568726
E2b_h0.003_e0.05_L2_alibi_learn_attn_s2,L1H2,swap4,128,42.426081319695896,0.5223859548568726
E2b_h0.003_e0.05_L2_alibi_learn_attn_s2,L1H3,sp4,2,-0.0254574736468276,0.2237220853567123
E2b_h0.003_e0.05_L2_alibi_learn_attn_s2,L1H3,sp4,4,-0.08256192656613393,0.2237220853567123
E2b_h0.003_e0.05_L2_alibi_learn_attn_s2,L1H3,sp4,8,-0.03149105376422834,0.2237220853567123
E2b_h0.003_e0.05_L2_alibi_learn_attn_s2,L1H3,sp4,16,-0.03286946896090437,0.2237220853567123
E2b_h0.003_e0.05_L2_alibi_learn_attn_s2,L1H3,sp4,32,0.070892821187174,0.2237220853567123
E2b_h0.003_e0.05_L2_alibi_learn_attn_s2,L1H3,sp4,64,0.1687606141006901,0.2237220853567123
E2b_h0.003_e0.05_L2_alibi_learn_attn_s2,L1H3,sp4,128,2.9282341312923705,0.2237220853567123
E2b_h0.003_e0.05_L2_alibi_learn_attn_s2,L1H3,swap4,2,-0.23664644062400297,0.2237220853567123
E2b_h0.003_e0.05_L2_alibi_learn_attn_s2,L1H3,swap4,4,-0.18948582793412694,0.2237220853567123
E2b_h0.003_e0.05_L2_alibi_learn_attn_s2,L1H3,swap4,8,-0.19057840062069953,0.2237220853567123
E2b_h0.003_e0.05_L2_alibi_learn_attn_s2,L1H3,swap4,16,-0.15784675358623357,0.2237220853567123
E2b_h0.003_e0.05_L2_alibi_learn_attn_s2,L1H3,swap4,32,-0.07890184289721258,0.2237220853567123
E2b_h0.003_e0.05_L2_alibi_learn_attn_s2,L1H3,swap4,64,0.0007567961933556688,0.2237220853567123
E2b_h0.003_e0.05_L2_alibi_learn_attn_s2,L1H3,swap4,128,2.8461104079178856,0.2237220853567123
E2b_h0.003_e0.1_L2_alibi_learn_attn_s0,L1H0,sp4,2,3.7080543089270037,0.0993364453315734
E2b_h0.003_e0.1_L2_alibi_learn_attn_s0,L1H0,sp4,4,4.077461396550829,0.0993364453315734
E2b_h0.003_e0.1_L2_alibi_learn_attn_s0,L1H0,sp4,8,3.5743209262528683,0.0993364453315734
E2b_h0.003_e0.1_L2_alibi_learn_attn_s0,L1H0,sp4,16,4.034720634138958,0.0993364453315734
E2b_h0.003_e0.1_L2_alibi_learn_attn_s0,L1H0,sp4,32,4.299161955302434,0.0993364453315734
E2b_h0.003_e0.1_L2_alibi_learn_attn_s0,L1H0,sp4,64,5.264963455175099,0.0993364453315734
E2b_h0.003_e0.1_L2_alibi_learn_attn_s0,L1H0,sp4,128,5.741594866158398,0.0993364453315734
E2b_h0.003_e0.1_L2_alibi_learn_attn_s0,L1H0,swap4,2,-3.430023683881779,0.0993364453315734
E2b_h0.003_e0.1_L2_alibi_learn_attn_s0,L1H0,swap4,4,-3.298075759729273,0.0993364453315734
E2b_h0.003_e0.1_L2_alibi_learn_attn_s0,L1H0,swap4,8,-3.5543371700368134,0.0993364453315734
E2b_h0.003_e0.1_L2_alibi_learn_attn_s0,L1H0,swap4,16,-3.0865202612065628,0.0993364453315734
E2b_h0.003_e0.1_L2_alibi_learn_attn_s0,L1H0,swap4,32,-2.352180839141343,0.0993364453315734
E2b_h0.003_e0.1_L2_alibi_learn_attn_s0,L1H0,swap4,64,-2.261300169980428,0.0993364453315734
E2b_h0.003_e0.1_L2_alibi_learn_attn_s0,L1H0,swap4,128,-2.670786785912579,0.0993364453315734
E2b_h0.003_e0.1_L2_alibi_learn_attn_s0,L1H1,sp4,2,2.653496755939707,0.0872954577207565
E2b_h0.003_e0.1_L2_alibi_learn_attn_s0,L1H1,sp4,4,-2.1716190900271455,0.0872954577207565
E2b_h0.003_e0.1_L2_alibi_learn_attn_s0,L1H1,sp4,8,3.013794346473111,0.0872954577207565
E2b_h0.003_e0.1_L2_alibi_learn_attn_s0,L1H1,sp4,16,-1.157014144270172,0.0872954577207565
E2b_h0.003_e0.1_L2_alibi_learn_attn_s0,L1H1,sp4,32,3.703251491707363,0.0872954577207565
E2b_h0.003_e0.1_L2_alibi_learn_attn_s0,L1H1,sp4,64,-1.6836115822444775,0.0872954577207565
E2b_h0.003_e0.1_L2_alibi_learn_attn_s0,L1H1,sp4,128,-0.7090337095825188,0.0872954577207565
E2b_h0.003_e0.1_L2_alibi_learn_attn_s0,L1H1,swap4,2,-1.8971110452609723,0.0872954577207565
E2b_h0.003_e0.1_L2_alibi_learn_attn_s0,L1H1,swap4,4,-2.3519145322832764,0.0872954577207565
E2b_h0.003_e0.1_L2_alibi_learn_attn_s0,L1H1,swap4,8,1.499140711853729,0.0872954577207565
E2b_h0.003_e0.1_L2_alibi_learn_attn_s0,L1H1,swap4,16,-2.768598668729128,0.0872954577207565
E2b_h0.003_e0.1_L2_alibi_learn_attn_s0,L1H1,swap4,32,-2.31405823281714,0.0872954577207565
E2b_h0.003_e0.1_L2_alibi_learn_attn_s0,L1H1,swap4,64,-1.2016953566471922,0.0872954577207565
E2b_h0.003_e0.1_L2_alibi_learn_attn_s0,L1H1,swap4,128,2.204018948821208,0.0872954577207565
E2b_h0.003_e0.1_L2_alibi_learn_attn_s0,L1H2,sp4,2,-0.4071630137100759,0.5804876089096069
E2b_h0.003_e0.1_L2_alibi_learn_attn_s0,L1H2,sp4,4,-0.1363986041407661,0.5804876089096069
E2b_h0.003_e0.1_L2_alibi_learn_attn_s0,L1H2,sp4,8,-0.32627334996490287,0.5804876089096069
E2b_h0.003_e0.1_L2_alibi_learn_attn_s0,L1H2,sp4,16,0.07530083063111981,0.5804876089096069
E2b_h0.003_e0.1_L2_alibi_learn_attn_s0,L1H2,sp4,32,0.3166935531065054,0.5804876089096069
E2b_h0.003_e0.1_L2_alibi_learn_attn_s0,L1H2,sp4,64,13.049449445278212,0.5804876089096069
E2b_h0.003_e0.1_L2_alibi_learn_attn_s0,L1H2,sp4,128,50.20062904358261,0.5804876089096069
E2b_h0.003_e0.1_L2_alibi_learn_attn_s0,L1H2,swap4,2,-1.0775185022618747,0.5804876089096069
E2b_h0.003_e0.1_L2_alibi_learn_attn_s0,L1H2,swap4,4,-1.0105928445082775,0.5804876089096069
E2b_h0.003_e0.1_L2_alibi_learn_attn_s0,L1H2,swap4,8,-0.910880964130961,0.5804876089096069
E2b_h0.003_e0.1_L2_alibi_learn_attn_s0,L1H2,swap4,16,-0.5425404156229794,0.5804876089096069
E2b_h0.003_e0.1_L2_alibi_learn_attn_s0,L1H2,swap4,32,-0.21932862034171485,0.5804876089096069
E2b_h0.003_e0.1_L2_alibi_learn_attn_s0,L1H2,swap4,64,13.049434039752354,0.5804876089096069
E2b_h0.003_e0.1_L2_alibi_learn_attn_s0,L1H2,swap4,128,50.20062903782005,0.5804876089096069
E2b_h0.003_e0.1_L2_alibi_learn_attn_s0,L1H3,sp4,2,0.2509480297480505,0.1950733959674835
E2b_h0.003_e0.1_L2_alibi_learn_attn_s0,L1H3,sp4,4,0.30680214982732035,0.1950733959674835
E2b_h0.003_e0.1_L2_alibi_learn_attn_s0,L1H3,sp4,8,0.2706373196932059,0.1950733959674835
E2b_h0.003_e0.1_L2_alibi_learn_attn_s0,L1H3,sp4,16,0.2705165072700677,0.1950733959674835
E2b_h0.003_e0.1_L2_alibi_learn_attn_s0,L1H3,sp4,32,0.339776946958648,0.1950733959674835
E2b_h0.003_e0.1_L2_alibi_learn_attn_s0,L1H3,sp4,64,0.4136356202631646,0.1950733959674835
E2b_h0.003_e0.1_L2_alibi_learn_attn_s0,L1H3,sp4,128,0.7815571160028174,0.1950733959674835
E2b_h0.003_e0.1_L2_alibi_learn_attn_s0,L1H3,swap4,2,-0.22900561249336793,0.1950733959674835
E2b_h0.003_e0.1_L2_alibi_learn_attn_s0,L1H3,swap4,4,-0.21269203759621025,0.1950733959674835
E2b_h0.003_e0.1_L2_alibi_learn_attn_s0,L1H3,swap4,8,-0.15179357211707267,0.1950733959674835
E2b_h0.003_e0.1_L2_alibi_learn_attn_s0,L1H3,swap4,16,-0.23760543429789416,0.1950733959674835
E2b_h0.003_e0.1_L2_alibi_learn_attn_s0,L1H3,swap4,32,-0.11241661523499946,0.1950733959674835
E2b_h0.003_e0.1_L2_alibi_learn_attn_s0,L1H3,swap4,64,0.02109740838712515,0.1950733959674835
E2b_h0.003_e0.1_L2_alibi_learn_attn_s0,L1H3,swap4,128,0.5778208349313374,0.1950733959674835
E2b_h0.003_e0.1_L2_alibi_learn_attn_s1,L1H0,sp4,2,3.350133110745946,0.1123527884483337
E2b_h0.003_e0.1_L2_alibi_learn_attn_s1,L1H0,sp4,4,4.483166132209826,0.1123527884483337
E2b_h0.003_e0.1_L2_alibi_learn_attn_s1,L1H0,sp4,8,4.4958692075916336,0.1123527884483337
E2b_h0.003_e0.1_L2_alibi_learn_attn_s1,L1H0,sp4,16,4.695064867024354,0.1123527884483337
E2b_h0.003_e0.1_L2_alibi_learn_attn_s1,L1H0,sp4,32,6.035812568643234,0.1123527884483337
E2b_h0.003_e0.1_L2_alibi_learn_attn_s1,L1H0,sp4,64,6.743126812737066,0.1123527884483337
E2b_h0.003_e0.1_L2_alibi_learn_attn_s1,L1H0,sp4,128,5.6994141016144315,0.1123527884483337
E2b_h0.003_e0.1_L2_alibi_learn_attn_s1,L1H0,swap4,2,-5.1156055628649995,0.1123527884483337
E2b_h0.003_e0.1_L2_alibi_learn_attn_s1,L1H0,swap4,4,-3.600184258405549,0.1123527884483337
E2b_h0.003_e0.1_L2_alibi_learn_attn_s1,L1H0,swap4,8,-4.092749284058134,0.1123527884483337
E2b_h0.003_e0.1_L2_alibi_learn_attn_s1,L1H0,swap4,16,-4.235167710900556,0.1123527884483337
E2b_h0.003_e0.1_L2_alibi_learn_attn_s1,L1H0,swap4,32,-3.5197883603972997,0.1123527884483337
E2b_h0.003_e0.1_L2_alibi_learn_attn_s1,L1H0,swap4,64,-3.1028862789873903,0.1123527884483337
E2b_h0.003_e0.1_L2_alibi_learn_attn_s1,L1H0,swap4,128,-2.7937663934715324,0.1123527884483337
E2b_h0.003_e0.1_L2_alibi_learn_attn_s1,L1H1,sp4,2,3.162966898716838,0.0949870571494102
E2b_h0.003_e0.1_L2_alibi_learn_attn_s1,L1H1,sp4,4,0.6433683097512827,0.0949870571494102
E2b_h0.003_e0.1_L2_alibi_learn_attn_s1,L1H1,sp4,8,-0.8606282878300073,0.0949870571494102
E2b_h0.003_e0.1_L2_alibi_learn_attn_s1,L1H1,sp4,16,2.9367048343770015,0.0949870571494102
E2b_h0.003_e0.1_L2_alibi_learn_attn_s1,L1H1,sp4,32,-2.1540076053649946,0.0949870571494102
E2b_h0.003_e0.1_L2_alibi_learn_attn_s1,L1H1,sp4,64,-2.1009363333670765,0.0949870571494102
E2b_h0.003_e0.1_L2_alibi_learn_attn_s1,L1H1,sp4,128,3.126337457614066,0.0949870571494102
E2b_h0.003_e0.1_L2_alibi_learn_attn_s1,L1H1,swap4,2,1.3676619009576805,0.0949870571494102
E2b_h0.003_e0.1_L2_alibi_learn_attn_s1,L1H1,swap4,4,-0.2983410445741963,0.0949870571494102
E2b_h0.003_e0.1_L2_alibi_learn_attn_s1,L1H1,swap4,8,0.23220689318348875,0.0949870571494102
E2b_h0.003_e0.1_L2_alibi_learn_attn_s1,L1H1,swap4,16,-0.1150200861592311,0.0949870571494102
E2b_h0.003_e0.1_L2_alibi_learn_attn_s1,L1H1,swap4,32,1.6547148785731098,0.0949870571494102
E2b_h0.003_e0.1_L2_alibi_learn_attn_s1,L1H1,swap4,64,0.8195136939784109,0.0949870571494102
E2b_h0.003_e0.1_L2_alibi_learn_attn_s1,L1H1,swap4,128,-1.304628416260508,0.0949870571494102
E2b_h0.003_e0.1_L2_alibi_learn_attn_s1,L1H2,sp4,2,-0.4375463470628541,0.5610361695289612
E2b_h0.003_e0.1_L2_alibi_learn_attn_s1,L1H2,sp4,4,-0.5297258599320047,0.5610361695289612
E2b_h0.003_e0.1_L2_alibi_learn_attn_s1,L1H2,sp4,8,-0.2201178337118339,0.5610361695289612
E2b_h0.003_e0.1_L2_alibi_learn_attn_s1,L1H2,sp4,16,0.031154401457484937,0.5610361695289612
E2b_h0.003_e0.1_L2_alibi_learn_attn_s1,L1H2,sp4,32,0.4455611641856354,0.5610361695289612
E2b_h0.003_e0.1_L2_alibi_learn_attn_s1,L1H2,sp4,64,11.691623904702336,0.5610361695289612
E2b_h0.003_e0.1_L2_alibi_learn_attn_s1,L1H2,sp4,128,47.59761261248465,0.5610361695289612
E2b_h0.003_e0.1_L2_alibi_learn_attn_s1,L1H2,swap4,2,-1.143449205119039,0.5610361695289612
E2b_h0.003_e0.1_L2_alibi_learn_attn_s1,L1H2,swap4,4,-1.2865109756745832,0.5610361695289612
E2b_h0.003_e0.1_L2_alibi_learn_attn_s1,L1H2,swap4,8,-0.9070468796482571,0.5610361695289612
E2b_h0.003_e0.1_L2_alibi_learn_attn_s1,L1H2,swap4,16,-0.5725260319741183,0.5610361695289612
E2b_h0.003_e0.1_L2_alibi_learn_attn_s1,L1H2,swap4,32,-0.25443397812545854,0.5610361695289612
E2b_h0.003_e0.1_L2_alibi_learn_attn_s1,L1H2,swap4,64,11.691998485596544,0.5610361695289612
E2b_h0.003_e0.1_L2_alibi_learn_attn_s1,L1H2,swap4,128,47.59761259641934,0.5610361695289612
E2b_h0.003_e0.1_L2_alibi_learn_attn_s1,L1H3,sp4,2,0.038897162167790045,0.2010783553123474
E2b_h0.003_e0.1_L2_alibi_learn_attn_s1,L1H3,sp4,4,0.06300534602645014,0.2010783553123474
E2b_h0.003_e0.1_L2_alibi_learn_attn_s1,L1H3,sp4,8,0.06526193638115196,0.2010783553123474
E2b_h0.003_e0.1_L2_alibi_learn_attn_s1,L1H3,sp4,16,0.059828797329151806,0.2010783553123474
E2b_h0.003_e0.1_L2_alibi_learn_attn_s1,L1H3,sp4,32,0.16918050778842453,0.2010783553123474
E2b_h0.003_e0.1_L2_alibi_learn_attn_s1,L1H3,sp4,64,0.3839491869223677,0.2010783553123474
E2b_h0.003_e0.1_L2_alibi_learn_attn_s1,L1H3,sp4,128,1.4947945443668527,0.2010783553123474
E2b_h0.003_e0.1_L2_alibi_learn_attn_s1,L1H3,swap4,2,-0.12031723744828016,0.2010783553123474
E2b_h0.003_e0.1_L2_alibi_learn_attn_s1,L1H3,swap4,4,-0.18370709149286002,0.2010783553123474
E2b_h0.003_e0.1_L2_alibi_learn_attn_s1,L1H3,swap4,8,-0.10244271655903825,0.2010783553123474
E2b_h0.003_e0.1_L2_alibi_learn_attn_s1,L1H3,swap4,16,-0.10035000328497334,0.2010783553123474
E2b_h0.003_e0.1_L2_alibi_learn_attn_s1,L1H3,swap4,32,0.002950569240274703,0.2010783553123474
E2b_h0.003_e0.1_L2_alibi_learn_attn_s1,L1H3,swap4,64,0.2317485875653098,0.2010783553123474
E2b_h0.003_e0.1_L2_alibi_learn_attn_s1,L1H3,swap4,128,1.330374047148375,0.2010783553123474
E2b_h0.003_e0.1_L2_alibi_learn_attn_s2,L1H0,sp4,2,3.325097815329169,0.1115116029977798
E2b_h0.003_e0.1_L2_alibi_learn_attn_s2,L1H0,sp4,4,3.768964461390982,0.1115116029977798
E2b_h0.003_e0.1_L2_alibi_learn_attn_s2,L1H0,sp4,8,4.074178751634571,0.1115116029977798
E2b_h0.003_e0.1_L2_alibi_learn_attn_s2,L1H0,sp4,16,4.175646819973434,0.1115116029977798
E2b_h0.003_e0.1_L2_alibi_learn_attn_s2,L1H0,sp4,32,5.197442077747832,0.1115116029977798
E2b_h0.003_e0.1_L2_alibi_learn_attn_s2,L1H0,sp4,64,6.3239357402031064,0.1115116029977798
E2b_h0.003_e0.1_L2_alibi_learn_attn_s2,L1H0,sp4,128,6.154989530432034,0.1115116029977798
E2b_h0.003_e0.1_L2_alibi_learn_attn_s2,L1H0,swap4,2,-3.7328775057298023,0.1115116029977798
E2b_h0.003_e0.1_L2_alibi_learn_attn_s2,L1H0,swap4,4,-3.5290946861864128,0.1115116029977798
E2b_h0.003_e0.1_L2_alibi_learn_attn_s2,L1H0,swap4,8,-2.237169492455321,0.1115116029977798
E2b_h0.003_e0.1_L2_alibi_learn_attn_s2,L1H0,swap4,16,-3.0942844492814876,0.1115116029977798
E2b_h0.003_e0.1_L2_alibi_learn_attn_s2,L1H0,swap4,32,-2.7560882850450867,0.1115116029977798
E2b_h0.003_e0.1_L2_alibi_learn_attn_s2,L1H0,swap4,64,-2.2550112900482553,0.1115116029977798
E2b_h0.003_e0.1_L2_alibi_learn_attn_s2,L1H0,swap4,128,3.208939294222117,0.1115116029977798
E2b_h0.003_e0.1_L2_alibi_learn_attn_s2,L1H1,sp4,2,-1.7112514206542544,0.1055720299482345
E2b_h0.003_e0.1_L2_alibi_learn_attn_s2,L1H1,sp4,4,-1.538026013739834,0.1055720299482345
E2b_h0.003_e0.1_L2_alibi_learn_attn_s2,L1H1,sp4,8,-1.839371414013293,0.1055720299482345
E2b_h0.003_e0.1_L2_alibi_learn_attn_s2,L1H1,sp4,16,-1.5114264510706379,0.1055720299482345
E2b_h0.003_e0.1_L2_alibi_learn_attn_s2,L1H1,sp4,32,-1.3771129941406473,0.1055720299482345
E2b_h0.003_e0.1_L2_alibi_learn_attn_s2,L1H1,sp4,64,-2.2177867840954053,0.1055720299482345
E2b_h0.003_e0.1_L2_alibi_learn_attn_s2,L1H1,sp4,128,-3.3527510556984623,0.1055720299482345
E2b_h0.003_e0.1_L2_alibi_learn_attn_s2,L1H1,swap4,2,0.664938107727929,0.1055720299482345
E2b_h0.003_e0.1_L2_alibi_learn_attn_s2,L1H1,swap4,4,0.6520626994400922,0.1055720299482345
E2b_h0.003_e0.1_L2_alibi_learn_attn_s2,L1H1,swap4,8,-1.282348520253867,0.1055720299482345
E2b_h0.003_e0.1_L2_alibi_learn_attn_s2,L1H1,swap4,16,0.9433554493214914,0.1055720299482345
E2b_h0.003_e0.1_L2_alibi_learn_attn_s2,L1H1,swap4,32,1.4067958080693708,0.1055720299482345
E2b_h0.003_e0.1_L2_alibi_learn_attn_s2,L1H1,swap4,64,0.5736540807252695,0.1055720299482345
E2b_h0.003_e0.1_L2_alibi_learn_attn_s2,L1H1,swap4,128,-3.073013143190245,0.1055720299482345
E2b_h0.003_e0.1_L2_alibi_learn_attn_s2,L1H2,sp4,2,-0.5569320250712742,0.5228230953216553
E2b_h0.003_e0.1_L2_alibi_learn_attn_s2,L1H2,sp4,4,-0.4292415353082477,0.5228230953216553
E2b_h0.003_e0.1_L2_alibi_learn_attn_s2,L1H2,sp4,8,-0.20801924346949408,0.5228230953216553
E2b_h0.003_e0.1_L2_alibi_learn_attn_s2,L1H2,sp4,16,-0.06365027319167726,0.5228230953216553
E2b_h0.003_e0.1_L2_alibi_learn_attn_s2,L1H2,sp4,32,0.19333781071127554,0.5228230953216553
E2b_h0.003_e0.1_L2_alibi_learn_attn_s2,L1H2,sp4,64,9.024348870738882,0.5228230953216553
E2b_h0.003_e0.1_L2_alibi_learn_attn_s2,L1H2,sp4,128,42.484566914577805,0.5228230953216553
E2b_h0.003_e0.1_L2_alibi_learn_attn_s2,L1H2,swap4,2,-1.1601691396607472,0.5228230953216553
E2b_h0.003_e0.1_L2_alibi_learn_attn_s2,L1H2,swap4,4,-1.0829425244794981,0.5228230953216553
E2b_h0.003_e0.1_L2_alibi_learn_attn_s2,L1H2,swap4,8,-0.7003139815332524,0.5228230953216553
E2b_h0.003_e0.1_L2_alibi_learn_attn_s2,L1H2,swap4,16,-0.6131530618657592,0.5228230953216553
E2b_h0.003_e0.1_L2_alibi_learn_attn_s2,L1H2,swap4,32,-0.13558974134365975,0.5228230953216553
E2b_h0.003_e0.1_L2_alibi_learn_attn_s2,L1H2,swap4,64,9.024358275769107,0.5228230953216553
E2b_h0.003_e0.1_L2_alibi_learn_attn_s2,L1H2,swap4,128,42.48456694507862,0.5228230953216553
E2b_h0.003_e0.1_L2_alibi_learn_attn_s2,L1H3,sp4,2,0.08438086000186118,0.2061966210603714
E2b_h0.003_e0.1_L2_alibi_learn_attn_s2,L1H3,sp4,4,0.12552313943377102,0.2061966210603714
E2b_h0.003_e0.1_L2_alibi_learn_attn_s2,L1H3,sp4,8,0.12514420543118937,0.2061966210603714
E2b_h0.003_e0.1_L2_alibi_learn_attn_s2,L1H3,sp4,16,0.09994179240314338,0.2061966210603714
E2b_h0.003_e0.1_L2_alibi_learn_attn_s2,L1H3,sp4,32,0.14532535108116162,0.2061966210603714
E2b_h0.003_e0.1_L2_alibi_learn_attn_s2,L1H3,sp4,64,0.34083925753724564,0.2061966210603714
E2b_h0.003_e0.1_L2_alibi_learn_attn_s2,L1H3,sp4,128,1.4685628495593424,0.2061966210603714
E2b_h0.003_e0.1_L2_alibi_learn_attn_s2,L1H3,swap4,2,-0.13835641916331987,0.2061966210603714
E2b_h0.003_e0.1_L2_alibi_learn_attn_s2,L1H3,swap4,4,-0.20157577329830834,0.2061966210603714
E2b_h0.003_e0.1_L2_alibi_learn_attn_s2,L1H3,swap4,8,-0.11012690379636036,0.2061966210603714
E2b_h0.003_e0.1_L2_alibi_learn_attn_s2,L1H3,swap4,16,-0.18836192015942643,0.2061966210603714
E2b_h0.003_e0.1_L2_alibi_learn_attn_s2,L1H3,swap4,32,-0.14272024700157715,0.2061966210603714
E2b_h0.003_e0.1_L2_alibi_learn_attn_s2,L1H3,swap4,64,0.017477308840988748,0.2061966210603714
E2b_h0.003_e0.1_L2_alibi_learn_attn_s2,L1H3,swap4,128,1.2801574787451049,0.2061966210603714
E2b_h0.003_e0.2_L2_alibi_learn_attn_s0,L1H0,sp4,2,4.553707658162018,0.1080185621976852
E2b_h0.003_e0.2_L2_alibi_learn_attn_s0,L1H0,sp4,4,6.548923697121249,0.1080185621976852
E2b_h0.003_e0.2_L2_alibi_learn_attn_s0,L1H0,sp4,8,6.105020179593938,0.1080185621976852
E2b_h0.003_e0.2_L2_alibi_learn_attn_s0,L1H0,sp4,16,5.373417811453305,0.1080185621976852
E2b_h0.003_e0.2_L2_alibi_learn_attn_s0,L1H0,sp4,32,6.293921393006979,0.1080185621976852
E2b_h0.003_e0.2_L2_alibi_learn_attn_s0,L1H0,sp4,64,5.9041762676191905,0.1080185621976852
E2b_h0.003_e0.2_L2_alibi_learn_attn_s0,L1H0,sp4,128,9.167326943744484,0.1080185621976852
E2b_h0.003_e0.2_L2_alibi_learn_attn_s0,L1H0,swap4,2,-4.620388715566767,0.1080185621976852
E2b_h0.003_e0.2_L2_alibi_learn_attn_s0,L1H0,swap4,4,-4.329482240500851,0.1080185621976852
E2b_h0.003_e0.2_L2_alibi_learn_attn_s0,L1H0,swap4,8,-5.0577007086817485,0.1080185621976852
E2b_h0.003_e0.2_L2_alibi_learn_attn_s0,L1H0,swap4,16,1.9798688444764307,0.1080185621976852
E2b_h0.003_e0.2_L2_alibi_learn_attn_s0,L1H0,swap4,32,1.3058953630349144,0.1080185621976852
E2b_h0.003_e0.2_L2_alibi_learn_attn_s0,L1H0,swap4,64,-3.044109320558713,0.1080185621976852
E2b_h0.003_e0.2_L2_alibi_learn_attn_s0,L1H0,swap4,128,-2.8514371943030206,0.1080185621976852
E2b_h0.003_e0.2_L2_alibi_learn_attn_s0,L1H1,sp4,2,-2.8438611685734445,0.0920130014419555
E2b_h0.003_e0.2_L2_alibi_learn_attn_s0,L1H1,sp4,4,-4.323465306346378,0.0920130014419555
E2b_h0.003_e0.2_L2_alibi_learn_attn_s0,L1H1,sp4,8,-3.1812978868028603,0.0920130014419555
E2b_h0.003_e0.2_L2_alibi_learn_attn_s0,L1H1,sp4,16,4.634370872120401,0.0920130014419555
E2b_h0.003_e0.2_L2_alibi_learn_attn_s0,L1H1,sp4,32,1.3988923376430873,0.0920130014419555
E2b_h0.003_e0.2_L2_alibi_learn_attn_s0,L1H1,sp4,64,7.192246584099281,0.0920130014419555
E2b_h0.003_e0.2_L2_alibi_learn_attn_s0,L1H1,sp4,128,-0.6086291152925591,0.0920130014419555
E2b_h0.003_e0.2_L2_alibi_learn_attn_s0,L1H1,swap4,2,-2.3898289739191556,0.0920130014419555
E2b_h0.003_e0.2_L2_alibi_learn_attn_s0,L1H1,swap4,4,-2.026819514530886,0.0920130014419555
E2b_h0.003_e0.2_L2_alibi_learn_attn_s0,L1H1,swap4,8,3.132695534870246,0.0920130014419555
E2b_h0.003_e0.2_L2_alibi_learn_attn_s0,L1H1,swap4,16,-4.768846972482192,0.0920130014419555
E2b_h0.003_e0.2_L2_alibi_learn_attn_s0,L1H1,swap4,32,-3.4719241143538655,0.0920130014419555
E2b_h0.003_e0.2_L2_alibi_learn_attn_s0,L1H1,swap4,64,3.1635737349470587,0.0920130014419555
E2b_h0.003_e0.2_L2_alibi_learn_attn_s0,L1H1,swap4,128,5.209122484872514,0.0920130014419555
E2b_h0.003_e0.2_L2_alibi_learn_attn_s0,L1H2,sp4,2,-0.5977812710757213,0.5190706849098206
E2b_h0.003_e0.2_L2_alibi_learn_attn_s0,L1H2,sp4,4,-0.6397246786602149,0.5190706849098206
E2b_h0.003_e0.2_L2_alibi_learn_attn_s0,L1H2,sp4,8,-0.43991466817633595,0.5190706849098206
E2b_h0.003_e0.2_L2_alibi_learn_attn_s0,L1H2,sp4,16,-0.34404026602841586,0.5190706849098206
E2b_h0.003_e0.2_L2_alibi_learn_attn_s0,L1H2,sp4,32,0.0667153201589592,0.5190706849098206
E2b_h0.003_e0.2_L2_alibi_learn_attn_s0,L1H2,sp4,64,9.334351490230652,0.5190706849098206
E2b_h0.003_e0.2_L2_alibi_learn_attn_s0,L1H2,sp4,128,41.98253111336042,0.5190706849098206
E2b_h0.003_e0.2_L2_alibi_learn_attn_s0,L1H2,swap4,2,-1.0168061969538518,0.5190706849098206
E2b_h0.003_e0.2_L2_alibi_learn_attn_s0,L1H2,swap4,4,-0.9497291882275549,0.5190706849098206
E2b_h0.003_e0.2_L2_alibi_learn_attn_s0,L1H2,swap4,8,-0.6773437144324834,0.5190706849098206
E2b_h0.003_e0.2_L2_alibi_learn_attn_s0,L1H2,swap4,16,-0.5383114934195721,0.5190706849098206
E2b_h0.003_e0.2_L2_alibi_learn_attn_s0,L1H2,swap4,32,-0.029541715772740673,0.5190706849098206
E2b_h0.003_e0.2_L2_alibi_learn_attn_s0,L1H2,swap4,64,8.778124868213236,0.5190706849098206
E2b_h0.003_e0.2_L2_alibi_learn_attn_s0,L1H2,swap4,128,41.982531099623415,0.5190706849098206
E2b_h0.003_e0.2_L2_alibi_learn_attn_s0,L1H3,sp4,2,0.006008859023370228,0.1839503943920135
E2b_h0.003_e0.2_L2_alibi_learn_attn_s0,L1H3,sp4,4,-0.06782214877271292,0.1839503943920135
E2b_h0.003_e0.2_L2_alibi_learn_attn_s0,L1H3,sp4,8,0.028590545572616644,0.1839503943920135
E2b_h0.003_e0.2_L2_alibi_learn_attn_s0,L1H3,sp4,16,0.07715361513085872,0.1839503943920135
E2b_h0.003_e0.2_L2_alibi_learn_attn_s0,L1H3,sp4,32,0.4365203519604206,0.1839503943920135
E2b_h0.003_e0.2_L2_alibi_learn_attn_s0,L1H3,sp4,64,0.5808325140296962,0.1839503943920135
E2b_h0.003_e0.2_L2_alibi_learn_attn_s0,L1H3,sp4,128,1.6535739021089793,0.1839503943920135
E2b_h0.003_e0.2_L2_alibi_learn_attn_s0,L1H3,swap4,2,-0.2908940515699192,0.1839503943920135
E2b_h0.003_e0.2_L2_alibi_learn_attn_s0,L1H3,swap4,4,-0.2670160551440788,0.1839503943920135
E2b_h0.003_e0.2_L2_alibi_learn_attn_s0,L1H3,swap4,8,-0.18563614334565237,0.1839503943920135
E2b_h0.003_e0.2_L2_alibi_learn_attn_s0,L1H3,swap4,16,-0.1364840027967058,0.1839503943920135
E2b_h0.003_e0.2_L2_alibi_learn_attn_s0,L1H3,swap4,32,0.12312131607844501,0.1839503943920135
E2b_h0.003_e0.2_L2_alibi_learn_attn_s0,L1H3,swap4,64,0.37405996461152213,0.1839503943920135
E2b_h0.003_e0.2_L2_alibi_learn_attn_s0,L1H3,swap4,128,1.4906615442785096,0.1839503943920135
E2b_h0.003_e0.2_L2_alibi_learn_attn_s1,L1H0,sp4,2,5.163331883861527,0.120619460940361
E2b_h0.003_e0.2_L2_alibi_learn_attn_s1,L1H0,sp4,4,5.135866467100201,0.120619460940361
E2b_h0.003_e0.2_L2_alibi_learn_attn_s1,L1H0,sp4,8,5.218796864900806,0.120619460940361
E2b_h0.003_e0.2_L2_alibi_learn_attn_s1,L1H0,sp4,16,6.61069770111563,0.120619460940361
E2b_h0.003_e0.2_L2_alibi_learn_attn_s1,L1H0,sp4,32,8.256187938770662,0.120619460940361
E2b_h0.003_e0.2_L2_alibi_learn_attn_s1,L1H0,sp4,64,9.748664721493295,0.120619460940361
E2b_h0.003_e0.2_L2_alibi_learn_attn_s1,L1H0,sp4,128,11.387362444030916,0.120619460940361
E2b_h0.003_e0.2_L2_alibi_learn_attn_s1,L1H0,swap4,2,-5.268123360696823,0.120619460940361
E2b_h0.003_e0.2_L2_alibi_learn_attn_s1,L1H0,swap4,4,-4.082128033977741,0.120619460940361
E2b_h0.003_e0.2_L2_alibi_learn_attn_s1,L1H0,swap4,8,-4.337077530440812,0.120619460940361
E2b_h0.003_e0.2_L2_alibi_learn_attn_s1,L1H0,swap4,16,-4.309306647588736,0.120619460940361
E2b_h0.003_e0.2_L2_alibi_learn_attn_s1,L1H0,swap4,32,-2.9714708943966306,0.120619460940361
E2b_h0.003_e0.2_L2_alibi_learn_attn_s1,L1H0,swap4,64,-2.2267314106842084,0.120619460940361
E2b_h0.003_e0.2_L2_alibi_learn_attn_s1,L1H0,swap4,128,-0.8171682681754984,0.120619460940361
E2b_h0.003_e0.2_L2_alibi_learn_attn_s1,L1H1,sp4,2,-2.63526586178308,0.1172789633274078
E2b_h0.003_e0.2_L2_alibi_learn_attn_s1,L1H1,sp4,4,-2.6695611015580165,0.1172789633274078
E2b_h0.003_e0.2_L2_alibi_learn_attn_s1,L1H1,sp4,8,-2.155455848154724,0.1172789633274078
E2b_h0.003_e0.2_L2_alibi_learn_attn_s1,L1H1,sp4,16,-2.064113407760466,0.1172789633274078
E2b_h0.003_e0.2_L2_alibi_learn_attn_s1,L1H1,sp4,32,-1.6274908901737262,0.1172789633274078
E2b_h0.003_e0.2_L2_alibi_learn_attn_s1,L1H1,sp4,64,-0.804730856096517,0.1172789633274078
E2b_h0.003_e0.2_L2_alibi_learn_attn_s1,L1H1,sp4,128,1.9012487819056485,0.1172789633274078
E2b_h0.003_e0.2_L2_alibi_learn_attn_s1,L1H1,swap4,2,2.176292344373235,0.1172789633274078
E2b_h0.003_e0.2_L2_alibi_learn_attn_s1,L1H1,swap4,4,2.0837969972558277,0.1172789633274078
E2b_h0.003_e0.2_L2_alibi_learn_attn_s1,L1H1,swap4,8,2.081760241624525,0.1172789633274078
E2b_h0.003_e0.2_L2_alibi_learn_attn_s1,L1H1,swap4,16,2.6963850484274974,0.1172789633274078
E2b_h0.003_e0.2_L2_alibi_learn_attn_s1,L1H1,swap4,32,3.714753247825786,0.1172789633274078
E2b_h0.003_e0.2_L2_alibi_learn_attn_s1,L1H1,swap4,64,4.097702958185714,0.1172789633274078
E2b_h0.003_e0.2_L2_alibi_learn_attn_s1,L1H1,swap4,128,7.041678345349897,0.1172789633274078
E2b_h0.003_e0.2_L2_alibi_learn_attn_s1,L1H2,sp4,2,-0.8275308648708375,0.4984999895095825
E2b_h0.003_e0.2_L2_alibi_learn_attn_s1,L1H2,sp4,4,-0.8354059844792379,0.4984999895095825
E2b_h0.003_e0.2_L2_alibi_learn_attn_s1,L1H2,sp4,8,-0.49451312118699553,0.4984999895095825
E2b_h0.003_e0.2_L2_alibi_learn_attn_s1,L1H2,sp4,16,0.07467838447550257,0.4984999895095825
E2b_h0.003_e0.2_L2_alibi_learn_attn_s1,L1H2,sp4,32,0.8814081748516713,0.4984999895095825
E2b_h0.003_e0.2_L2_alibi_learn_attn_s1,L1H2,sp4,64,8.259108445179248,0.4984999895095825
E2b_h0.003_e0.2_L2_alibi_learn_attn_s1,L1H2,sp4,128,39.230536603390384,0.4984999895095825
E2b_h0.003_e0.2_L2_alibi_learn_attn_s1,L1H2,swap4,2,-1.5450864731792842,0.4984999895095825
E2b_h0.003_e0.2_L2_alibi_learn_attn_s1,L1H2,swap4,4,-1.6533320623524776,0.4984999895095825
E2b_h0.003_e0.2_L2_alibi_learn_attn_s1,L1H2,swap4,8,-1.1262071317345357,0.4984999895095825
E2b_h0.003_e0.2_L2_alibi_learn_attn_s1,L1H2,swap4,16,-0.6799060147126248,0.4984999895095825
E2b_h0.003_e0.2_L2_alibi_learn_attn_s1,L1H2,swap4,32,0.558223521904484,0.4984999895095825
E2b_h0.003_e0.2_L2_alibi_learn_attn_s1,L1H2,swap4,64,8.258845084532314,0.4984999895095825
E2b_h0.003_e0.2_L2_alibi_learn_attn_s1,L1H2,swap4,128,39.230536592447365,0.4984999895095825
E2b_h0.003_e0.2_L2_alibi_learn_attn_s1,L1H3,sp4,2,0.07757997232620384,0.2184587866067886
E2b_h0.003_e0.2_L2_alibi_learn_attn_s1,L1H3,sp4,4,0.05414626592935706,0.2184587866067886
E2b_h0.003_e0.2_L2_alibi_learn_attn_s1,L1H3,sp4,8,0.10947231620464748,0.2184587866067886
E2b_h0.003_e0.2_L2_alibi_learn_attn_s1,L1H3,sp4,16,0.3526310517189941,0.2184587866067886
E2b_h0.003_e0.2_L2_alibi_learn_attn_s1,L1H3,sp4,32,0.4127289215445442,0.2184587866067886
E2b_h0.003_e0.2_L2_alibi_learn_attn_s1,L1H3,sp4,64,0.959297320518611,0.2184587866067886
E2b_h0.003_e0.2_L2_alibi_learn_attn_s1,L1H3,sp4,128,3.2663833158229387,0.2184587866067886
E2b_h0.003_e0.2_L2_alibi_learn_attn_s1,L1H3,swap4,2,-0.35909029707688567,0.2184587866067886
E2b_h0.003_e0.2_L2_alibi_learn_attn_s1,L1H3,swap4,4,-0.3155762371291704,0.2184587866067886
E2b_h0.003_e0.2_L2_alibi_learn_attn_s1,L1H3,swap4,8,-0.20469309442110073,0.2184587866067886
E2b_h0.003_e0.2_L2_alibi_learn_attn_s1,L1H3,swap4,16,-0.04392399967292837,0.2184587866067886
E2b_h0.003_e0.2_L2_alibi_learn_attn_s1,L1H3,swap4,32,0.19414424464847135,0.2184587866067886
E2b_h0.003_e0.2_L2_alibi_learn_attn_s1,L1H3,swap4,64,0.8061830224468842,0.2184587866067886
E2b_h0.003_e0.2_L2_alibi_learn_attn_s1,L1H3,swap4,128,3.1027087115967706,0.2184587866067886
E2b_h0.003_e0.2_L2_alibi_learn_attn_s2,L1H0,sp4,2,5.902315997555386,0.1160051003098487
E2b_h0.003_e0.2_L2_alibi_learn_attn_s2,L1H0,sp4,4,6.699656418095547,0.1160051003098487
E2b_h0.003_e0.2_L2_alibi_learn_attn_s2,L1H0,sp4,8,6.699698765742479,0.1160051003098487
E2b_h0.003_e0.2_L2_alibi_learn_attn_s2,L1H0,sp4,16,6.301981163076345,0.1160051003098487
E2b_h0.003_e0.2_L2_alibi_learn_attn_s2,L1H0,sp4,32,6.872037956876839,0.1160051003098487
E2b_h0.003_e0.2_L2_alibi_learn_attn_s2,L1H0,sp4,64,10.011996075551927,0.1160051003098487
E2b_h0.003_e0.2_L2_alibi_learn_attn_s2,L1H0,sp4,128,9.710144503811025,0.1160051003098487
E2b_h0.003_e0.2_L2_alibi_learn_attn_s2,L1H0,swap4,2,-0.919348086709621,0.1160051003098487
E2b_h0.003_e0.2_L2_alibi_learn_attn_s2,L1H0,swap4,4,-1.6412214552170201,0.1160051003098487
E2b_h0.003_e0.2_L2_alibi_learn_attn_s2,L1H0,swap4,8,3.1250912174588295,0.1160051003098487
E2b_h0.003_e0.2_L2_alibi_learn_attn_s2,L1H0,swap4,16,-4.367096899640423,0.1160051003098487
E2b_h0.003_e0.2_L2_alibi_learn_attn_s2,L1H0,swap4,32,4.134020761115453,0.1160051003098487
E2b_h0.003_e0.2_L2_alibi_learn_attn_s2,L1H0,swap4,64,-2.625914808531619,0.1160051003098487
E2b_h0.003_e0.2_L2_alibi_learn_attn_s2,L1H0,swap4,128,-2.5248738412632665,0.1160051003098487
E2b_h0.003_e0.2_L2_alibi_learn_attn_s2,L1H1,sp4,2,-2.2848709352066225,0.0974097028374672
E2b_h0.003_e0.2_L2_alibi_learn_attn_s2,L1H1,sp4,4,-3.352321600343717,0.0974097028374672
E2b_h0.003_e0.2_L2_alibi_learn_attn_s2,L1H1,sp4,8,-4.030750668476917,0.0974097028374672
E2b_h0.003_e0.2_L2_alibi_learn_attn_s2,L1H1,sp4,16,-2.080763252989876,0.0974097028374672
E2b_h0.003_e0.2_L2_alibi_learn_attn_s2,L1H1,sp4,32,-2.632283058332347,0.0974097028374672
E2b_h0.003_e0.2_L2_alibi_learn_attn_s2,L1H1,sp4,64,-3.0098784788627033,0.0974097028374672
E2b_h0.003_e0.2_L2_alibi_learn_attn_s2,L1H1,sp4,128,-1.553925332322751,0.0974097028374672
E2b_h0.003_e0.2_L2_alibi_learn_attn_s2,L1H1,swap4,2,-2.3683364504595996,0.0974097028374672
E2b_h0.003_e0.2_L2_alibi_learn_attn_s2,L1H1,swap4,4,0.22535618400150975,0.0974097028374672
E2b_h0.003_e0.2_L2_alibi_learn_attn_s2,L1H1,swap4,8,-4.755736267996403,0.0974097028374672
E2b_h0.003_e0.2_L2_alibi_learn_attn_s2,L1H1,swap4,16,1.9131620997963752,0.0974097028374672
E2b_h0.003_e0.2_L2_alibi_learn_attn_s2,L1H1,swap4,32,-3.0230510712016274,0.0974097028374672
E2b_h0.003_e0.2_L2_alibi_learn_attn_s2,L1H1,swap4,64,2.3284193092126078,0.0974097028374672
E2b_h0.003_e0.2_L2_alibi_learn_attn_s2,L1H1,swap4,128,4.0019672977682275,0.0974097028374672
E2b_h0.003_e0.2_L2_alibi_learn_attn_s2,L1H2,sp4,2,-0.7613791498956393,0.5006282925605774
E2b_h0.003_e0.2_L2_alibi_learn_attn_s2,L1H2,sp4,4,-0.6134995853256677,0.5006282925605774
E2b_h0.003_e0.2_L2_alibi_learn_attn_s2,L1H2,sp4,8,-0.5475201940936145,0.5006282925605774
E2b_h0.003_e0.2_L2_alibi_learn_attn_s2,L1H2,sp4,16,-0.14907478887643855,0.5006282925605774
E2b_h0.003_e0.2_L2_alibi_learn_attn_s2,L1H2,sp4,32,0.1235180605277062,0.5006282925605774
E2b_h0.003_e0.2_L2_alibi_learn_attn_s2,L1H2,sp4,64,7.488948711601683,0.5006282925605774
E2b_h0.003_e0.2_L2_alibi_learn_attn_s2,L1H2,sp4,128,39.515252938414996,0.5006282925605774
E2b_h0.003_e0.2_L2_alibi_learn_attn_s2,L1H2,swap4,2,-1.1390047276988353,0.5006282925605774
E2b_h0.003_e0.2_L2_alibi_learn_attn_s2,L1H2,swap4,4,-0.9845356526810596,0.5006282925605774
E2b_h0.003_e0.2_L2_alibi_learn_attn_s2,L1H2,swap4,8,-0.8730168580521367,0.5006282925605774
E2b_h0.003_e0.2_L2_alibi_learn_attn_s2,L1H2,swap4,16,-0.6429017463050073,0.5006282925605774
E2b_h0.003_e0.2_L2_alibi_learn_attn_s2,L1H2,swap4,32,-0.12568338190833472,0.5006282925605774
E2b_h0.003_e0.2_L2_alibi_learn_attn_s2,L1H2,swap4,64,7.943850950247137,0.5006282925605774
E2b_h0.003_e0.2_L2_alibi_learn_attn_s2,L1H2,swap4,128,39.51525295779815,0.5006282925605774
E2b_h0.003_e0.2_L2_alibi_learn_attn_s2,L1H3,sp4,2,-0.018542473566454665,0.1939036697149276
E2b_h0.003_e0.2_L2_alibi_learn_attn_s2,L1H3,sp4,4,-0.04608486786480287,0.1939036697149276
E2b_h0.003_e0.2_L2_alibi_learn_attn_s2,L1H3,sp4,8,-0.021167058451971643,0.1939036697149276
E2b_h0.003_e0.2_L2_alibi_learn_attn_s2,L1H3,sp4,16,-0.03178400658005032,0.1939036697149276
E2b_h0.003_e0.2_L2_alibi_learn_attn_s2,L1H3,sp4,32,0.07190975554947476,0.1939036697149276
E2b_h0.003_e0.2_L2_alibi_learn_attn_s2,L1H3,sp4,64,0.3182472453955354,0.1939036697149276
E2b_h0.003_e0.2_L2_alibi_learn_attn_s2,L1H3,sp4,128,1.1503737633451063,0.1939036697149276
E2b_h0.003_e0.2_L2_alibi_learn_attn_s2,L1H3,swap4,2,-0.2529493497379249,0.1939036697149276
E2b_h0.003_e0.2_L2_alibi_learn_attn_s2,L1H3,swap4,4,-0.1526114519399005,0.1939036697149276
E2b_h0.003_e0.2_L2_alibi_learn_attn_s2,L1H3,swap4,8,-0.05847770402294605,0.1939036697149276
E2b_h0.003_e0.2_L2_alibi_learn_attn_s2,L1H3,swap4,16,-0.12869149935268953,0.1939036697149276
E2b_h0.003_e0.2_L2_alibi_learn_attn_s2,L1H3,swap4,32,-0.048010736487396066,0.1939036697149276
E2b_h0.003_e0.2_L2_alibi_learn_attn_s2,L1H3,swap4,64,0.2695346330694788,0.1939036697149276
E2b_h0.003_e0.2_L2_alibi_learn_attn_s2,L1H3,swap4,128,1.0233757591763766,0.1939036697149276
E2b_h0.003_e0.3_L2_alibi_learn_attn_s0,L1H0,sp4,2,4.189728753118962,0.1117070317268371
E2b_h0.003_e0.3_L2_alibi_learn_attn_s0,L1H0,sp4,4,6.101341209134863,0.1117070317268371
E2b_h0.003_e0.3_L2_alibi_learn_attn_s0,L1H0,sp4,8,6.4939799969074175,0.1117070317268371
E2b_h0.003_e0.3_L2_alibi_learn_attn_s0,L1H0,sp4,16,4.153766723054348,0.1117070317268371
E2b_h0.003_e0.3_L2_alibi_learn_attn_s0,L1H0,sp4,32,8.230244515913833,0.1117070317268371
E2b_h0.003_e0.3_L2_alibi_learn_attn_s0,L1H0,sp4,64,9.636722583543353,0.1117070317268371
E2b_h0.003_e0.3_L2_alibi_learn_attn_s0,L1H0,sp4,128,11.241471210800292,0.1117070317268371
E2b_h0.003_e0.3_L2_alibi_learn_attn_s0,L1H0,swap4,2,-7.156824594971854,0.1117070317268371
E2b_h0.003_e0.3_L2_alibi_learn_attn_s0,L1H0,swap4,4,-5.496547680049964,0.1117070317268371
E2b_h0.003_e0.3_L2_alibi_learn_attn_s0,L1H0,swap4,8,-7.118137539519439,0.1117070317268371
E2b_h0.003_e0.3_L2_alibi_learn_attn_s0,L1H0,swap4,16,-6.634106151876922,0.1117070317268371
E2b_h0.003_e0.3_L2_alibi_learn_attn_s0,L1H0,swap4,32,-4.5261682918541055,0.1117070317268371
E2b_h0.003_e0.3_L2_alibi_learn_attn_s0,L1H0,swap4,64,-3.1713070303396784,0.1117070317268371
E2b_h0.003_e0.3_L2_alibi_learn_attn_s0,L1H0,swap4,128,-4.031564008121451,0.1117070317268371
E2b_h0.003_e0.3_L2_alibi_learn_attn_s0,L1H1,sp4,2,-3.069204919087592,0.0904938653111457
E2b_h0.003_e0.3_L2_alibi_learn_attn_s0,L1H1,sp4,4,-4.254390596712744,0.0904938653111457
E2b_h0.003_e0.3_L2_alibi_learn_attn_s0,L1H1,sp4,8,-3.8092549365890163,0.0904938653111457
E2b_h0.003_e0.3_L2_alibi_learn_attn_s0,L1H1,sp4,16,-1.0721958257918613,0.0904938653111457
E2b_h0.003_e0.3_L2_alibi_learn_attn_s0,L1H1,sp4,32,-3.23830996063026,0.0904938653111457
E2b_h0.003_e0.3_L2_alibi_learn_attn_s0,L1H1,sp4,64,-2.834952506332677,0.0904938653111457
E2b_h0.003_e0.3_L2_alibi_learn_attn_s0,L1H1,sp4,128,-0.06876678997866659,0.0904938653111457
E2b_h0.003_e0.3_L2_alibi_learn_attn_s0,L1H1,swap4,2,3.325036379012235,0.0904938653111457
E2b_h0.003_e0.3_L2_alibi_learn_attn_s0,L1H1,swap4,4,2.1696384575965064,0.0904938653111457
E2b_h0.003_e0.3_L2_alibi_learn_attn_s0,L1H1,swap4,8,4.17127529376469,0.0904938653111457
E2b_h0.003_e0.3_L2_alibi_learn_attn_s0,L1H1,swap4,16,3.292938102970427,0.0904938653111457
E2b_h0.003_e0.3_L2_alibi_learn_attn_s0,L1H1,swap4,32,3.03572505131446,0.0904938653111457
E2b_h0.003_e0.3_L2_alibi_learn_attn_s0,L1H1,swap4,64,3.1679576834776286,0.0904938653111457
E2b_h0.003_e0.3_L2_alibi_learn_attn_s0,L1H1,swap4,128,6.401734408922487,0.0904938653111457
E2b_h0.003_e0.3_L2_alibi_learn_attn_s0,L1H2,sp4,2,-0.6771224050593193,0.4842150807380676
E2b_h0.003_e0.3_L2_alibi_learn_attn_s0,L1H2,sp4,4,-0.5887598043406521,0.4842150807380676
E2b_h0.003_e0.3_L2_alibi_learn_attn_s0,L1H2,sp4,8,-0.6501248485270477,0.4842150807380676
E2b_h0.003_e0.3_L2_alibi_learn_attn_s0,L1H2,sp4,16,-0.28141236501729994,0.4842150807380676
E2b_h0.003_e0.3_L2_alibi_learn_attn_s0,L1H2,sp4,32,0.032199825565408347,0.4842150807380676
E2b_h0.003_e0.3_L2_alibi_learn_attn_s0,L1H2,sp4,64,7.2296486154316995,0.4842150807380676
E2b_h0.003_e0.3_L2_alibi_learn_attn_s0,L1H2,sp4,128,37.31963324703153,0.4842150807380676
E2b_h0.003_e0.3_L2_alibi_learn_attn_s0,L1H2,swap4,2,-0.9896953329258307,0.4842150807380676
E2b_h0.003_e0.3_L2_alibi_learn_attn_s0,L1H2,swap4,4,-0.8887156640501106,0.4842150807380676
E2b_h0.003_e0.3_L2_alibi_learn_attn_s0,L1H2,swap4,8,-0.7763580463931348,0.4842150807380676
E2b_h0.003_e0.3_L2_alibi_learn_attn_s0,L1H2,swap4,16,-0.5213031998911699,0.4842150807380676
E2b_h0.003_e0.3_L2_alibi_learn_attn_s0,L1H2,swap4,32,-0.20687585115813256,0.4842150807380676
E2b_h0.003_e0.3_L2_alibi_learn_attn_s0,L1H2,swap4,64,7.085926243849272,0.4842150807380676
E2b_h0.003_e0.3_L2_alibi_learn_attn_s0,L1H2,swap4,128,37.319633256694004,0.4842150807380676
E2b_h0.003_e0.3_L2_alibi_learn_attn_s0,L1H3,sp4,2,-0.02655563635583935,0.1789856851100921
E2b_h0.003_e0.3_L2_alibi_learn_attn_s0,L1H3,sp4,4,0.04154322294329488,0.1789856851100921
E2b_h0.003_e0.3_L2_alibi_learn_attn_s0,L1H3,sp4,8,-0.01277925822089887,0.1789856851100921
E2b_h0.003_e0.3_L2_alibi_learn_attn_s0,L1H3,sp4,16,-0.0033065735262121088,0.1789856851100921
E2b_h0.003_e0.3_L2_alibi_learn_attn_s0,L1H3,sp4,32,0.08801957195791932,0.1789856851100921
E2b_h0.003_e0.3_L2_alibi_learn_attn_s0,L1H3,sp4,64,0.29373674099922553,0.1789856851100921
E2b_h0.003_e0.3_L2_alibi_learn_attn_s0,L1H3,sp4,128,0.6622857998519329,0.1789856851100921
E2b_h0.003_e0.3_L2_alibi_learn_attn_s0,L1H3,swap4,2,-0.13862484878772147,0.1789856851100921
E2b_h0.003_e0.3_L2_alibi_learn_attn_s0,L1H3,swap4,4,-0.1348214735382265,0.1789856851100921
E2b_h0.003_e0.3_L2_alibi_learn_attn_s0,L1H3,swap4,8,-0.1534126061301444,0.1789856851100921
E2b_h0.003_e0.3_L2_alibi_learn_attn_s0,L1H3,swap4,16,-0.12308407531104182,0.1789856851100921
E2b_h0.003_e0.3_L2_alibi_learn_attn_s0,L1H3,swap4,32,0.04475380898525305,0.1789856851100921
E2b_h0.003_e0.3_L2_alibi_learn_attn_s0,L1H3,swap4,64,0.1509874870613972,0.1789856851100921
E2b_h0.003_e0.3_L2_alibi_learn_attn_s0,L1H3,swap4,128,0.6190171860108027,0.1789856851100921
E2b_h0.003_e0.3_L2_alibi_learn_attn_s1,L1H0,sp4,2,6.045007688656729,0.1100440174341201
E2b_h0.003_e0.3_L2_alibi_learn_attn_s1,L1H0,sp4,4,5.9725364376893335,0.1100440174341201
E2b_h0.003_e0.3_L2_alibi_learn_attn_s1,L1H0,sp4,8,5.857788741398281,0.1100440174341201
E2b_h0.003_e0.3_L2_alibi_learn_attn_s1,L1H0,sp4,16,6.377869536354428,0.1100440174341201
E2b_h0.003_e0.3_L2_alibi_learn_attn_s1,L1H0,sp4,32,7.743268331937587,0.1100440174341201
E2b_h0.003_e0.3_L2_alibi_learn_attn_s1,L1H0,sp4,64,8.13123185901705,0.1100440174341201
E2b_h0.003_e0.3_L2_alibi_learn_attn_s1,L1H0,sp4,128,9.87367061574232,0.1100440174341201
E2b_h0.003_e0.3_L2_alibi_learn_attn_s1,L1H0,swap4,2,-6.118423617240479,0.1100440174341201
E2b_h0.003_e0.3_L2_alibi_learn_attn_s1,L1H0,swap4,4,-5.803126828919709,0.1100440174341201
E2b_h0.003_e0.3_L2_alibi_learn_attn_s1,L1H0,swap4,8,-5.888667746095283,0.1100440174341201
E2b_h0.003_e0.3_L2_alibi_learn_attn_s1,L1H0,swap4,16,-4.697517264931698,0.1100440174341201
E2b_h0.003_e0.3_L2_alibi_learn_attn_s1,L1H0,swap4,32,-5.242868852026227,0.1100440174341201
E2b_h0.003_e0.3_L2_alibi_learn_attn_s1,L1H0,swap4,64,-4.638561312152411,0.1100440174341201
E2b_h0.003_e0.3_L2_alibi_learn_attn_s1,L1H0,swap4,128,-2.8287116672508095,0.1100440174341201
E2b_h0.003_e0.3_L2_alibi_learn_attn_s1,L1H1,sp4,2,-3.640275049916766,0.0995086356997489
E2b_h0.003_e0.3_L2_alibi_learn_attn_s1,L1H1,sp4,4,-3.6222547359552126,0.0995086356997489
E2b_h0.003_e0.3_L2_alibi_learn_attn_s1,L1H1,sp4,8,-2.8953896141023048,0.0995086356997489
E2b_h0.003_e0.3_L2_alibi_learn_attn_s1,L1H1,sp4,16,-3.161831875627983,0.0995086356997489
E2b_h0.003_e0.3_L2_alibi_learn_attn_s1,L1H1,sp4,32,-3.422890223008702,0.0995086356997489
E2b_h0.003_e0.3_L2_alibi_learn_attn_s1,L1H1,sp4,64,-2.7727413016281504,0.0995086356997489
E2b_h0.003_e0.3_L2_alibi_learn_attn_s1,L1H1,sp4,128,-1.8561040279871577,0.0995086356997489
E2b_h0.003_e0.3_L2_alibi_learn_attn_s1,L1H1,swap4,2,3.6474561944602497,0.0995086356997489
E2b_h0.003_e0.3_L2_alibi_learn_attn_s1,L1H1,swap4,4,3.361280105208057,0.0995086356997489
E2b_h0.003_e0.3_L2_alibi_learn_attn_s1,L1H1,swap4,8,3.013198238539069,0.0995086356997489
E2b_h0.003_e0.3_L2_alibi_learn_attn_s1,L1H1,swap4,16,2.062871314151753,0.0995086356997489
E2b_h0.003_e0.3_L2_alibi_learn_attn_s1,L1H1,swap4,32,3.33738808666811,0.0995086356997489
E2b_h0.003_e0.3_L2_alibi_learn_attn_s1,L1H1,swap4,64,3.7508567377948427,0.0995086356997489
E2b_h0.003_e0.3_L2_alibi_learn_attn_s1,L1H1,swap4,128,4.373148251167588,0.0995086356997489
E2b_h0.003_e0.3_L2_alibi_learn_attn_s1,L1H2,sp4,2,-0.6818283126011027,0.4816353321075439
E2b_h0.003_e0.3_L2_alibi_learn_attn_s1,L1H2,sp4,4,-0.5020071440181844,0.4816353321075439
E2b_h0.003_e0.3_L2_alibi_learn_attn_s1,L1H2,sp4,8,-0.4296529453034834,0.4816353321075439
E2b_h0.003_e0.3_L2_alibi_learn_attn_s1,L1H2,sp4,16,-0.17871956537607314,0.4816353321075439
E2b_h0.003_e0.3_L2_alibi_learn_attn_s1,L1H2,sp4,32,0.04955969345078337,0.4816353321075439
E2b_h0.003_e0.3_L2_alibi_learn_attn_s1,L1H2,sp4,64,6.92874469410563,0.4816353321075439
E2b_h0.003_e0.3_L2_alibi_learn_attn_s1,L1H2,sp4,128,36.97455270987046,0.4816353321075439
E2b_h0.003_e0.3_L2_alibi_learn_attn_s1,L1H2,swap4,2,-0.9296137945774934,0.4816353321075439
E2b_h0.003_e0.3_L2_alibi_learn_attn_s1,L1H2,swap4,4,-0.876549163922939,0.4816353321075439
E2b_h0.003_e0.3_L2_alibi_learn_attn_s1,L1H2,swap4,8,-0.8119833773613183,0.4816353321075439
E2b_h0.003_e0.3_L2_alibi_learn_attn_s1,L1H2,swap4,16,-0.47216796244706405,0.4816353321075439
E2b_h0.003_e0.3_L2_alibi_learn_attn_s1,L1H2,swap4,32,-0.15097671896390974,0.4816353321075439
E2b_h0.003_e0.3_L2_alibi_learn_attn_s1,L1H2,swap4,64,7.044010760054048,0.4816353321075439
E2b_h0.003_e0.3_L2_alibi_learn_attn_s1,L1H2,swap4,128,36.97455269659911,0.4816353321075439
E2b_h0.003_e0.3_L2_alibi_learn_attn_s1,L1H3,sp4,2,-0.042657222292905805,0.2183948159217834
E2b_h0.003_e0.3_L2_alibi_learn_attn_s1,L1H3,sp4,4,0.022642768539912428,0.2183948159217834
E2b_h0.003_e0.3_L2_alibi_learn_attn_s1,L1H3,sp4,8,0.0008686695107693598,0.2183948159217834
E2b_h0.003_e0.3_L2_alibi_learn_attn_s1,L1H3,sp4,16,0.04266026126492495,0.2183948159217834
E2b_h0.003_e0.3_L2_alibi_learn_attn_s1,L1H3,sp4,32,0.14949762573652725,0.2183948159217834
E2b_h0.003_e0.3_L2_alibi_learn_attn_s1,L1H3,sp4,64,0.31817038979214995,0.2183948159217834
E2b_h0.003_e0.3_L2_alibi_learn_attn_s1,L1H3,sp4,128,2.3502018582959128,0.2183948159217834
E2b_h0.003_e0.3_L2_alibi_learn_attn_s1,L1H3,swap4,2,-0.1721701239261837,0.2183948159217834
E2b_h0.003_e0.3_L2_alibi_learn_attn_s1,L1H3,swap4,4,-0.184959741552702,0.2183948159217834
E2b_h0.003_e0.3_L2_alibi_learn_attn_s1,L1H3,swap4,8,-0.1258627678414619,0.2183948159217834
E2b_h0.003_e0.3_L2_alibi_learn_attn_s1,L1H3,swap4,16,-0.12863246232549574,0.2183948159217834
E2b_h0.003_e0.3_L2_alibi_learn_attn_s1,L1H3,swap4,32,-0.035781140178110515,0.2183948159217834
E2b_h0.003_e0.3_L2_alibi_learn_attn_s1,L1H3,swap4,64,0.22288844247241268,0.2183948159217834
E2b_h0.003_e0.3_L2_alibi_learn_attn_s1,L1H3,swap4,128,2.3150480676318423,0.2183948159217834
E2b_h0.003_e0.3_L2_alibi_learn_attn_s2,L1H0,sp4,2,6.7763121490983735,0.0895815044641494
E2b_h0.003_e0.3_L2_alibi_learn_attn_s2,L1H0,sp4,4,7.185215172587548,0.0895815044641494
E2b_h0.003_e0.3_L2_alibi_learn_attn_s2,L1H0,sp4,8,7.183934861556838,0.0895815044641494
E2b_h0.003_e0.3_L2_alibi_learn_attn_s2,L1H0,sp4,16,7.104221286519515,0.0895815044641494
E2b_h0.003_e0.3_L2_alibi_learn_attn_s2,L1H0,sp4,32,7.591877315264165,0.0895815044641494
E2b_h0.003_e0.3_L2_alibi_learn_attn_s2,L1H0,sp4,64,9.828497860499454,0.0895815044641494
E2b_h0.003_e0.3_L2_alibi_learn_attn_s2,L1H0,sp4,128,9.625675578833784,0.0895815044641494
E2b_h0.003_e0.3_L2_alibi_learn_attn_s2,L1H0,swap4,2,-4.49242007489376,0.0895815044641494
E2b_h0.003_e0.3_L2_alibi_learn_attn_s2,L1H0,swap4,4,-3.6321882478796543,0.0895815044641494
E2b_h0.003_e0.3_L2_alibi_learn_attn_s2,L1H0,swap4,8,-3.630279745009836,0.0895815044641494
E2b_h0.003_e0.3_L2_alibi_learn_attn_s2,L1H0,swap4,16,-3.9032172924756456,0.0895815044641494
E2b_h0.003_e0.3_L2_alibi_learn_attn_s2,L1H0,swap4,32,-3.159102545800779,0.0895815044641494
E2b_h0.003_e0.3_L2_alibi_learn_attn_s2,L1H0,swap4,64,-2.9700251744761577,0.0895815044641494
E2b_h0.003_e0.3_L2_alibi_learn_attn_s2,L1H0,swap4,128,-2.7465618079767973,0.0895815044641494
E2b_h0.003_e0.3_L2_alibi_learn_attn_s2,L1H1,sp4,2,-3.8796242082084085,0.0778582617640495
E2b_h0.003_e0.3_L2_alibi_learn_attn_s2,L1H1,sp4,4,-4.180181760155327,0.0778582617640495
E2b_h0.003_e0.3_L2_alibi_learn_attn_s2,L1H1,sp4,8,-4.663638020431806,0.0778582617640495
E2b_h0.003_e0.3_L2_alibi_learn_attn_s2,L1H1,sp4,16,-3.530297796607533,0.0778582617640495
E2b_h0.003_e0.3_L2_alibi_learn_attn_s2,L1H1,sp4,32,-2.9678231785935685,0.0778582617640495
E2b_h0.003_e0.3_L2_alibi_learn_attn_s2,L1H1,sp4,64,-4.213218330139382,0.0778582617640495
E2b_h0.003_e0.3_L2_alibi_learn_attn_s2,L1H1,sp4,128,-2.2174465495729763,0.0778582617640495
E2b_h0.003_e0.3_L2_alibi_learn_attn_s2,L1H1,swap4,2,2.20321764725838,0.0778582617640495
E2b_h0.003_e0.3_L2_alibi_learn_attn_s2,L1H1,swap4,4,1.8177353664866773,0.0778582617640495
E2b_h0.003_e0.3_L2_alibi_learn_attn_s2,L1H1,swap4,8,1.3700201362722233,0.0778582617640495
E2b_h0.003_e0.3_L2_alibi_learn_attn_s2,L1H1,swap4,16,2.420127564851329,0.0778582617640495
E2b_h0.003_e0.3_L2_alibi_learn_attn_s2,L1H1,swap4,32,2.5803009802188326,0.0778582617640495
E2b_h0.003_e0.3_L2_alibi_learn_attn_s2,L1H1,swap4,64,2.4759773133183742,0.0778582617640495
E2b_h0.003_e0.3_L2_alibi_learn_attn_s2,L1H1,swap4,128,3.8442861440894998,0.0778582617640495
E2b_h0.003_e0.3_L2_alibi_learn_attn_s2,L1H2,sp4,2,-0.3009124753079123,0.4896989166736603
E2b_h0.003_e0.3_L2_alibi_learn_attn_s2,L1H2,sp4,4,-0.3558392612628023,0.4896989166736603
E2b_h0.003_e0.3_L2_alibi_learn_attn_s2,L1H2,sp4,8,-0.19163089298372293,0.4896989166736603
E2b_h0.003_e0.3_L2_alibi_learn_attn_s2,L1H2,sp4,16,-0.02342307351817574,0.4896989166736603
E2b_h0.003_e0.3_L2_alibi_learn_attn_s2,L1H2,sp4,32,0.05787232449905133,0.4896989166736603
E2b_h0.003_e0.3_L2_alibi_learn_attn_s2,L1H2,sp4,64,7.367170424351958,0.4896989166736603
E2b_h0.003_e0.3_L2_alibi_learn_attn_s2,L1H2,sp4,128,38.05319424995072,0.4896989166736603
E2b_h0.003_e0.3_L2_alibi_learn_attn_s2,L1H2,swap4,2,-0.6828125287905622,0.4896989166736603
E2b_h0.003_e0.3_L2_alibi_learn_attn_s2,L1H2,swap4,4,-0.5715072122175138,0.4896989166736603
E2b_h0.003_e0.3_L2_alibi_learn_attn_s2,L1H2,swap4,8,-0.5881100777500379,0.4896989166736603
E2b_h0.003_e0.3_L2_alibi_learn_attn_s2,L1H2,swap4,16,-0.4131396658216495,0.4896989166736603
E2b_h0.003_e0.3_L2_alibi_learn_attn_s2,L1H2,swap4,32,-0.16780221831661812,0.4896989166736603
E2b_h0.003_e0.3_L2_alibi_learn_attn_s2,L1H2,swap4,64,7.136841910639406,0.4896989166736603
E2b_h0.003_e0.3_L2_alibi_learn_attn_s2,L1H2,swap4,128,38.053194250067136,0.4896989166736603
E2b_h0.003_e0.3_L2_alibi_learn_attn_s2,L1H3,sp4,2,0.04256093223428681,0.1926523894071579
E2b_h0.003_e0.3_L2_alibi_learn_attn_s2,L1H3,sp4,4,0.06485558606485786,0.1926523894071579
E2b_h0.003_e0.3_L2_alibi_learn_attn_s2,L1H3,sp4,8,0.022083626203643125,0.1926523894071579
E2b_h0.003_e0.3_L2_alibi_learn_attn_s2,L1H3,sp4,16,0.07701875347869014,0.1926523894071579
E2b_h0.003_e0.3_L2_alibi_learn_attn_s2,L1H3,sp4,32,0.1200097020819153,0.1926523894071579
E2b_h0.003_e0.3_L2_alibi_learn_attn_s2,L1H3,sp4,64,0.27188934696727607,0.1926523894071579
E2b_h0.003_e0.3_L2_alibi_learn_attn_s2,L1H3,sp4,128,0.8323334105684861,0.1926523894071579
E2b_h0.003_e0.3_L2_alibi_learn_attn_s2,L1H3,swap4,2,-0.1051842703020196,0.1926523894071579
E2b_h0.003_e0.3_L2_alibi_learn_attn_s2,L1H3,swap4,4,-0.1109827589258845,0.1926523894071579
E2b_h0.003_e0.3_L2_alibi_learn_attn_s2,L1H3,swap4,8,-0.06266747868835687,0.1926523894071579
E2b_h0.003_e0.3_L2_alibi_learn_attn_s2,L1H3,swap4,16,-0.12246479585863534,0.1926523894071579
E2b_h0.003_e0.3_L2_alibi_learn_attn_s2,L1H3,swap4,32,-0.06728279410759797,0.1926523894071579
E2b_h0.003_e0.3_L2_alibi_learn_attn_s2,L1H3,swap4,64,0.09992769658286971,0.1926523894071579
E2b_h0.003_e0.3_L2_alibi_learn_attn_s2,L1H3,swap4,128,0.7127054733277962,0.1926523894071579
E2b_h0.01_e0.05_L2_alibi_learn_attn_s0,L1H0,sp4,2,-0.6995135368974718,0.1331361383199691
E2b_h0.01_e0.05_L2_alibi_learn_attn_s0,L1H0,sp4,4,1.770739714404559,0.1331361383199691
E2b_h0.01_e0.05_L2_alibi_learn_attn_s0,L1H0,sp4,8,-1.064327800678437,0.1331361383199691
E2b_h0.01_e0.05_L2_alibi_learn_attn_s0,L1H0,sp4,16,2.1245425065197328,0.1331361383199691
E2b_h0.01_e0.05_L2_alibi_learn_attn_s0,L1H0,sp4,32,1.9977576434166218,0.1331361383199691
E2b_h0.01_e0.05_L2_alibi_learn_attn_s0,L1H0,sp4,64,2.1755728260060065,0.1331361383199691
E2b_h0.01_e0.05_L2_alibi_learn_attn_s0,L1H0,sp4,128,0.4744436413659372,0.1331361383199691
E2b_h0.01_e0.05_L2_alibi_learn_attn_s0,L1H0,swap4,2,-0.8137973104788411,0.1331361383199691
E2b_h0.01_e0.05_L2_alibi_learn_attn_s0,L1H0,swap4,4,-0.37128825608189714,0.1331361383199691
E2b_h0.01_e0.05_L2_alibi_learn_attn_s0,L1H0,swap4,8,-1.4693629853045378,0.1331361383199691
E2b_h0.01_e0.05_L2_alibi_learn_attn_s0,L1H0,swap4,16,-0.8252082883860292,0.1331361383199691
E2b_h0.01_e0.05_L2_alibi_learn_attn_s0,L1H0,swap4,32,0.7295246263886721,0.1331361383199691
E2b_h0.01_e0.05_L2_alibi_learn_attn_s0,L1H0,swap4,64,0.8931350171043633,0.1331361383199691
E2b_h0.01_e0.05_L2_alibi_learn_attn_s0,L1H0,swap4,128,-1.0726915571904279,0.1331361383199691
E2b_h0.01_e0.05_L2_alibi_learn_attn_s0,L1H1,sp4,2,1.9462086582140912,0.1321145445108413
E2b_h0.01_e0.05_L2_alibi_learn_attn_s0,L1H1,sp4,4,0.37121223672865034,0.1321145445108413
E2b_h0.01_e0.05_L2_alibi_learn_attn_s0,L1H1,sp4,8,2.236489666162755,0.1321145445108413
E2b_h0.01_e0.05_L2_alibi_learn_attn_s0,L1H1,sp4,16,0.1370007783747098,0.1321145445108413
E2b_h0.01_e0.05_L2_alibi_learn_attn_s0,L1H1,sp4,32,-0.09205345251665431,0.1321145445108413
E2b_h0.01_e0.05_L2_alibi_learn_attn_s0,L1H1,sp4,64,-1.133260209702052,0.1321145445108413
E2b_h0.01_e0.05_L2_alibi_learn_attn_s0,L1H1,sp4,128,0.24041975156939976,0.1321145445108413
E2b_h0.01_e0.05_L2_alibi_learn_attn_s0,L1H1,swap4,2,-0.9208501162916429,0.1321145445108413
E2b_h0.01_e0.05_L2_alibi_learn_attn_s0,L1H1,swap4,4,-1.2866354729389924,0.1321145445108413
E2b_h0.01_e0.05_L2_alibi_learn_attn_s0,L1H1,swap4,8,0.0562029822518903,0.1321145445108413
E2b_h0.01_e0.05_L2_alibi_learn_attn_s0,L1H1,swap4,16,0.5727451175553053,0.1321145445108413
E2b_h0.01_e0.05_L2_alibi_learn_attn_s0,L1H1,swap4,32,-1.5836100901522996,0.1321145445108413
E2b_h0.01_e0.05_L2_alibi_learn_attn_s0,L1H1,swap4,64,-1.437484313378289,0.1321145445108413
E2b_h0.01_e0.05_L2_alibi_learn_attn_s0,L1H1,swap4,128,1.6582512652461663,0.1321145445108413
E2b_h0.01_e0.05_L2_alibi_learn_attn_s0,L1H2,sp4,2,-0.7513585580310187,0.8006225824356079
E2b_h0.01_e0.05_L2_alibi_learn_attn_s0,L1H2,sp4,4,-0.5325262991582012,0.8006225824356079
E2b_h0.01_e0.05_L2_alibi_learn_attn_s0,L1H2,sp4,8,-0.36778532800253494,0.8006225824356079
E2b_h0.01_e0.05_L2_alibi_learn_attn_s0,L1H2,sp4,16,-0.2889111039455603,0.8006225824356079
E2b_h0.01_e0.05_L2_alibi_learn_attn_s0,L1H2,sp4,32,4.397120827216959,0.8006225824356079
E2b_h0.01_e0.05_L2_alibi_learn_attn_s0,L1H2,sp4,64,28.432453977712306,0.8006225824356079
E2b_h0.01_e0.05_L2_alibi_learn_attn_s0,L1H2,sp4,128,79.67229927625891,0.8006225824356079
E2b_h0.01_e0.05_L2_alibi_learn_attn_s0,L1H2,swap4,2,-1.1885068093161832,0.8006225824356079
E2b_h0.01_e0.05_L2_alibi_learn_attn_s0,L1H2,swap4,4,-1.0298882782575371,0.8006225824356079
E2b_h0.01_e0.05_L2_alibi_learn_attn_s0,L1H2,swap4,8,-0.8135368763774249,0.8006225824356079
E2b_h0.01_e0.05_L2_alibi_learn_attn_s0,L1H2,swap4,16,-0.6087823612641685,0.8006225824356079
E2b_h0.01_e0.05_L2_alibi_learn_attn_s0,L1H2,swap4,32,4.396639752004932,0.8006225824356079
E2b_h0.01_e0.05_L2_alibi_learn_attn_s0,L1H2,swap4,64,28.432453987108925,0.8006225824356079
E2b_h0.01_e0.05_L2_alibi_learn_attn_s0,L1H2,swap4,128,79.67229925125872,0.8006225824356079
E2b_h0.01_e0.05_L2_alibi_learn_attn_s0,L1H3,sp4,2,-0.07204971307317454,0.2355207055807113
E2b_h0.01_e0.05_L2_alibi_learn_attn_s0,L1H3,sp4,4,-0.06985069526959209,0.2355207055807113
E2b_h0.01_e0.05_L2_alibi_learn_attn_s0,L1H3,sp4,8,-0.050594404074504995,0.2355207055807113
E2b_h0.01_e0.05_L2_alibi_learn_attn_s0,L1H3,sp4,16,0.01514147432664359,0.2355207055807113
E2b_h0.01_e0.05_L2_alibi_learn_attn_s0,L1H3,sp4,32,0.02203705829609559,0.2355207055807113
E2b_h0.01_e0.05_L2_alibi_learn_attn_s0,L1H3,sp4,64,0.049695219133049306,0.2355207055807113
E2b_h0.01_e0.05_L2_alibi_learn_attn_s0,L1H3,sp4,128,4.363061288386749,0.2355207055807113
E2b_h0.01_e0.05_L2_alibi_learn_attn_s0,L1H3,swap4,2,-0.14891808988116612,0.2355207055807113
E2b_h0.01_e0.05_L2_alibi_learn_attn_s0,L1H3,swap4,4,-0.1349035008190031,0.2355207055807113
E2b_h0.01_e0.05_L2_alibi_learn_attn_s0,L1H3,swap4,8,-0.12524969916149886,0.2355207055807113
E2b_h0.01_e0.05_L2_alibi_learn_attn_s0,L1H3,swap4,16,-0.08717415158454211,0.2355207055807113
E2b_h0.01_e0.05_L2_alibi_learn_attn_s0,L1H3,swap4,32,-0.047428102215941514,0.2355207055807113
E2b_h0.01_e0.05_L2_alibi_learn_attn_s0,L1H3,swap4,64,-0.010248177408483272,0.2355207055807113
E2b_h0.01_e0.05_L2_alibi_learn_attn_s0,L1H3,swap4,128,4.383142808603383,0.2355207055807113
E2b_h0.01_e0.05_L2_alibi_learn_attn_s1,L1H0,sp4,2,-0.8899745584599154,0.1151745319366455
E2b_h0.01_e0.05_L2_alibi_learn_attn_s1,L1H0,sp4,4,-1.0304419471684811,0.1151745319366455
E2b_h0.01_e0.05_L2_alibi_learn_attn_s1,L1H0,sp4,8,0.5177698036337446,0.1151745319366455
E2b_h0.01_e0.05_L2_alibi_learn_attn_s1,L1H0,sp4,16,0.017980956998551623,0.1151745319366455
E2b_h0.01_e0.05_L2_alibi_learn_attn_s1,L1H0,sp4,32,1.2003048048364302,0.1151745319366455
E2b_h0.01_e0.05_L2_alibi_learn_attn_s1,L1H0,sp4,64,1.124183129052013,0.1151745319366455
E2b_h0.01_e0.05_L2_alibi_learn_attn_s1,L1H0,sp4,128,3.701447306398374,0.1151745319366455
E2b_h0.01_e0.05_L2_alibi_learn_attn_s1,L1H0,swap4,2,-1.6473912821049375,0.1151745319366455
E2b_h0.01_e0.05_L2_alibi_learn_attn_s1,L1H0,swap4,4,-1.5254829230299454,0.1151745319366455
E2b_h0.01_e0.05_L2_alibi_learn_attn_s1,L1H0,swap4,8,-0.2792917975725038,0.1151745319366455
E2b_h0.01_e0.05_L2_alibi_learn_attn_s1,L1H0,swap4,16,-1.399817723914856,0.1151745319366455
E2b_h0.01_e0.05_L2_alibi_learn_attn_s1,L1H0,swap4,32,-0.2968834848462647,0.1151745319366455
E2b_h0.01_e0.05_L2_alibi_learn_attn_s1,L1H0,swap4,64,0.5088918934318762,0.1151745319366455
E2b_h0.01_e0.05_L2_alibi_learn_attn_s1,L1H0,swap4,128,2.976921352127637,0.1151745319366455
E2b_h0.01_e0.05_L2_alibi_learn_attn_s1,L1H1,sp4,2,1.1357146498161215,0.1117236167192459
E2b_h0.01_e0.05_L2_alibi_learn_attn_s1,L1H1,sp4,4,1.514754743129084,0.1117236167192459
E2b_h0.01_e0.05_L2_alibi_learn_attn_s1,L1H1,sp4,8,0.48923507671306843,0.1117236167192459
E2b_h0.01_e0.05_L2_alibi_learn_attn_s1,L1H1,sp4,16,1.1585673211508039,0.1117236167192459
E2b_h0.01_e0.05_L2_alibi_learn_attn_s1,L1H1,sp4,32,1.3832952459218963,0.1117236167192459
E2b_h0.01_e0.05_L2_alibi_learn_attn_s1,L1H1,sp4,64,2.6914803676827863,0.1117236167192459
E2b_h0.01_e0.05_L2_alibi_learn_attn_s1,L1H1,sp4,128,2.3335326751366114,0.1117236167192459
E2b_h0.01_e0.05_L2_alibi_learn_attn_s1,L1H1,swap4,2,-1.7079217181746496,0.1117236167192459
E2b_h0.01_e0.05_L2_alibi_learn_attn_s1,L1H1,swap4,4,-1.9339050896766974,0.1117236167192459
E2b_h0.01_e0.05_L2_alibi_learn_attn_s1,L1H1,swap4,8,-2.0480014394110704,0.1117236167192459
E2b_h0.01_e0.05_L2_alibi_learn_attn_s1,L1H1,swap4,16,-0.9950586570270512,0.1117236167192459
E2b_h0.01_e0.05_L2_alibi_learn_attn_s1,L1H1,swap4,32,-0.7831824020990545,0.1117236167192459
E2b_h0.01_e0.05_L2_alibi_learn_attn_s1,L1H1,swap4,64,1.0184580239764642,0.1117236167192459
E2b_h0.01_e0.05_L2_alibi_learn_attn_s1,L1H1,swap4,128,1.9256469051485396,0.1117236167192459
E2b_h0.01_e0.05_L2_alibi_learn_attn_s1,L1H2,sp4,2,-2.4695806646090253,0.6661749482154846
E2b_h0.01_e0.05_L2_alibi_learn_attn_s1,L1H2,sp4,4,-2.0562571561056244,0.6661749482154846
E2b_h0.01_e0.05_L2_alibi_learn_attn_s1,L1H2,sp4,8,-1.8894542772268954,0.6661749482154846
E2b_h0.01_e0.05_L2_alibi_learn_attn_s1,L1H2,sp4,16,-1.51097433228309,0.6661749482154846
E2b_h0.01_e0.05_L2_alibi_learn_attn_s1,L1H2,sp4,32,1.100338888886812,0.6661749482154846
E2b_h0.01_e0.05_L2_alibi_learn_attn_s1,L1H2,sp4,64,19.034712438837524,0.6661749482154846
E2b_h0.01_e0.05_L2_alibi_learn_attn_s1,L1H2,sp4,128,61.669905012185446,0.6661749482154846
E2b_h0.01_e0.05_L2_alibi_learn_attn_s1,L1H2,swap4,2,-3.010494220582217,0.6661749482154846
E2b_h0.01_e0.05_L2_alibi_learn_attn_s1,L1H2,swap4,4,-2.741141153292607,0.6661749482154846
E2b_h0.01_e0.05_L2_alibi_learn_attn_s1,L1H2,swap4,8,-2.227130323051348,0.6661749482154846
E2b_h0.01_e0.05_L2_alibi_learn_attn_s1,L1H2,swap4,16,-1.841288819204057,0.6661749482154846
E2b_h0.01_e0.05_L2_alibi_learn_attn_s1,L1H2,swap4,32,0.8736865290719216,0.6661749482154846
E2b_h0.01_e0.05_L2_alibi_learn_attn_s1,L1H2,swap4,64,19.034709526065583,0.6661749482154846
E2b_h0.01_e0.05_L2_alibi_learn_attn_s1,L1H2,swap4,128,61.669904992278425,0.6661749482154846
E2b_h0.01_e0.05_L2_alibi_learn_attn_s1,L1H3,sp4,2,-0.2285200844476003,0.2083195298910141
E2b_h0.01_e0.05_L2_alibi_learn_attn_s1,L1H3,sp4,4,-0.3118175765239362,0.2083195298910141
E2b_h0.01_e0.05_L2_alibi_learn_attn_s1,L1H3,sp4,8,-0.25178777760236937,0.2083195298910141
E2b_h0.01_e0.05_L2_alibi_learn_attn_s1,L1H3,sp4,16,-0.16821824794333318,0.2083195298910141
E2b_h0.01_e0.05_L2_alibi_learn_attn_s1,L1H3,sp4,32,-0.13947812259715553,0.2083195298910141
E2b_h0.01_e0.05_L2_alibi_learn_attn_s1,L1H3,sp4,64,-0.07905073560225961,0.2083195298910141
E2b_h0.01_e0.05_L2_alibi_learn_attn_s1,L1H3,sp4,128,1.0790782971335044,0.2083195298910141
E2b_h0.01_e0.05_L2_alibi_learn_attn_s1,L1H3,swap4,2,-0.33899666184958765,0.2083195298910141
E2b_h0.01_e0.05_L2_alibi_learn_attn_s1,L1H3,swap4,4,-0.3893066446980309,0.2083195298910141
E2b_h0.01_e0.05_L2_alibi_learn_attn_s1,L1H3,swap4,8,-0.3062921215140171,0.2083195298910141
E2b_h0.01_e0.05_L2_alibi_learn_attn_s1,L1H3,swap4,16,-0.2949788184798754,0.2083195298910141
E2b_h0.01_e0.05_L2_alibi_learn_attn_s1,L1H3,swap4,32,-0.22384583531278457,0.2083195298910141
E2b_h0.01_e0.05_L2_alibi_learn_attn_s1,L1H3,swap4,64,-0.12716302554962144,0.2083195298910141
E2b_h0.01_e0.05_L2_alibi_learn_attn_s1,L1H3,swap4,128,1.1478913059426805,0.2083195298910141
E2b_h0.01_e0.05_L2_alibi_learn_attn_s2,L1H0,sp4,2,2.417422869883408,0.1552788317203521
E2b_h0.01_e0.05_L2_alibi_learn_attn_s2,L1H0,sp4,4,2.147022387363243,0.1552788317203521
E2b_h0.01_e0.05_L2_alibi_learn_attn_s2,L1H0,sp4,8,2.507098038768199,0.1552788317203521
E2b_h0.01_e0.05_L2_alibi_learn_attn_s2,L1H0,sp4,16,1.582051743975036,0.1552788317203521
E2b_h0.01_e0.05_L2_alibi_learn_attn_s2,L1H0,sp4,32,2.2558414661753923,0.1552788317203521
E2b_h0.01_e0.05_L2_alibi_learn_attn_s2,L1H0,sp4,64,2.819213533233772,0.1552788317203521
E2b_h0.01_e0.05_L2_alibi_learn_attn_s2,L1H0,sp4,128,2.874789107950823,0.1552788317203521
E2b_h0.01_e0.05_L2_alibi_learn_attn_s2,L1H0,swap4,2,-0.5539570613609937,0.1552788317203521
E2b_h0.01_e0.05_L2_alibi_learn_attn_s2,L1H0,swap4,4,-1.9788718060922852,0.1552788317203521
E2b_h0.01_e0.05_L2_alibi_learn_attn_s2,L1H0,swap4,8,-1.036948206593393,0.1552788317203521
E2b_h0.01_e0.05_L2_alibi_learn_attn_s2,L1H0,swap4,16,-1.7030203144228107,0.1552788317203521
E2b_h0.01_e0.05_L2_alibi_learn_attn_s2,L1H0,swap4,32,-1.6320235532165568,0.1552788317203521
E2b_h0.01_e0.05_L2_alibi_learn_attn_s2,L1H0,swap4,64,-1.061632181271852,0.1552788317203521
E2b_h0.01_e0.05_L2_alibi_learn_attn_s2,L1H0,swap4,128,-1.087462510456259,0.1552788317203521
E2b_h0.01_e0.05_L2_alibi_learn_attn_s2,L1H1,sp4,2,-0.5055655792305623,0.1521650701761245
E2b_h0.01_e0.05_L2_alibi_learn_attn_s2,L1H1,sp4,4,1.236278474545027,0.1521650701761245
E2b_h0.01_e0.05_L2_alibi_learn_attn_s2,L1H1,sp4,8,0.385549469941174,0.1521650701761245
E2b_h0.01_e0.05_L2_alibi_learn_attn_s2,L1H1,sp4,16,2.5372620991893875,0.1521650701761245
E2b_h0.01_e0.05_L2_alibi_learn_attn_s2,L1H1,sp4,32,2.305824869228827,0.1521650701761245
E2b_h0.01_e0.05_L2_alibi_learn_attn_s2,L1H1,sp4,64,0.7145975503382003,0.1521650701761245
E2b_h0.01_e0.05_L2_alibi_learn_attn_s2,L1H1,sp4,128,-0.5102581496272336,0.1521650701761245
E2b_h0.01_e0.05_L2_alibi_learn_attn_s2,L1H1,swap4,2,-2.3736027191682068,0.1521650701761245
E2b_h0.01_e0.05_L2_alibi_learn_attn_s2,L1H1,swap4,4,-1.4906713899503932,0.1521650701761245
E2b_h0.01_e0.05_L2_alibi_learn_attn_s2,L1H1,swap4,8,-1.9738368970218283,0.1521650701761245
E2b_h0.01_e0.05_L2_alibi_learn_attn_s2,L1H1,swap4,16,-0.8079829178537685,0.1521650701761245
E2b_h0.01_e0.05_L2_alibi_learn_attn_s2,L1H1,swap4,32,-1.2151554154288493,0.1521650701761245
E2b_h0.01_e0.05_L2_alibi_learn_attn_s2,L1H1,swap4,64,-0.8550357370041439,0.1521650701761245
E2b_h0.01_e0.05_L2_alibi_learn_attn_s2,L1H1,swap4,128,-2.582622941019224,0.1521650701761245
E2b_h0.01_e0.05_L2_alibi_learn_attn_s2,L1H2,sp4,2,-0.6682358320088368,0.7461559176445007
E2b_h0.01_e0.05_L2_alibi_learn_attn_s2,L1H2,sp4,4,-0.5996756391949938,0.7461559176445007
E2b_h0.01_e0.05_L2_alibi_learn_attn_s2,L1H2,sp4,8,-0.45081489908138916,0.7461559176445007
E2b_h0.01_e0.05_L2_alibi_learn_attn_s2,L1H2,sp4,16,-0.03240267497276417,0.7461559176445007
E2b_h0.01_e0.05_L2_alibi_learn_attn_s2,L1H2,sp4,32,2.2949755899486863,0.7461559176445007
E2b_h0.01_e0.05_L2_alibi_learn_attn_s2,L1H2,sp4,64,24.624489449021247,0.7461559176445007
E2b_h0.01_e0.05_L2_alibi_learn_attn_s2,L1H2,sp4,128,72.37846817365138,0.7461559176445007
E2b_h0.01_e0.05_L2_alibi_learn_attn_s2,L1H2,swap4,2,-1.42828351178089,0.7461559176445007
E2b_h0.01_e0.05_L2_alibi_learn_attn_s2,L1H2,swap4,4,-1.278572993148237,0.7461559176445007
E2b_h0.01_e0.05_L2_alibi_learn_attn_s2,L1H2,swap4,8,-0.9028915410689935,0.7461559176445007
E2b_h0.01_e0.05_L2_alibi_learn_attn_s2,L1H2,swap4,16,-0.4198340050806557,0.7461559176445007
E2b_h0.01_e0.05_L2_alibi_learn_attn_s2,L1H2,swap4,32,2.2834140650111596,0.7461559176445007
E2b_h0.01_e0.05_L2_alibi_learn_attn_s2,L1H2,swap4,64,24.624489468549328,0.7461559176445007
E2b_h0.01_e0.05_L2_alibi_learn_attn_s2,L1H2,swap4,128,72.37846818067996,0.7461559176445007
E2b_h0.01_e0.05_L2_alibi_learn_attn_s2,L1H3,sp4,2,-0.10243386791481357,0.2640258073806762
E2b_h0.01_e0.05_L2_alibi_learn_attn_s2,L1H3,sp4,4,-0.11743680847196714,0.2640258073806762
E2b_h0.01_e0.05_L2_alibi_learn_attn_s2,L1H3,sp4,8,-0.08366430906340083,0.2640258073806762
E2b_h0.01_e0.05_L2_alibi_learn_attn_s2,L1H3,sp4,16,-0.05247281792439695,0.2640258073806762
E2b_h0.01_e0.05_L2_alibi_learn_attn_s2,L1H3,sp4,32,-0.05884830556794274,0.2640258073806762
E2b_h0.01_e0.05_L2_alibi_learn_attn_s2,L1H3,sp4,64,-0.0027929449745673907,0.2640258073806762
E2b_h0.01_e0.05_L2_alibi_learn_attn_s2,L1H3,sp4,128,8.231471316967397,0.2640258073806762
E2b_h0.01_e0.05_L2_alibi_learn_attn_s2,L1H3,swap4,2,-0.11051308906391683,0.2640258073806762
E2b_h0.01_e0.05_L2_alibi_learn_attn_s2,L1H3,swap4,4,-0.12150031864233979,0.2640258073806762
E2b_h0.01_e0.05_L2_alibi_learn_attn_s2,L1H3,swap4,8,-0.08064326567494584,0.2640258073806762
E2b_h0.01_e0.05_L2_alibi_learn_attn_s2,L1H3,swap4,16,-0.052888138968361975,0.2640258073806762
E2b_h0.01_e0.05_L2_alibi_learn_attn_s2,L1H3,swap4,32,-0.04903533370163515,0.2640258073806762
E2b_h0.01_e0.05_L2_alibi_learn_attn_s2,L1H3,swap4,64,-0.0030416138568813977,0.2640258073806762
E2b_h0.01_e0.05_L2_alibi_learn_attn_s2,L1H3,swap4,128,8.262940232214211,0.2640258073806762
E2b_h0.01_e0.2_L2_alibi_learn_attn_s0,L1H0,sp4,2,-1.8392471254722427,0.1796225607395172
E2b_h0.01_e0.2_L2_alibi_learn_attn_s0,L1H0,sp4,4,4.534181300389481,0.1796225607395172
E2b_h0.01_e0.2_L2_alibi_learn_attn_s0,L1H0,sp4,8,4.922754549859114,0.1796225607395172
E2b_h0.01_e0.2_L2_alibi_learn_attn_s0,L1H0,sp4,16,-3.2659475062955403,0.1796225607395172
E2b_h0.01_e0.2_L2_alibi_learn_attn_s0,L1H0,sp4,32,6.0032457344577015,0.1796225607395172
E2b_h0.01_e0.2_L2_alibi_learn_attn_s0,L1H0,sp4,64,6.304464754210053,0.1796225607395172
E2b_h0.01_e0.2_L2_alibi_learn_attn_s0,L1H0,sp4,128,6.363589865371969,0.1796225607395172
E2b_h0.01_e0.2_L2_alibi_learn_attn_s0,L1H0,swap4,2,0.8874856150503501,0.1796225607395172
E2b_h0.01_e0.2_L2_alibi_learn_attn_s0,L1H0,swap4,4,1.1588903389992165,0.1796225607395172
E2b_h0.01_e0.2_L2_alibi_learn_attn_s0,L1H0,swap4,8,-1.40998294015774,0.1796225607395172
E2b_h0.01_e0.2_L2_alibi_learn_attn_s0,L1H0,swap4,16,-4.15104257423086,0.1796225607395172
E2b_h0.01_e0.2_L2_alibi_learn_attn_s0,L1H0,swap4,32,-0.7340556914290008,0.1796225607395172
E2b_h0.01_e0.2_L2_alibi_learn_attn_s0,L1H0,swap4,64,-1.7652269535787966,0.1796225607395172
E2b_h0.01_e0.2_L2_alibi_learn_attn_s0,L1H0,swap4,128,-0.6656917824397208,0.1796225607395172
E2b_h0.01_e0.2_L2_alibi_learn_attn_s0,L1H1,sp4,2,3.014361708751034,0.1647993326187133
E2b_h0.01_e0.2_L2_alibi_learn_attn_s0,L1H1,sp4,4,-1.7464536643949349,0.1647993326187133
E2b_h0.01_e0.2_L2_alibi_learn_attn_s0,L1H1,sp4,8,-1.6578900697345926,0.1647993326187133
E2b_h0.01_e0.2_L2_alibi_learn_attn_s0,L1H1,sp4,16,5.71299152984991,0.1647993326187133
E2b_h0.01_e0.2_L2_alibi_learn_attn_s0,L1H1,sp4,32,-1.25535382473843,0.1647993326187133
E2b_h0.01_e0.2_L2_alibi_learn_attn_s0,L1H1,sp4,64,-0.6173887931797228,0.1647993326187133
E2b_h0.01_e0.2_L2_alibi_learn_attn_s0,L1H1,sp4,128,2.206844186408871,0.1647993326187133
E2b_h0.01_e0.2_L2_alibi_learn_attn_s0,L1H1,swap4,2,-3.9296555753811893,0.1647993326187133
E2b_h0.01_e0.2_L2_alibi_learn_attn_s0,L1H1,swap4,4,-4.121265717998968,0.1647993326187133
E2b_h0.01_e0.2_L2_alibi_learn_attn_s0,L1H1,swap4,8,-2.0804719769506277,0.1647993326187133
E2b_h0.01_e0.2_L2_alibi_learn_attn_s0,L1H1,swap4,16,1.562518822825632,0.1647993326187133
E2b_h0.01_e0.2_L2_alibi_learn_attn_s0,L1H1,swap4,32,0.8672780128708073,0.1647993326187133
E2b_h0.01_e0.2_L2_alibi_learn_attn_s0,L1H1,swap4,64,1.363575537901963,0.1647993326187133
E2b_h0.01_e0.2_L2_alibi_learn_attn_s0,L1H1,swap4,128,1.4305102008069532,0.1647993326187133
E2b_h0.01_e0.2_L2_alibi_learn_attn_s0,L1H2,sp4,2,-0.6114609517264187,0.7087441682815552
E2b_h0.01_e0.2_L2_alibi_learn_attn_s0,L1H2,sp4,4,-0.4135826168778003,0.7087441682815552
E2b_h0.01_e0.2_L2_alibi_learn_attn_s0,L1H2,sp4,8,-0.4031172029838217,0.7087441682815552
E2b_h0.01_e0.2_L2_alibi_learn_attn_s0,L1H2,sp4,16,-0.05435110676561372,0.7087441682815552
E2b_h0.01_e0.2_L2_alibi_learn_attn_s0,L1H2,sp4,32,1.6831555600027226,0.7087441682815552
E2b_h0.01_e0.2_L2_alibi_learn_attn_s0,L1H2,sp4,64,22.009499681196424,0.7087441682815552
E2b_h0.01_e0.2_L2_alibi_learn_attn_s0,L1H2,sp4,128,67.36912644210427,0.7087441682815552
E2b_h0.01_e0.2_L2_alibi_learn_attn_s0,L1H2,swap4,2,-1.1498044293182745,0.7087441682815552
E2b_h0.01_e0.2_L2_alibi_learn_attn_s0,L1H2,swap4,4,-0.9069955725451138,0.7087441682815552
E2b_h0.01_e0.2_L2_alibi_learn_attn_s0,L1H2,swap4,8,-0.6255029752581782,0.7087441682815552
E2b_h0.01_e0.2_L2_alibi_learn_attn_s0,L1H2,swap4,16,-0.1434085686846993,0.7087441682815552
E2b_h0.01_e0.2_L2_alibi_learn_attn_s0,L1H2,swap4,32,1.602601294583831,0.7087441682815552
E2b_h0.01_e0.2_L2_alibi_learn_attn_s0,L1H2,swap4,64,22.009499657487908,0.7087441682815552
E2b_h0.01_e0.2_L2_alibi_learn_attn_s0,L1H2,swap4,128,67.36912645316373,0.7087441682815552
E2b_h0.01_e0.2_L2_alibi_learn_attn_s0,L1H3,sp4,2,0.14479445822387715,0.2515996098518371
E2b_h0.01_e0.2_L2_alibi_learn_attn_s0,L1H3,sp4,4,0.12429726609919767,0.2515996098518371
E2b_h0.01_e0.2_L2_alibi_learn_attn_s0,L1H3,sp4,8,0.14926393057055354,0.2515996098518371
E2b_h0.01_e0.2_L2_alibi_learn_attn_s0,L1H3,sp4,16,0.2042555539508759,0.2515996098518371
E2b_h0.01_e0.2_L2_alibi_learn_attn_s0,L1H3,sp4,32,0.3072912661123084,0.2515996098518371
E2b_h0.01_e0.2_L2_alibi_learn_attn_s0,L1H3,sp4,64,0.5580400074497867,0.2515996098518371
E2b_h0.01_e0.2_L2_alibi_learn_attn_s0,L1H3,sp4,128,6.419459832528682,0.2515996098518371
E2b_h0.01_e0.2_L2_alibi_learn_attn_s0,L1H3,swap4,2,-0.22048740880319595,0.2515996098518371
E2b_h0.01_e0.2_L2_alibi_learn_attn_s0,L1H3,swap4,4,-0.2201603956170397,0.2515996098518371
E2b_h0.01_e0.2_L2_alibi_learn_attn_s0,L1H3,swap4,8,-0.15341835786195546,0.2515996098518371
E2b_h0.01_e0.2_L2_alibi_learn_attn_s0,L1H3,swap4,16,-0.021501021931861874,0.2515996098518371
E2b_h0.01_e0.2_L2_alibi_learn_attn_s0,L1H3,swap4,32,0.07032304411968493,0.2515996098518371
E2b_h0.01_e0.2_L2_alibi_learn_attn_s0,L1H3,swap4,64,0.3477614960546749,0.2515996098518371
E2b_h0.01_e0.2_L2_alibi_learn_attn_s0,L1H3,swap4,128,6.418802496071608,0.2515996098518371
E2b_h0.01_e0.2_L2_alibi_learn_attn_s1,L1H0,sp4,2,3.444149615498014,0.1210021302103996
E2b_h0.01_e0.2_L2_alibi_learn_attn_s1,L1H0,sp4,4,4.265778891512639,0.1210021302103996
E2b_h0.01_e0.2_L2_alibi_learn_attn_s1,L1H0,sp4,8,3.7842150928278615,0.1210021302103996
E2b_h0.01_e0.2_L2_alibi_learn_attn_s1,L1H0,sp4,16,4.05279828799314,0.1210021302103996
E2b_h0.01_e0.2_L2_alibi_learn_attn_s1,L1H0,sp4,32,5.450379372714882,0.1210021302103996
E2b_h0.01_e0.2_L2_alibi_learn_attn_s1,L1H0,sp4,64,3.8980012333832206,0.1210021302103996
E2b_h0.01_e0.2_L2_alibi_learn_attn_s1,L1H0,sp4,128,2.61822756944553,0.1210021302103996
E2b_h0.01_e0.2_L2_alibi_learn_attn_s1,L1H0,swap4,2,-3.4000296082712804,0.1210021302103996
E2b_h0.01_e0.2_L2_alibi_learn_attn_s1,L1H0,swap4,4,-1.5590334951557703,0.1210021302103996
E2b_h0.01_e0.2_L2_alibi_learn_attn_s1,L1H0,swap4,8,-3.025177880990111,0.1210021302103996
E2b_h0.01_e0.2_L2_alibi_learn_attn_s1,L1H0,swap4,16,-2.687330271581583,0.1210021302103996
E2b_h0.01_e0.2_L2_alibi_learn_attn_s1,L1H0,swap4,32,-1.65156045509426,0.1210021302103996
E2b_h0.01_e0.2_L2_alibi_learn_attn_s1,L1H0,swap4,64,-1.9257900597859376,0.1210021302103996
E2b_h0.01_e0.2_L2_alibi_learn_attn_s1,L1H0,swap4,128,-1.6862071071795484,0.1210021302103996
E2b_h0.01_e0.2_L2_alibi_learn_attn_s1,L1H1,sp4,2,-0.8887384453314605,0.1677438914775848
E2b_h0.01_e0.2_L2_alibi_learn_attn_s1,L1H1,sp4,4,-1.9318448178467098,0.1677438914775848
E2b_h0.01_e0.2_L2_alibi_learn_attn_s1,L1H1,sp4,8,-0.9506710437520127,0.1677438914775848
E2b_h0.01_e0.2_L2_alibi_learn_attn_s1,L1H1,sp4,16,0.23403896882493092,0.1677438914775848
E2b_h0.01_e0.2_L2_alibi_learn_attn_s1,L1H1,sp4,32,-1.6287691861858313,0.1677438914775848
E2b_h0.01_e0.2_L2_alibi_learn_attn_s1,L1H1,sp4,64,-1.1202119593706845,0.1677438914775848
E2b_h0.01_e0.2_L2_alibi_learn_attn_s1,L1H1,sp4,128,-1.4065819043329402,0.1677438914775848
E2b_h0.01_e0.2_L2_alibi_learn_attn_s1,L1H1,swap4,2,0.13207494333841363,0.1677438914775848
E2b_h0.01_e0.2_L2_alibi_learn_attn_s1,L1H1,swap4,4,-1.9267669249293298,0.1677438914775848
E2b_h0.01_e0.2_L2_alibi_learn_attn_s1,L1H1,swap4,8,-0.6484617028416237,0.1677438914775848
E2b_h0.01_e0.2_L2_alibi_learn_attn_s1,L1H1,swap4,16,1.2835049019947011,0.1677438914775848
E2b_h0.01_e0.2_L2_alibi_learn_attn_s1,L1H1,swap4,32,0.5024073211732483,0.1677438914775848
E2b_h0.01_e0.2_L2_alibi_learn_attn_s1,L1H1,swap4,64,0.22958759619843505,0.1677438914775848
E2b_h0.01_e0.2_L2_alibi_learn_attn_s1,L1H1,swap4,128,0.6545486976470691,0.1677438914775848
E2b_h0.01_e0.2_L2_alibi_learn_attn_s1,L1H2,sp4,2,-0.9103251205568141,0.6702084541320801
E2b_h0.01_e0.2_L2_alibi_learn_attn_s1,L1H2,sp4,4,-0.7268954067131128,0.6702084541320801
E2b_h0.01_e0.2_L2_alibi_learn_attn_s1,L1H2,sp4,8,-0.4043807204870875,0.6702084541320801
E2b_h0.01_e0.2_L2_alibi_learn_attn_s1,L1H2,sp4,16,-0.4116699211657906,0.6702084541320801
E2b_h0.01_e0.2_L2_alibi_learn_attn_s1,L1H2,sp4,32,1.1582227296596717,0.6702084541320801
E2b_h0.01_e0.2_L2_alibi_learn_attn_s1,L1H2,sp4,64,19.316540609544965,0.6702084541320801
E2b_h0.01_e0.2_L2_alibi_learn_attn_s1,L1H2,sp4,128,62.20988164537401,0.6702084541320801
E2b_h0.01_e0.2_L2_alibi_learn_attn_s1,L1H2,swap4,2,-1.1605339966527062,0.6702084541320801
E2b_h0.01_e0.2_L2_alibi_learn_attn_s1,L1H2,swap4,4,-0.9771347021046206,0.6702084541320801
E2b_h0.01_e0.2_L2_alibi_learn_attn_s1,L1H2,swap4,8,-0.5531583729394711,0.6702084541320801
E2b_h0.01_e0.2_L2_alibi_learn_attn_s1,L1H2,swap4,16,-0.33300780367445526,0.6702084541320801
E2b_h0.01_e0.2_L2_alibi_learn_attn_s1,L1H2,swap4,32,1.0463746474147246,0.6702084541320801
E2b_h0.01_e0.2_L2_alibi_learn_attn_s1,L1H2,swap4,64,19.316540580811132,0.6702084541320801
E2b_h0.01_e0.2_L2_alibi_learn_attn_s1,L1H2,swap4,128,62.20988165151492,0.6702084541320801
E2b_h0.01_e0.2_L2_alibi_learn_attn_s1,L1H3,sp4,2,0.11620837306585968,0.0997180864214897
E2b_h0.01_e0.2_L2_alibi_learn_attn_s1,L1H3,sp4,4,0.10820275073534735,0.0997180864214897
E2b_h0.01_e0.2_L2_alibi_learn_attn_s1,L1H3,sp4,8,0.1635413707431117,0.0997180864214897
E2b_h0.01_e0.2_L2_alibi_learn_attn_s1,L1H3,sp4,16,0.1437107295825295,0.0997180864214897
E2b_h0.01_e0.2_L2_alibi_learn_attn_s1,L1H3,sp4,32,0.04549435813251268,0.0997180864214897
E2b_h0.01_e0.2_L2_alibi_learn_attn_s1,L1H3,sp4,64,-0.018162860431813144,0.0997180864214897
E2b_h0.01_e0.2_L2_alibi_learn_attn_s1,L1H3,sp4,128,0.00042403133646917723,0.0997180864214897
E2b_h0.01_e0.2_L2_alibi_learn_attn_s1,L1H3,swap4,2,-0.09931992558031061,0.0997180864214897
E2b_h0.01_e0.2_L2_alibi_learn_attn_s1,L1H3,swap4,4,-0.14896139755922727,0.0997180864214897
E2b_h0.01_e0.2_L2_alibi_learn_attn_s1,L1H3,swap4,8,-0.02332818114683466,0.0997180864214897
E2b_h0.01_e0.2_L2_alibi_learn_attn_s1,L1H3,swap4,16,-0.01748815720742014,0.0997180864214897
E2b_h0.01_e0.2_L2_alibi_learn_attn_s1,L1H3,swap4,32,-0.06538935327326834,0.0997180864214897
E2b_h0.01_e0.2_L2_alibi_learn_attn_s1,L1H3,swap4,64,-0.11682456156949694,0.0997180864214897
E2b_h0.01_e0.2_L2_alibi_learn_attn_s1,L1H3,swap4,128,-0.06415900106385664,0.0997180864214897
E2b_h0.01_e0.2_L2_alibi_learn_attn_s2,L1H0,sp4,2,5.848749605412678,0.1803368628025055
E2b_h0.01_e0.2_L2_alibi_learn_attn_s2,L1H0,sp4,4,-1.3732583325397019,0.1803368628025055
E2b_h0.01_e0.2_L2_alibi_learn_attn_s2,L1H0,sp4,8,5.863427136216174,0.1803368628025055
E2b_h0.01_e0.2_L2_alibi_learn_attn_s2,L1H0,sp4,16,5.365679945110996,0.1803368628025055
E2b_h0.01_e0.2_L2_alibi_learn_attn_s2,L1H0,sp4,32,3.0667379856899863,0.1803368628025055
E2b_h0.01_e0.2_L2_alibi_learn_attn_s2,L1H0,sp4,64,7.777050936330452,0.1803368628025055
E2b_h0.01_e0.2_L2_alibi_learn_attn_s2,L1H0,sp4,128,6.4978010417123055,0.1803368628025055
E2b_h0.01_e0.2_L2_alibi_learn_attn_s2,L1H0,swap4,2,1.6021476311036313,0.1803368628025055
E2b_h0.01_e0.2_L2_alibi_learn_attn_s2,L1H0,swap4,4,-0.4918411126829203,0.1803368628025055
E2b_h0.01_e0.2_L2_alibi_learn_attn_s2,L1H0,swap4,8,1.7769079804833168,0.1803368628025055
E2b_h0.01_e0.2_L2_alibi_learn_attn_s2,L1H0,swap4,16,-3.2923626092288543,0.1803368628025055
E2b_h0.01_e0.2_L2_alibi_learn_attn_s2,L1H0,swap4,32,-4.554386490639725,0.1803368628025055
E2b_h0.01_e0.2_L2_alibi_learn_attn_s2,L1H0,swap4,64,3.2981282448381117,0.1803368628025055
E2b_h0.01_e0.2_L2_alibi_learn_attn_s2,L1H0,swap4,128,2.8170749234340278,0.1803368628025055
E2b_h0.01_e0.2_L2_alibi_learn_attn_s2,L1H1,sp4,2,-2.0284443492964646,0.1738463342189788
E2b_h0.01_e0.2_L2_alibi_learn_attn_s2,L1H1,sp4,4,4.672981939585418,0.1738463342189788
E2b_h0.01_e0.2_L2_alibi_learn_attn_s2,L1H1,sp4,8,-2.3596913307884715,0.1738463342189788
E2b_h0.01_e0.2_L2_alibi_learn_attn_s2,L1H1,sp4,16,-1.769280673360095,0.1738463342189788
E2b_h0.01_e0.2_L2_alibi_learn_attn_s2,L1H1,sp4,32,2.415676658305779,0.1738463342189788
E2b_h0.01_e0.2_L2_alibi_learn_attn_s2,L1H1,sp4,64,-4.157343443638636,0.1738463342189788
E2b_h0.01_e0.2_L2_alibi_learn_attn_s2,L1H1,sp4,128,-2.1174381742471517,0.1738463342189788
E2b_h0.01_e0.2_L2_alibi_learn_attn_s2,L1H1,swap4,2,-3.2508587231259143,0.1738463342189788
E2b_h0.01_e0.2_L2_alibi_learn_attn_s2,L1H1,swap4,4,-1.7525922375297545,0.1738463342189788
E2b_h0.01_e0.2_L2_alibi_learn_attn_s2,L1H1,swap4,8,-4.033750023111214,0.1738463342189788
E2b_h0.01_e0.2_L2_alibi_learn_attn_s2,L1H1,swap4,16,1.97916682493854,0.1738463342189788
E2b_h0.01_e0.2_L2_alibi_learn_attn_s2,L1H1,swap4,32,1.2418411691057296,0.1738463342189788
E2b_h0.01_e0.2_L2_alibi_learn_attn_s2,L1H1,swap4,64,-5.097050255752715,0.1738463342189788
E2b_h0.01_e0.2_L2_alibi_learn_attn_s2,L1H1,swap4,128,-2.3426336418975477,0.1738463342189788
E2b_h0.01_e0.2_L2_alibi_learn_attn_s2,L1H2,sp4,2,-0.6022115693372061,0.7568906545639038
E2b_h0.01_e0.2_L2_alibi_learn_attn_s2,L1H2,sp4,4,-0.4714164631189126,0.7568906545639038
E2b_h0.01_e0.2_L2_alibi_learn_attn_s2,L1H2,sp4,8,-0.4276480170611787,0.7568906545639038
E2b_h0.01_e0.2_L2_alibi_learn_attn_s2,L1H2,sp4,16,-0.01662288842985138,0.7568906545639038
E2b_h0.01_e0.2_L2_alibi_learn_attn_s2,L1H2,sp4,32,2.7015845340749305,0.7568906545639038
E2b_h0.01_e0.2_L2_alibi_learn_attn_s2,L1H2,sp4,64,25.374916462834165,0.7568906545639038
E2b_h0.01_e0.2_L2_alibi_learn_attn_s2,L1H2,sp4,128,73.81591837240182,0.7568906545639038
E2b_h0.01_e0.2_L2_alibi_learn_attn_s2,L1H2,swap4,2,-0.8855968455406975,0.7568906545639038
E2b_h0.01_e0.2_L2_alibi_learn_attn_s2,L1H2,swap4,4,-0.7247963615631787,0.7568906545639038
E2b_h0.01_e0.2_L2_alibi_learn_attn_s2,L1H2,swap4,8,-0.5051502257094187,0.7568906545639038
E2b_h0.01_e0.2_L2_alibi_learn_attn_s2,L1H2,swap4,16,-0.04369319907841973,0.7568906545639038
E2b_h0.01_e0.2_L2_alibi_learn_attn_s2,L1H2,swap4,32,2.6978847618844988,0.7568906545639038
E2b_h0.01_e0.2_L2_alibi_learn_attn_s2,L1H2,swap4,64,25.374916477949704,0.7568906545639038
E2b_h0.01_e0.2_L2_alibi_learn_attn_s2,L1H2,swap4,128,73.81591837927033,0.7568906545639038
E2b_h0.01_e0.2_L2_alibi_learn_attn_s2,L1H3,sp4,2,-0.012364025888986552,0.2355105876922607
E2b_h0.01_e0.2_L2_alibi_learn_attn_s2,L1H3,sp4,4,-0.005832763736762003,0.2355105876922607
E2b_h0.01_e0.2_L2_alibi_learn_attn_s2,L1H3,sp4,8,-0.018435515777277978,0.2355105876922607
E2b_h0.01_e0.2_L2_alibi_learn_attn_s2,L1H3,sp4,16,0.04487622298770244,0.2355105876922607
E2b_h0.01_e0.2_L2_alibi_learn_attn_s2,L1H3,sp4,32,0.053429548651559244,0.2355105876922607
E2b_h0.01_e0.2_L2_alibi_learn_attn_s2,L1H3,sp4,64,0.17874456834013053,0.2355105876922607
E2b_h0.01_e0.2_L2_alibi_learn_attn_s2,L1H3,sp4,128,4.273884097367246,0.2355105876922607
E2b_h0.01_e0.2_L2_alibi_learn_attn_s2,L1H3,swap4,2,-0.10324629451144329,0.2355105876922607
E2b_h0.01_e0.2_L2_alibi_learn_attn_s2,L1H3,swap4,4,-0.1066693298722422,0.2355105876922607
E2b_h0.01_e0.2_L2_alibi_learn_attn_s2,L1H3,swap4,8,-0.10253782036369019,0.2355105876922607
E2b_h0.01_e0.2_L2_alibi_learn_attn_s2,L1H3,swap4,16,-0.0264165341110556,0.2355105876922607
E2b_h0.01_e0.2_L2_alibi_learn_attn_s2,L1H3,swap4,32,-0.002913479177596656,0.2355105876922607
E2b_h0.01_e0.2_L2_alibi_learn_attn_s2,L1H3,swap4,64,0.08043984758364875,0.2355105876922607
E2b_h0.01_e0.2_L2_alibi_learn_attn_s2,L1H3,swap4,128,4.304448922142928,0.2355105876922607
E2b_h0.01_e0.3_L2_alibi_learn_attn_s0,L1H0,sp4,2,-4.907819122044206,0.1780136376619339
E2b_h0.01_e0.3_L2_alibi_learn_attn_s0,L1H0,sp4,4,5.641240931409407,0.1780136376619339
E2b_h0.01_e0.3_L2_alibi_learn_attn_s0,L1H0,sp4,8,-3.1612024466902957,0.1780136376619339
E2b_h0.01_e0.3_L2_alibi_learn_attn_s0,L1H0,sp4,16,-3.737452508905714,0.1780136376619339
E2b_h0.01_e0.3_L2_alibi_learn_attn_s0,L1H0,sp4,32,-3.577983526200956,0.1780136376619339
E2b_h0.01_e0.3_L2_alibi_learn_attn_s0,L1H0,sp4,64,2.1076179645909714,0.1780136376619339
E2b_h0.01_e0.3_L2_alibi_learn_attn_s0,L1H0,sp4,128,8.916703168311034,0.1780136376619339
E2b_h0.01_e0.3_L2_alibi_learn_attn_s0,L1H0,swap4,2,2.599974770575442,0.1780136376619339
E2b_h0.01_e0.3_L2_alibi_learn_attn_s0,L1H0,swap4,4,3.115780422010723,0.1780136376619339
E2b_h0.01_e0.3_L2_alibi_learn_attn_s0,L1H0,swap4,8,-3.5894445270774806,0.1780136376619339
E2b_h0.01_e0.3_L2_alibi_learn_attn_s0,L1H0,swap4,16,-4.888619063540839,0.1780136376619339
E2b_h0.01_e0.3_L2_alibi_learn_attn_s0,L1H0,swap4,32,3.0543917815832637,0.1780136376619339
E2b_h0.01_e0.3_L2_alibi_learn_attn_s0,L1H0,swap4,64,4.877647639817232,0.1780136376619339
E2b_h0.01_e0.3_L2_alibi_learn_attn_s0,L1H0,swap4,128,7.3011966400228685,0.1780136376619339
E2b_h0.01_e0.3_L2_alibi_learn_attn_s0,L1H1,sp4,2,5.196306007780526,0.1754934042692184
E2b_h0.01_e0.3_L2_alibi_learn_attn_s0,L1H1,sp4,4,-4.353325094317485,0.1754934042692184
E2b_h0.01_e0.3_L2_alibi_learn_attn_s0,L1H1,sp4,8,4.415021017495761,0.1754934042692184
E2b_h0.01_e0.3_L2_alibi_learn_attn_s0,L1H1,sp4,16,6.47828533610862,0.1754934042692184
E2b_h0.01_e0.3_L2_alibi_learn_attn_s0,L1H1,sp4,32,6.789068590704001,0.1754934042692184
E2b_h0.01_e0.3_L2_alibi_learn_attn_s0,L1H1,sp4,64,3.3056276059870564,0.1754934042692184
E2b_h0.01_e0.3_L2_alibi_learn_attn_s0,L1H1,sp4,128,-1.272828548402467,0.1754934042692184
E2b_h0.01_e0.3_L2_alibi_learn_attn_s0,L1H1,swap4,2,-4.551661328156496,0.1754934042692184
E2b_h0.01_e0.3_L2_alibi_learn_attn_s0,L1H1,swap4,4,-6.084526838037634,0.1754934042692184
E2b_h0.01_e0.3_L2_alibi_learn_attn_s0,L1H1,swap4,8,1.355449080591169,0.1754934042692184
E2b_h0.01_e0.3_L2_alibi_learn_attn_s0,L1H1,swap4,16,4.855816948307884,0.1754934042692184
E2b_h0.01_e0.3_L2_alibi_learn_attn_s0,L1H1,swap4,32,-3.116537072377899,0.1754934042692184
E2b_h0.01_e0.3_L2_alibi_learn_attn_s0,L1H1,swap4,64,-3.701019417188035,0.1754934042692184
E2b_h0.01_e0.3_L2_alibi_learn_attn_s0,L1H1,swap4,128,-2.4397394557942107,0.1754934042692184
E2b_h0.01_e0.3_L2_alibi_learn_attn_s0,L1H2,sp4,2,-0.3766849953231799,0.6999379992485046
E2b_h0.01_e0.3_L2_alibi_learn_attn_s0,L1H2,sp4,4,-0.19556297436048098,0.6999379992485046
E2b_h0.01_e0.3_L2_alibi_learn_attn_s0,L1H2,sp4,8,-0.05580687533025808,0.6999379992485046
E2b_h0.01_e0.3_L2_alibi_learn_attn_s0,L1H2,sp4,16,0.10918202039341995,0.6999379992485046
E2b_h0.01_e0.3_L2_alibi_learn_attn_s0,L1H2,sp4,32,1.2118733325358768,0.6999379992485046
E2b_h0.01_e0.3_L2_alibi_learn_attn_s0,L1H2,sp4,64,21.39404980812308,0.6999379992485046
E2b_h0.01_e0.3_L2_alibi_learn_attn_s0,L1H2,sp4,128,66.19008176941477,0.6999379992485046
E2b_h0.01_e0.3_L2_alibi_learn_attn_s0,L1H2,swap4,2,-0.6932036884276993,0.6999379992485046
E2b_h0.01_e0.3_L2_alibi_learn_attn_s0,L1H2,swap4,4,-0.552221327549824,0.6999379992485046
E2b_h0.01_e0.3_L2_alibi_learn_attn_s0,L1H2,swap4,8,-0.45985780327732284,0.6999379992485046
E2b_h0.01_e0.3_L2_alibi_learn_attn_s0,L1H2,swap4,16,-0.12564314356451511,0.6999379992485046
E2b_h0.01_e0.3_L2_alibi_learn_attn_s0,L1H2,swap4,32,1.0504320641599154,0.6999379992485046
E2b_h0.01_e0.3_L2_alibi_learn_attn_s0,L1H2,swap4,64,21.394049821814818,0.6999379992485046
E2b_h0.01_e0.3_L2_alibi_learn_attn_s0,L1H2,swap4,128,66.19008177103004,0.6999379992485046
E2b_h0.01_e0.3_L2_alibi_learn_attn_s0,L1H3,sp4,2,-0.00025571628145582004,0.2379334867000579
E2b_h0.01_e0.3_L2_alibi_learn_attn_s0,L1H3,sp4,4,0.022748699161166064,0.2379334867000579
E2b_h0.01_e0.3_L2_alibi_learn_attn_s0,L1H3,sp4,8,0.04580119780237435,0.2379334867000579
E2b_h0.01_e0.3_L2_alibi_learn_attn_s0,L1H3,sp4,16,0.03582201888525338,0.2379334867000579
E2b_h0.01_e0.3_L2_alibi_learn_attn_s0,L1H3,sp4,32,0.04568307559835372,0.2379334867000579
E2b_h0.01_e0.3_L2_alibi_learn_attn_s0,L1H3,sp4,64,0.16817915360680935,0.2379334867000579
E2b_h0.01_e0.3_L2_alibi_learn_attn_s0,L1H3,sp4,128,4.59675749296199,0.2379334867000579
E2b_h0.01_e0.3_L2_alibi_learn_attn_s0,L1H3,swap4,2,0.026765983502601398,0.2379334867000579
E2b_h0.01_e0.3_L2_alibi_learn_attn_s0,L1H3,swap4,4,0.030867295001005213,0.2379334867000579
E2b_h0.01_e0.3_L2_alibi_learn_attn_s0,L1H3,swap4,8,0.014478189302882694,0.2379334867000579
E2b_h0.01_e0.3_L2_alibi_learn_attn_s0,L1H3,swap4,16,0.022460198782861873,0.2379334867000579
E2b_h0.01_e0.3_L2_alibi_learn_attn_s0,L1H3,swap4,32,0.04733265934499986,0.2379334867000579
E2b_h0.01_e0.3_L2_alibi_learn_attn_s0,L1H3,swap4,64,0.15873521477269836,0.2379334867000579
E2b_h0.01_e0.3_L2_alibi_learn_attn_s0,L1H3,swap4,128,4.5726920664332,0.2379334867000579
E2b_h0.01_e0.3_L2_alibi_learn_attn_s1,L1H0,sp4,2,6.937440993102692,0.2059060335159301
E2b_h0.01_e0.3_L2_alibi_learn_attn_s1,L1H0,sp4,4,6.012812884819729,0.2059060335159301
E2b_h0.01_e0.3_L2_alibi_learn_attn_s1,L1H0,sp4,8,6.569561699288155,0.2059060335159301
E2b_h0.01_e0.3_L2_alibi_learn_attn_s1,L1H0,sp4,16,8.85834600683501,0.2059060335159301
E2b_h0.01_e0.3_L2_alibi_learn_attn_s1,L1H0,sp4,32,11.954011968351953,0.2059060335159301
E2b_h0.01_e0.3_L2_alibi_learn_attn_s1,L1H0,sp4,64,6.804512652306531,0.2059060335159301
E2b_h0.01_e0.3_L2_alibi_learn_attn_s1,L1H0,sp4,128,6.772155730325151,0.2059060335159301
E2b_h0.01_e0.3_L2_alibi_learn_attn_s1,L1H0,swap4,2,-6.806020408002455,0.2059060335159301
E2b_h0.01_e0.3_L2_alibi_learn_attn_s1,L1H0,swap4,4,-3.804195664997343,0.2059060335159301
E2b_h0.01_e0.3_L2_alibi_learn_attn_s1,L1H0,swap4,8,-5.486778468327472,0.2059060335159301
E2b_h0.01_e0.3_L2_alibi_learn_attn_s1,L1H0,swap4,16,-3.9276932091730385,0.2059060335159301
E2b_h0.01_e0.3_L2_alibi_learn_attn_s1,L1H0,swap4,32,-3.1809109096901365,0.2059060335159301
E2b_h0.01_e0.3_L2_alibi_learn_attn_s1,L1H0,swap4,64,-4.464770316978077,0.2059060335159301
E2b_h0.01_e0.3_L2_alibi_learn_attn_s1,L1H0,swap4,128,1.4717548900745125,0.2059060335159301
E2b_h0.01_e0.3_L2_alibi_learn_attn_s1,L1H1,sp4,2,-3.1375047653794406,0.2635353803634643
E2b_h0.01_e0.3_L2_alibi_learn_attn_s1,L1H1,sp4,4,-3.7975659369777413,0.2635353803634643
E2b_h0.01_e0.3_L2_alibi_learn_attn_s1,L1H1,sp4,8,-1.8826677565918,0.2635353803634643
E2b_h0.01_e0.3_L2_alibi_learn_attn_s1,L1H1,sp4,16,-3.1770640692024714,0.2635353803634643
E2b_h0.01_e0.3_L2_alibi_learn_attn_s1,L1H1,sp4,32,-3.864468238209154,0.2635353803634643
E2b_h0.01_e0.3_L2_alibi_learn_attn_s1,L1H1,sp4,64,-2.445739727300211,0.2635353803634643
E2b_h0.01_e0.3_L2_alibi_learn_attn_s1,L1H1,sp4,128,9.378551270965009,0.2635353803634643
E2b_h0.01_e0.3_L2_alibi_learn_attn_s1,L1H1,swap4,2,3.992328337552465,0.2635353803634643
E2b_h0.01_e0.3_L2_alibi_learn_attn_s1,L1H1,swap4,4,1.1053420651625196,0.2635353803634643
E2b_h0.01_e0.3_L2_alibi_learn_attn_s1,L1H1,swap4,8,4.095221239426713,0.2635353803634643
E2b_h0.01_e0.3_L2_alibi_learn_attn_s1,L1H1,swap4,16,3.23995445305483,0.2635353803634643
E2b_h0.01_e0.3_L2_alibi_learn_attn_s1,L1H1,swap4,32,3.5571232271434177,0.2635353803634643
E2b_h0.01_e0.3_L2_alibi_learn_attn_s1,L1H1,swap4,64,2.8101078935906934,0.2635353803634643
E2b_h0.01_e0.3_L2_alibi_learn_attn_s1,L1H1,swap4,128,9.378551344539492,0.2635353803634643
E2b_h0.01_e0.3_L2_alibi_learn_attn_s1,L1H2,sp4,2,-1.0515342773199658,0.6761890053749084
E2b_h0.01_e0.3_L2_alibi_learn_attn_s1,L1H2,sp4,4,-0.9031992064096672,0.6761890053749084
E2b_h0.01_e0.3_L2_alibi_learn_attn_s1,L1H2,sp4,8,-0.39763295756898387,0.6761890053749084
E2b_h0.01_e0.3_L2_alibi_learn_attn_s1,L1H2,sp4,16,-0.3605498079208731,0.6761890053749084
E2b_h0.01_e0.3_L2_alibi_learn_attn_s1,L1H2,sp4,32,1.330261863522825,0.6761890053749084
E2b_h0.01_e0.3_L2_alibi_learn_attn_s1,L1H2,sp4,64,19.734431977988635,0.6761890053749084
E2b_h0.01_e0.3_L2_alibi_learn_attn_s1,L1H2,sp4,128,63.01052830703159,0.6761890053749084
E2b_h0.01_e0.3_L2_alibi_learn_attn_s1,L1H2,swap4,2,-1.3943868235596288,0.6761890053749084
E2b_h0.01_e0.3_L2_alibi_learn_attn_s1,L1H2,swap4,4,-1.1802258737846176,0.6761890053749084
E2b_h0.01_e0.3_L2_alibi_learn_attn_s1,L1H2,swap4,8,-0.6564826205862313,0.6761890053749084
E2b_h0.01_e0.3_L2_alibi_learn_attn_s1,L1H2,swap4,16,-0.6206164230654565,0.6761890053749084
E2b_h0.01_e0.3_L2_alibi_learn_attn_s1,L1H2,swap4,32,1.0668365974738414,0.6761890053749084
E2b_h0.01_e0.3_L2_alibi_learn_attn_s1,L1H2,swap4,64,19.734431985223218,0.6761890053749084
E2b_h0.01_e0.3_L2_alibi_learn_attn_s1,L1H2,swap4,128,63.01052831948803,0.6761890053749084
E2b_h0.01_e0.3_L2_alibi_learn_attn_s1,L1H3,sp4,2,0.07040348595533097,0.1349198073148727
E2b_h0.01_e0.3_L2_alibi_learn_attn_s1,L1H3,sp4,4,0.08698563197011638,0.1349198073148727
E2b_h0.01_e0.3_L2_alibi_learn_attn_s1,L1H3,sp4,8,0.11149818690740165,0.1349198073148727
E2b_h0.01_e0.3_L2_alibi_learn_attn_s1,L1H3,sp4,16,0.12246865408566054,0.1349198073148727
E2b_h0.01_e0.3_L2_alibi_learn_attn_s1,L1H3,sp4,32,0.07458410308131791,0.1349198073148727
E2b_h0.01_e0.3_L2_alibi_learn_attn_s1,L1H3,sp4,64,-0.012325043141361292,0.1349198073148727
E2b_h0.01_e0.3_L2_alibi_learn_attn_s1,L1H3,sp4,128,0.1876729413568725,0.1349198073148727
E2b_h0.01_e0.3_L2_alibi_learn_attn_s1,L1H3,swap4,2,0.02519151419587118,0.1349198073148727
E2b_h0.01_e0.3_L2_alibi_learn_attn_s1,L1H3,swap4,4,0.04534202615013094,0.1349198073148727
E2b_h0.01_e0.3_L2_alibi_learn_attn_s1,L1H3,swap4,8,0.07938044105618469,0.1349198073148727
E2b_h0.01_e0.3_L2_alibi_learn_attn_s1,L1H3,swap4,16,0.06574765250312509,0.1349198073148727
E2b_h0.01_e0.3_L2_alibi_learn_attn_s1,L1H3,swap4,32,0.040179164790409505,0.1349198073148727
E2b_h0.01_e0.3_L2_alibi_learn_attn_s1,L1H3,swap4,64,0.027461784697231373,0.1349198073148727
E2b_h0.01_e0.3_L2_alibi_learn_attn_s1,L1H3,swap4,128,0.14378588669506165,0.1349198073148727
E2b_h0.01_e0.3_L2_alibi_learn_attn_s2,L1H0,sp4,2,6.716247384534536,0.1932668983936309
E2b_h0.01_e0.3_L2_alibi_learn_attn_s2,L1H0,sp4,4,5.172650604769796,0.1932668983936309
E2b_h0.01_e0.3_L2_alibi_learn_attn_s2,L1H0,sp4,8,7.502896977964038,0.1932668983936309
E2b_h0.01_e0.3_L2_alibi_learn_attn_s2,L1H0,sp4,16,6.281222412003503,0.1932668983936309
E2b_h0.01_e0.3_L2_alibi_learn_attn_s2,L1H0,sp4,32,-3.2272476706468196,0.1932668983936309
E2b_h0.01_e0.3_L2_alibi_learn_attn_s2,L1H0,sp4,64,9.06493490398378,0.1932668983936309
E2b_h0.01_e0.3_L2_alibi_learn_attn_s2,L1H0,sp4,128,7.627630002927525,0.1932668983936309
E2b_h0.01_e0.3_L2_alibi_learn_attn_s2,L1H0,swap4,2,2.9641379929384897,0.1932668983936309
E2b_h0.01_e0.3_L2_alibi_learn_attn_s2,L1H0,swap4,4,-4.896149043196477,0.1932668983936309
E2b_h0.01_e0.3_L2_alibi_learn_attn_s2,L1H0,swap4,8,5.798377174648837,0.1932668983936309
E2b_h0.01_e0.3_L2_alibi_learn_attn_s2,L1H0,swap4,16,-5.845895748252508,0.1932668983936309
E2b_h0.01_e0.3_L2_alibi_learn_attn_s2,L1H0,swap4,32,-7.177716227623931,0.1932668983936309
E2b_h0.01_e0.3_L2_alibi_learn_attn_s2,L1H0,swap4,64,8.379706460690393,0.1932668983936309
E2b_h0.01_e0.3_L2_alibi_learn_attn_s2,L1H0,swap4,128,4.280421783891056,0.1932668983936309
E2b_h0.01_e0.3_L2_alibi_learn_attn_s2,L1H1,sp4,2,-4.359513549033814,0.2256529331207275
E2b_h0.01_e0.3_L2_alibi_learn_attn_s2,L1H1,sp4,4,-3.3563080464679937,0.2256529331207275
E2b_h0.01_e0.3_L2_alibi_learn_attn_s2,L1H1,sp4,8,-7.646987289882922,0.2256529331207275
E2b_h0.01_e0.3_L2_alibi_learn_attn_s2,L1H1,sp4,16,-3.411362015667887,0.2256529331207275
E2b_h0.01_e0.3_L2_alibi_learn_attn_s2,L1H1,sp4,32,7.62492736343383,0.2256529331207275
E2b_h0.01_e0.3_L2_alibi_learn_attn_s2,L1H1,sp4,64,-4.944903624162073,0.2256529331207275
E2b_h0.01_e0.3_L2_alibi_learn_attn_s2,L1H1,sp4,128,4.331475755336939,0.2256529331207275
E2b_h0.01_e0.3_L2_alibi_learn_attn_s2,L1H1,swap4,2,-5.479683609590895,0.2256529331207275
E2b_h0.01_e0.3_L2_alibi_learn_attn_s2,L1H1,swap4,4,2.4119032962265194,0.2256529331207275
E2b_h0.01_e0.3_L2_alibi_learn_attn_s2,L1H1,swap4,8,-9.091381332229357,0.2256529331207275
E2b_h0.01_e0.3_L2_alibi_learn_attn_s2,L1H1,swap4,16,3.91041633867873,0.2256529331207275
E2b_h0.01_e0.3_L2_alibi_learn_attn_s2,L1H1,swap4,32,5.018799876119829,0.2256529331207275
E2b_h0.01_e0.3_L2_alibi_learn_attn_s2,L1H1,swap4,64,-4.723728795373406,0.2256529331207275
E2b_h0.01_e0.3_L2_alibi_learn_attn_s2,L1H1,swap4,128,4.453027467129246,0.2256529331207275
E2b_h0.01_e0.3_L2_alibi_learn_attn_s2,L1H2,sp4,2,-0.923437469959838,0.7392169833183289
E2b_h0.01_e0.3_L2_alibi_learn_attn_s2,L1H2,sp4,4,-0.9200721101646399,0.7392169833183289
E2b_h0.01_e0.3_L2_alibi_learn_attn_s2,L1H2,sp4,8,-0.5313517099718763,0.7392169833183289
E2b_h0.01_e0.3_L2_alibi_learn_attn_s2,L1H2,sp4,16,-0.25266354406237834,0.7392169833183289
E2b_h0.01_e0.3_L2_alibi_learn_attn_s2,L1H2,sp4,32,2.3750872010601647,0.7392169833183289
E2b_h0.01_e0.3_L2_alibi_learn_attn_s2,L1H2,sp4,64,24.139435234153645,0.7392169833183289
E2b_h0.01_e0.3_L2_alibi_learn_attn_s2,L1H2,sp4,128,71.44932215530484,0.7392169833183289
E2b_h0.01_e0.3_L2_alibi_learn_attn_s2,L1H2,swap4,2,-1.2179876180812106,0.7392169833183289
E2b_h0.01_e0.3_L2_alibi_learn_attn_s2,L1H2,swap4,4,-1.0971760869147422,0.7392169833183289
E2b_h0.01_e0.3_L2_alibi_learn_attn_s2,L1H2,swap4,8,-0.6508444714244166,0.7392169833183289
E2b_h0.01_e0.3_L2_alibi_learn_attn_s2,L1H2,swap4,16,-0.19236950480268877,0.7392169833183289
E2b_h0.01_e0.3_L2_alibi_learn_attn_s2,L1H2,swap4,32,2.3768643782962755,0.7392169833183289
E2b_h0.01_e0.3_L2_alibi_learn_attn_s2,L1H2,swap4,64,24.13943526812236,0.7392169833183289
E2b_h0.01_e0.3_L2_alibi_learn_attn_s2,L1H2,swap4,128,71.44932214913483,0.7392169833183289
E2b_h0.01_e0.3_L2_alibi_learn_attn_s2,L1H3,sp4,2,0.056275129668372115,0.3074531257152557
E2b_h0.01_e0.3_L2_alibi_learn_attn_s2,L1H3,sp4,4,0.057063527505974765,0.3074531257152557
E2b_h0.01_e0.3_L2_alibi_learn_attn_s2,L1H3,sp4,8,0.08656989553306382,0.3074531257152557
E2b_h0.01_e0.3_L2_alibi_learn_attn_s2,L1H3,sp4,16,0.1552967506069769,0.3074531257152557
E2b_h0.01_e0.3_L2_alibi_learn_attn_s2,L1H3,sp4,32,0.2899326734519825,0.3074531257152557
E2b_h0.01_e0.3_L2_alibi_learn_attn_s2,L1H3,sp4,64,0.8601622110979648,0.3074531257152557
E2b_h0.01_e0.3_L2_alibi_learn_attn_s2,L1H3,sp4,128,14.016623839216617,0.3074531257152557
E2b_h0.01_e0.3_L2_alibi_learn_attn_s2,L1H3,swap4,2,-0.05610947290375823,0.3074531257152557
E2b_h0.01_e0.3_L2_alibi_learn_attn_s2,L1H3,swap4,4,-0.05780613794355771,0.3074531257152557
E2b_h0.01_e0.3_L2_alibi_learn_attn_s2,L1H3,swap4,8,-0.0060150120025996845,0.3074531257152557
E2b_h0.01_e0.3_L2_alibi_learn_attn_s2,L1H3,swap4,16,0.07963651791419313,0.3074531257152557
E2b_h0.01_e0.3_L2_alibi_learn_attn_s2,L1H3,swap4,32,0.23159363625165863,0.3074531257152557
E2b_h0.01_e0.3_L2_alibi_learn_attn_s2,L1H3,swap4,64,0.7925593715310821,0.3074531257152557
E2b_h0.01_e0.3_L2_alibi_learn_attn_s2,L1H3,swap4,128,13.989514785885696,0.3074531257152557
E2b_h0.03_e0.05_L2_alibi_learn_attn_s0,L1H0,sp4,2,0.3442080133389215,0.256357878446579
E2b_h0.03_e0.05_L2_alibi_learn_attn_s0,L1H0,sp4,4,1.3260220651203531,0.256357878446579
E2b_h0.03_e0.05_L2_alibi_learn_attn_s0,L1H0,sp4,8,-0.6475173707076767,0.256357878446579
E2b_h0.03_e0.05_L2_alibi_learn_attn_s0,L1H0,sp4,16,0.09703703131753905,0.256357878446579
E2b_h0.03_e0.05_L2_alibi_learn_attn_s0,L1H0,sp4,32,1.5997109045342541,0.256357878446579
E2b_h0.03_e0.05_L2_alibi_learn_attn_s0,L1H0,sp4,64,1.0278797919912925,0.256357878446579
E2b_h0.03_e0.05_L2_alibi_learn_attn_s0,L1H0,sp4,128,7.186929321679935,0.256357878446579
E2b_h0.03_e0.05_L2_alibi_learn_attn_s0,L1H0,swap4,2,-1.2839039416227243,0.256357878446579
E2b_h0.03_e0.05_L2_alibi_learn_attn_s0,L1H0,swap4,4,-0.7763891266083628,0.256357878446579
E2b_h0.03_e0.05_L2_alibi_learn_attn_s0,L1H0,swap4,8,-1.085080501346005,0.256357878446579
E2b_h0.03_e0.05_L2_alibi_learn_attn_s0,L1H0,swap4,16,-0.27653646733042936,0.256357878446579
E2b_h0.03_e0.05_L2_alibi_learn_attn_s0,L1H0,swap4,32,0.24570593868021273,0.256357878446579
E2b_h0.03_e0.05_L2_alibi_learn_attn_s0,L1H0,swap4,64,0.3914507831565146,0.256357878446579
E2b_h0.03_e0.05_L2_alibi_learn_attn_s0,L1H0,swap4,128,7.187053022438379,0.256357878446579
E2b_h0.03_e0.05_L2_alibi_learn_attn_s0,L1H1,sp4,2,1.045714500455561,0.315976083278656
E2b_h0.03_e0.05_L2_alibi_learn_attn_s0,L1H1,sp4,4,-0.28467782129329344,0.315976083278656
E2b_h0.03_e0.05_L2_alibi_learn_attn_s0,L1H1,sp4,8,1.9884135217624153,0.315976083278656
E2b_h0.03_e0.05_L2_alibi_learn_attn_s0,L1H1,sp4,16,0.6773323154805353,0.315976083278656
E2b_h0.03_e0.05_L2_alibi_learn_attn_s0,L1H1,sp4,32,-0.4101592476156135,0.315976083278656
E2b_h0.03_e0.05_L2_alibi_learn_attn_s0,L1H1,sp4,64,-0.3353532069536005,0.315976083278656
E2b_h0.03_e0.05_L2_alibi_learn_attn_s0,L1H1,sp4,128,15.318951585061175,0.315976083278656
E2b_h0.03_e0.05_L2_alibi_learn_attn_s0,L1H1,swap4,2,-1.0616117122692152,0.315976083278656
E2b_h0.03_e0.05_L2_alibi_learn_attn_s0,L1H1,swap4,4,-0.9823505705673701,0.315976083278656
E2b_h0.03_e0.05_L2_alibi_learn_attn_s0,L1H1,swap4,8,-0.18843445631841593,0.315976083278656
E2b_h0.03_e0.05_L2_alibi_learn_attn_s0,L1H1,swap4,16,-0.26127928231299746,0.315976083278656
E2b_h0.03_e0.05_L2_alibi_learn_attn_s0,L1H1,swap4,32,-0.2942882733346952,0.315976083278656
E2b_h0.03_e0.05_L2_alibi_learn_attn_s0,L1H1,swap4,64,-0.5070478005999259,0.315976083278656
E2b_h0.03_e0.05_L2_alibi_learn_attn_s0,L1H1,swap4,128,14.841704688680597,0.315976083278656
E2b_h0.03_e0.05_L2_alibi_learn_attn_s0,L1H2,sp4,2,-0.961054067937565,0.5550057888031006
E2b_h0.03_e0.05_L2_alibi_learn_attn_s0,L1H2,sp4,4,-0.6890172981098792,0.5550057888031006
E2b_h0.03_e0.05_L2_alibi_learn_attn_s0,L1H2,sp4,8,-0.685946789567454,0.5550057888031006
E2b_h0.03_e0.05_L2_alibi_learn_attn_s0,L1H2,sp4,16,-0.4347273262921245,0.5550057888031006
E2b_h0.03_e0.05_L2_alibi_learn_attn_s0,L1H2,sp4,32,-0.18760095191871606,0.5550057888031006
E2b_h0.03_e0.05_L2_alibi_learn_attn_s0,L1H2,sp4,64,11.27052001392428,0.5550057888031006
E2b_h0.03_e0.05_L2_alibi_learn_attn_s0,L1H2,sp4,128,46.79079005021065,0.5550057888031006
E2b_h0.03_e0.05_L2_alibi_learn_attn_s0,L1H2,swap4,2,-0.8807772878348672,0.5550057888031006
E2b_h0.03_e0.05_L2_alibi_learn_attn_s0,L1H2,swap4,4,-0.5875411821058751,0.5550057888031006
E2b_h0.03_e0.05_L2_alibi_learn_attn_s0,L1H2,swap4,8,-0.5208485976913106,0.5550057888031006
E2b_h0.03_e0.05_L2_alibi_learn_attn_s0,L1H2,swap4,16,-0.20916605525149912,0.5550057888031006
E2b_h0.03_e0.05_L2_alibi_learn_attn_s0,L1H2,swap4,32,-0.009134986630348507,0.5550057888031006
E2b_h0.03_e0.05_L2_alibi_learn_attn_s0,L1H2,swap4,64,11.270552131351682,0.5550057888031006
E2b_h0.03_e0.05_L2_alibi_learn_attn_s0,L1H2,swap4,128,46.79076489292916,0.5550057888031006
E2b_h0.03_e0.05_L2_alibi_learn_attn_s0,L1H3,sp4,2,-0.2625904276505755,0.341546356678009
E2b_h0.03_e0.05_L2_alibi_learn_attn_s0,L1H3,sp4,4,-0.20746792493481603,0.341546356678009
E2b_h0.03_e0.05_L2_alibi_learn_attn_s0,L1H3,sp4,8,-0.15238284369319777,0.341546356678009
E2b_h0.03_e0.05_L2_alibi_learn_attn_s0,L1H3,sp4,16,-0.001492487071433679,0.341546356678009
E2b_h0.03_e0.05_L2_alibi_learn_attn_s0,L1H3,sp4,32,0.05424178287852843,0.341546356678009
E2b_h0.03_e0.05_L2_alibi_learn_attn_s0,L1H3,sp4,64,0.16197372710640323,0.341546356678009
E2b_h0.03_e0.05_L2_alibi_learn_attn_s0,L1H3,sp4,128,18.848257293551228,0.341546356678009
E2b_h0.03_e0.05_L2_alibi_learn_attn_s0,L1H3,swap4,2,-0.26220214537020836,0.341546356678009
E2b_h0.03_e0.05_L2_alibi_learn_attn_s0,L1H3,swap4,4,-0.24967499255256043,0.341546356678009
E2b_h0.03_e0.05_L2_alibi_learn_attn_s0,L1H3,swap4,8,-0.19971677211132643,0.341546356678009
E2b_h0.03_e0.05_L2_alibi_learn_attn_s0,L1H3,swap4,16,-0.13609052795788656,0.341546356678009
E2b_h0.03_e0.05_L2_alibi_learn_attn_s0,L1H3,swap4,32,0.0005665807386545652,0.341546356678009
E2b_h0.03_e0.05_L2_alibi_learn_attn_s0,L1H3,swap4,64,0.13655412000745137,0.341546356678009
E2b_h0.03_e0.05_L2_alibi_learn_attn_s0,L1H3,swap4,128,18.76440152039552,0.341546356678009
E2b_h0.03_e0.05_L2_alibi_learn_attn_s1,L1H0,sp4,2,0.012736294619156818,0.1927692890167236
E2b_h0.03_e0.05_L2_alibi_learn_attn_s1,L1H0,sp4,4,0.4101145743140535,0.1927692890167236
E2b_h0.03_e0.05_L2_alibi_learn_attn_s1,L1H0,sp4,8,0.4231575738585006,0.1927692890167236
E2b_h0.03_e0.05_L2_alibi_learn_attn_s1,L1H0,sp4,16,0.7102258715275729,0.1927692890167236
E2b_h0.03_e0.05_L2_alibi_learn_attn_s1,L1H0,sp4,32,0.638863543822429,0.1927692890167236
E2b_h0.03_e0.05_L2_alibi_learn_attn_s1,L1H0,sp4,64,0.1600119547890415,0.1927692890167236
E2b_h0.03_e0.05_L2_alibi_learn_attn_s1,L1H0,sp4,128,0.3386166858750652,0.1927692890167236
E2b_h0.03_e0.05_L2_alibi_learn_attn_s1,L1H0,swap4,2,-1.1616593731710134,0.1927692890167236
E2b_h0.03_e0.05_L2_alibi_learn_attn_s1,L1H0,swap4,4,-1.0343083916159372,0.1927692890167236
E2b_h0.03_e0.05_L2_alibi_learn_attn_s1,L1H0,swap4,8,-0.40383051715940976,0.1927692890167236
E2b_h0.03_e0.05_L2_alibi_learn_attn_s1,L1H0,swap4,16,-0.38118560412336766,0.1927692890167236
E2b_h0.03_e0.05_L2_alibi_learn_attn_s1,L1H0,swap4,32,-0.24422283760938734,0.1927692890167236
E2b_h0.03_e0.05_L2_alibi_learn_attn_s1,L1H0,swap4,64,-0.401051622544232,0.1927692890167236
E2b_h0.03_e0.05_L2_alibi_learn_attn_s1,L1H0,swap4,128,0.2919486626241934,0.1927692890167236
E2b_h0.03_e0.05_L2_alibi_learn_attn_s1,L1H1,sp4,2,1.927318643193069,0.2857789993286133
E2b_h0.03_e0.05_L2_alibi_learn_attn_s1,L1H1,sp4,4,1.3007915501296021,0.2857789993286133
E2b_h0.03_e0.05_L2_alibi_learn_attn_s1,L1H1,sp4,8,1.3012125716168406,0.2857789993286133
E2b_h0.03_e0.05_L2_alibi_learn_attn_s1,L1H1,sp4,16,0.6520703265218841,0.2857789993286133
E2b_h0.03_e0.05_L2_alibi_learn_attn_s1,L1H1,sp4,32,0.5523125751516726,0.2857789993286133
E2b_h0.03_e0.05_L2_alibi_learn_attn_s1,L1H1,sp4,64,0.5262752127027905,0.2857789993286133
E2b_h0.03_e0.05_L2_alibi_learn_attn_s1,L1H1,sp4,128,10.812466065582944,0.2857789993286133
E2b_h0.03_e0.05_L2_alibi_learn_attn_s1,L1H1,swap4,2,-1.2731062855513797,0.2857789993286133
E2b_h0.03_e0.05_L2_alibi_learn_attn_s1,L1H1,swap4,4,-1.2893750218470204,0.2857789993286133
E2b_h0.03_e0.05_L2_alibi_learn_attn_s1,L1H1,swap4,8,-1.091905159826562,0.2857789993286133
E2b_h0.03_e0.05_L2_alibi_learn_attn_s1,L1H1,swap4,16,-0.5271163400567209,0.2857789993286133
E2b_h0.03_e0.05_L2_alibi_learn_attn_s1,L1H1,swap4,32,-0.11851310798072223,0.2857789993286133
E2b_h0.03_e0.05_L2_alibi_learn_attn_s1,L1H1,swap4,64,0.23065843168547673,0.2857789993286133
E2b_h0.03_e0.05_L2_alibi_learn_attn_s1,L1H1,swap4,128,10.785474941540102,0.2857789993286133
E2b_h0.03_e0.05_L2_alibi_learn_attn_s1,L1H2,sp4,2,-0.9904170933385449,0.5579248666763306
E2b_h0.03_e0.05_L2_alibi_learn_attn_s1,L1H2,sp4,4,-0.8590839539876498,0.5579248666763306
E2b_h0.03_e0.05_L2_alibi_learn_attn_s1,L1H2,sp4,8,-0.7703618095472109,0.5579248666763306
E2b_h0.03_e0.05_L2_alibi_learn_attn_s1,L1H2,sp4,16,-0.6608321390650271,0.5579248666763306
E2b_h0.03_e0.05_L2_alibi_learn_attn_s1,L1H2,sp4,32,-0.2630051551346444,0.5579248666763306
E2b_h0.03_e0.05_L2_alibi_learn_attn_s1,L1H2,sp4,64,11.47416098343211,0.5579248666763306
E2b_h0.03_e0.05_L2_alibi_learn_attn_s1,L1H2,sp4,128,47.18130909670859,0.5579248666763306
E2b_h0.03_e0.05_L2_alibi_learn_attn_s1,L1H2,swap4,2,-0.9144055814045244,0.5579248666763306
E2b_h0.03_e0.05_L2_alibi_learn_attn_s1,L1H2,swap4,4,-0.6544817741095619,0.5579248666763306
E2b_h0.03_e0.05_L2_alibi_learn_attn_s1,L1H2,swap4,8,-0.42309333771974167,0.5579248666763306
E2b_h0.03_e0.05_L2_alibi_learn_attn_s1,L1H2,swap4,16,-0.3493306335983677,0.5579248666763306
E2b_h0.03_e0.05_L2_alibi_learn_attn_s1,L1H2,swap4,32,-0.07980654252537711,0.5579248666763306
E2b_h0.03_e0.05_L2_alibi_learn_attn_s1,L1H2,swap4,64,11.474116703945983,0.5579248666763306
E2b_h0.03_e0.05_L2_alibi_learn_attn_s1,L1H2,swap4,128,47.181284426820014,0.5579248666763306
E2b_h0.03_e0.05_L2_alibi_learn_attn_s1,L1H3,sp4,2,-0.2602090535729548,0.3231960237026214
E2b_h0.03_e0.05_L2_alibi_learn_attn_s1,L1H3,sp4,4,-0.22656986128660184,0.3231960237026214
E2b_h0.03_e0.05_L2_alibi_learn_attn_s1,L1H3,sp4,8,-0.1262625787008802,0.3231960237026214
E2b_h0.03_e0.05_L2_alibi_learn_attn_s1,L1H3,sp4,16,-0.11069454023041914,0.3231960237026214
E2b_h0.03_e0.05_L2_alibi_learn_attn_s1,L1H3,sp4,32,-0.08115056475654381,0.3231960237026214
E2b_h0.03_e0.05_L2_alibi_learn_attn_s1,L1H3,sp4,64,-0.025226917144884453,0.3231960237026214
E2b_h0.03_e0.05_L2_alibi_learn_attn_s1,L1H3,sp4,128,16.448233210493264,0.3231960237026214
E2b_h0.03_e0.05_L2_alibi_learn_attn_s1,L1H3,swap4,2,-0.3000611389691914,0.3231960237026214
E2b_h0.03_e0.05_L2_alibi_learn_attn_s1,L1H3,swap4,4,-0.25122582730466614,0.3231960237026214
E2b_h0.03_e0.05_L2_alibi_learn_attn_s1,L1H3,swap4,8,-0.15885261633158243,0.3231960237026214
E2b_h0.03_e0.05_L2_alibi_learn_attn_s1,L1H3,swap4,16,-0.14026387588960265,0.3231960237026214
E2b_h0.03_e0.05_L2_alibi_learn_attn_s1,L1H3,swap4,32,-0.07570919056151837,0.3231960237026214
E2b_h0.03_e0.05_L2_alibi_learn_attn_s1,L1H3,swap4,64,-0.03188692287887385,0.3231960237026214
E2b_h0.03_e0.05_L2_alibi_learn_attn_s1,L1H3,swap4,128,16.395961095389325,0.3231960237026214
E2b_h0.03_e0.05_L2_alibi_learn_attn_s2,L1H0,sp4,2,1.733661177237606,0.220916286110878
E2b_h0.03_e0.05_L2_alibi_learn_attn_s2,L1H0,sp4,4,1.4920747275502562,0.220916286110878
E2b_h0.03_e0.05_L2_alibi_learn_attn_s2,L1H0,sp4,8,1.2838877540520026,0.220916286110878
E2b_h0.03_e0.05_L2_alibi_learn_attn_s2,L1H0,sp4,16,1.1201783483290098,0.220916286110878
E2b_h0.03_e0.05_L2_alibi_learn_attn_s2,L1H0,sp4,32,0.5640433167963161,0.220916286110878
E2b_h0.03_e0.05_L2_alibi_learn_attn_s2,L1H0,sp4,64,0.7454197733930421,0.220916286110878
E2b_h0.03_e0.05_L2_alibi_learn_attn_s2,L1H0,sp4,128,2.5527973792617615,0.220916286110878
E2b_h0.03_e0.05_L2_alibi_learn_attn_s2,L1H0,swap4,2,-0.6269569374291633,0.220916286110878
E2b_h0.03_e0.05_L2_alibi_learn_attn_s2,L1H0,swap4,4,-0.6914831513569902,0.220916286110878
E2b_h0.03_e0.05_L2_alibi_learn_attn_s2,L1H0,swap4,8,-0.6214148514275093,0.220916286110878
E2b_h0.03_e0.05_L2_alibi_learn_attn_s2,L1H0,swap4,16,-0.366568891147657,0.220916286110878
E2b_h0.03_e0.05_L2_alibi_learn_attn_s2,L1H0,swap4,32,0.26180672200306887,0.220916286110878
E2b_h0.03_e0.05_L2_alibi_learn_attn_s2,L1H0,swap4,64,0.09834087911876566,0.220916286110878
E2b_h0.03_e0.05_L2_alibi_learn_attn_s2,L1H0,swap4,128,2.567257759509962,0.220916286110878
E2b_h0.03_e0.05_L2_alibi_learn_attn_s2,L1H1,sp4,2,0.13080463848687995,0.2323851287364959
E2b_h0.03_e0.05_L2_alibi_learn_attn_s2,L1H1,sp4,4,0.4281262145042617,0.2323851287364959
E2b_h0.03_e0.05_L2_alibi_learn_attn_s2,L1H1,sp4,8,0.7255427302879384,0.2323851287364959
E2b_h0.03_e0.05_L2_alibi_learn_attn_s2,L1H1,sp4,16,0.6789283739089296,0.2323851287364959
E2b_h0.03_e0.05_L2_alibi_learn_attn_s2,L1H1,sp4,32,0.8922814165354804,0.2323851287364959
E2b_h0.03_e0.05_L2_alibi_learn_attn_s2,L1H1,sp4,64,-0.1956398646139963,0.2323851287364959
E2b_h0.03_e0.05_L2_alibi_learn_attn_s2,L1H1,sp4,128,3.9399212921941533,0.2323851287364959
E2b_h0.03_e0.05_L2_alibi_learn_attn_s2,L1H1,swap4,2,-1.1601341585496903,0.2323851287364959
E2b_h0.03_e0.05_L2_alibi_learn_attn_s2,L1H1,swap4,4,-0.9405247148715979,0.2323851287364959
E2b_h0.03_e0.05_L2_alibi_learn_attn_s2,L1H1,swap4,8,-0.7161166519075826,0.2323851287364959
E2b_h0.03_e0.05_L2_alibi_learn_attn_s2,L1H1,swap4,16,-0.14517879041490067,0.2323851287364959
E2b_h0.03_e0.05_L2_alibi_learn_attn_s2,L1H1,swap4,32,-0.43788374007921105,0.2323851287364959
E2b_h0.03_e0.05_L2_alibi_learn_attn_s2,L1H1,swap4,64,-0.24009204295246622,0.2323851287364959
E2b_h0.03_e0.05_L2_alibi_learn_attn_s2,L1H1,swap4,128,3.9385965698452523,0.2323851287364959
E2b_h0.03_e0.05_L2_alibi_learn_attn_s2,L1H2,sp4,2,-0.5539780533644496,0.7714724540710449
E2b_h0.03_e0.05_L2_alibi_learn_attn_s2,L1H2,sp4,4,-0.4935511247048545,0.7714724540710449
E2b_h0.03_e0.05_L2_alibi_learn_attn_s2,L1H2,sp4,8,-0.30159203397897016,0.7714724540710449
E2b_h0.03_e0.05_L2_alibi_learn_attn_s2,L1H2,sp4,16,-0.23343148724765417,0.7714724540710449
E2b_h0.03_e0.05_L2_alibi_learn_attn_s2,L1H2,sp4,32,3.0683733123976697,0.7714724540710449
E2b_h0.03_e0.05_L2_alibi_learn_attn_s2,L1H2,sp4,64,26.394350062805422,0.7714724540710449
E2b_h0.03_e0.05_L2_alibi_learn_attn_s2,L1H2,sp4,128,75.76860441045676,0.7714724540710449
E2b_h0.03_e0.05_L2_alibi_learn_attn_s2,L1H2,swap4,2,-0.7574809953775823,0.7714724540710449
E2b_h0.03_e0.05_L2_alibi_learn_attn_s2,L1H2,swap4,4,-0.6604137582273433,0.7714724540710449
E2b_h0.03_e0.05_L2_alibi_learn_attn_s2,L1H2,swap4,8,-0.4055707942577973,0.7714724540710449
E2b_h0.03_e0.05_L2_alibi_learn_attn_s2,L1H2,swap4,16,-0.2806782695622161,0.7714724540710449
E2b_h0.03_e0.05_L2_alibi_learn_attn_s2,L1H2,swap4,32,3.2354844114629433,0.7714724540710449
E2b_h0.03_e0.05_L2_alibi_learn_attn_s2,L1H2,swap4,64,26.394351933927812,0.7714724540710449
E2b_h0.03_e0.05_L2_alibi_learn_attn_s2,L1H2,swap4,128,75.76859309890662,0.7714724540710449
E2b_h0.03_e0.1_L2_alibi_learn_attn_s0,L1H0,sp4,2,-0.3976494946623623,0.2517720460891723
E2b_h0.03_e0.1_L2_alibi_learn_attn_s0,L1H0,sp4,4,-0.2618005918527273,0.2517720460891723
E2b_h0.03_e0.1_L2_alibi_learn_attn_s0,L1H0,sp4,8,-0.6108392219473939,0.2517720460891723
E2b_h0.03_e0.1_L2_alibi_learn_attn_s0,L1H0,sp4,16,-0.2099982450234923,0.2517720460891723
E2b_h0.03_e0.1_L2_alibi_learn_attn_s0,L1H0,sp4,32,1.1378281193032307,0.2517720460891723
E2b_h0.03_e0.1_L2_alibi_learn_attn_s0,L1H0,sp4,64,0.7215595515018407,0.2517720460891723
E2b_h0.03_e0.1_L2_alibi_learn_attn_s0,L1H0,sp4,128,6.571098550308843,0.2517720460891723
E2b_h0.03_e0.1_L2_alibi_learn_attn_s0,L1H0,swap4,2,-1.3619536056963222,0.2517720460891723
E2b_h0.03_e0.1_L2_alibi_learn_attn_s0,L1H0,swap4,4,-0.9613901927949209,0.2517720460891723
E2b_h0.03_e0.1_L2_alibi_learn_attn_s0,L1H0,swap4,8,-1.354849202993575,0.2517720460891723
E2b_h0.03_e0.1_L2_alibi_learn_attn_s0,L1H0,swap4,16,-0.442573831843891,0.2517720460891723
E2b_h0.03_e0.1_L2_alibi_learn_attn_s0,L1H0,swap4,32,0.21333603872649665,0.2517720460891723
E2b_h0.03_e0.1_L2_alibi_learn_attn_s0,L1H0,swap4,64,0.3955519893357877,0.2517720460891723
E2b_h0.03_e0.1_L2_alibi_learn_attn_s0,L1H0,swap4,128,6.567275706897357,0.2517720460891723
E2b_h0.03_e0.1_L2_alibi_learn_attn_s0,L1H1,sp4,2,2.682002483519332,0.2616235911846161
E2b_h0.03_e0.1_L2_alibi_learn_attn_s0,L1H1,sp4,4,2.4737209620788407,0.2616235911846161
E2b_h0.03_e0.1_L2_alibi_learn_attn_s0,L1H1,sp4,8,3.193371253611976,0.2616235911846161
E2b_h0.03_e0.1_L2_alibi_learn_attn_s0,L1H1,sp4,16,3.0230626982506648,0.2616235911846161
E2b_h0.03_e0.1_L2_alibi_learn_attn_s0,L1H1,sp4,32,1.094840372215974,0.2616235911846161
E2b_h0.03_e0.1_L2_alibi_learn_attn_s0,L1H1,sp4,64,0.02125737584274745,0.2616235911846161
E2b_h0.03_e0.1_L2_alibi_learn_attn_s0,L1H1,sp4,128,7.92085042337618,0.2616235911846161
E2b_h0.03_e0.1_L2_alibi_learn_attn_s0,L1H1,swap4,2,-0.9717951595572564,0.2616235911846161
E2b_h0.03_e0.1_L2_alibi_learn_attn_s0,L1H1,swap4,4,-1.2358489773653833,0.2616235911846161
E2b_h0.03_e0.1_L2_alibi_learn_attn_s0,L1H1,swap4,8,-0.16567484908900276,0.2616235911846161
E2b_h0.03_e0.1_L2_alibi_learn_attn_s0,L1H1,swap4,16,-0.3341821424079412,0.2616235911846161
E2b_h0.03_e0.1_L2_alibi_learn_attn_s0,L1H1,swap4,32,-0.45656497941950835,0.2616235911846161
E2b_h0.03_e0.1_L2_alibi_learn_attn_s0,L1H1,swap4,64,-0.545520330939059,0.2616235911846161
E2b_h0.03_e0.1_L2_alibi_learn_attn_s0,L1H1,swap4,128,7.905958053230554,0.2616235911846161
E2b_h0.03_e0.1_L2_alibi_learn_attn_s0,L1H2,sp4,2,-0.9159277881536141,0.6936836242675781
E2b_h0.03_e0.1_L2_alibi_learn_attn_s0,L1H2,sp4,4,-0.7138081383639652,0.6936836242675781
E2b_h0.03_e0.1_L2_alibi_learn_attn_s0,L1H2,sp4,8,-0.6368849314859828,0.6936836242675781
E2b_h0.03_e0.1_L2_alibi_learn_attn_s0,L1H2,sp4,16,-0.30547475361768406,0.6936836242675781
E2b_h0.03_e0.1_L2_alibi_learn_attn_s0,L1H2,sp4,32,0.5747284884512549,0.6936836242675781
E2b_h0.03_e0.1_L2_alibi_learn_attn_s0,L1H2,sp4,64,20.95696069561769,0.6936836242675781
E2b_h0.03_e0.1_L2_alibi_learn_attn_s0,L1H2,sp4,128,65.35271278390144,0.6936836242675781
E2b_h0.03_e0.1_L2_alibi_learn_attn_s0,L1H2,swap4,2,-1.242560983833277,0.6936836242675781
E2b_h0.03_e0.1_L2_alibi_learn_attn_s0,L1H2,swap4,4,-0.9324953929084026,0.6936836242675781
E2b_h0.03_e0.1_L2_alibi_learn_attn_s0,L1H2,swap4,8,-0.728726706087186,0.6936836242675781
E2b_h0.03_e0.1_L2_alibi_learn_attn_s0,L1H2,swap4,16,-0.24087673928405806,0.6936836242675781
E2b_h0.03_e0.1_L2_alibi_learn_attn_s0,L1H2,swap4,32,0.7048270178613283,0.6936836242675781
E2b_h0.03_e0.1_L2_alibi_learn_attn_s0,L1H2,swap4,64,20.95696071239182,0.6936836242675781
E2b_h0.03_e0.1_L2_alibi_learn_attn_s0,L1H2,swap4,128,65.35271261428426,0.6936836242675781
E2b_h0.03_e0.1_L2_alibi_learn_attn_s0,L1H3,sp4,2,-0.08599057252902442,0.2602415680885315
E2b_h0.03_e0.1_L2_alibi_learn_attn_s0,L1H3,sp4,4,-0.053513999823001424,0.2602415680885315
E2b_h0.03_e0.1_L2_alibi_learn_attn_s0,L1H3,sp4,8,-0.058101880261896666,0.2602415680885315
E2b_h0.03_e0.1_L2_alibi_learn_attn_s0,L1H3,sp4,16,0.011132154631680713,0.2602415680885315
E2b_h0.03_e0.1_L2_alibi_learn_attn_s0,L1H3,sp4,32,-0.04874648744574639,0.2602415680885315
E2b_h0.03_e0.1_L2_alibi_learn_attn_s0,L1H3,sp4,64,-0.07700593722380589,0.2602415680885315
E2b_h0.03_e0.1_L2_alibi_learn_attn_s0,L1H3,sp4,128,7.901182940623805,0.2602415680885315
E2b_h0.03_e0.1_L2_alibi_learn_attn_s0,L1H3,swap4,2,-0.2049123427633044,0.2602415680885315
E2b_h0.03_e0.1_L2_alibi_learn_attn_s0,L1H3,swap4,4,-0.202675135727737,0.2602415680885315
E2b_h0.03_e0.1_L2_alibi_learn_attn_s0,L1H3,swap4,8,-0.15699079412479322,0.2602415680885315
E2b_h0.03_e0.1_L2_alibi_learn_attn_s0,L1H3,swap4,16,-0.11888735526482952,0.2602415680885315
E2b_h0.03_e0.1_L2_alibi_learn_attn_s0,L1H3,swap4,32,-0.033809040032720894,0.2602415680885315
E2b_h0.03_e0.1_L2_alibi_learn_attn_s0,L1H3,swap4,64,-0.11438597255601479,0.2602415680885315
E2b_h0.03_e0.1_L2_alibi_learn_attn_s0,L1H3,swap4,128,7.8537369793051965,0.2602415680885315
E2b_h0.03_e0.1_L2_alibi_learn_attn_s1,L1H0,sp4,2,0.12948343131897005,0.1892957389354705
E2b_h0.03_e0.1_L2_alibi_learn_attn_s1,L1H0,sp4,4,0.9217426212036354,0.1892957389354705
E2b_h0.03_e0.1_L2_alibi_learn_attn_s1,L1H0,sp4,8,0.36680287228017683,0.1892957389354705
E2b_h0.03_e0.1_L2_alibi_learn_attn_s1,L1H0,sp4,16,0.8204279751223135,0.1892957389354705
E2b_h0.03_e0.1_L2_alibi_learn_attn_s1,L1H0,sp4,32,-0.21010850217282773,0.1892957389354705
E2b_h0.03_e0.1_L2_alibi_learn_attn_s1,L1H0,sp4,64,0.13146966681008276,0.1892957389354705
E2b_h0.03_e0.1_L2_alibi_learn_attn_s1,L1H0,sp4,128,0.3749668422655681,0.1892957389354705
E2b_h0.03_e0.1_L2_alibi_learn_attn_s1,L1H0,swap4,2,-1.4109192201802252,0.1892957389354705
E2b_h0.03_e0.1_L2_alibi_learn_attn_s1,L1H0,swap4,4,-1.2463634814654945,0.1892957389354705
E2b_h0.03_e0.1_L2_alibi_learn_attn_s1,L1H0,swap4,8,-1.0691101291592529,0.1892957389354705
E2b_h0.03_e0.1_L2_alibi_learn_attn_s1,L1H0,swap4,16,-0.6506129854175589,0.1892957389354705
E2b_h0.03_e0.1_L2_alibi_learn_attn_s1,L1H0,swap4,32,-0.7491190024173515,0.1892957389354705
E2b_h0.03_e0.1_L2_alibi_learn_attn_s1,L1H0,swap4,64,-0.5712723039096126,0.1892957389354705
E2b_h0.03_e0.1_L2_alibi_learn_attn_s1,L1H0,swap4,128,0.45488585188982533,0.1892957389354705
E2b_h0.03_e0.1_L2_alibi_learn_attn_s1,L1H1,sp4,2,2.174559758307037,0.2413112819194793
E2b_h0.03_e0.1_L2_alibi_learn_attn_s1,L1H1,sp4,4,0.5847410663954169,0.2413112819194793
E2b_h0.03_e0.1_L2_alibi_learn_attn_s1,L1H1,sp4,8,2.051454112581453,0.2413112819194793
E2b_h0.03_e0.1_L2_alibi_learn_attn_s1,L1H1,sp4,16,1.439355520401794,0.2413112819194793
E2b_h0.03_e0.1_L2_alibi_learn_attn_s1,L1H1,sp4,32,1.3285032289957246,0.2413112819194793
E2b_h0.03_e0.1_L2_alibi_learn_attn_s1,L1H1,sp4,64,0.8211827265214664,0.2413112819194793
E2b_h0.03_e0.1_L2_alibi_learn_attn_s1,L1H1,sp4,128,5.151995402510471,0.2413112819194793
E2b_h0.03_e0.1_L2_alibi_learn_attn_s1,L1H1,swap4,2,-1.3961054574052942,0.2413112819194793
E2b_h0.03_e0.1_L2_alibi_learn_attn_s1,L1H1,swap4,4,-1.7923583818212288,0.2413112819194793
E2b_h0.03_e0.1_L2_alibi_learn_attn_s1,L1H1,swap4,8,-0.9473140820300683,0.2413112819194793
E2b_h0.03_e0.1_L2_alibi_learn_attn_s1,L1H1,swap4,16,-0.5837441461920359,0.2413112819194793
E2b_h0.03_e0.1_L2_alibi_learn_attn_s1,L1H1,swap4,32,0.3749000646624623,0.2413112819194793
E2b_h0.03_e0.1_L2_alibi_learn_attn_s1,L1H1,swap4,64,0.22655208677502436,0.2413112819194793
E2b_h0.03_e0.1_L2_alibi_learn_attn_s1,L1H1,swap4,128,5.139358764854249,0.2413112819194793
E2b_h0.03_e0.1_L2_alibi_learn_attn_s1,L1H2,sp4,2,-1.3364043805413202,0.7390623092651367
E2b_h0.03_e0.1_L2_alibi_learn_attn_s1,L1H2,sp4,4,-1.1839140494285258,0.7390623092651367
E2b_h0.03_e0.1_L2_alibi_learn_attn_s1,L1H2,sp4,8,-0.8788469742117813,0.7390623092651367
E2b_h0.03_e0.1_L2_alibi_learn_attn_s1,L1H2,sp4,16,-0.677358553946604,0.7390623092651367
E2b_h0.03_e0.1_L2_alibi_learn_attn_s1,L1H2,sp4,32,1.974202296745771,0.7390623092651367
E2b_h0.03_e0.1_L2_alibi_learn_attn_s1,L1H2,sp4,64,24.12862319880486,0.7390623092651367
E2b_h0.03_e0.1_L2_alibi_learn_attn_s1,L1H2,sp4,128,71.42861102989687,0.7390623092651367
E2b_h0.03_e0.1_L2_alibi_learn_attn_s1,L1H2,swap4,2,-1.2808588662845324,0.7390623092651367
E2b_h0.03_e0.1_L2_alibi_learn_attn_s1,L1H2,swap4,4,-1.107904523748863,0.7390623092651367
E2b_h0.03_e0.1_L2_alibi_learn_attn_s1,L1H2,swap4,8,-0.8345606321017116,0.7390623092651367
E2b_h0.03_e0.1_L2_alibi_learn_attn_s1,L1H2,swap4,16,-0.4584334938018868,0.7390623092651367
E2b_h0.03_e0.1_L2_alibi_learn_attn_s1,L1H2,swap4,32,1.9769108248840936,0.7390623092651367
E2b_h0.03_e0.1_L2_alibi_learn_attn_s1,L1H2,swap4,64,24.128623267896998,0.7390623092651367
E2b_h0.03_e0.1_L2_alibi_learn_attn_s1,L1H2,swap4,128,71.42861102230077,0.7390623092651367
E2b_h0.03_e0.1_L2_alibi_learn_attn_s1,L1H3,sp4,2,-0.19447366645479292,0.2937632501125335
E2b_h0.03_e0.1_L2_alibi_learn_attn_s1,L1H3,sp4,4,-0.24691466157243047,0.2937632501125335
E2b_h0.03_e0.1_L2_alibi_learn_attn_s1,L1H3,sp4,8,-0.17881908261309698,0.2937632501125335
E2b_h0.03_e0.1_L2_alibi_learn_attn_s1,L1H3,sp4,16,-0.06780858921688093,0.2937632501125335
E2b_h0.03_e0.1_L2_alibi_learn_attn_s1,L1H3,sp4,32,-0.024824373185932558,0.2937632501125335
E2b_h0.03_e0.1_L2_alibi_learn_attn_s1,L1H3,sp4,64,-0.024200773968511058,0.2937632501125335
E2b_h0.03_e0.1_L2_alibi_learn_attn_s1,L1H3,sp4,128,12.382582778252777,0.2937632501125335
E2b_h0.03_e0.1_L2_alibi_learn_attn_s1,L1H3,swap4,2,-0.352142079529875,0.2937632501125335
E2b_h0.03_e0.1_L2_alibi_learn_attn_s1,L1H3,swap4,4,-0.36853395121231847,0.2937632501125335
E2b_h0.03_e0.1_L2_alibi_learn_attn_s1,L1H3,swap4,8,-0.23361032173041707,0.2937632501125335
E2b_h0.03_e0.1_L2_alibi_learn_attn_s1,L1H3,swap4,16,-0.18518127676351348,0.2937632501125335
E2b_h0.03_e0.1_L2_alibi_learn_attn_s1,L1H3,swap4,32,-0.044710435915154,0.2937632501125335
E2b_h0.03_e0.1_L2_alibi_learn_attn_s1,L1H3,swap4,64,-0.03627997058566734,0.2937632501125335
E2b_h0.03_e0.1_L2_alibi_learn_attn_s1,L1H3,swap4,128,12.30157058070607,0.2937632501125335
E2b_h0.03_e0.1_L2_alibi_learn_attn_s2,L1H0,sp4,2,2.213748445020329,0.1908106654882431
E2b_h0.03_e0.1_L2_alibi_learn_attn_s2,L1H0,sp4,4,1.3877354882772317,0.1908106654882431
E2b_h0.03_e0.1_L2_alibi_learn_attn_s2,L1H0,sp4,8,2.275635509048999,0.1908106654882431
E2b_h0.03_e0.1_L2_alibi_learn_attn_s2,L1H0,sp4,16,2.057048903699661,0.1908106654882431
E2b_h0.03_e0.1_L2_alibi_learn_attn_s2,L1H0,sp4,32,0.5717502898485236,0.1908106654882431
E2b_h0.03_e0.1_L2_alibi_learn_attn_s2,L1H0,sp4,64,1.0478689907157355,0.1908106654882431
E2b_h0.03_e0.1_L2_alibi_learn_attn_s2,L1H0,sp4,128,0.5415690477699275,0.1908106654882431
E2b_h0.03_e0.1_L2_alibi_learn_attn_s2,L1H0,swap4,2,-0.6107388176124221,0.1908106654882431
E2b_h0.03_e0.1_L2_alibi_learn_attn_s2,L1H0,swap4,4,-1.019804521560547,0.1908106654882431
E2b_h0.03_e0.1_L2_alibi_learn_attn_s2,L1H0,swap4,8,-0.6916268930436853,0.1908106654882431
E2b_h0.03_e0.1_L2_alibi_learn_attn_s2,L1H0,swap4,16,-0.8833687052347456,0.1908106654882431
E2b_h0.03_e0.1_L2_alibi_learn_attn_s2,L1H0,swap4,32,-0.4557791981278232,0.1908106654882431
E2b_h0.03_e0.1_L2_alibi_learn_attn_s2,L1H0,swap4,64,-0.11693366765956181,0.1908106654882431
E2b_h0.03_e0.1_L2_alibi_learn_attn_s2,L1H0,swap4,128,0.43173374490603145,0.1908106654882431
E2b_h0.03_e0.1_L2_alibi_learn_attn_s2,L1H1,sp4,2,-1.1822586055011455,0.261422336101532
E2b_h0.03_e0.1_L2_alibi_learn_attn_s2,L1H1,sp4,4,-0.19943037198537777,0.261422336101532
E2b_h0.03_e0.1_L2_alibi_learn_attn_s2,L1H1,sp4,8,-0.6351193848901655,0.261422336101532
E2b_h0.03_e0.1_L2_alibi_learn_attn_s2,L1H1,sp4,16,-0.13810112988429513,0.261422336101532
E2b_h0.03_e0.1_L2_alibi_learn_attn_s2,L1H1,sp4,32,2.0331786166679104,0.261422336101532
E2b_h0.03_e0.1_L2_alibi_learn_attn_s2,L1H1,sp4,64,-0.4116672356793458,0.261422336101532
E2b_h0.03_e0.1_L2_alibi_learn_attn_s2,L1H1,sp4,128,7.70833354424369,0.261422336101532
E2b_h0.03_e0.1_L2_alibi_learn_attn_s2,L1H1,swap4,2,-1.9329161900909915,0.261422336101532
E2b_h0.03_e0.1_L2_alibi_learn_attn_s2,L1H1,swap4,4,-1.3464057615738056,0.261422336101532
E2b_h0.03_e0.1_L2_alibi_learn_attn_s2,L1H1,swap4,8,-1.1638551223655949,0.261422336101532
E2b_h0.03_e0.1_L2_alibi_learn_attn_s2,L1H1,swap4,16,-0.22850699119113083,0.261422336101532
E2b_h0.03_e0.1_L2_alibi_learn_attn_s2,L1H1,swap4,32,0.1455018854053547,0.261422336101532
E2b_h0.03_e0.1_L2_alibi_learn_attn_s2,L1H1,swap4,64,-0.08577817688672695,0.261422336101532
E2b_h0.03_e0.1_L2_alibi_learn_attn_s2,L1H1,swap4,128,7.878371209004021,0.261422336101532
E2b_h0.03_e0.1_L2_alibi_learn_attn_s2,L1H2,sp4,2,-0.566903675236027,0.7856590747833252
E2b_h0.03_e0.1_L2_alibi_learn_attn_s2,L1H2,sp4,4,-0.6815113436377791,0.7856590747833252
E2b_h0.03_e0.1_L2_alibi_learn_attn_s2,L1H2,sp4,8,-0.5918957643999176,0.7856590747833252
E2b_h0.03_e0.1_L2_alibi_learn_attn_s2,L1H2,sp4,16,-0.2869079759629969,0.7856590747833252
E2b_h0.03_e0.1_L2_alibi_learn_attn_s2,L1H2,sp4,32,3.2696793932456174,0.7856590747833252
E2b_h0.03_e0.1_L2_alibi_learn_attn_s2,L1H2,sp4,64,27.386205395480722,0.7856590747833252
E2b_h0.03_e0.1_L2_alibi_learn_attn_s2,L1H2,sp4,128,77.66838619405357,0.7856590747833252
E2b_h0.03_e0.1_L2_alibi_learn_attn_s2,L1H2,swap4,2,-0.8335905116544677,0.7856590747833252
E2b_h0.03_e0.1_L2_alibi_learn_attn_s2,L1H2,swap4,4,-0.7502249525058373,0.7856590747833252
E2b_h0.03_e0.1_L2_alibi_learn_attn_s2,L1H2,swap4,8,-0.4625265111403598,0.7856590747833252
E2b_h0.03_e0.1_L2_alibi_learn_attn_s2,L1H2,swap4,16,-0.21891413535160176,0.7856590747833252
E2b_h0.03_e0.1_L2_alibi_learn_attn_s2,L1H2,swap4,32,3.4280623455145047,0.7856590747833252
E2b_h0.03_e0.1_L2_alibi_learn_attn_s2,L1H2,swap4,64,27.386205408912772,0.7856590747833252
E2b_h0.03_e0.1_L2_alibi_learn_attn_s2,L1H2,swap4,128,77.66838619815721,0.7856590747833252
E2b_h0.03_e0.1_L2_alibi_learn_attn_s2,L1H3,sp4,2,-0.1213548371072527,0.2583192586898803
E2b_h0.03_e0.1_L2_alibi_learn_attn_s2,L1H3,sp4,4,-0.09182152616474581,0.2583192586898803
E2b_h0.03_e0.1_L2_alibi_learn_attn_s2,L1H3,sp4,8,-0.0693600862021182,0.2583192586898803
E2b_h0.03_e0.1_L2_alibi_learn_attn_s2,L1H3,sp4,16,0.02271181751091378,0.2583192586898803
E2b_h0.03_e0.1_L2_alibi_learn_attn_s2,L1H3,sp4,32,0.04056423509020046,0.2583192586898803
E2b_h0.03_e0.1_L2_alibi_learn_attn_s2,L1H3,sp4,64,-0.04259082806805026,0.2583192586898803
E2b_h0.03_e0.1_L2_alibi_learn_attn_s2,L1H3,sp4,128,7.653822005857684,0.2583192586898803
E2b_h0.03_e0.1_L2_alibi_learn_attn_s2,L1H3,swap4,2,-0.20808799959883562,0.2583192586898803
E2b_h0.03_e0.1_L2_alibi_learn_attn_s2,L1H3,swap4,4,-0.2260456684593377,0.2583192586898803
E2b_h0.03_e0.1_L2_alibi_learn_attn_s2,L1H3,swap4,8,-0.1921117810720565,0.2583192586898803
E2b_h0.03_e0.1_L2_alibi_learn_attn_s2,L1H3,swap4,16,-0.12182279931722073,0.2583192586898803
E2b_h0.03_e0.1_L2_alibi_learn_attn_s2,L1H3,swap4,32,-0.05824662440794981,0.2583192586898803
E2b_h0.03_e0.1_L2_alibi_learn_attn_s2,L1H3,swap4,64,-0.04595907419868972,0.2583192586898803
E2b_h0.03_e0.1_L2_alibi_learn_attn_s2,L1H3,swap4,128,7.608355430972434,0.2583192586898803
E2b_h0.03_e0.3_L2_alibi_learn_attn_s0,L1H0,sp4,2,-2.2991712621852427,0.2096137404441833
E2b_h0.03_e0.3_L2_alibi_learn_attn_s0,L1H0,sp4,4,-0.28932279551067186,0.2096137404441833
E2b_h0.03_e0.3_L2_alibi_learn_attn_s0,L1H0,sp4,8,3.964966846615256,0.2096137404441833
E2b_h0.03_e0.3_L2_alibi_learn_attn_s0,L1H0,sp4,16,1.1292165297732626,0.2096137404441833
E2b_h0.03_e0.3_L2_alibi_learn_attn_s0,L1H0,sp4,32,3.7918238951005887,0.2096137404441833
E2b_h0.03_e0.3_L2_alibi_learn_attn_s0,L1H0,sp4,64,1.01859050795988,0.2096137404441833
E2b_h0.03_e0.3_L2_alibi_learn_attn_s0,L1H0,sp4,128,1.8863060185478737,0.2096137404441833
E2b_h0.03_e0.3_L2_alibi_learn_attn_s0,L1H0,swap4,2,-1.769368140855019,0.2096137404441833
E2b_h0.03_e0.3_L2_alibi_learn_attn_s0,L1H0,swap4,4,-1.7305467319524186,0.2096137404441833
E2b_h0.03_e0.3_L2_alibi_learn_attn_s0,L1H0,swap4,8,-2.1511599407884487,0.2096137404441833
E2b_h0.03_e0.3_L2_alibi_learn_attn_s0,L1H0,swap4,16,-2.369788279865885,0.2096137404441833
E2b_h0.03_e0.3_L2_alibi_learn_attn_s0,L1H0,swap4,32,2.7109894440179727,0.2096137404441833
E2b_h0.03_e0.3_L2_alibi_learn_attn_s0,L1H0,swap4,64,1.237745747128577,0.2096137404441833
E2b_h0.03_e0.3_L2_alibi_learn_attn_s0,L1H0,swap4,128,1.8866387854816242,0.2096137404441833
E2b_h0.03_e0.3_L2_alibi_learn_attn_s0,L1H1,sp4,2,3.6848341778958194,0.2066651135683059
E2b_h0.03_e0.3_L2_alibi_learn_attn_s0,L1H1,sp4,4,2.704877959532889,0.2066651135683059
E2b_h0.03_e0.3_L2_alibi_learn_attn_s0,L1H1,sp4,8,-1.8927328332316105,0.2066651135683059
E2b_h0.03_e0.3_L2_alibi_learn_attn_s0,L1H1,sp4,16,1.361570237003563,0.2066651135683059
E2b_h0.03_e0.3_L2_alibi_learn_attn_s0,L1H1,sp4,32,-3.053724458793755,0.2066651135683059
E2b_h0.03_e0.3_L2_alibi_learn_attn_s0,L1H1,sp4,64,0.8585796659200158,0.2066651135683059
E2b_h0.03_e0.3_L2_alibi_learn_attn_s0,L1H1,sp4,128,4.143628489794873,0.2066651135683059
E2b_h0.03_e0.3_L2_alibi_learn_attn_s0,L1H1,swap4,2,0.1449615546228759,0.2066651135683059
E2b_h0.03_e0.3_L2_alibi_learn_attn_s0,L1H1,swap4,4,1.0540280998696077,0.2066651135683059
E2b_h0.03_e0.3_L2_alibi_learn_attn_s0,L1H1,swap4,8,1.3696832029434804,0.2066651135683059
E2b_h0.03_e0.3_L2_alibi_learn_attn_s0,L1H1,swap4,16,2.7407813237918477,0.2066651135683059
E2b_h0.03_e0.3_L2_alibi_learn_attn_s0,L1H1,swap4,32,-3.2007038259950082,0.2066651135683059
E2b_h0.03_e0.3_L2_alibi_learn_attn_s0,L1H1,swap4,64,-0.825993238450307,0.2066651135683059
E2b_h0.03_e0.3_L2_alibi_learn_attn_s0,L1H1,swap4,128,2.905513598445099,0.2066651135683059
E2b_h0.03_e0.3_L2_alibi_learn_attn_s0,L1H2,sp4,2,-0.5434633998613076,0.8671495914459229
E2b_h0.03_e0.3_L2_alibi_learn_attn_s0,L1H2,sp4,4,-0.5294145797132161,0.8671495914459229
E2b_h0.03_e0.3_L2_alibi_learn_attn_s0,L1H2,sp4,8,-0.23866043964569617,0.8671495914459229
E2b_h0.03_e0.3_L2_alibi_learn_attn_s0,L1H2,sp4,16,0.06608961320398699,0.8671495914459229
E2b_h0.03_e0.3_L2_alibi_learn_attn_s0,L1H2,sp4,32,6.899144095135348,0.8671495914459229
E2b_h0.03_e0.3_L2_alibi_learn_attn_s0,L1H2,sp4,64,33.08477767767036,0.8671495914459229
E2b_h0.03_e0.3_L2_alibi_learn_attn_s0,L1H2,sp4,128,88.58235153255046,0.8671495914459229
E2b_h0.03_e0.3_L2_alibi_learn_attn_s0,L1H2,swap4,2,-1.0715152262089287,0.8671495914459229
E2b_h0.03_e0.3_L2_alibi_learn_attn_s0,L1H2,swap4,4,-0.8599270273758322,0.8671495914459229
E2b_h0.03_e0.3_L2_alibi_learn_attn_s0,L1H2,swap4,8,-0.601971341394032,0.8671495914459229
E2b_h0.03_e0.3_L2_alibi_learn_attn_s0,L1H2,swap4,16,-0.2873607558006013,0.8671495914459229
E2b_h0.03_e0.3_L2_alibi_learn_attn_s0,L1H2,swap4,32,6.742529399351845,0.8671495914459229
E2b_h0.03_e0.3_L2_alibi_learn_attn_s0,L1H2,swap4,64,33.08477767024888,0.8671495914459229
E2b_h0.03_e0.3_L2_alibi_learn_attn_s0,L1H2,swap4,128,88.58235148907116,0.8671495914459229
E2b_h0.03_e0.3_L2_alibi_learn_attn_s0,L1H3,sp4,2,0.14567616279806106,0.2724890112876892
E2b_h0.03_e0.3_L2_alibi_learn_attn_s0,L1H3,sp4,4,0.12761754133524605,0.2724890112876892
E2b_h0.03_e0.3_L2_alibi_learn_attn_s0,L1H3,sp4,8,0.1449348836282338,0.2724890112876892
E2b_h0.03_e0.3_L2_alibi_learn_attn_s0,L1H3,sp4,16,0.1316168436267411,0.2724890112876892
E2b_h0.03_e0.3_L2_alibi_learn_attn_s0,L1H3,sp4,32,0.08639862826321476,0.2724890112876892
E2b_h0.03_e0.3_L2_alibi_learn_attn_s0,L1H3,sp4,64,-0.04934447132042585,0.2724890112876892
E2b_h0.03_e0.3_L2_alibi_learn_attn_s0,L1H3,sp4,128,9.528607828591461,0.2724890112876892
E2b_h0.03_e0.3_L2_alibi_learn_attn_s0,L1H3,swap4,2,-0.18686789744781296,0.2724890112876892
E2b_h0.03_e0.3_L2_alibi_learn_attn_s0,L1H3,swap4,4,-0.1401563379519728,0.2724890112876892
E2b_h0.03_e0.3_L2_alibi_learn_attn_s0,L1H3,swap4,8,-0.11360173389266803,0.2724890112876892
E2b_h0.03_e0.3_L2_alibi_learn_attn_s0,L1H3,swap4,16,-0.1134078534466969,0.2724890112876892
E2b_h0.03_e0.3_L2_alibi_learn_attn_s0,L1H3,swap4,32,0.0015506660357145208,0.2724890112876892
E2b_h0.03_e0.3_L2_alibi_learn_attn_s0,L1H3,swap4,64,-0.09810306566756921,0.2724890112876892
E2b_h0.03_e0.3_L2_alibi_learn_attn_s0,L1H3,swap4,128,9.480193567651257,0.2724890112876892
E2b_h0.03_e0.3_L2_alibi_learn_attn_s1,L1H0,sp4,2,4.039191432476675,0.1783119142055511
E2b_h0.03_e0.3_L2_alibi_learn_attn_s1,L1H0,sp4,4,2.8217313754757614,0.1783119142055511
E2b_h0.03_e0.3_L2_alibi_learn_attn_s1,L1H0,sp4,8,3.8139911310562553,0.1783119142055511
E2b_h0.03_e0.3_L2_alibi_learn_attn_s1,L1H0,sp4,16,4.0967510275361345,0.1783119142055511
E2b_h0.03_e0.3_L2_alibi_learn_attn_s1,L1H0,sp4,32,2.8879960584606246,0.1783119142055511
E2b_h0.03_e0.3_L2_alibi_learn_attn_s1,L1H0,sp4,64,2.388060733328322,0.1783119142055511
E2b_h0.03_e0.3_L2_alibi_learn_attn_s1,L1H0,sp4,128,2.340267697455465,0.1783119142055511
E2b_h0.03_e0.3_L2_alibi_learn_attn_s1,L1H0,swap4,2,-1.737162864395901,0.1783119142055511
E2b_h0.03_e0.3_L2_alibi_learn_attn_s1,L1H0,swap4,4,-3.40716693435667,0.1783119142055511
E2b_h0.03_e0.3_L2_alibi_learn_attn_s1,L1H0,swap4,8,-0.8993151045766279,0.1783119142055511
E2b_h0.03_e0.3_L2_alibi_learn_attn_s1,L1H0,swap4,16,-1.5910852634619403,0.1783119142055511
E2b_h0.03_e0.3_L2_alibi_learn_attn_s1,L1H0,swap4,32,-1.7238734087865053,0.1783119142055511
E2b_h0.03_e0.3_L2_alibi_learn_attn_s1,L1H0,swap4,64,-1.4921165964151433,0.1783119142055511
E2b_h0.03_e0.3_L2_alibi_learn_attn_s1,L1H0,swap4,128,-2.0227835552842635,0.1783119142055511
E2b_h0.03_e0.3_L2_alibi_learn_attn_s1,L1H1,sp4,2,-2.787760183713799,0.1868865936994552
E2b_h0.03_e0.3_L2_alibi_learn_attn_s1,L1H1,sp4,4,-1.8669560092371413,0.1868865936994552
E2b_h0.03_e0.3_L2_alibi_learn_attn_s1,L1H1,sp4,8,-2.255136232010292,0.1868865936994552
E2b_h0.03_e0.3_L2_alibi_learn_attn_s1,L1H1,sp4,16,-1.8934664357127153,0.1868865936994552
E2b_h0.03_e0.3_L2_alibi_learn_attn_s1,L1H1,sp4,32,-2.0371408656641967,0.1868865936994552
E2b_h0.03_e0.3_L2_alibi_learn_attn_s1,L1H1,sp4,64,-1.5888264939458194,0.1868865936994552
E2b_h0.03_e0.3_L2_alibi_learn_attn_s1,L1H1,sp4,128,-0.8669975066785458,0.1868865936994552
E2b_h0.03_e0.3_L2_alibi_learn_attn_s1,L1H1,swap4,2,1.187150857259347,0.1868865936994552
E2b_h0.03_e0.3_L2_alibi_learn_attn_s1,L1H1,swap4,4,1.5769777794563302,0.1868865936994552
E2b_h0.03_e0.3_L2_alibi_learn_attn_s1,L1H1,swap4,8,0.7370449349079038,0.1868865936994552
E2b_h0.03_e0.3_L2_alibi_learn_attn_s1,L1H1,swap4,16,2.1172693149926625,0.1868865936994552
E2b_h0.03_e0.3_L2_alibi_learn_attn_s1,L1H1,swap4,32,1.1794876236246923,0.1868865936994552
E2b_h0.03_e0.3_L2_alibi_learn_attn_s1,L1H1,swap4,64,2.3698959573795273,0.1868865936994552
E2b_h0.03_e0.3_L2_alibi_learn_attn_s1,L1H1,swap4,128,1.816292360873664,0.1868865936994552
E2b_h0.03_e0.3_L2_alibi_learn_attn_s1,L1H2,sp4,2,-0.4735461914720571,0.8056073188781738
E2b_h0.03_e0.3_L2_alibi_learn_attn_s1,L1H2,sp4,4,-0.487737393165558,0.8056073188781738
E2b_h0.03_e0.3_L2_alibi_learn_attn_s1,L1H2,sp4,8,-0.08016570426468039,0.8056073188781738
E2b_h0.03_e0.3_L2_alibi_learn_attn_s1,L1H2,sp4,16,-0.0385096260796729,0.8056073188781738
E2b_h0.03_e0.3_L2_alibi_learn_attn_s1,L1H2,sp4,32,4.595754724741626,0.8056073188781738
E2b_h0.03_e0.3_L2_alibi_learn_attn_s1,L1H2,sp4,64,28.781001658459946,0.8056073188781738
E2b_h0.03_e0.3_L2_alibi_learn_attn_s1,L1H2,sp4,128,80.33987008188423,0.8056073188781738
E2b_h0.03_e0.3_L2_alibi_learn_attn_s1,L1H2,swap4,2,-0.9515901894012402,0.8056073188781738
E2b_h0.03_e0.3_L2_alibi_learn_attn_s1,L1H2,swap4,4,-0.690908552354446,0.8056073188781738
E2b_h0.03_e0.3_L2_alibi_learn_attn_s1,L1H2,swap4,8,-0.27067097029332654,0.8056073188781738
E2b_h0.03_e0.3_L2_alibi_learn_attn_s1,L1H2,swap4,16,0.028613389390946153,0.8056073188781738
E2b_h0.03_e0.3_L2_alibi_learn_attn_s1,L1H2,swap4,32,4.594506348582184,0.8056073188781738
E2b_h0.03_e0.3_L2_alibi_learn_attn_s1,L1H2,swap4,64,28.781001669650376,0.8056073188781738
E2b_h0.03_e0.3_L2_alibi_learn_attn_s1,L1H2,swap4,128,80.33987009256533,0.8056073188781738
E2b_h0.03_e0.3_L2_alibi_learn_attn_s1,L1H3,sp4,2,0.11330735813104598,0.1718606650829315
E2b_h0.03_e0.3_L2_alibi_learn_attn_s1,L1H3,sp4,4,0.08527966881124827,0.1718606650829315
E2b_h0.03_e0.3_L2_alibi_learn_attn_s1,L1H3,sp4,8,0.10601600891612706,0.1718606650829315
E2b_h0.03_e0.3_L2_alibi_learn_attn_s1,L1H3,sp4,16,0.1270323453385951,0.1718606650829315
E2b_h0.03_e0.3_L2_alibi_learn_attn_s1,L1H3,sp4,32,0.03144570707005556,0.1718606650829315
E2b_h0.03_e0.3_L2_alibi_learn_attn_s1,L1H3,sp4,64,-0.05952160616151403,0.1718606650829315
E2b_h0.03_e0.3_L2_alibi_learn_attn_s1,L1H3,sp4,128,-0.04241378273124674,0.1718606650829315
E2b_h0.03_e0.3_L2_alibi_learn_attn_s1,L1H3,swap4,2,-0.01456416054156251,0.1718606650829315
E2b_h0.03_e0.3_L2_alibi_learn_attn_s1,L1H3,swap4,4,-0.04787121279131629,0.1718606650829315
E2b_h0.03_e0.3_L2_alibi_learn_attn_s1,L1H3,swap4,8,-0.04177511773541048,0.1718606650829315
E2b_h0.03_e0.3_L2_alibi_learn_attn_s1,L1H3,swap4,16,-0.054680419254852675,0.1718606650829315
E2b_h0.03_e0.3_L2_alibi_learn_attn_s1,L1H3,swap4,32,-0.05316561553012411,0.1718606650829315
E2b_h0.03_e0.3_L2_alibi_learn_attn_s1,L1H3,swap4,64,-0.06821715567380338,0.1718606650829315
E2b_h0.03_e0.3_L2_alibi_learn_attn_s1,L1H3,swap4,128,-0.06860370399061999,0.1718606650829315
E2b_h0.03_e0.3_L2_alibi_learn_attn_s2,L1H0,sp4,2,-2.787444699080034,0.2103940993547439
E2b_h0.03_e0.3_L2_alibi_learn_attn_s2,L1H0,sp4,4,-2.9017871530166053,0.2103940993547439
E2b_h0.03_e0.3_L2_alibi_learn_attn_s2,L1H0,sp4,8,-2.7197781232741205,0.2103940993547439
E2b_h0.03_e0.3_L2_alibi_learn_attn_s2,L1H0,sp4,16,-2.866928718238913,0.2103940993547439
E2b_h0.03_e0.3_L2_alibi_learn_attn_s2,L1H0,sp4,32,-3.1662238819267436,0.2103940993547439
E2b_h0.03_e0.3_L2_alibi_learn_attn_s2,L1H0,sp4,64,3.8317624821622376,0.2103940993547439
E2b_h0.03_e0.3_L2_alibi_learn_attn_s2,L1H0,sp4,128,2.0126088647804448,0.2103940993547439
E2b_h0.03_e0.3_L2_alibi_learn_attn_s2,L1H0,swap4,2,1.9635355687784442,0.2103940993547439
E2b_h0.03_e0.3_L2_alibi_learn_attn_s2,L1H0,swap4,4,1.9404572351561147,0.2103940993547439
E2b_h0.03_e0.3_L2_alibi_learn_attn_s2,L1H0,swap4,8,2.287714886839929,0.2103940993547439
E2b_h0.03_e0.3_L2_alibi_learn_attn_s2,L1H0,swap4,16,1.0939556559519323,0.2103940993547439
E2b_h0.03_e0.3_L2_alibi_learn_attn_s2,L1H0,swap4,32,3.4013344015206672,0.2103940993547439
E2b_h0.03_e0.3_L2_alibi_learn_attn_s2,L1H0,swap4,64,3.7175757509466862,0.2103940993547439
E2b_h0.03_e0.3_L2_alibi_learn_attn_s2,L1H0,swap4,128,3.582261713849311,0.2103940993547439
E2b_h0.03_e0.3_L2_alibi_learn_attn_s2,L1H1,sp4,2,4.242364532319,0.2058176845312118
E2b_h0.03_e0.3_L2_alibi_learn_attn_s2,L1H1,sp4,4,4.484011681221169,0.2058176845312118
E2b_h0.03_e0.3_L2_alibi_learn_attn_s2,L1H1,sp4,8,4.762551393425207,0.2058176845312118
E2b_h0.03_e0.3_L2_alibi_learn_attn_s2,L1H1,sp4,16,4.23464002908328,0.2058176845312118
E2b_h0.03_e0.3_L2_alibi_learn_attn_s2,L1H1,sp4,32,4.6604761002777,0.2058176845312118
E2b_h0.03_e0.3_L2_alibi_learn_attn_s2,L1H1,sp4,64,-2.9470980739435966,0.2058176845312118
E2b_h0.03_e0.3_L2_alibi_learn_attn_s2,L1H1,sp4,128,3.457583166406364,0.2058176845312118
E2b_h0.03_e0.3_L2_alibi_learn_attn_s2,L1H1,swap4,2,-2.7956149440246008,0.2058176845312118
E2b_h0.03_e0.3_L2_alibi_learn_attn_s2,L1H1,swap4,4,-2.2945052429254167,0.2058176845312118
E2b_h0.03_e0.3_L2_alibi_learn_attn_s2,L1H1,swap4,8,-1.9753191426391346,0.2058176845312118
E2b_h0.03_e0.3_L2_alibi_learn_attn_s2,L1H1,swap4,16,-0.3526355832533481,0.2058176845312118
E2b_h0.03_e0.3_L2_alibi_learn_attn_s2,L1H1,swap4,32,-1.8312938872585636,0.2058176845312118
E2b_h0.03_e0.3_L2_alibi_learn_attn_s2,L1H1,swap4,64,-3.4607211655023287,0.2058176845312118
E2b_h0.03_e0.3_L2_alibi_learn_attn_s2,L1H1,swap4,128,1.3626670800850054,0.2058176845312118
E2b_h0.03_e0.3_L2_alibi_learn_attn_s2,L1H2,sp4,2,-0.8696006617043257,0.8868713974952698
E2b_h0.03_e0.3_L2_alibi_learn_attn_s2,L1H2,sp4,4,-0.6750250055653373,0.8868713974952698
E2b_h0.03_e0.3_L2_alibi_learn_attn_s2,L1H2,sp4,8,-0.3275400396644086,0.8868713974952698
E2b_h0.03_e0.3_L2_alibi_learn_attn_s2,L1H2,sp4,16,-0.16399653953962634,0.8868713974952698
E2b_h0.03_e0.3_L2_alibi_learn_attn_s2,L1H2,sp4,32,7.226423826647309,0.8868713974952698
E2b_h0.03_e0.3_L2_alibi_learn_attn_s2,L1H2,sp4,64,34.46415982397448,0.8868713974952698
E2b_h0.03_e0.3_L2_alibi_learn_attn_s2,L1H2,sp4,128,91.22392925055411,0.8868713974952698
E2b_h0.03_e0.3_L2_alibi_learn_attn_s2,L1H2,swap4,2,-1.0913148881925192,0.8868713974952698
E2b_h0.03_e0.3_L2_alibi_learn_attn_s2,L1H2,swap4,4,-0.8218987977049559,0.8868713974952698
E2b_h0.03_e0.3_L2_alibi_learn_attn_s2,L1H2,swap4,8,-0.476510473198978,0.8868713974952698
E2b_h0.03_e0.3_L2_alibi_learn_attn_s2,L1H2,swap4,16,-0.15079690493241849,0.8868713974952698
E2b_h0.03_e0.3_L2_alibi_learn_attn_s2,L1H2,swap4,32,7.3867894907516085,0.8868713974952698
E2b_h0.03_e0.3_L2_alibi_learn_attn_s2,L1H2,swap4,64,34.464159792241304,0.8868713974952698
E2b_h0.03_e0.3_L2_alibi_learn_attn_s2,L1H2,swap4,128,91.22392925066688,0.8868713974952698
E2b_h0.03_e0.3_L2_alibi_learn_attn_s2,L1H3,sp4,2,0.05385335461853458,0.2345743030309677
E2b_h0.03_e0.3_L2_alibi_learn_attn_s2,L1H3,sp4,4,0.056112097873606714,0.2345743030309677
E2b_h0.03_e0.3_L2_alibi_learn_attn_s2,L1H3,sp4,8,0.074281817058103,0.2345743030309677
E2b_h0.03_e0.3_L2_alibi_learn_attn_s2,L1H3,sp4,16,0.0710375750357004,0.2345743030309677
E2b_h0.03_e0.3_L2_alibi_learn_attn_s2,L1H3,sp4,32,0.0187823416107209,0.2345743030309677
E2b_h0.03_e0.3_L2_alibi_learn_attn_s2,L1H3,sp4,64,-0.010800387767364583,0.2345743030309677
E2b_h0.03_e0.3_L2_alibi_learn_attn_s2,L1H3,sp4,128,4.551408523016541,0.2345743030309677
E2b_h0.03_e0.3_L2_alibi_learn_attn_s2,L1H3,swap4,2,-0.18810342138355085,0.2345743030309677
E2b_h0.03_e0.3_L2_alibi_learn_attn_s2,L1H3,swap4,4,-0.15087592330720723,0.2345743030309677
E2b_h0.03_e0.3_L2_alibi_learn_attn_s2,L1H3,swap4,8,-0.12155533189953927,0.2345743030309677
E2b_h0.03_e0.3_L2_alibi_learn_attn_s2,L1H3,swap4,16,-0.07494541378064756,0.2345743030309677
E2b_h0.03_e0.3_L2_alibi_learn_attn_s2,L1H3,swap4,32,-0.0669634076536818,0.2345743030309677
E2b_h0.03_e0.3_L2_alibi_learn_attn_s2,L1H3,swap4,64,-0.006839884726242751,0.2345743030309677
E2b_h0.03_e0.3_L2_alibi_learn_attn_s2,L1H3,swap4,128,4.486984855209608,0.2345743030309677
E2c_h0.01_e0.1_L2_alibi_learn_attn_cf0.2_s0,L1H0,sp4,2,-1.3645536671973981,0.0283620692789554
E2c_h0.01_e0.1_L2_alibi_learn_attn_cf0.2_s0,L1H0,sp4,4,1.6360401103226387,0.0283620692789554
E2c_h0.01_e0.1_L2_alibi_learn_attn_cf0.2_s0,L1H0,sp4,8,1.7661911464739908,0.0283620692789554
E2c_h0.01_e0.1_L2_alibi_learn_attn_cf0.2_s0,L1H0,sp4,16,-1.4820356538202515,0.0283620692789554
E2c_h0.01_e0.1_L2_alibi_learn_attn_cf0.2_s0,L1H0,sp4,32,2.2864282053228604,0.0283620692789554
E2c_h0.01_e0.1_L2_alibi_learn_attn_cf0.2_s0,L1H0,sp4,64,1.8626212572204683,0.0283620692789554
E2c_h0.01_e0.1_L2_alibi_learn_attn_cf0.2_s0,L1H0,sp4,128,0.20440059576391423,0.0283620692789554
E2c_h0.01_e0.1_L2_alibi_learn_attn_cf0.2_s0,L1H0,swap4,2,-3.0175604327245686,0.0283620692789554
E2c_h0.01_e0.1_L2_alibi_learn_attn_cf0.2_s0,L1H0,swap4,4,-2.484542802400724,0.0283620692789554
E2c_h0.01_e0.1_L2_alibi_learn_attn_cf0.2_s0,L1H0,swap4,8,-2.6101725878888473,0.0283620692789554
E2c_h0.01_e0.1_L2_alibi_learn_attn_cf0.2_s0,L1H0,swap4,16,-2.4222982674352806,0.0283620692789554
E2c_h0.01_e0.1_L2_alibi_learn_attn_cf0.2_s0,L1H0,swap4,32,-1.89643459436315,0.0283620692789554
E2c_h0.01_e0.1_L2_alibi_learn_attn_cf0.2_s0,L1H0,swap4,64,0.3613894427614285,0.0283620692789554
E2c_h0.01_e0.1_L2_alibi_learn_attn_cf0.2_s0,L1H0,swap4,128,-1.7335578488921632,0.0283620692789554
E2c_h0.01_e0.1_L2_alibi_learn_attn_cf0.2_s0,L1H1,sp4,2,1.9503708202387295,0.0474670715630054
E2c_h0.01_e0.1_L2_alibi_learn_attn_cf0.2_s0,L1H1,sp4,4,0.48858110456902476,0.0474670715630054
E2c_h0.01_e0.1_L2_alibi_learn_attn_cf0.2_s0,L1H1,sp4,8,0.38189794551850714,0.0474670715630054
E2c_h0.01_e0.1_L2_alibi_learn_attn_cf0.2_s0,L1H1,sp4,16,1.6027844226598056,0.0474670715630054
E2c_h0.01_e0.1_L2_alibi_learn_attn_cf0.2_s0,L1H1,sp4,32,-1.39603453040554,0.0474670715630054
E2c_h0.01_e0.1_L2_alibi_learn_attn_cf0.2_s0,L1H1,sp4,64,-1.2965612816389323,0.0474670715630054
E2c_h0.01_e0.1_L2_alibi_learn_attn_cf0.2_s0,L1H1,sp4,128,0.20615042605131562,0.0474670715630054
E2c_h0.01_e0.1_L2_alibi_learn_attn_cf0.2_s0,L1H1,swap4,2,0.2659403701772075,0.0474670715630054
E2c_h0.01_e0.1_L2_alibi_learn_attn_cf0.2_s0,L1H1,swap4,4,-0.7558073347676029,0.0474670715630054
E2c_h0.01_e0.1_L2_alibi_learn_attn_cf0.2_s0,L1H1,swap4,8,0.7871841649332393,0.0474670715630054
E2c_h0.01_e0.1_L2_alibi_learn_attn_cf0.2_s0,L1H1,swap4,16,1.1381350606676541,0.0474670715630054
E2c_h0.01_e0.1_L2_alibi_learn_attn_cf0.2_s0,L1H1,swap4,32,1.0563753540393668,0.0474670715630054
E2c_h0.01_e0.1_L2_alibi_learn_attn_cf0.2_s0,L1H1,swap4,64,-1.1683444501898397,0.0474670715630054
E2c_h0.01_e0.1_L2_alibi_learn_attn_cf0.2_s0,L1H1,swap4,128,0.5555238870944605,0.0474670715630054
E2c_h0.01_e0.1_L2_alibi_learn_attn_cf0.2_s0,L1H2,sp4,2,0.07438679319213648,0.2145483642816543
E2c_h0.01_e0.1_L2_alibi_learn_attn_cf0.2_s0,L1H2,sp4,4,0.11467007055827527,0.2145483642816543
E2c_h0.01_e0.1_L2_alibi_learn_attn_cf0.2_s0,L1H2,sp4,8,0.21223263366442435,0.2145483642816543
E2c_h0.01_e0.1_L2_alibi_learn_attn_cf0.2_s0,L1H2,sp4,16,0.1810450425221013,0.2145483642816543
E2c_h0.01_e0.1_L2_alibi_learn_attn_cf0.2_s0,L1H2,sp4,32,0.08857426163319637,0.2145483642816543
E2c_h0.01_e0.1_L2_alibi_learn_attn_cf0.2_s0,L1H2,sp4,64,-0.014662640670460192,0.2145483642816543
E2c_h0.01_e0.1_L2_alibi_learn_attn_cf0.2_s0,L1H2,sp4,128,1.6112369720661537,0.2145483642816543
E2c_h0.01_e0.1_L2_alibi_learn_attn_cf0.2_s0,L1H2,swap4,2,-0.9382040523334565,0.2145483642816543
E2c_h0.01_e0.1_L2_alibi_learn_attn_cf0.2_s0,L1H2,swap4,4,-0.9434033274339433,0.2145483642816543
E2c_h0.01_e0.1_L2_alibi_learn_attn_cf0.2_s0,L1H2,swap4,8,-0.8235859900546232,0.2145483642816543
E2c_h0.01_e0.1_L2_alibi_learn_attn_cf0.2_s0,L1H2,swap4,16,-0.5477723524633302,0.2145483642816543
E2c_h0.01_e0.1_L2_alibi_learn_attn_cf0.2_s0,L1H2,swap4,32,-0.28293943309214153,0.2145483642816543
E2c_h0.01_e0.1_L2_alibi_learn_attn_cf0.2_s0,L1H2,swap4,64,-0.22303941859419663,0.2145483642816543
E2c_h0.01_e0.1_L2_alibi_learn_attn_cf0.2_s0,L1H2,swap4,128,1.5862034768066557,0.2145483642816543
E2c_h0.01_e0.1_L2_alibi_learn_attn_cf0.2_s0,L1H3,sp4,2,0.14371930028336255,0.3458613157272339
E2c_h0.01_e0.1_L2_alibi_learn_attn_cf0.2_s0,L1H3,sp4,4,0.12645752736145655,0.3458613157272339
E2c_h0.01_e0.1_L2_alibi_learn_attn_cf0.2_s0,L1H3,sp4,8,0.08773370786820589,0.3458613157272339
E2c_h0.01_e0.1_L2_alibi_learn_attn_cf0.2_s0,L1H3,sp4,16,0.05722160429588996,0.3458613157272339
E2c_h0.01_e0.1_L2_alibi_learn_attn_cf0.2_s0,L1H3,sp4,32,-0.019186749203876197,0.3458613157272339
E2c_h0.01_e0.1_L2_alibi_learn_attn_cf0.2_s0,L1H3,sp4,64,0.09213003839823841,0.3458613157272339
E2c_h0.01_e0.1_L2_alibi_learn_attn_cf0.2_s0,L1H3,sp4,128,19.175648168264836,0.3458613157272339
E2c_h0.01_e0.1_L2_alibi_learn_attn_cf0.2_s0,L1H3,swap4,2,-0.3741780185855763,0.3458613157272339
E2c_h0.01_e0.1_L2_alibi_learn_attn_cf0.2_s0,L1H3,swap4,4,-0.4361975668029532,0.3458613157272339
E2c_h0.01_e0.1_L2_alibi_learn_attn_cf0.2_s0,L1H3,swap4,8,-0.3165082437414075,0.3458613157272339
E2c_h0.01_e0.1_L2_alibi_learn_attn_cf0.2_s0,L1H3,swap4,16,-0.19215695564611446,0.3458613157272339
E2c_h0.01_e0.1_L2_alibi_learn_attn_cf0.2_s0,L1H3,swap4,32,-0.1209388117428496,0.3458613157272339
E2c_h0.01_e0.1_L2_alibi_learn_attn_cf0.2_s0,L1H3,swap4,64,-0.05489541649696861,0.3458613157272339
E2c_h0.01_e0.1_L2_alibi_learn_attn_cf0.2_s0,L1H3,swap4,128,19.18979899073495,0.3458613157272339
E2c_h0.01_e0.1_L2_alibi_learn_attn_cf0.2_s1,L1H0,sp4,2,1.7583537802781297,0.029827207326889
E2c_h0.01_e0.1_L2_alibi_learn_attn_cf0.2_s1,L1H0,sp4,4,1.809921284038659,0.029827207326889
E2c_h0.01_e0.1_L2_alibi_learn_attn_cf0.2_s1,L1H0,sp4,8,1.5281171335471988,0.029827207326889
E2c_h0.01_e0.1_L2_alibi_learn_attn_cf0.2_s1,L1H0,sp4,16,1.5102138870693016,0.029827207326889
E2c_h0.01_e0.1_L2_alibi_learn_attn_cf0.2_s1,L1H0,sp4,32,1.8085575353464867,0.029827207326889
E2c_h0.01_e0.1_L2_alibi_learn_attn_cf0.2_s1,L1H0,sp4,64,0.2995075684119717,0.029827207326889
E2c_h0.01_e0.1_L2_alibi_learn_attn_cf0.2_s1,L1H0,sp4,128,0.9536074746669979,0.029827207326889
E2c_h0.01_e0.1_L2_alibi_learn_attn_cf0.2_s1,L1H0,swap4,2,-2.0541012895325914,0.029827207326889
E2c_h0.01_e0.1_L2_alibi_learn_attn_cf0.2_s1,L1H0,swap4,4,0.06223492538179587,0.029827207326889
E2c_h0.01_e0.1_L2_alibi_learn_attn_cf0.2_s1,L1H0,swap4,8,-0.7905905637826676,0.029827207326889
E2c_h0.01_e0.1_L2_alibi_learn_attn_cf0.2_s1,L1H0,swap4,16,-2.0461042546634642,0.029827207326889
E2c_h0.01_e0.1_L2_alibi_learn_attn_cf0.2_s1,L1H0,swap4,32,-1.2138396409936676,0.029827207326889
E2c_h0.01_e0.1_L2_alibi_learn_attn_cf0.2_s1,L1H0,swap4,64,-1.1053480290793702,0.029827207326889
E2c_h0.01_e0.1_L2_alibi_learn_attn_cf0.2_s1,L1H0,swap4,128,-1.3025980092450586,0.029827207326889
E2c_h0.01_e0.1_L2_alibi_learn_attn_cf0.2_s1,L1H1,sp4,2,-0.1300093580128298,0.0471773408353328
E2c_h0.01_e0.1_L2_alibi_learn_attn_cf0.2_s1,L1H1,sp4,4,-1.726969895465467,0.0471773408353328
E2c_h0.01_e0.1_L2_alibi_learn_attn_cf0.2_s1,L1H1,sp4,8,0.09469337672688487,0.0471773408353328
E2c_h0.01_e0.1_L2_alibi_learn_attn_cf0.2_s1,L1H1,sp4,16,0.4871600815520247,0.0471773408353328
E2c_h0.01_e0.1_L2_alibi_learn_attn_cf0.2_s1,L1H1,sp4,32,-0.2471934342623176,0.0471773408353328
E2c_h0.01_e0.1_L2_alibi_learn_attn_cf0.2_s1,L1H1,sp4,64,1.1022155301570797,0.0471773408353328
E2c_h0.01_e0.1_L2_alibi_learn_attn_cf0.2_s1,L1H1,sp4,128,-0.0933064747198693,0.0471773408353328
E2c_h0.01_e0.1_L2_alibi_learn_attn_cf0.2_s1,L1H1,swap4,2,-2.2300420411211395,0.0471773408353328
E2c_h0.01_e0.1_L2_alibi_learn_attn_cf0.2_s1,L1H1,swap4,4,-2.7605408796884943,0.0471773408353328
E2c_h0.01_e0.1_L2_alibi_learn_attn_cf0.2_s1,L1H1,swap4,8,-2.010755493434112,0.0471773408353328
E2c_h0.01_e0.1_L2_alibi_learn_attn_cf0.2_s1,L1H1,swap4,16,-0.5092002886476974,0.0471773408353328
E2c_h0.01_e0.1_L2_alibi_learn_attn_cf0.2_s1,L1H1,swap4,32,-0.8279328153145158,0.0471773408353328
E2c_h0.01_e0.1_L2_alibi_learn_attn_cf0.2_s1,L1H1,swap4,64,0.47732522600046035,0.0471773408353328
E2c_h0.01_e0.1_L2_alibi_learn_attn_cf0.2_s1,L1H1,swap4,128,-0.745210427461839,0.0471773408353328
E2c_h0.01_e0.1_L2_alibi_learn_attn_cf0.2_s1,L1H2,sp4,2,0.0799418758376087,0.2133462280035019
E2c_h0.01_e0.1_L2_alibi_learn_attn_cf0.2_s1,L1H2,sp4,4,0.10709098908771886,0.2133462280035019
E2c_h0.01_e0.1_L2_alibi_learn_attn_cf0.2_s1,L1H2,sp4,8,0.028220432936250983,0.2133462280035019
E2c_h0.01_e0.1_L2_alibi_learn_attn_cf0.2_s1,L1H2,sp4,16,0.11594492781455212,0.2133462280035019
E2c_h0.01_e0.1_L2_alibi_learn_attn_cf0.2_s1,L1H2,sp4,32,-0.01765522686769172,0.2133462280035019
E2c_h0.01_e0.1_L2_alibi_learn_attn_cf0.2_s1,L1H2,sp4,64,-0.031110384518213685,0.2133462280035019
E2c_h0.01_e0.1_L2_alibi_learn_attn_cf0.2_s1,L1H2,sp4,128,1.5144067784268938,0.2133462280035019
E2c_h0.01_e0.1_L2_alibi_learn_attn_cf0.2_s1,L1H2,swap4,2,-1.0038687745775658,0.2133462280035019
E2c_h0.01_e0.1_L2_alibi_learn_attn_cf0.2_s1,L1H2,swap4,4,-1.080634861419882,0.2133462280035019
E2c_h0.01_e0.1_L2_alibi_learn_attn_cf0.2_s1,L1H2,swap4,8,-0.8647849701176145,0.2133462280035019
E2c_h0.01_e0.1_L2_alibi_learn_attn_cf0.2_s1,L1H2,swap4,16,-0.6153243195361835,0.2133462280035019
E2c_h0.01_e0.1_L2_alibi_learn_attn_cf0.2_s1,L1H2,swap4,32,-0.34907824791598774,0.2133462280035019
E2c_h0.01_e0.1_L2_alibi_learn_attn_cf0.2_s1,L1H2,swap4,64,-0.19633226615387667,0.2133462280035019
E2c_h0.01_e0.1_L2_alibi_learn_attn_cf0.2_s1,L1H2,swap4,128,1.4609303311109336,0.2133462280035019
E2c_h0.01_e0.1_L2_alibi_learn_attn_cf0.2_s1,L1H3,sp4,2,0.151219370431928,0.3432829678058624
E2c_h0.01_e0.1_L2_alibi_learn_attn_cf0.2_s1,L1H3,sp4,4,0.17723371579799874,0.3432829678058624
E2c_h0.01_e0.1_L2_alibi_learn_attn_cf0.2_s1,L1H3,sp4,8,0.05646038396688713,0.3432829678058624
E2c_h0.01_e0.1_L2_alibi_learn_attn_cf0.2_s1,L1H3,sp4,16,0.042941666844624304,0.3432829678058624
E2c_h0.01_e0.1_L2_alibi_learn_attn_cf0.2_s1,L1H3,sp4,32,-0.016046568337299227,0.3432829678058624
E2c_h0.01_e0.1_L2_alibi_learn_attn_cf0.2_s1,L1H3,sp4,64,0.014442833480963202,0.3432829678058624
E2c_h0.01_e0.1_L2_alibi_learn_attn_cf0.2_s1,L1H3,sp4,128,18.681952681326145,0.3432829678058624
E2c_h0.01_e0.1_L2_alibi_learn_attn_cf0.2_s1,L1H3,swap4,2,-0.330933082612869,0.3432829678058624
E2c_h0.01_e0.1_L2_alibi_learn_attn_cf0.2_s1,L1H3,swap4,4,-0.42937398919167125,0.3432829678058624
E2c_h0.01_e0.1_L2_alibi_learn_attn_cf0.2_s1,L1H3,swap4,8,-0.29352746677585007,0.3432829678058624
E2c_h0.01_e0.1_L2_alibi_learn_attn_cf0.2_s1,L1H3,swap4,16,-0.20166664689993352,0.3432829678058624
E2c_h0.01_e0.1_L2_alibi_learn_attn_cf0.2_s1,L1H3,swap4,32,-0.12409632113402846,0.3432829678058624
E2c_h0.01_e0.1_L2_alibi_learn_attn_cf0.2_s1,L1H3,swap4,64,-0.03318682749165269,0.3432829678058624
E2c_h0.01_e0.1_L2_alibi_learn_attn_cf0.2_s1,L1H3,swap4,128,18.6409975327948,0.3432829678058624
E2c_h0.01_e0.1_L2_alibi_learn_attn_cf0.2_s2,L1H0,sp4,2,1.6677976757908426,0.0296619981527328
E2c_h0.01_e0.1_L2_alibi_learn_attn_cf0.2_s2,L1H0,sp4,4,-0.1289749874385892,0.0296619981527328
E2c_h0.01_e0.1_L2_alibi_learn_attn_cf0.2_s2,L1H0,sp4,8,1.5177591848733463,0.0296619981527328
E2c_h0.01_e0.1_L2_alibi_learn_attn_cf0.2_s2,L1H0,sp4,16,1.270308171129843,0.0296619981527328
E2c_h0.01_e0.1_L2_alibi_learn_attn_cf0.2_s2,L1H0,sp4,32,0.6363718590288425,0.0296619981527328
E2c_h0.01_e0.1_L2_alibi_learn_attn_cf0.2_s2,L1H0,sp4,64,1.2873905923013078,0.0296619981527328
E2c_h0.01_e0.1_L2_alibi_learn_attn_cf0.2_s2,L1H0,sp4,128,0.023286588278313314,0.0296619981527328
E2c_h0.01_e0.1_L2_alibi_learn_attn_cf0.2_s2,L1H0,swap4,2,0.0881642045136396,0.0296619981527328
E2c_h0.01_e0.1_L2_alibi_learn_attn_cf0.2_s2,L1H0,swap4,4,-2.71345748359795,0.0296619981527328
E2c_h0.01_e0.1_L2_alibi_learn_attn_cf0.2_s2,L1H0,swap4,8,-2.162085565684249,0.0296619981527328
E2c_h0.01_e0.1_L2_alibi_learn_attn_cf0.2_s2,L1H0,swap4,16,-2.0602657722221505,0.0296619981527328
E2c_h0.01_e0.1_L2_alibi_learn_attn_cf0.2_s2,L1H0,swap4,32,0.3457748792750326,0.0296619981527328
E2c_h0.01_e0.1_L2_alibi_learn_attn_cf0.2_s2,L1H0,swap4,64,-0.711285161387155,0.0296619981527328
E2c_h0.01_e0.1_L2_alibi_learn_attn_cf0.2_s2,L1H0,swap4,128,-1.3825896622000977,0.0296619981527328
E2c_h0.01_e0.1_L2_alibi_learn_attn_cf0.2_s2,L1H1,sp4,2,-1.6825494902162832,0.0461964644491672
E2c_h0.01_e0.1_L2_alibi_learn_attn_cf0.2_s2,L1H1,sp4,4,0.9734970797429277,0.0461964644491672
E2c_h0.01_e0.1_L2_alibi_learn_attn_cf0.2_s2,L1H1,sp4,8,-0.5895170534116059,0.0461964644491672
E2c_h0.01_e0.1_L2_alibi_learn_attn_cf0.2_s2,L1H1,sp4,16,0.8452373312885038,0.0461964644491672
E2c_h0.01_e0.1_L2_alibi_learn_attn_cf0.2_s2,L1H1,sp4,32,0.33161608824334865,0.0461964644491672
E2c_h0.01_e0.1_L2_alibi_learn_attn_cf0.2_s2,L1H1,sp4,64,-0.2481521493304637,0.0461964644491672
E2c_h0.01_e0.1_L2_alibi_learn_attn_cf0.2_s2,L1H1,sp4,128,0.5611688639193328,0.0461964644491672
E2c_h0.01_e0.1_L2_alibi_learn_attn_cf0.2_s2,L1H1,swap4,2,-2.97188118879438,0.0461964644491672
E2c_h0.01_e0.1_L2_alibi_learn_attn_cf0.2_s2,L1H1,swap4,4,-0.7956434348430583,0.0461964644491672
E2c_h0.01_e0.1_L2_alibi_learn_attn_cf0.2_s2,L1H1,swap4,8,-0.4977120433118614,0.0461964644491672
E2c_h0.01_e0.1_L2_alibi_learn_attn_cf0.2_s2,L1H1,swap4,16,0.2667189224298024,0.0461964644491672
E2c_h0.01_e0.1_L2_alibi_learn_attn_cf0.2_s2,L1H1,swap4,32,-1.369158918410502,0.0461964644491672
E2c_h0.01_e0.1_L2_alibi_learn_attn_cf0.2_s2,L1H1,swap4,64,1.1250114117423433,0.0461964644491672
E2c_h0.01_e0.1_L2_alibi_learn_attn_cf0.2_s2,L1H1,swap4,128,0.2704657614481061,0.0461964644491672
E2c_h0.01_e0.1_L2_alibi_learn_attn_cf0.2_s2,L1H2,sp4,2,0.15467791778571477,0.2102769613265991
E2c_h0.01_e0.1_L2_alibi_learn_attn_cf0.2_s2,L1H2,sp4,4,0.12974101304548274,0.2102769613265991
E2c_h0.01_e0.1_L2_alibi_learn_attn_cf0.2_s2,L1H2,sp4,8,0.04313289872571113,0.2102769613265991
E2c_h0.01_e0.1_L2_alibi_learn_attn_cf0.2_s2,L1H2,sp4,16,0.12762717778271893,0.2102769613265991
E2c_h0.01_e0.1_L2_alibi_learn_attn_cf0.2_s2,L1H2,sp4,32,0.021565920284733586,0.2102769613265991
E2c_h0.01_e0.1_L2_alibi_learn_attn_cf0.2_s2,L1H2,sp4,64,-0.040859524644683454,0.2102769613265991
E2c_h0.01_e0.1_L2_alibi_learn_attn_cf0.2_s2,L1H2,sp4,128,1.1661775124545581,0.2102769613265991
E2c_h0.01_e0.1_L2_alibi_learn_attn_cf0.2_s2,L1H2,swap4,2,-0.9894948971942938,0.2102769613265991
E2c_h0.01_e0.1_L2_alibi_learn_attn_cf0.2_s2,L1H2,swap4,4,-1.0078525472865525,0.2102769613265991
E2c_h0.01_e0.1_L2_alibi_learn_attn_cf0.2_s2,L1H2,swap4,8,-0.6811227277464618,0.2102769613265991
E2c_h0.01_e0.1_L2_alibi_learn_attn_cf0.2_s2,L1H2,swap4,16,-0.6164869146596024,0.2102769613265991
E2c_h0.01_e0.1_L2_alibi_learn_attn_cf0.2_s2,L1H2,swap4,32,-0.26587658219412846,0.2102769613265991
E2c_h0.01_e0.1_L2_alibi_learn_attn_cf0.2_s2,L1H2,swap4,64,-0.18772194575776346,0.2102769613265991
E2c_h0.01_e0.1_L2_alibi_learn_attn_cf0.2_s2,L1H2,swap4,128,1.1611761854258056,0.2102769613265991
E2c_h0.01_e0.1_L2_alibi_learn_attn_cf0.2_s2,L1H3,sp4,2,0.12898504548945722,0.3529379069805145
E2c_h0.01_e0.1_L2_alibi_learn_attn_cf0.2_s2,L1H3,sp4,4,0.09049917647060435,0.3529379069805145
E2c_h0.01_e0.1_L2_alibi_learn_attn_cf0.2_s2,L1H3,sp4,8,0.09905331505329107,0.3529379069805145
E2c_h0.01_e0.1_L2_alibi_learn_attn_cf0.2_s2,L1H3,sp4,16,0.1255299037068789,0.3529379069805145
E2c_h0.01_e0.1_L2_alibi_learn_attn_cf0.2_s2,L1H3,sp4,32,-0.050472325977238164,0.3529379069805145
E2c_h0.01_e0.1_L2_alibi_learn_attn_cf0.2_s2,L1H3,sp4,64,0.12769682006886462,0.3529379069805145
E2c_h0.01_e0.1_L2_alibi_learn_attn_cf0.2_s2,L1H3,sp4,128,19.93239288145386,0.3529379069805145
E2c_h0.01_e0.1_L2_alibi_learn_attn_cf0.2_s2,L1H3,swap4,2,-0.4340232159659976,0.3529379069805145
E2c_h0.01_e0.1_L2_alibi_learn_attn_cf0.2_s2,L1H3,swap4,4,-0.43029853840643195,0.3529379069805145
E2c_h0.01_e0.1_L2_alibi_learn_attn_cf0.2_s2,L1H3,swap4,8,-0.28713649108669204,0.3529379069805145
E2c_h0.01_e0.1_L2_alibi_learn_attn_cf0.2_s2,L1H3,swap4,16,-0.23657733868651576,0.3529379069805145
E2c_h0.01_e0.1_L2_alibi_learn_attn_cf0.2_s2,L1H3,swap4,32,-0.15375196436259486,0.3529379069805145
E2c_h0.01_e0.1_L2_alibi_learn_attn_cf0.2_s2,L1H3,swap4,64,0.015000773171612636,0.3529379069805145
E2c_h0.01_e0.1_L2_alibi_learn_attn_cf0.2_s2,L1H3,swap4,128,19.946992142279512,0.3529379069805145
E2c_h0.03_e0.2_L2_alibi_learn_attn_cf0.2_s0,L1H0,sp4,2,-2.101218964564642,0.0935148671269416
E2c_h0.03_e0.2_L2_alibi_learn_attn_cf0.2_s0,L1H0,sp4,4,-1.8188111254590233,0.0935148671269416
E2c_h0.03_e0.2_L2_alibi_learn_attn_cf0.2_s0,L1H0,sp4,8,0.46741366236435833,0.0935148671269416
E2c_h0.03_e0.2_L2_alibi_learn_attn_cf0.2_s0,L1H0,sp4,16,-1.665894595627579,0.0935148671269416
E2c_h0.03_e0.2_L2_alibi_learn_attn_cf0.2_s0,L1H0,sp4,32,-0.9970911064546623,0.0935148671269416
E2c_h0.03_e0.2_L2_alibi_learn_attn_cf0.2_s0,L1H0,sp4,64,1.3809380075184259,0.0935148671269416
E2c_h0.03_e0.2_L2_alibi_learn_attn_cf0.2_s0,L1H0,sp4,128,-1.311513989594836,0.0935148671269416
E2c_h0.03_e0.2_L2_alibi_learn_attn_cf0.2_s0,L1H0,swap4,2,-2.3619197703320536,0.0935148671269416
E2c_h0.03_e0.2_L2_alibi_learn_attn_cf0.2_s0,L1H0,swap4,4,-0.4022462875502012,0.0935148671269416
E2c_h0.03_e0.2_L2_alibi_learn_attn_cf0.2_s0,L1H0,swap4,8,0.28889787110811027,0.0935148671269416
E2c_h0.03_e0.2_L2_alibi_learn_attn_cf0.2_s0,L1H0,swap4,16,-1.1236466274863852,0.0935148671269416
E2c_h0.03_e0.2_L2_alibi_learn_attn_cf0.2_s0,L1H0,swap4,32,0.7047751160556808,0.0935148671269416
E2c_h0.03_e0.2_L2_alibi_learn_attn_cf0.2_s0,L1H0,swap4,64,-0.022646169753606227,0.0935148671269416
E2c_h0.03_e0.2_L2_alibi_learn_attn_cf0.2_s0,L1H0,swap4,128,0.38186893061508886,0.0935148671269416
E2c_h0.03_e0.2_L2_alibi_learn_attn_cf0.2_s0,L1H1,sp4,2,2.5075184625691262,0.1151255220174789
E2c_h0.03_e0.2_L2_alibi_learn_attn_cf0.2_s0,L1H1,sp4,4,2.449432084147235,0.1151255220174789
E2c_h0.03_e0.2_L2_alibi_learn_attn_cf0.2_s0,L1H1,sp4,8,0.23946916560262055,0.1151255220174789
E2c_h0.03_e0.2_L2_alibi_learn_attn_cf0.2_s0,L1H1,sp4,16,2.7538039751756482,0.1151255220174789
E2c_h0.03_e0.2_L2_alibi_learn_attn_cf0.2_s0,L1H1,sp4,32,1.985757496769668,0.1151255220174789
E2c_h0.03_e0.2_L2_alibi_learn_attn_cf0.2_s0,L1H1,sp4,64,-0.9869346262819785,0.1151255220174789
E2c_h0.03_e0.2_L2_alibi_learn_attn_cf0.2_s0,L1H1,sp4,128,0.847733577882698,0.1151255220174789
E2c_h0.03_e0.2_L2_alibi_learn_attn_cf0.2_s0,L1H1,swap4,2,0.5138277892048255,0.1151255220174789
E2c_h0.03_e0.2_L2_alibi_learn_attn_cf0.2_s0,L1H1,swap4,4,-0.7716939889801802,0.1151255220174789
E2c_h0.03_e0.2_L2_alibi_learn_attn_cf0.2_s0,L1H1,swap4,8,-2.006213400130026,0.1151255220174789
E2c_h0.03_e0.2_L2_alibi_learn_attn_cf0.2_s0,L1H1,swap4,16,0.6763678126664175,0.1151255220174789
E2c_h0.03_e0.2_L2_alibi_learn_attn_cf0.2_s0,L1H1,swap4,32,-0.8171562147630069,0.1151255220174789
E2c_h0.03_e0.2_L2_alibi_learn_attn_cf0.2_s0,L1H1,swap4,64,0.28661218292085566,0.1151255220174789
E2c_h0.03_e0.2_L2_alibi_learn_attn_cf0.2_s0,L1H1,swap4,128,-0.1435089913256249,0.1151255220174789
E2c_h0.03_e0.2_L2_alibi_learn_attn_cf0.2_s0,L1H2,sp4,2,-0.5223518223613097,0.6205388903617859
E2c_h0.03_e0.2_L2_alibi_learn_attn_cf0.2_s0,L1H2,sp4,4,-0.26806716977546685,0.6205388903617859
E2c_h0.03_e0.2_L2_alibi_learn_attn_cf0.2_s0,L1H2,sp4,8,-0.12659471057112404,0.6205388903617859
E2c_h0.03_e0.2_L2_alibi_learn_attn_cf0.2_s0,L1H2,sp4,16,-0.008472603129664691,0.6205388903617859
E2c_h0.03_e0.2_L2_alibi_learn_attn_cf0.2_s0,L1H2,sp4,32,0.37933851157844245,0.6205388903617859
E2c_h0.03_e0.2_L2_alibi_learn_attn_cf0.2_s0,L1H2,sp4,64,15.84653929075358,0.6205388903617859
E2c_h0.03_e0.2_L2_alibi_learn_attn_cf0.2_s0,L1H2,sp4,128,55.56102568116013,0.6205388903617859
E2c_h0.03_e0.2_L2_alibi_learn_attn_cf0.2_s0,L1H2,swap4,2,-1.471008448724402,0.6205388903617859
E2c_h0.03_e0.2_L2_alibi_learn_attn_cf0.2_s0,L1H2,swap4,4,-1.1883125341338228,0.6205388903617859
E2c_h0.03_e0.2_L2_alibi_learn_attn_cf0.2_s0,L1H2,swap4,8,-1.0315976648205232,0.6205388903617859
E2c_h0.03_e0.2_L2_alibi_learn_attn_cf0.2_s0,L1H2,swap4,16,-0.6402671729040792,0.6205388903617859
E2c_h0.03_e0.2_L2_alibi_learn_attn_cf0.2_s0,L1H2,swap4,32,0.16496568213940677,0.6205388903617859
E2c_h0.03_e0.2_L2_alibi_learn_attn_cf0.2_s0,L1H2,swap4,64,15.846537750999955,0.6205388903617859
E2c_h0.03_e0.2_L2_alibi_learn_attn_cf0.2_s0,L1H2,swap4,128,55.56102571716157,0.6205388903617859
E2c_h0.03_e0.2_L2_alibi_learn_attn_cf0.2_s0,L1H3,sp4,2,0.1453400216723909,0.4043843746185303
E2c_h0.03_e0.2_L2_alibi_learn_attn_cf0.2_s0,L1H3,sp4,4,0.11514817251724385,0.4043843746185303
E2c_h0.03_e0.2_L2_alibi_learn_attn_cf0.2_s0,L1H3,sp4,8,0.17718717204304602,0.4043843746185303
E2c_h0.03_e0.2_L2_alibi_learn_attn_cf0.2_s0,L1H3,sp4,16,0.185949592140513,0.4043843746185303
E2c_h0.03_e0.2_L2_alibi_learn_attn_cf0.2_s0,L1H3,sp4,32,0.10429424579386382,0.4043843746185303
E2c_h0.03_e0.2_L2_alibi_learn_attn_cf0.2_s0,L1H3,sp4,64,1.6966309469706538,0.4043843746185303
E2c_h0.03_e0.2_L2_alibi_learn_attn_cf0.2_s0,L1H3,sp4,128,27.14733510297958,0.4043843746185303
E2c_h0.03_e0.2_L2_alibi_learn_attn_cf0.2_s0,L1H3,swap4,2,-0.2992788247187615,0.4043843746185303
E2c_h0.03_e0.2_L2_alibi_learn_attn_cf0.2_s0,L1H3,swap4,4,-0.26131530915606993,0.4043843746185303
E2c_h0.03_e0.2_L2_alibi_learn_attn_cf0.2_s0,L1H3,swap4,8,-0.20752734960628505,0.4043843746185303
E2c_h0.03_e0.2_L2_alibi_learn_attn_cf0.2_s0,L1H3,swap4,16,-0.12853824104332112,0.4043843746185303
E2c_h0.03_e0.2_L2_alibi_learn_attn_cf0.2_s0,L1H3,swap4,32,-0.0519258703340757,0.4043843746185303
E2c_h0.03_e0.2_L2_alibi_learn_attn_cf0.2_s0,L1H3,swap4,64,1.6004031534433967,0.4043843746185303
E2c_h0.03_e0.2_L2_alibi_learn_attn_cf0.2_s0,L1H3,swap4,128,27.14836813052706,0.4043843746185303
E2c_h0.03_e0.2_L2_alibi_learn_attn_cf0.2_s1,L1H0,sp4,2,2.2593501432562713,0.0941945314407348
E2c_h0.03_e0.2_L2_alibi_learn_attn_cf0.2_s1,L1H0,sp4,4,2.082668530457264,0.0941945314407348
E2c_h0.03_e0.2_L2_alibi_learn_attn_cf0.2_s1,L1H0,sp4,8,0.07459287346250976,0.0941945314407348
E2c_h0.03_e0.2_L2_alibi_learn_attn_cf0.2_s1,L1H0,sp4,16,-1.0881805705760907,0.0941945314407348
E2c_h0.03_e0.2_L2_alibi_learn_attn_cf0.2_s1,L1H0,sp4,32,1.1066299438716607,0.0941945314407348
E2c_h0.03_e0.2_L2_alibi_learn_attn_cf0.2_s1,L1H0,sp4,64,-1.5063029072132954,0.0941945314407348
E2c_h0.03_e0.2_L2_alibi_learn_attn_cf0.2_s1,L1H0,sp4,128,-0.054005472043648695,0.0941945314407348
E2c_h0.03_e0.2_L2_alibi_learn_attn_cf0.2_s1,L1H0,swap4,2,0.3976714022919035,0.0941945314407348
E2c_h0.03_e0.2_L2_alibi_learn_attn_cf0.2_s1,L1H0,swap4,4,0.7736785108505868,0.0941945314407348
E2c_h0.03_e0.2_L2_alibi_learn_attn_cf0.2_s1,L1H0,swap4,8,0.07769184073118773,0.0941945314407348
E2c_h0.03_e0.2_L2_alibi_learn_attn_cf0.2_s1,L1H0,swap4,16,-1.693499233514723,0.0941945314407348
E2c_h0.03_e0.2_L2_alibi_learn_attn_cf0.2_s1,L1H0,swap4,32,0.03606915724691029,0.0941945314407348
E2c_h0.03_e0.2_L2_alibi_learn_attn_cf0.2_s1,L1H0,swap4,64,-1.5255076853103406,0.0941945314407348
E2c_h0.03_e0.2_L2_alibi_learn_attn_cf0.2_s1,L1H0,swap4,128,-0.5655926294402107,0.0941945314407348
E2c_h0.03_e0.2_L2_alibi_learn_attn_cf0.2_s1,L1H1,sp4,2,-1.5928788127371152,0.1181410327553749
E2c_h0.03_e0.2_L2_alibi_learn_attn_cf0.2_s1,L1H1,sp4,4,-1.7355409708911096,0.1181410327553749
E2c_h0.03_e0.2_L2_alibi_learn_attn_cf0.2_s1,L1H1,sp4,8,0.44448909969265216,0.1181410327553749
E2c_h0.03_e0.2_L2_alibi_learn_attn_cf0.2_s1,L1H1,sp4,16,0.9913554130012754,0.1181410327553749
E2c_h0.03_e0.2_L2_alibi_learn_attn_cf0.2_s1,L1H1,sp4,32,-0.09076351620883338,0.1181410327553749
E2c_h0.03_e0.2_L2_alibi_learn_attn_cf0.2_s1,L1H1,sp4,64,1.5796847705468275,0.1181410327553749
E2c_h0.03_e0.2_L2_alibi_learn_attn_cf0.2_s1,L1H1,sp4,128,0.4233709997906816,0.1181410327553749
E2c_h0.03_e0.2_L2_alibi_learn_attn_cf0.2_s1,L1H1,swap4,2,-1.9828103499139726,0.1181410327553749
E2c_h0.03_e0.2_L2_alibi_learn_attn_cf0.2_s1,L1H1,swap4,4,-2.4709338446442075,0.1181410327553749
E2c_h0.03_e0.2_L2_alibi_learn_attn_cf0.2_s1,L1H1,swap4,8,-1.7999988511397078,0.1181410327553749
E2c_h0.03_e0.2_L2_alibi_learn_attn_cf0.2_s1,L1H1,swap4,16,0.4136900007217731,0.1181410327553749
E2c_h0.03_e0.2_L2_alibi_learn_attn_cf0.2_s1,L1H1,swap4,32,0.26381298108139006,0.1181410327553749
E2c_h0.03_e0.2_L2_alibi_learn_attn_cf0.2_s1,L1H1,swap4,64,1.076715136097433,0.1181410327553749
E2c_h0.03_e0.2_L2_alibi_learn_attn_cf0.2_s1,L1H1,swap4,128,0.6601230600459846,0.1181410327553749
E2c_h0.03_e0.2_L2_alibi_learn_attn_cf0.2_s1,L1H2,sp4,2,-0.46972293699194667,0.6365155577659607
E2c_h0.03_e0.2_L2_alibi_learn_attn_cf0.2_s1,L1H2,sp4,4,-0.2726321884601257,0.6365155577659607
E2c_h0.03_e0.2_L2_alibi_learn_attn_cf0.2_s1,L1H2,sp4,8,-0.14209707584793785,0.6365155577659607
E2c_h0.03_e0.2_L2_alibi_learn_attn_cf0.2_s1,L1H2,sp4,16,0.016655199714510793,0.6365155577659607
E2c_h0.03_e0.2_L2_alibi_learn_attn_cf0.2_s1,L1H2,sp4,32,0.6792063549104572,0.6365155577659607
E2c_h0.03_e0.2_L2_alibi_learn_attn_cf0.2_s1,L1H2,sp4,64,16.96256195308961,0.6365155577659607
E2c_h0.03_e0.2_L2_alibi_learn_attn_cf0.2_s1,L1H2,sp4,128,57.69955787392555,0.6365155577659607
E2c_h0.03_e0.2_L2_alibi_learn_attn_cf0.2_s1,L1H2,swap4,2,-1.473546024151231,0.6365155577659607
E2c_h0.03_e0.2_L2_alibi_learn_attn_cf0.2_s1,L1H2,swap4,4,-1.2190732987765598,0.6365155577659607
E2c_h0.03_e0.2_L2_alibi_learn_attn_cf0.2_s1,L1H2,swap4,8,-1.0650729552657214,0.6365155577659607
E2c_h0.03_e0.2_L2_alibi_learn_attn_cf0.2_s1,L1H2,swap4,16,-0.6992020276378943,0.6365155577659607
E2c_h0.03_e0.2_L2_alibi_learn_attn_cf0.2_s1,L1H2,swap4,32,0.4591059538461266,0.6365155577659607
E2c_h0.03_e0.2_L2_alibi_learn_attn_cf0.2_s1,L1H2,swap4,64,16.962561711904854,0.6365155577659607
E2c_h0.03_e0.2_L2_alibi_learn_attn_cf0.2_s1,L1H2,swap4,128,57.699557336551955,0.6365155577659607
E2c_h0.03_e0.2_L2_alibi_learn_attn_cf0.2_s1,L1H3,sp4,2,0.08803154385100997,0.4066122770309448
E2c_h0.03_e0.2_L2_alibi_learn_attn_cf0.2_s1,L1H3,sp4,4,0.07457681011945505,0.4066122770309448
E2c_h0.03_e0.2_L2_alibi_learn_attn_cf0.2_s1,L1H3,sp4,8,0.11612905802402995,0.4066122770309448
E2c_h0.03_e0.2_L2_alibi_learn_attn_cf0.2_s1,L1H3,sp4,16,0.13091351079260516,0.4066122770309448
E2c_h0.03_e0.2_L2_alibi_learn_attn_cf0.2_s1,L1H3,sp4,32,0.08384831051540953,0.4066122770309448
E2c_h0.03_e0.2_L2_alibi_learn_attn_cf0.2_s1,L1H3,sp4,64,1.7512498141789639,0.4066122770309448
E2c_h0.03_e0.2_L2_alibi_learn_attn_cf0.2_s1,L1H3,sp4,128,27.45312347447418,0.4066122770309448
E2c_h0.03_e0.2_L2_alibi_learn_attn_cf0.2_s1,L1H3,swap4,2,-0.2915629260261601,0.4066122770309448
E2c_h0.03_e0.2_L2_alibi_learn_attn_cf0.2_s1,L1H3,swap4,4,-0.27792909220029216,0.4066122770309448
E2c_h0.03_e0.2_L2_alibi_learn_attn_cf0.2_s1,L1H3,swap4,8,-0.2252296990359377,0.4066122770309448
E2c_h0.03_e0.2_L2_alibi_learn_attn_cf0.2_s1,L1H3,swap4,16,-0.16570410594652873,0.4066122770309448
E2c_h0.03_e0.2_L2_alibi_learn_attn_cf0.2_s1,L1H3,swap4,32,-0.05053618620480105,0.4066122770309448
E2c_h0.03_e0.2_L2_alibi_learn_attn_cf0.2_s1,L1H3,swap4,64,1.6500551246287767,0.4066122770309448
E2c_h0.03_e0.2_L2_alibi_learn_attn_cf0.2_s1,L1H3,swap4,128,27.394742859350846,0.4066122770309448
E2c_h0.03_e0.2_L2_alibi_learn_attn_cf0.2_s2,L1H0,sp4,2,-1.1082034947818402,0.0968833044171333
E2c_h0.03_e0.2_L2_alibi_learn_attn_cf0.2_s2,L1H0,sp4,4,-1.829397681757015,0.0968833044171333
E2c_h0.03_e0.2_L2_alibi_learn_attn_cf0.2_s2,L1H0,sp4,8,2.395410308441421,0.0968833044171333
E2c_h0.03_e0.2_L2_alibi_learn_attn_cf0.2_s2,L1H0,sp4,16,2.428665428709018,0.0968833044171333
E2c_h0.03_e0.2_L2_alibi_learn_attn_cf0.2_s2,L1H0,sp4,32,1.2145541313073713,0.0968833044171333
E2c_h0.03_e0.2_L2_alibi_learn_attn_cf0.2_s2,L1H0,sp4,64,1.776542591626781,0.0968833044171333
E2c_h0.03_e0.2_L2_alibi_learn_attn_cf0.2_s2,L1H0,sp4,128,0.04365222052803208,0.0968833044171333
E2c_h0.03_e0.2_L2_alibi_learn_attn_cf0.2_s2,L1H0,swap4,2,-1.013734281282496,0.0968833044171333
E2c_h0.03_e0.2_L2_alibi_learn_attn_cf0.2_s2,L1H0,swap4,4,-0.22014886846066425,0.0968833044171333
E2c_h0.03_e0.2_L2_alibi_learn_attn_cf0.2_s2,L1H0,swap4,8,0.8244677242074809,0.0968833044171333
E2c_h0.03_e0.2_L2_alibi_learn_attn_cf0.2_s2,L1H0,swap4,16,0.6083690468572542,0.0968833044171333
E2c_h0.03_e0.2_L2_alibi_learn_attn_cf0.2_s2,L1H0,swap4,32,0.32813237900826786,0.0968833044171333
E2c_h0.03_e0.2_L2_alibi_learn_attn_cf0.2_s2,L1H0,swap4,64,0.9074726065063836,0.0968833044171333
E2c_h0.03_e0.2_L2_alibi_learn_attn_cf0.2_s2,L1H0,swap4,128,0.5091725789266679,0.0968833044171333
E2c_h0.03_e0.2_L2_alibi_learn_attn_cf0.2_s2,L1H1,sp4,2,1.5112917684291536,0.1187435910105705
E2c_h0.03_e0.2_L2_alibi_learn_attn_cf0.2_s2,L1H1,sp4,4,2.252018762628402,0.1187435910105705
E2c_h0.03_e0.2_L2_alibi_learn_attn_cf0.2_s2,L1H1,sp4,8,-1.23313202620605,0.1187435910105705
E2c_h0.03_e0.2_L2_alibi_learn_attn_cf0.2_s2,L1H1,sp4,16,-1.366138335413878,0.1187435910105705
E2c_h0.03_e0.2_L2_alibi_learn_attn_cf0.2_s2,L1H1,sp4,32,-0.6602756683926425,0.1187435910105705
E2c_h0.03_e0.2_L2_alibi_learn_attn_cf0.2_s2,L1H1,sp4,64,-1.3417133256383282,0.1187435910105705
E2c_h0.03_e0.2_L2_alibi_learn_attn_cf0.2_s2,L1H1,sp4,128,-0.6019666527187155,0.1187435910105705
E2c_h0.03_e0.2_L2_alibi_learn_attn_cf0.2_s2,L1H1,swap4,2,-0.6937147022847471,0.1187435910105705
E2c_h0.03_e0.2_L2_alibi_learn_attn_cf0.2_s2,L1H1,swap4,4,-1.1473941150866092,0.1187435910105705
E2c_h0.03_e0.2_L2_alibi_learn_attn_cf0.2_s2,L1H1,swap4,8,-1.8056183872175358,0.1187435910105705
E2c_h0.03_e0.2_L2_alibi_learn_attn_cf0.2_s2,L1H1,swap4,16,-1.1898970746576203,0.1187435910105705
E2c_h0.03_e0.2_L2_alibi_learn_attn_cf0.2_s2,L1H1,swap4,32,-0.46323069763709057,0.1187435910105705
E2c_h0.03_e0.2_L2_alibi_learn_attn_cf0.2_s2,L1H1,swap4,64,-1.15235853372947,0.1187435910105705
E2c_h0.03_e0.2_L2_alibi_learn_attn_cf0.2_s2,L1H1,swap4,128,-0.420167239406652,0.1187435910105705
E2c_h0.03_e0.2_L2_alibi_learn_attn_cf0.2_s2,L1H2,sp4,2,-0.2219334213119315,0.6143797636032104
E2c_h0.03_e0.2_L2_alibi_learn_attn_cf0.2_s2,L1H2,sp4,4,-0.18305305720756881,0.6143797636032104
E2c_h0.03_e0.2_L2_alibi_learn_attn_cf0.2_s2,L1H2,sp4,8,0.07988404688105222,0.6143797636032104
E2c_h0.03_e0.2_L2_alibi_learn_attn_cf0.2_s2,L1H2,sp4,16,0.29004670613362293,0.6143797636032104
E2c_h0.03_e0.2_L2_alibi_learn_attn_cf0.2_s2,L1H2,sp4,32,0.25010420768806974,0.6143797636032104
E2c_h0.03_e0.2_L2_alibi_learn_attn_cf0.2_s2,L1H2,sp4,64,15.416339740681064,0.6143797636032104
E2c_h0.03_e0.2_L2_alibi_learn_attn_cf0.2_s2,L1H2,sp4,128,54.73664128018956,0.6143797636032104
E2c_h0.03_e0.2_L2_alibi_learn_attn_cf0.2_s2,L1H2,swap4,2,-1.2389136713472064,0.6143797636032104
E2c_h0.03_e0.2_L2_alibi_learn_attn_cf0.2_s2,L1H2,swap4,4,-1.2245429819756186,0.6143797636032104
E2c_h0.03_e0.2_L2_alibi_learn_attn_cf0.2_s2,L1H2,swap4,8,-0.8778121236261711,0.6143797636032104
E2c_h0.03_e0.2_L2_alibi_learn_attn_cf0.2_s2,L1H2,swap4,16,-0.5053504028707367,0.6143797636032104
E2c_h0.03_e0.2_L2_alibi_learn_attn_cf0.2_s2,L1H2,swap4,32,0.008768418887569851,0.6143797636032104
E2c_h0.03_e0.2_L2_alibi_learn_attn_cf0.2_s2,L1H2,swap4,64,15.416339590403616,0.6143797636032104
E2c_h0.03_e0.2_L2_alibi_learn_attn_cf0.2_s2,L1H2,swap4,128,54.73664139608107,0.6143797636032104
E2c_h0.03_e0.2_L2_alibi_learn_attn_cf0.2_s2,L1H3,sp4,2,0.1796339921330815,0.402923971414566
E2c_h0.03_e0.2_L2_alibi_learn_attn_cf0.2_s2,L1H3,sp4,4,0.1597751675492023,0.402923971414566
E2c_h0.03_e0.2_L2_alibi_learn_attn_cf0.2_s2,L1H3,sp4,8,0.17994421519233184,0.402923971414566
E2c_h0.03_e0.2_L2_alibi_learn_attn_cf0.2_s2,L1H3,sp4,16,0.1847026800799627,0.402923971414566
E2c_h0.03_e0.2_L2_alibi_learn_attn_cf0.2_s2,L1H3,sp4,32,0.0846617934113656,0.402923971414566
E2c_h0.03_e0.2_L2_alibi_learn_attn_cf0.2_s2,L1H3,sp4,64,1.6112706783659974,0.402923971414566
E2c_h0.03_e0.2_L2_alibi_learn_attn_cf0.2_s2,L1H3,sp4,128,27.025653927501086,0.402923971414566
E2c_h0.03_e0.2_L2_alibi_learn_attn_cf0.2_s2,L1H3,swap4,2,-0.22743291453621195,0.402923971414566
E2c_h0.03_e0.2_L2_alibi_learn_attn_cf0.2_s2,L1H3,swap4,4,-0.22773062705876423,0.402923971414566
E2c_h0.03_e0.2_L2_alibi_learn_attn_cf0.2_s2,L1H3,swap4,8,-0.1692451150993861,0.402923971414566
E2c_h0.03_e0.2_L2_alibi_learn_attn_cf0.2_s2,L1H3,swap4,16,-0.14070119273982717,0.402923971414566
E2c_h0.03_e0.2_L2_alibi_learn_attn_cf0.2_s2,L1H3,swap4,32,-0.07339414331514682,0.402923971414566
E2c_h0.03_e0.2_L2_alibi_learn_attn_cf0.2_s2,L1H3,swap4,64,1.49667031600484,0.402923971414566
E2c_h0.03_e0.2_L2_alibi_learn_attn_cf0.2_s2,L1H3,swap4,128,27.026676041863375,0.402923971414566
