run,cond,Gstar_nw1,Gstar_nw2,Gstar_nw3,mean_abs_lo,mean_lo,corr_base,h_eff,eps_eff,bf_r2,ce_rep,ce,h,eps,layers,mlp,pe,seed,conflict_frac,copy_heads,control_heads
E1_h0.01_e0.1_L2_alibi_learn_attn_s0,ablate_L1H0,69.81277551557407,7.953738213053293,0.0,1.310229039285332,-0.987345889277224,0.9655052131513774,0.0501588134675329,0.18665750315419846,0.8849858821823885,1.5690759420394897,1.731867790222168,0.01,0.1,2,0,alibi_learn,0,0.0,"[[1, 1], [1, 0]]","[[1, 3], [1, 2]]"
E1_h0.01_e0.1_L2_alibi_learn_attn_s0,ablate_L1H1,7.31372480579611,0.0,12.710961638495798,1.2617617951972144,-1.0217836157285742,0.9679827400227421,0.06016144257979074,0.2158465922482631,0.8796899870427193,1.616902470588684,1.775524377822876,0.01,0.1,2,0,alibi_learn,0,0.0,"[[1, 1], [1, 0]]","[[1, 3], [1, 2]]"
E1_h0.01_e0.1_L2_alibi_learn_attn_s0,ablate_L1H2,inf,51.156683737385656,31.141143415554545,2.4609399612194727,1.0608927523717284,0.996709285275776,0.05954727296543769,0.23895239167353266,0.934634943370501,1.9733237028121948,2.1097729206085205,0.01,0.1,2,0,alibi_learn,0,0.0,"[[1, 1], [1, 0]]","[[1, 3], [1, 2]]"
E1_h0.01_e0.1_L2_alibi_learn_attn_s0,ablate_L1H3,87.90917882494178,34.71862782484513,17.145594339985525,1.8605624955546642,-0.6239830294757017,0.9989466744328768,0.05730647156256133,0.22461068989543181,0.9359826081110387,1.1736531257629395,1.3599766492843628,0.01,0.1,2,0,alibi_learn,0,0.0,"[[1, 1], [1, 0]]","[[1, 3], [1, 2]]"
E1_h0.01_e0.1_L2_alibi_learn_attn_s0,ablate_all_late,8.996461750501789,3.001880431985046,0.0,0.0664153278007039,-0.0004960621174957071,0.17957988209265768,,,,4.234236240386963,4.244321346282959,0.01,0.1,2,0,alibi_learn,0,0.0,"[[1, 1], [1, 0]]","[[1, 3], [1, 2]]"
E1_h0.01_e0.1_L2_alibi_learn_attn_s0,ablate_control,120.47685267442014,46.42897573852778,28.04433102798143,2.8862862855728184,0.8674241951001542,0.9966560754309305,0.058199797308834456,0.23595103410048493,0.9299404715529016,2.312791585922241,2.428096294403076,0.01,0.1,2,0,alibi_learn,0,0.0,"[[1, 1], [1, 0]]","[[1, 3], [1, 2]]"
E1_h0.01_e0.1_L2_alibi_learn_attn_s0,ablate_copy,0.0,0.0,0.0,1.544814897435052,-1.544814897435052,0.18504003267266214,1.0000000000074357e-05,0.0011162858328718672,0.37921349360841805,2.1679415702819824,2.2934696674346924,0.01,0.1,2,0,alibi_learn,0,0.0,"[[1, 1], [1, 0]]","[[1, 3], [1, 2]]"
E1_h0.01_e0.1_L2_alibi_learn_attn_s0,base,97.48686031490716,37.76608430351106,18.909032115297624,2.2996917539276183,-0.3676301792397031,1.0,0.0578757351353149,0.2176331247064925,0.9346833146149018,1.068670630455017,1.2615141868591309,0.01,0.1,2,0,alibi_learn,0,0.0,"[[1, 1], [1, 0]]","[[1, 3], [1, 2]]"
E1_h0.01_e0.1_L2_alibi_learn_attn_s0,slope_copy_x0.5,inf,92.44371241334827,47.272013063454416,2.057957852059709,0.8111449934409133,0.8467589902200936,0.018988545441873717,0.2592004666772213,0.9249614063042623,1.0778437852859497,1.2701146602630615,0.01,0.1,2,0,alibi_learn,0,0.0,"[[1, 1], [1, 0]]","[[1, 3], [1, 2]]"
E1_h0.01_e0.1_L2_alibi_learn_attn_s0,slope_copy_x2.0,35.49776989980538,16.83204832286655,5.149789318043805,2.9468741067685187,-1.9205556877090462,0.8266606906943487,0.10826953022003037,0.154633663510453,0.9208438073800491,1.0831490755081177,1.2755272388458252,0.01,0.1,2,0,alibi_learn,0,0.0,"[[1, 1], [1, 0]]","[[1, 3], [1, 2]]"
E1_h0.01_e0.1_L2_alibi_learn_attn_s0,slope_late_x0.5,inf,92.97341741809896,47.889165792656215,2.0376982553196803,0.8089867596115384,0.8403993592442931,0.018743983016750596,0.2617861230168702,0.92074509424689,1.0899443626403809,1.2814607620239258,0.01,0.1,2,0,alibi_learn,0,0.0,"[[1, 1], [1, 0]]","[[1, 3], [1, 2]]"
E1_h0.01_e0.1_L2_alibi_learn_attn_s0,slope_late_x2.0,35.27235572579732,16.599069499987994,5.018302608330005,2.889282453073455,-1.8972761871160142,0.8248664640090111,0.10896055959261283,0.15400251225931683,0.9202222001541503,1.1266366243362427,1.316286325454712,0.01,0.1,2,0,alibi_learn,0,0.0,"[[1, 1], [1, 0]]","[[1, 3], [1, 2]]"
E1_h0.01_e0.1_L2_alibi_learn_attn_s1,ablate_L1H0,3.1607689086635364,0.0,0.0,1.5072982935234904,-1.3009501223319344,0.9630607271207543,0.057687672962407725,0.24844538097441607,0.8727740625482253,1.5349483489990234,1.7002177238464355,0.01,0.1,2,0,alibi_learn,1,0.0,"[[1, 0], [1, 1]]","[[1, 2], [1, 3]]"
E1_h0.01_e0.1_L2_alibi_learn_attn_s1,ablate_L1H1,12.880807231733183,25.15080997286293,2.604156775111688,1.506442366034857,-1.1226628479946936,0.9744872492237349,0.06503196031507213,0.29607451873643664,0.8994964970239472,1.5840647220611572,1.7453967332839966,0.01,0.1,2,0,alibi_learn,1,0.0,"[[1, 0], [1, 1]]","[[1, 2], [1, 3]]"
E1_h0.01_e0.1_L2_alibi_learn_attn_s1,ablate_L1H2,55.653244660224956,42.89022885196852,35.499973042865214,3.2664172129173363,1.1034769020708544,0.9958448221764703,0.07047326316300354,0.3881225391153363,0.948835017799238,1.3347057104110718,1.511062741279602,0.01,0.1,2,0,alibi_learn,1,0.0,"[[1, 0], [1, 1]]","[[1, 2], [1, 3]]"
E1_h0.01_e0.1_L2_alibi_learn_attn_s1,ablate_L1H3,45.47733705134472,34.55257648599968,21.06429712872504,1.8790935924542802,-0.26183124924344675,0.9992886465338082,0.07010945202282824,0.3465326207924666,0.9350226198937729,1.1597154140472412,1.3469128608703613,0.01,0.1,2,0,alibi_learn,1,0.0,"[[1, 0], [1, 1]]","[[1, 2], [1, 3]]"
E1_h0.01_e0.1_L2_alibi_learn_attn_s1,ablate_all_late,3.4862479980089747,0.0,9.425991850141536,0.08740969654172659,-0.030446597774113928,0.04890743108761244,,,,4.223605155944824,4.229495048522949,0.01,0.1,2,0,alibi_learn,1,0.0,"[[1, 0], [1, 1]]","[[1, 2], [1, 3]]"
E1_h0.01_e0.1_L2_alibi_learn_attn_s1,ablate_control,55.79029719166652,43.5319635403822,36.74450420171354,2.938968433399818,1.1598772895522416,0.9952544281053355,0.07231179735687725,0.40807867001468406,0.9415459514462886,1.7273391485214233,1.879179835319519,0.01,0.1,2,0,alibi_learn,1,0.0,"[[1, 0], [1, 1]]","[[1, 2], [1, 3]]"
E1_h0.01_e0.1_L2_alibi_learn_attn_s1,ablate_copy,0.0,0.0,0.0,2.415189551455634,-2.415189551455634,0.40305587157737466,1.0000000000000016e-05,0.000552017777746467,0.8016390551360333,2.1595020294189453,2.295642375946045,0.01,0.1,2,0,alibi_learn,1,0.0,"[[1, 0], [1, 1]]","[[1, 2], [1, 3]]"
E1_h0.01_e0.1_L2_alibi_learn_attn_s1,base,45.973586654044695,34.48800288016535,20.18014689870998,2.1098316154841865,-0.41878129861184527,1.0,0.06736369124177162,0.32845171745783336,0.9394005076002561,1.0731226205825806,1.2657285928726196,0.01,0.1,2,0,alibi_learn,1,0.0,"[[1, 0], [1, 1]]","[[1, 2], [1, 3]]"
E1_h0.01_e0.1_L2_alibi_learn_attn_s1,slope_copy_x0.5,79.08226240199913,63.97946876123448,40.70608082564623,1.8152950829161065,0.48179603314825464,0.9127270268455444,0.03784816227585564,0.3653205023042885,0.9381960260648617,1.0787373781204224,1.2709901332855225,0.01,0.1,2,0,alibi_learn,1,0.0,"[[1, 0], [1, 1]]","[[1, 2], [1, 3]]"
E1_h0.01_e0.1_L2_alibi_learn_attn_s1,slope_copy_x2.0,32.12954199721546,15.068937360331201,8.018431886031655,2.536134961859456,-1.6217953289992042,0.8896265634233756,0.111613596986472,0.22160098890176533,0.9446022164638581,1.0821727514266968,1.274215579032898,0.01,0.1,2,0,alibi_learn,1,0.0,"[[1, 0], [1, 1]]","[[1, 2], [1, 3]]"
E1_h0.01_e0.1_L2_alibi_learn_attn_s1,slope_late_x0.5,78.97782871634791,64.2097521282055,40.81081380007489,1.7676392584107816,0.46267102958102313,0.9104855726651769,0.037538836144392324,0.3657868562843241,0.940120196825005,1.0877245664596558,1.2794207334518433,0.01,0.1,2,0,alibi_learn,1,0.0,"[[1, 0], [1, 1]]","[[1, 2], [1, 3]]"
E1_h0.01_e0.1_L2_alibi_learn_attn_s1,slope_late_x2.0,32.22220852696953,15.385455437477864,8.101165736461319,2.5478438570031097,-1.5842437982293112,0.8888407082930745,0.11227666782869515,0.22237190159086045,0.9414216061663103,1.0979269742965698,1.2889800071716309,0.01,0.1,2,0,alibi_learn,1,0.0,"[[1, 0], [1, 1]]","[[1, 2], [1, 3]]"
E1_h0.01_e0.1_L2_alibi_learn_attn_s2,ablate_L1H0,11.533292130922105,5.658778936784412,0.0,1.2987626023989702,-1.0329230348579586,0.9609571197357919,0.06131926249313401,0.2246031233411095,0.8712119293542058,1.5786625146865845,1.7410105466842651,0.01,0.1,2,0,alibi_learn,2,0.0,"[[1, 1], [1, 0]]","[[1, 3], [1, 2]]"
E1_h0.01_e0.1_L2_alibi_learn_attn_s2,ablate_L1H1,63.057259409501846,0.0,3.1438840333077924,1.3594883747531898,-0.9900813417376152,0.9614228643637998,0.0565063301721855,0.2033717486667889,0.8783462880902326,1.6409586668014526,1.798116683959961,0.01,0.1,2,0,alibi_learn,2,0.0,"[[1, 1], [1, 0]]","[[1, 3], [1, 2]]"
E1_h0.01_e0.1_L2_alibi_learn_attn_s2,ablate_L1H2,118.44587412317337,55.012571870535574,33.52491577720143,3.0983142162274038,1.4275994605517812,0.9951559744594664,0.06259528690072581,0.2641107529943109,0.9352652413183854,1.847306489944458,1.9916173219680786,0.01,0.1,2,0,alibi_learn,2,0.0,"[[1, 1], [1, 0]]","[[1, 3], [1, 2]]"
E1_h0.01_e0.1_L2_alibi_learn_attn_s2,ablate_L1H3,81.40386398250618,37.06380808859634,19.97441447589146,2.172615454199591,-0.6067851604228574,0.9992270483889987,0.05986490153961221,0.23693795156422812,0.9349643935600287,1.1580473184585571,1.345341682434082,0.01,0.1,2,0,alibi_learn,2,0.0,"[[1, 1], [1, 0]]","[[1, 3], [1, 2]]"
E1_h0.01_e0.1_L2_alibi_learn_attn_s2,ablate_all_late,0.0,2.9494349001929017,9.81194503673763,0.04589050582477024,0.006730482780507633,0.04486065211551026,,,,4.1801323890686035,4.189713954925537,0.01,0.1,2,0,alibi_learn,2,0.0,"[[1, 1], [1, 0]]","[[1, 3], [1, 2]]"
E1_h0.01_e0.1_L2_alibi_learn_attn_s2,ablate_control,110.70381214005371,51.04720249607038,30.64302315002368,3.068233046281551,1.0401200256975633,0.9958465766180118,0.059512833215588756,0.25542331585933914,0.9292260773503452,2.2866106033325195,2.4034934043884277,0.01,0.1,2,0,alibi_learn,2,0.0,"[[1, 1], [1, 0]]","[[1, 3], [1, 2]]"
E1_h0.01_e0.1_L2_alibi_learn_attn_s2,ablate_copy,0.0,0.0,0.0,1.728857394840036,-1.728857394840036,0.0613220944297207,1.0000000000000104e-05,0.000606065541811689,0.40338897067866286,2.240077257156372,2.361783027648926,0.01,0.1,2,0,alibi_learn,2,0.0,"[[1, 1], [1, 0]]","[[1, 3], [1, 2]]"
E1_h0.01_e0.1_L2_alibi_learn_attn_s2,base,88.31410292589999,40.19281821389035,21.581528724509898,2.3633679522733604,-0.27161781662809,1.0,0.060489996537614804,0.23417669268842053,0.9343531426142615,1.0681915283203125,1.261092185974121,0.01,0.1,2,0,alibi_learn,2,0.0,"[[1, 1], [1, 0]]","[[1, 3], [1, 2]]"
E1_h0.01_e0.1_L2_alibi_learn_attn_s2,slope_copy_x0.5,inf,101.98876531095193,64.39071031932134,2.028703141292291,0.9863825949973294,0.8201796675039273,0.017916664384650487,0.2809126686369278,0.942028959481557,1.0754272937774658,1.2678767442703247,0.01,0.1,2,0,alibi_learn,2,0.0,"[[1, 1], [1, 0]]","[[1, 3], [1, 2]]"
E1_h0.01_e0.1_L2_alibi_learn_attn_s2,slope_copy_x2.0,38.4460299010624,17.857753628448677,6.685906160745706,3.0090643478823558,-1.8816250397690706,0.8070452524105906,0.10854158561596386,0.15476789631915244,0.914152445006512,1.0840809345245361,1.2764649391174316,0.01,0.1,2,0,alibi_learn,2,0.0,"[[1, 1], [1, 0]]","[[1, 3], [1, 2]]"
E1_h0.01_e0.1_L2_alibi_learn_attn_s2,slope_late_x0.5,inf,102.4589583194556,64.72068881385178,2.011529572773725,0.9831553670311612,0.8147635778980983,0.017745450432248372,0.28288823237730065,0.9389043172545686,1.085290551185608,1.2771155834197998,0.01,0.1,2,0,alibi_learn,2,0.0,"[[1, 1], [1, 0]]","[[1, 3], [1, 2]]"
E1_h0.01_e0.1_L2_alibi_learn_attn_s2,slope_late_x2.0,38.21930787990083,17.641366709074866,6.437161437101311,2.9596287850290537,-1.866326077442084,0.8068048217463226,0.10902542716822099,0.15456977120833945,0.9143883083017046,1.1223721504211426,1.3123458623886108,0.01,0.1,2,0,alibi_learn,2,0.0,"[[1, 1], [1, 0]]","[[1, 3], [1, 2]]"
E1_h0.01_e0.1_L2_alibi_learn_mlp_s0,ablate_L1H0,0.0,0.0,0.0,1.3867457937449217,-1.3632703213287252,0.8537203430697136,0.03486810304998219,0.128033157195038,0.8269184040803428,1.222547173500061,1.4089784622192383,0.01,0.1,2,1,alibi_learn,0,0.0,"[[1, 0], [1, 1]]","[[1, 2], [1, 3]]"
E1_h0.01_e0.1_L2_alibi_learn_mlp_s0,ablate_L1H1,2.769411192081119,2.6854772184836517,0.0,1.8632888231160385,-1.8338757869122284,0.9458624579348852,0.023896050312690292,0.16463212277302663,0.8867508893702511,1.1887800693511963,1.3755385875701904,0.01,0.1,2,1,alibi_learn,0,0.0,"[[1, 0], [1, 1]]","[[1, 2], [1, 3]]"
E1_h0.01_e0.1_L2_alibi_learn_mlp_s0,ablate_L1H2,105.18954423385951,48.77956763878259,31.18616391880768,0.886411293808903,0.19162150578839438,0.9729209077984721,0.043789284336208226,0.2585911048239784,0.9665223092803846,2.735700845718384,2.8245630264282227,0.01,0.1,2,1,alibi_learn,0,0.0,"[[1, 0], [1, 1]]","[[1, 2], [1, 3]]"
E1_h0.01_e0.1_L2_alibi_learn_mlp_s0,ablate_L1H3,104.19310381320754,39.55945981947489,19.386120638664398,2.552599640496607,-0.5340190694135215,0.998089591232934,0.050166753561220745,0.2319687900171837,0.9378668856916792,1.086985468864441,1.2787295579910278,0.01,0.1,2,1,alibi_learn,0,0.0,"[[1, 0], [1, 1]]","[[1, 2], [1, 3]]"
E1_h0.01_e0.1_L2_alibi_learn_mlp_s0,ablate_all_late,0.0,5.990145753580754,0.0,0.04963622774396624,0.008186719380319118,-0.11407160616999315,,,,4.216854572296143,4.215135097503662,0.01,0.1,2,1,alibi_learn,0,0.0,"[[1, 0], [1, 1]]","[[1, 2], [1, 3]]"
E1_h0.01_e0.1_L2_alibi_learn_mlp_s0,ablate_control,99.94889513806812,46.78001306030103,29.580187312939675,1.2280292712551142,0.08687508618459105,0.9758505075416694,0.042520351586568784,0.2657680987030859,0.9611124797814404,2.9962852001190186,3.0689210891723633,0.01,0.1,2,1,alibi_learn,0,0.0,"[[1, 0], [1, 1]]","[[1, 2], [1, 3]]"
E1_h0.01_e0.1_L2_alibi_learn_mlp_s0,ablate_copy,0.0,0.0,0.0,1.8060039931109972,-1.8060039931109972,0.4107705603120463,1.0000000006927522e-05,0.00027005303356268434,0.7795134844226168,1.2755234241485596,1.460096001625061,0.01,0.1,2,1,alibi_learn,0,0.0,"[[1, 0], [1, 1]]","[[1, 2], [1, 3]]"
E1_h0.01_e0.1_L2_alibi_learn_mlp_s0,base,115.24468669457968,42.97798199167684,21.642950142438966,2.3456357772062932,-0.25909917522221804,1.0,0.04782366427812142,0.23988774344602865,0.9390449863913022,1.0559574365615845,1.2496097087860107,0.01,0.1,2,1,alibi_learn,0,0.0,"[[1, 0], [1, 1]]","[[1, 2], [1, 3]]"
E1_h0.01_e0.1_L2_alibi_learn_mlp_s0,slope_copy_x0.5,inf,inf,75.2990876940274,1.89328344432371,1.175363287861858,0.7821104083772491,0.0035703575241185018,0.2985311314248192,0.9334003214950591,1.0619360208511353,1.2552175521850586,0.01,0.1,2,1,alibi_learn,0,0.0,"[[1, 0], [1, 1]]","[[1, 2], [1, 3]]"
E1_h0.01_e0.1_L2_alibi_learn_mlp_s0,slope_copy_x2.0,27.80452902368033,16.373081218956735,7.429593988653966,3.277673630975187,-2.2320710054731796,0.8063240362077733,0.1255229003967963,0.20695594049277197,0.9563199181953649,1.0751981735229492,1.2676506042480469,0.01,0.1,2,1,alibi_learn,0,0.0,"[[1, 0], [1, 1]]","[[1, 2], [1, 3]]"
E1_h0.01_e0.1_L2_alibi_learn_mlp_s0,slope_late_x0.5,inf,inf,76.8192383626023,1.9183576934571778,1.2211270409503154,0.7779247036293692,0.0031733080074391688,0.2996587988129883,0.9372058308475915,1.0794482231140137,1.2716350555419922,0.01,0.1,2,1,alibi_learn,0,0.0,"[[1, 0], [1, 1]]","[[1, 2], [1, 3]]"
E1_h0.01_e0.1_L2_alibi_learn_mlp_s0,slope_late_x2.0,27.481889281373732,15.953732195418288,6.552376349332775,3.263171342068485,-2.259303922365819,0.7946614013716848,0.1260286375115222,0.19881909910889584,0.9549977632632236,1.1136094331741333,1.303650975227356,0.01,0.1,2,1,alibi_learn,0,0.0,"[[1, 0], [1, 1]]","[[1, 2], [1, 3]]"
E1_h0.01_e0.1_L2_alibi_learn_mlp_s1,ablate_L1H0,3.6692202854361775,0.0,0.0,1.186724893482668,-1.1422747754092728,0.8725606207804277,0.047190529400022566,0.15362414736684002,0.8270223508608814,1.1781177520751953,1.365742564201355,0.01,0.1,2,1,alibi_learn,1,0.0,"[[1, 0], [1, 1]]","[[1, 3], [1, 2]]"
E1_h0.01_e0.1_L2_alibi_learn_mlp_s1,ablate_L1H1,45.72034791416639,0.0,0.0,1.8335200036277197,-1.6541289300325193,0.9533604262752814,0.027561072662085986,0.15054432005095175,0.916344502793323,1.1063212156295776,1.2968668937683105,0.01,0.1,2,1,alibi_learn,1,0.0,"[[1, 0], [1, 1]]","[[1, 3], [1, 2]]"
E1_h0.01_e0.1_L2_alibi_learn_mlp_s1,ablate_L1H2,57.89545484965662,31.882947145399296,0.0,0.48394970911821084,-0.23144657620494918,0.9298802719191014,0.05402379965133036,0.29586698862808597,0.8933853605786891,2.4906797409057617,2.5948433876037598,0.01,0.1,2,1,alibi_learn,1,0.0,"[[1, 0], [1, 1]]","[[1, 3], [1, 2]]"
E1_h0.01_e0.1_L2_alibi_learn_mlp_s1,ablate_L1H3,82.64012991061203,31.896743171029986,15.50676031363179,2.8667111122714624,-1.1499651476208652,0.99236496374007,0.05430089577380309,0.20207506504628336,0.9441428182741027,1.0931669473648071,1.284509539604187,0.01,0.1,2,1,alibi_learn,1,0.0,"[[1, 0], [1, 1]]","[[1, 3], [1, 2]]"
E1_h0.01_e0.1_L2_alibi_learn_mlp_s1,ablate_all_late,3.1270600154389805,0.0,0.0,0.07357553505737867,0.010321506764739752,-0.07341939905663881,,,,4.229994297027588,4.227741718292236,0.01,0.1,2,1,alibi_learn,1,0.0,"[[1, 0], [1, 1]]","[[1, 3], [1, 2]]"
E1_h0.01_e0.1_L2_alibi_learn_mlp_s1,ablate_control,72.77172933111424,29.036995357115895,0.0,0.5110182913153299,-0.2940463505552283,0.8944158507926011,0.04598174366710741,0.32682590264780637,0.8642478838688835,3.0675151348114014,3.1356735229492188,0.01,0.1,2,1,alibi_learn,1,0.0,"[[1, 0], [1, 1]]","[[1, 3], [1, 2]]"
E1_h0.01_e0.1_L2_alibi_learn_mlp_s1,ablate_copy,0.0,0.0,0.0,1.979093034352575,-1.979093034352575,0.37237261074176264,1.0000000000000016e-05,0.00034144215196833675,0.8034147364534568,1.2674007415771484,1.4492435455322266,0.01,0.1,2,1,alibi_learn,1,0.0,"[[1, 0], [1, 1]]","[[1, 3], [1, 2]]"
E1_h0.01_e0.1_L2_alibi_learn_mlp_s1,base,97.37962222840551,38.03569469294438,20.415929825722174,2.409199593987848,-0.49581623543053865,1.0,0.05156854492917783,0.2269418026684102,0.9449690908537222,1.0558443069458008,1.2495553493499756,0.01,0.1,2,1,alibi_learn,1,0.0,"[[1, 0], [1, 1]]","[[1, 3], [1, 2]]"
E1_h0.01_e0.1_L2_alibi_learn_mlp_s1,slope_copy_x0.5,inf,inf,63.48749997998138,1.8955793402689909,0.9239842789912862,0.8056699828615129,0.007160932941041696,0.2849932943152763,0.9235421491641558,1.060121774673462,1.2535693645477295,0.01,0.1,2,1,alibi_learn,1,0.0,"[[1, 0], [1, 1]]","[[1, 3], [1, 2]]"
E1_h0.01_e0.1_L2_alibi_learn_mlp_s1,slope_copy_x2.0,33.785842143320146,15.422881832972163,5.0578471828949425,3.4087969074690982,-2.435737589440708,0.8091704481899482,0.1214782180439329,0.17685368574450488,0.9531722432451064,1.0751192569732666,1.2676293849945068,0.01,0.1,2,1,alibi_learn,1,0.0,"[[1, 0], [1, 1]]","[[1, 3], [1, 2]]"
E1_h0.01_e0.1_L2_alibi_learn_mlp_s1,slope_late_x0.5,inf,inf,65.65748390336816,1.9310994840094022,0.9871123190969229,0.797761458590136,0.006700902118480707,0.2910527722780625,0.9277605565921914,1.0763715505599976,1.268804669380188,0.01,0.1,2,1,alibi_learn,1,0.0,"[[1, 0], [1, 1]]","[[1, 3], [1, 2]]"
E1_h0.01_e0.1_L2_alibi_learn_mlp_s1,slope_late_x2.0,32.01115695959719,13.327283301215083,4.083914065382867,3.4246232976604785,-2.5196364651034986,0.7914470822983054,0.12386385705268643,0.1684875001092117,0.9524177176165345,1.112754464149475,1.302915096282959,0.01,0.1,2,1,alibi_learn,1,0.0,"[[1, 0], [1, 1]]","[[1, 3], [1, 2]]"
E1_h0.01_e0.1_L2_alibi_learn_mlp_s2,ablate_L1H0,0.0,0.0,0.0,1.2308189222988273,-1.2265754902868398,0.8530973424851152,0.01911810763813574,0.10848986886720956,0.8429184224197657,1.2931158542633057,1.4777761697769165,0.01,0.1,2,1,alibi_learn,2,0.0,"[[1, 0], [1, 1]]","[[1, 2], [1, 3]]"
E1_h0.01_e0.1_L2_alibi_learn_mlp_s2,ablate_L1H1,31.259747343709513,6.044991569518909,0.0,1.711077287061406,-1.264833860698023,0.9333272851863631,0.03804245341136271,0.14934668150798727,0.9169328889452718,1.0896055698394775,1.2811346054077148,0.01,0.1,2,1,alibi_learn,2,0.0,"[[1, 0], [1, 1]]","[[1, 2], [1, 3]]"
E1_h0.01_e0.1_L2_alibi_learn_mlp_s2,ablate_L1H2,0.0,14.302542155613976,2.2709162651377266,0.31500479279618177,-0.25916915253869127,0.8543481034595659,0.021066781199579575,0.28095236074855184,0.7980749385864508,2.406392812728882,2.51574969291687,0.01,0.1,2,1,alibi_learn,2,0.0,"[[1, 0], [1, 1]]","[[1, 2], [1, 3]]"
E1_h0.01_e0.1_L2_alibi_learn_mlp_s2,ablate_L1H3,85.9867194038138,34.4967695054985,14.161317064767514,2.514574308214443,-0.8203621690294572,0.9911027516875816,0.052403180861605385,0.1979728742926683,0.9411178295199097,1.087945580482483,1.2795870304107666,0.01,0.1,2,1,alibi_learn,2,0.0,"[[1, 0], [1, 1]]","[[1, 2], [1, 3]]"
E1_h0.01_e0.1_L2_alibi_learn_mlp_s2,ablate_all_late,4.286633707727855,0.0,2.8467191757647132,0.03419836397681918,-0.0028586084289210184,0.05796363870843178,,,,4.182798385620117,4.182742118835449,0.01,0.1,2,1,alibi_learn,2,0.0,"[[1, 0], [1, 1]]","[[1, 2], [1, 3]]"
E1_h0.01_e0.1_L2_alibi_learn_mlp_s2,ablate_control,107.6241794506307,43.38348920515171,3.6524515725260955,0.4119777436966875,-0.1722010437598718,0.8795906025593795,0.02403369962065289,0.2904390557472884,0.8469526796966669,2.6449291706085205,2.739408493041992,0.01,0.1,2,1,alibi_learn,2,0.0,"[[1, 0], [1, 1]]","[[1, 2], [1, 3]]"
E1_h0.01_e0.1_L2_alibi_learn_mlp_s2,ablate_copy,0.0,0.0,0.0,1.3478053472936153,-1.3478053472936153,0.29247173227926465,1.000000000001e-05,0.00043022032519962275,0.5678413606002963,1.4417659044265747,1.6189709901809692,0.01,0.1,2,1,alibi_learn,2,0.0,"[[1, 0], [1, 1]]","[[1, 2], [1, 3]]"
E1_h0.01_e0.1_L2_alibi_learn_mlp_s2,base,101.06637262571282,39.82090439260273,20.500434117716065,2.419905756600201,-0.37491183421973673,1.0,0.04968169029185588,0.22579765251517464,0.9401482358515266,1.0562536716461182,1.2498670816421509,0.01,0.1,2,1,alibi_learn,2,0.0,"[[1, 0], [1, 1]]","[[1, 2], [1, 3]]"
E1_h0.01_e0.1_L2_alibi_learn_mlp_s2,slope_copy_x0.5,inf,inf,66.97931098306394,1.918535914139024,1.0734066280669399,0.7905355234828739,0.004921541825650786,0.2807030905514062,0.9218377489821685,1.0611976385116577,1.2545030117034912,0.01,0.1,2,1,alibi_learn,2,0.0,"[[1, 0], [1, 1]]","[[1, 2], [1, 3]]"
E1_h0.01_e0.1_L2_alibi_learn_mlp_s2,slope_copy_x2.0,36.22380544928063,15.737107622396813,5.615714107723895,3.317247583264751,-2.2740978826103464,0.8122957665102983,0.11836713621950348,0.17768229835786845,0.9532179810421727,1.073098063468933,1.2656381130218506,0.01,0.1,2,1,alibi_learn,2,0.0,"[[1, 0], [1, 1]]","[[1, 2], [1, 3]]"
E1_h0.01_e0.1_L2_alibi_learn_mlp_s2,slope_late_x0.5,inf,inf,67.98513413938961,1.9423396547458,1.1218303290328808,0.7897729157136837,0.004759460225247153,0.2814733460813498,0.9241181837981394,1.0693845748901367,1.262174129486084,0.01,0.1,2,1,alibi_learn,2,0.0,"[[1, 0], [1, 1]]","[[1, 2], [1, 3]]"
E1_h0.01_e0.1_L2_alibi_learn_mlp_s2,slope_late_x2.0,36.24263794615222,15.454326733617625,5.468183540054066,3.3190873861312866,-2.305110682600311,0.8101755380746213,0.1178832441159843,0.17570579571209036,0.9521138219100106,1.1000324487686157,1.2908945083618164,0.01,0.1,2,1,alibi_learn,2,0.0,"[[1, 0], [1, 1]]","[[1, 2], [1, 3]]"
E1_h0.01_e0.1_L3_alibi_learn_attn_s0,ablate_L1H0,79.47233388144568,26.947309834107582,0.0,1.6364446254447103,-0.21904536349964993,0.9091760810953498,0.04447841984271622,0.100437431807027,0.8016640696167168,1.0919824838638306,1.2834192514419556,0.01,0.1,3,0,alibi_learn,0,0.0,"[[2, 0], [2, 1]]","[[1, 3], [1, 0]]"
E1_h0.01_e0.1_L3_alibi_learn_attn_s0,ablate_L1H1,89.55616467798698,36.409957321997275,2.061854517835291,1.896010491198727,-0.819914918925081,0.9581003496705357,0.034671280375404324,0.07065606803323007,0.94930443041609,1.0754276514053345,1.2679362297058105,0.01,0.1,3,0,alibi_learn,0,0.0,"[[2, 0], [2, 1]]","[[1, 3], [1, 0]]"
E1_h0.01_e0.1_L3_alibi_learn_attn_s0,ablate_L1H2,104.36178253760187,32.075930739988166,0.0,2.478054585600538,-1.154662774742714,0.990413246188794,0.017180423843423387,0.04659583632060453,0.9508459566219678,1.0651549100875854,1.2582862377166748,0.01,0.1,3,0,alibi_learn,0,0.0,"[[2, 0], [2, 1]]","[[1, 3], [1, 0]]"
E1_h0.01_e0.1_L3_alibi_learn_attn_s0,ablate_L1H3,86.97810180712528,50.647530584394865,22.947962694407927,2.1490006988335932,-0.3620491734306727,0.8294078302984261,0.039649882512389226,0.18502450794034964,0.9336430780039855,1.0579324960708618,1.2515169382095337,0.01,0.1,3,0,alibi_learn,0,0.0,"[[2, 0], [2, 1]]","[[1, 3], [1, 0]]"
E1_h0.01_e0.1_L3_alibi_learn_attn_s0,ablate_L2H0,66.10401375151154,10.174103764188935,0.0,1.2322289061100622,-0.842331787222065,0.9273230874175112,0.0093848359978395,0.018401187221031127,0.9671484244304673,1.3713090419769287,1.5458290576934814,0.01,0.1,3,0,alibi_learn,0,0.0,"[[2, 0], [2, 1]]","[[1, 3], [1, 0]]"
E1_h0.01_e0.1_L3_alibi_learn_attn_s0,ablate_L2H1,inf,45.861160233201126,2.9966710301030184,2.7563063867523203,-1.163624846975186,0.9921925795700123,0.015544451613552045,0.07508024456828319,0.9318655329617023,1.2890288829803467,1.4681720733642578,0.01,0.1,3,0,alibi_learn,0,0.0,"[[2, 0], [2, 1]]","[[1, 3], [1, 0]]"
E1_h0.01_e0.1_L3_alibi_learn_attn_s0,ablate_L2H2,91.25767856015042,31.55224924415628,0.0,2.6998623525723815,-1.39478021713772,0.9946550388056652,0.02835214966169921,0.07269240178937758,0.9514573812091905,1.0656611919403076,1.2587611675262451,0.01,0.1,3,0,alibi_learn,0,0.0,"[[2, 0], [2, 1]]","[[1, 3], [1, 0]]"
E1_h0.01_e0.1_L3_alibi_learn_attn_s0,ablate_L2H3,115.24789327767198,35.86002743030211,0.0,2.8678108349974667,-1.440517178603581,0.9998894278114192,0.018969460918631185,0.06502809946324348,0.9575567360004542,1.170740008354187,1.3572719097137451,0.01,0.1,3,0,alibi_learn,0,0.0,"[[2, 0], [2, 1]]","[[1, 3], [1, 0]]"
E1_h0.01_e0.1_L3_alibi_learn_attn_s0,ablate_all_late,9.373684029871963,2.7489867318734245,8.459600192671534,0.06717500915484768,-0.008551053702831268,0.04286862555560172,,,,4.249080181121826,4.2475080490112305,0.01,0.1,3,0,alibi_learn,0,0.0,"[[2, 0], [2, 1]]","[[1, 3], [1, 0]]"
E1_h0.01_e0.1_L3_alibi_learn_attn_s0,ablate_control,70.61801285789545,41.40626664288576,28.776847782053654,1.7556628273533923,0.4263749415321009,0.7326895405641966,0.06366387009248844,0.28724612432442753,0.9576496283841499,1.0940697193145752,1.2853937149047852,0.01,0.1,3,0,alibi_learn,0,0.0,"[[2, 0], [2, 1]]","[[1, 3], [1, 0]]"
E1_h0.01_e0.1_L3_alibi_learn_attn_s0,ablate_copy,inf,20.482057092408546,0.0,0.656377939939765,-0.3899156756233424,0.8687151491172399,1.0000000000000123e-05,0.0010919030595934204,0.9521557128691869,2.4309256076812744,2.5390424728393555,0.01,0.1,3,0,alibi_learn,0,0.0,"[[2, 0], [2, 1]]","[[1, 3], [1, 0]]"
E1_h0.01_e0.1_L3_alibi_learn_attn_s0,base,113.94020280345379,35.082289370738756,0.0,2.632653838123328,-1.3285152785413499,0.9999999999999999,0.018926292256513218,0.06451256796742014,0.9603314950963223,1.0563708543777466,1.2500343322753906,0.01,0.1,3,0,alibi_learn,0,0.0,"[[2, 0], [2, 1]]","[[1, 3], [1, 0]]"
E1_h0.01_e0.1_L3_alibi_learn_attn_s0,slope_copy_x0.5,inf,inf,0.0,2.0740432816590846,-0.2569213554628992,0.9308684295225175,2.1465163615321597e-05,0.01337929044664636,0.9130639402008504,1.0584768056869507,1.2520051002502441,0.01,0.1,3,0,alibi_learn,0,0.0,"[[2, 0], [2, 1]]","[[1, 3], [1, 0]]"
E1_h0.01_e0.1_L3_alibi_learn_attn_s0,slope_copy_x2.0,41.58937393007057,14.389674427150894,0.0,3.2080377941685065,-2.31509428125407,0.938780363229875,0.05757557324774404,0.06447470223814435,0.9667458438175597,1.0817559957504272,1.2738347053527832,0.01,0.1,3,0,alibi_learn,0,0.0,"[[2, 0], [2, 1]]","[[1, 3], [1, 0]]"
E1_h0.01_e0.1_L3_alibi_learn_attn_s0,slope_late_x0.5,inf,inf,58.64319076361308,1.7977191802846002,0.6495584214571863,0.870085406195868,0.00031689818077631837,0.05591239844271296,0.8216066418215168,1.0791186094284058,1.271361231803894,0.01,0.1,3,0,alibi_learn,0,0.0,"[[2, 0], [2, 1]]","[[1, 3], [1, 0]]"
E1_h0.01_e0.1_L3_alibi_learn_attn_s0,slope_late_x2.0,33.05765973082994,5.127748051020511,0.0,3.6147793574491516,-3.0526877857711434,0.8801481662598108,0.0748683475434709,0.05085369971033359,0.9741804907624964,1.1289715766906738,1.3181076049804688,0.01,0.1,3,0,alibi_learn,0,0.0,"[[2, 0], [2, 1]]","[[1, 3], [1, 0]]"
E1_h0.01_e0.1_L3_alibi_learn_attn_s1,ablate_L1H0,82.5740480025119,35.23222975142438,12.324579569872963,1.6243499746280057,0.04314869083464146,0.9277419270433691,0.05247934457428508,0.1495931461728444,0.8252781999143756,1.0880903005599976,1.2798084020614624,0.01,0.1,3,0,alibi_learn,1,0.0,"[[2, 0], [2, 1]]","[[1, 3], [1, 0]]"
E1_h0.01_e0.1_L3_alibi_learn_attn_s1,ablate_L1H1,77.85259636958892,16.355246681124605,0.0,1.8818775083470558,-0.9410082798318139,0.927947064306752,0.046474226344236653,0.06562168579384768,0.9628517302769432,1.0798826217651367,1.272078275680542,0.01,0.1,3,0,alibi_learn,1,0.0,"[[2, 0], [2, 1]]","[[1, 3], [1, 0]]"
E1_h0.01_e0.1_L3_alibi_learn_attn_s1,ablate_L1H2,102.67639217254842,39.41899732629835,9.122838337583786,2.1247858859964515,-0.5270273422190387,0.9978455276095552,0.03460802934907235,0.11363936380119709,0.9630607289730135,1.0651625394821167,1.2582839727401733,0.01,0.1,3,0,alibi_learn,1,0.0,"[[2, 0], [2, 1]]","[[1, 3], [1, 0]]"
E1_h0.01_e0.1_L3_alibi_learn_attn_s1,ablate_L1H3,88.32139341716669,57.45146747644536,29.514193421873603,2.135866703864719,-0.14095501654914447,0.8789574131862571,0.04346594994852271,0.22593211349246958,0.9339764551684024,1.058852195739746,1.2523657083511353,0.01,0.1,3,0,alibi_learn,1,0.0,"[[2, 0], [2, 1]]","[[1, 3], [1, 0]]"
E1_h0.01_e0.1_L3_alibi_learn_attn_s1,ablate_L2H0,61.59211229185353,13.66528082007976,0.0,1.2058519031187254,-0.7882680716658277,0.9106850401844896,0.014865213233404137,0.03910269392744649,0.9583673120690249,1.366115927696228,1.540833830833435,0.01,0.1,3,0,alibi_learn,1,0.0,"[[2, 0], [2, 1]]","[[1, 3], [1, 0]]"
E1_h0.01_e0.1_L3_alibi_learn_attn_s1,ablate_L2H1,inf,46.234992873363005,13.519226076482347,2.484108613870506,-0.7774499894918075,0.9912108220935693,0.02594963258759037,0.13179780966871718,0.9406175156805293,1.2955008745193481,1.4744899272918701,0.01,0.1,3,0,alibi_learn,1,0.0,"[[2, 0], [2, 1]]","[[1, 3], [1, 0]]"
E1_h0.01_e0.1_L3_alibi_learn_attn_s1,ablate_L2H2,82.4148831120763,33.122713657923754,7.5422898045458036,2.5342543656006455,-0.9956614118335503,0.9913087865059573,0.043859795620965536,0.1300228704377032,0.9585326810184671,1.067869782447815,1.2608697414398193,0.01,0.1,3,0,alibi_learn,1,0.0,"[[2, 0], [2, 1]]","[[1, 3], [1, 0]]"
E1_h0.01_e0.1_L3_alibi_learn_attn_s1,ablate_L2H3,107.4104954589268,37.607321641685715,8.270520230639576,2.5362638130983606,-0.9549984963544246,0.9998721151626083,0.030831462497309264,0.11612834032876462,0.9633615548707393,1.1561635732650757,1.3439304828643799,0.01,0.1,3,0,alibi_learn,1,0.0,"[[2, 0], [2, 1]]","[[1, 3], [1, 0]]"
E1_h0.01_e0.1_L3_alibi_learn_attn_s1,ablate_all_late,48.05977566497679,7.073635866994025,0.0,0.05100202427378723,0.008242969534226827,0.12000889493737994,,,,4.220311641693115,4.22270393371582,0.01,0.1,3,0,alibi_learn,1,0.0,"[[2, 0], [2, 1]]","[[1, 3], [1, 0]]"
E1_h0.01_e0.1_L3_alibi_learn_attn_s1,ablate_control,78.93662240207303,50.49688784015265,36.57405131003233,1.817800291680864,0.6560816442860025,0.821878723403716,0.06098587241731936,0.3226783985068989,0.9551792079276569,1.0939545631408691,1.285283088684082,0.01,0.1,3,0,alibi_learn,1,0.0,"[[2, 0], [2, 1]]","[[1, 3], [1, 0]]"
E1_h0.01_e0.1_L3_alibi_learn_attn_s1,ablate_copy,inf,18.58787466361837,0.0,0.761710967768782,-0.5188797825747835,0.8253400241376904,1.0000000000710985e-05,0.0022900463774955687,0.9419654516547897,2.4374771118164062,2.5450711250305176,0.01,0.1,3,0,alibi_learn,1,0.0,"[[2, 0], [2, 1]]","[[1, 3], [1, 0]]"
E1_h0.01_e0.1_L3_alibi_learn_attn_s1,base,104.56164975910814,36.371365865870345,7.598590479138044,2.399041078053415,-0.9469580130119409,0.9999999999999999,0.030910203346480068,0.11483601960714158,0.9643716350399201,1.0567935705184937,1.2504490613937378,0.01,0.1,3,0,alibi_learn,1,0.0,"[[2, 0], [2, 1]]","[[1, 3], [1, 0]]"
E1_h0.01_e0.1_L3_alibi_learn_attn_s1,slope_copy_x0.5,inf,118.84927539527227,17.937875718302955,1.8189257270257388,0.17535021621733904,0.9309491913432258,0.003836065165852982,0.10521718604124725,0.9298780420238804,1.0582325458526611,1.2517995834350586,0.01,0.1,3,0,alibi_learn,1,0.0,"[[2, 0], [2, 1]]","[[1, 3], [1, 0]]"
E1_h0.01_e0.1_L3_alibi_learn_attn_s1,slope_copy_x2.0,40.77068855097271,16.398851025405822,0.0,2.985384003458811,-1.9998504758280302,0.9356205464900469,0.07486510903732767,0.10568382361391389,0.9692517060932452,1.0747127532958984,1.2672489881515503,0.01,0.1,3,0,alibi_learn,1,0.0,"[[2, 0], [2, 1]]","[[1, 3], [1, 0]]"
E1_h0.01_e0.1_L3_alibi_learn_attn_s1,slope_late_x0.5,inf,inf,53.961439275857884,1.750343019275793,0.8694488114810416,0.8743164843369351,0.0036907960440227395,0.14926007127362625,0.8783664311534427,1.0790212154388428,1.2712931632995605,0.01,0.1,3,0,alibi_learn,1,0.0,"[[2, 0], [2, 1]]","[[1, 3], [1, 0]]"
E1_h0.01_e0.1_L3_alibi_learn_attn_s1,slope_late_x2.0,34.7715506297636,9.247428498570645,0.0,3.4760410442416156,-2.768175144014614,0.8763659124122113,0.0898033237075062,0.0870950654900619,0.9705351596731515,1.1071810722351074,1.2976921796798706,0.01,0.1,3,0,alibi_learn,1,0.0,"[[2, 0], [2, 1]]","[[1, 3], [1, 0]]"
E1_h0.01_e0.1_L3_alibi_learn_attn_s2,ablate_L1H0,66.88064197072666,16.9043671897237,0.0,2.2762121089867184,-1.1101373146687235,0.9401948390222671,0.047814321118019934,0.09118390826520396,0.8408191949056392,1.0699477195739746,1.2633990049362183,0.01,0.1,3,0,alibi_learn,2,0.0,"[[2, 0], [2, 1]]","[[1, 3], [1, 2]]"
E1_h0.01_e0.1_L3_alibi_learn_attn_s2,ablate_L1H1,90.91004207871327,43.32506519784914,20.064080096472033,1.5955319183080323,0.1425995952449739,0.9648945253182766,0.04932152467308506,0.13805151966354895,0.9406396935568271,1.087594747543335,1.2793159484863281,0.01,0.1,3,0,alibi_learn,2,0.0,"[[2, 0], [2, 1]]","[[1, 3], [1, 2]]"
E1_h0.01_e0.1_L3_alibi_learn_attn_s2,ablate_L1H2,99.97364784733618,38.83210910192656,11.05229190543465,1.9490782703672136,-0.33077723692570415,0.995676423225224,0.03559451881931557,0.11777806539515161,0.9389522158944186,1.06735098361969,1.2603285312652588,0.01,0.1,3,0,alibi_learn,2,0.0,"[[2, 0], [2, 1]]","[[1, 3], [1, 2]]"
E1_h0.01_e0.1_L3_alibi_learn_attn_s2,ablate_L1H3,82.005110642668,43.806169279026356,22.219548511996724,2.0777432435591305,-0.27090367980833563,0.900356783521298,0.04667905435962664,0.21263300554416212,0.9683953766565996,1.0590360164642334,1.2525293827056885,0.01,0.1,3,0,alibi_learn,2,0.0,"[[2, 0], [2, 1]]","[[1, 3], [1, 2]]"
E1_h0.01_e0.1_L3_alibi_learn_attn_s2,ablate_L2H0,56.3728128397503,8.570892578130769,0.0,1.2844216758052684,-1.0250704987307213,0.9066279654100383,0.011839675542637793,0.028913761964829282,0.9421427041366905,1.3982148170471191,1.57095205783844,0.01,0.1,3,0,alibi_learn,2,0.0,"[[2, 0], [2, 1]]","[[1, 3], [1, 2]]"
E1_h0.01_e0.1_L3_alibi_learn_attn_s2,ablate_L2H1,125.75181793694756,43.19204385973501,12.077713486323738,2.5446200922929814,-0.8827630716509053,0.9916836328699249,0.025344181232549834,0.11382027010044724,0.9176284927254811,1.266520619392395,1.4475444555282593,0.01,0.1,3,0,alibi_learn,2,0.0,"[[2, 0], [2, 1]]","[[1, 3], [1, 2]]"
E1_h0.01_e0.1_L3_alibi_learn_attn_s2,ablate_L2H2,78.34405777388594,33.76129297665806,8.5181029205483,2.3891583110338876,-0.8054870410955378,0.9895125672572789,0.044426078590563925,0.12526126297953827,0.93371984644407,1.069623589515686,1.2625362873077393,0.01,0.1,3,0,alibi_learn,2,0.0,"[[2, 0], [2, 1]]","[[1, 3], [1, 2]]"
E1_h0.01_e0.1_L3_alibi_learn_attn_s2,ablate_L2H3,103.6461717272326,35.31287063232617,6.450687032486941,2.467162695447249,-0.9377575270565492,0.9998635887886564,0.03200853173566777,0.10568033850554288,0.9443369312407581,1.140447974205017,1.328853726387024,0.01,0.1,3,0,alibi_learn,2,0.0,"[[2, 0], [2, 1]]","[[1, 3], [1, 2]]"
E1_h0.01_e0.1_L3_alibi_learn_attn_s2,ablate_all_late,3.4401214332538474,5.550746776352015,0.0,0.05591570246698601,-0.0008485162231538977,0.043020988593233736,,,,4.265365123748779,4.265776634216309,0.01,0.1,3,0,alibi_learn,2,0.0,"[[2, 0], [2, 1]]","[[1, 3], [1, 2]]"
E1_h0.01_e0.1_L3_alibi_learn_attn_s2,ablate_control,84.45562194108936,51.84236944126093,31.331575553946383,1.9370415224028485,0.3269888042871441,0.865486291996529,0.051571794902614924,0.24277454335486334,0.9687881972265925,1.0716968774795532,1.2643952369689941,0.01,0.1,3,0,alibi_learn,2,0.0,"[[2, 0], [2, 1]]","[[1, 3], [1, 2]]"
E1_h0.01_e0.1_L3_alibi_learn_attn_s2,ablate_copy,0.0,0.0,0.0,1.1758605856448412,-1.0241654456726141,0.6744217160235217,1.0000000000000016e-05,0.00041917112867550496,0.8087365121822641,2.4607155323028564,2.5671231746673584,0.01,0.1,3,0,alibi_learn,2,0.0,"[[2, 0], [2, 1]]","[[1, 3], [1, 2]]"
E1_h0.01_e0.1_L3_alibi_learn_attn_s2,base,100.78114763586547,34.18341664964469,5.975667585576962,2.402068712765218,-0.9665387848758006,1.0,0.031734131699339876,0.10430184217314799,0.9456667197732092,1.056981086730957,1.2506136894226074,0.01,0.1,3,0,alibi_learn,2,0.0,"[[2, 0], [2, 1]]","[[1, 3], [1, 2]]"
E1_h0.01_e0.1_L3_alibi_learn_attn_s2,slope_copy_x0.5,inf,80.18650267935621,18.923780999970067,1.989844110262181,0.017325491910534247,0.9412368845372635,0.009415242522392385,0.12240816722592562,0.8832394566379378,1.058638334274292,1.252166748046875,0.01,0.1,3,0,alibi_learn,2,0.0,"[[2, 0], [2, 1]]","[[1, 3], [1, 2]]"
E1_h0.01_e0.1_L3_alibi_learn_attn_s2,slope_copy_x2.0,41.42304636601397,14.045672328566772,0.0,2.9336004023041045,-2.0042605410729135,0.9317239656113409,0.0763797196416326,0.09235675089441066,0.9652952802610897,1.1113317012786865,1.3015727996826172,0.01,0.1,3,0,alibi_learn,2,0.0,"[[2, 0], [2, 1]]","[[1, 3], [1, 2]]"
E1_h0.01_e0.1_L3_alibi_learn_attn_s2,slope_late_x0.5,inf,inf,39.25692012586499,1.8465810810614909,0.6678926621430686,0.8816717604677223,0.006517577558217927,0.15303336112751853,0.8306883040575456,1.078117847442627,1.2704362869262695,0.01,0.1,3,0,alibi_learn,2,0.0,"[[2, 0], [2, 1]]","[[1, 3], [1, 2]]"
E1_h0.01_e0.1_L3_alibi_learn_attn_s2,slope_late_x2.0,36.895040006184125,9.153009360108905,0.0,3.254336539922016,-2.5421062731849298,0.8982261306425531,0.0842009399546443,0.07943039375678936,0.9699879127182589,1.1025218963623047,1.293311595916748,0.01,0.1,3,0,alibi_learn,2,0.0,"[[2, 0], [2, 1]]","[[1, 3], [1, 2]]"
E1_h0.03_e0.2_L2_alibi_learn_attn_s0,ablate_L1H0,32.66769080183568,7.290358232347488,3.545984301264893,1.2179742981014507,-0.9744673282174128,0.9787962368007364,0.09888175599146592,0.22027969135035144,0.9304871352758531,2.22930645942688,2.349921226501465,0.03,0.2,2,0,alibi_learn,0,0.0,"[[1, 1], [1, 0]]","[[1, 3], [1, 2]]"
E1_h0.03_e0.2_L2_alibi_learn_attn_s0,ablate_L1H1,40.64642789205396,3.2810894442894254,0.0,1.2603791019480144,-0.9849980881969843,0.973797231516277,0.08352070146630156,0.19244873130867857,0.9113350350532751,2.276671886444092,2.394735813140869,0.03,0.2,2,0,alibi_learn,0,0.0,"[[1, 1], [1, 0]]","[[1, 3], [1, 2]]"
E1_h0.03_e0.2_L2_alibi_learn_attn_s0,ablate_L1H2,51.11080185126211,29.703598119976522,19.491126093663617,1.8711129440260785,0.3536754263831036,0.993605527021891,0.10277319972038289,0.26116594585708613,0.9249848408240346,2.747624397277832,2.835753917694092,0.03,0.2,2,0,alibi_learn,0,0.0,"[[1, 1], [1, 0]]","[[1, 3], [1, 2]]"
E1_h0.03_e0.2_L2_alibi_learn_attn_s0,ablate_L1H3,36.01869785314985,18.442788000589594,9.140869301842285,2.0209273766460165,-1.3153545151331596,0.9978376106241466,0.10094325912398275,0.2276225727732145,0.94926801553459,2.1242990493774414,2.251438856124878,0.03,0.2,2,0,alibi_learn,0,0.0,"[[1, 1], [1, 0]]","[[1, 3], [1, 2]]"
E1_h0.03_e0.2_L2_alibi_learn_attn_s0,ablate_all_late,46.0515876986587,2.823985630160954,3.056012911806852,0.07635619245203477,-0.0004981551984591144,0.14456687965280623,,,,4.254093647003174,4.258413791656494,0.03,0.2,2,0,alibi_learn,0,0.0,"[[1, 1], [1, 0]]","[[1, 3], [1, 2]]"
E1_h0.03_e0.2_L2_alibi_learn_attn_s0,ablate_control,44.5185807850872,25.559717005572654,17.08699200700908,2.5018481833062003,-0.11447904099311147,0.9929011714048815,0.10645464756662655,0.2618759635525844,0.9221114630026629,2.681053876876831,2.7733983993530273,0.03,0.2,2,0,alibi_learn,0,0.0,"[[1, 1], [1, 0]]","[[1, 3], [1, 2]]"
E1_h0.03_e0.2_L2_alibi_learn_attn_s0,ablate_copy,0.0,0.0,0.0,1.2243183159402438,-1.2243183159402438,0.15633753844806011,1.0000000013739887e-05,0.0024394842764259668,0.46731405594621644,2.5617406368255615,2.6617493629455566,0.03,0.2,2,0,alibi_learn,0,0.0,"[[1, 1], [1, 0]]","[[1, 3], [1, 2]]"
E1_h0.03_e0.2_L2_alibi_learn_attn_s0,base,40.827142437223095,20.851550614094553,11.147745946567394,1.7752831938144351,-0.8499138132402939,1.0,0.09812685674431754,0.228359928491993,0.9491295832249749,1.9115517139434814,2.051884412765503,0.03,0.2,2,0,alibi_learn,0,0.0,"[[1, 1], [1, 0]]","[[1, 3], [1, 2]]"
E1_h0.03_e0.2_L2_alibi_learn_attn_s0,slope_copy_x0.5,72.46156075965929,41.794676299521825,26.690846623517288,1.4982132826532637,-0.006088337461863246,0.8600088575672162,0.05921236972263128,0.3207990825351746,0.9546128689764154,1.917173981666565,2.057142734527588,0.03,0.2,2,0,alibi_learn,0,0.0,"[[1, 1], [1, 0]]","[[1, 3], [1, 2]]"
E1_h0.03_e0.2_L2_alibi_learn_attn_s0,slope_copy_x2.0,19.552752553174177,8.361309912886504,0.0,2.301089384792639,-1.8711611276625522,0.8134268089891848,0.1474350962769451,0.12143768195777914,0.9645297098878214,1.927544116973877,2.0669002532958984,0.03,0.2,2,0,alibi_learn,0,0.0,"[[1, 1], [1, 0]]","[[1, 3], [1, 2]]"
E1_h0.03_e0.2_L2_alibi_learn_attn_s0,slope_late_x0.5,71.82980726999281,41.85729315447927,26.931556732641184,1.4641488419978745,-0.04379712916644556,0.850424613711425,0.059253633520452,0.32709762305942564,0.9539404098694293,1.9430304765701294,2.0813686847686768,0.03,0.2,2,0,alibi_learn,0,0.0,"[[1, 1], [1, 0]]","[[1, 3], [1, 2]]"
E1_h0.03_e0.2_L2_alibi_learn_attn_s0,slope_late_x2.0,19.405362146258227,8.296696483883078,0.0,2.162944163927542,-1.7470438881511134,0.8134760420075793,0.15078472125668513,0.12244710744526524,0.9652172610594733,1.9738428592681885,2.110322952270508,0.03,0.2,2,0,alibi_learn,0,0.0,"[[1, 1], [1, 0]]","[[1, 3], [1, 2]]"
E1_h0.03_e0.2_L2_alibi_learn_attn_s1,ablate_L1H0,37.5723964407879,3.751428930409041,0.0,1.321273174269923,-0.8701153273827263,0.9766640133727492,0.09361657957706475,0.2275476742541444,0.9085241130851821,2.234332799911499,2.3547165393829346,0.03,0.2,2,0,alibi_learn,1,0.0,"[[1, 1], [1, 0]]","[[1, 3], [1, 2]]"
E1_h0.03_e0.2_L2_alibi_learn_attn_s1,ablate_L1H1,11.547258965236168,16.255093272786763,9.280508630837103,1.2020762685154165,-0.8428564605835293,0.9756196915145404,0.10098996953063587,0.24879062756844833,0.9226108631244346,2.3020660877227783,2.4181056022644043,0.03,0.2,2,0,alibi_learn,1,0.0,"[[1, 1], [1, 0]]","[[1, 3], [1, 2]]"
E1_h0.03_e0.2_L2_alibi_learn_attn_s1,ablate_L1H2,46.299293188897316,25.36252151080954,16.521409101350123,2.3464503984100054,0.15526074769773654,0.9971304019169187,0.11011036169293086,0.29691617124336306,0.9389851176149978,2.201211929321289,2.3233866691589355,0.03,0.2,2,0,alibi_learn,1,0.0,"[[1, 1], [1, 0]]","[[1, 3], [1, 2]]"
E1_h0.03_e0.2_L2_alibi_learn_attn_s1,ablate_L1H3,33.492343280039854,18.21437749590711,8.990888571281678,1.6454111955660795,-0.9363794389979115,0.9983178210474183,0.10759771979879926,0.26459667267993825,0.9482551895210254,2.014979124069214,2.1488747596740723,0.03,0.2,2,0,alibi_learn,1,0.0,"[[1, 1], [1, 0]]","[[1, 3], [1, 2]]"
E1_h0.03_e0.2_L2_alibi_learn_attn_s1,ablate_all_late,2.1641342890007955,2.071643652738701,2.9886644631212236,0.0745673802282129,-0.024711469454424723,-0.023245707923998528,,,,4.230330944061279,4.23331356048584,0.03,0.2,2,0,alibi_learn,1,0.0,"[[1, 1], [1, 0]]","[[1, 3], [1, 2]]"
E1_h0.03_e0.2_L2_alibi_learn_attn_s1,ablate_control,40.74615734540888,22.726066013493078,13.929993497310399,2.101177402239825,-0.212774156060602,0.9960090583478381,0.11545578902421798,0.30356345438082266,0.9347239165626602,2.363260507583618,2.475395679473877,0.03,0.2,2,0,alibi_learn,1,0.0,"[[1, 1], [1, 0]]","[[1, 3], [1, 2]]"
E1_h0.03_e0.2_L2_alibi_learn_attn_s1,ablate_copy,0.0,0.0,0.0,1.1175527021821057,-1.1175527021821057,0.042042536850812946,1.000000138272116e-05,0.0035366779709856246,0.3915541738974473,2.568997621536255,2.6684765815734863,0.03,0.2,2,0,alibi_learn,1,0.0,"[[1, 1], [1, 0]]","[[1, 3], [1, 2]]"
E1_h0.03_e0.2_L2_alibi_learn_attn_s1,base,37.940774218109155,20.26424760825093,10.465066620356149,1.7451182776795966,-0.7535879875400237,1.0,0.10453416798584755,0.2639023765214733,0.9504193219499959,1.9141782522201538,2.0542893409729004,0.03,0.2,2,0,alibi_learn,1,0.0,"[[1, 1], [1, 0]]","[[1, 3], [1, 2]]"
E1_h0.03_e0.2_L2_alibi_learn_attn_s1,slope_copy_x0.5,56.264466960753225,39.321526083455076,24.441514150325794,1.5751821116677351,0.01026664354971477,0.8925735358446397,0.06540629758474059,0.35092876088624175,0.9483026865925382,1.9214617013931274,2.061126708984375,0.03,0.2,2,0,alibi_learn,1,0.0,"[[1, 1], [1, 0]]","[[1, 3], [1, 2]]"
E1_h0.03_e0.2_L2_alibi_learn_attn_s1,slope_copy_x2.0,17.017424396864552,8.769228611536356,2.426035857808962,2.1830302781891078,-1.7485745715176952,0.8414569472174847,0.1594657531094675,0.1504835583103692,0.9691659461676252,1.927981972694397,2.0672078132629395,0.03,0.2,2,0,alibi_learn,1,0.0,"[[1, 1], [1, 0]]","[[1, 3], [1, 2]]"
E1_h0.03_e0.2_L2_alibi_learn_attn_s1,slope_late_x0.5,55.18962085459287,39.28500675011289,24.389196179584463,1.5150613210030965,-0.04982072327818189,0.8834513646221518,0.06513799053526197,0.35552517603579575,0.9506181167231187,1.9434092044830322,2.0817084312438965,0.03,0.2,2,0,alibi_learn,1,0.0,"[[1, 1], [1, 0]]","[[1, 3], [1, 2]]"
E1_h0.03_e0.2_L2_alibi_learn_attn_s1,slope_late_x2.0,17.22631828274114,8.813650978147644,2.4534612130579747,2.0754710559600165,-1.622810413794858,0.8423891874414263,0.1622839153334542,0.15120135509498683,0.9658421631475341,1.9739038944244385,2.110264778137207,0.03,0.2,2,0,alibi_learn,1,0.0,"[[1, 1], [1, 0]]","[[1, 3], [1, 2]]"
E1_h0.03_e0.2_L2_alibi_learn_attn_s2,ablate_L1H0,12.729824359510047,12.308741075274794,0.0,1.1412458563489574,-0.886044337281159,0.9737907542217846,0.10140055654606579,0.25655733782813905,0.914267146407923,2.2057909965515137,2.3285093307495117,0.03,0.2,2,0,alibi_learn,2,0.0,"[[1, 0], [1, 1]]","[[1, 2], [1, 3]]"
E1_h0.03_e0.2_L2_alibi_learn_attn_s2,ablate_L1H1,42.078778389383714,22.59053014675646,9.514040240407338,1.2222869482024439,-0.8115537531806954,0.9662018422496014,0.08748933218099822,0.21868208312814458,0.8884468615094716,2.2660577297210693,2.3845582008361816,0.03,0.2,2,0,alibi_learn,2,0.0,"[[1, 0], [1, 1]]","[[1, 2], [1, 3]]"
E1_h0.03_e0.2_L2_alibi_learn_attn_s2,ablate_L1H2,49.09567355241376,29.21494444644768,20.82918447907693,2.102442438714206,0.3772711582215769,0.9958786331761167,0.10586393021008611,0.3070949361609824,0.9381698951080388,2.5050532817840576,2.608307123184204,0.03,0.2,2,0,alibi_learn,2,0.0,"[[1, 0], [1, 1]]","[[1, 2], [1, 3]]"
E1_h0.03_e0.2_L2_alibi_learn_attn_s2,ablate_L1H3,35.61025960614274,19.08639800175593,10.517974033585373,1.9103216977923043,-1.129017030088497,0.9975789205853631,0.10517623122304463,0.2709322018090314,0.9446772960765728,2.108920097351074,2.2370383739471436,0.03,0.2,2,0,alibi_learn,2,0.0,"[[1, 0], [1, 1]]","[[1, 2], [1, 3]]"
E1_h0.03_e0.2_L2_alibi_learn_attn_s2,ablate_all_late,0.0,2.625382822481733,0.0,0.09045705026281732,-0.009611311102552074,-0.021104950648111864,,,,4.24106502532959,4.2443389892578125,0.03,0.2,2,0,alibi_learn,2,0.0,"[[1, 0], [1, 1]]","[[1, 2], [1, 3]]"
E1_h0.03_e0.2_L2_alibi_learn_attn_s2,ablate_control,42.88673613740816,25.24870415249504,18.59153153770868,2.5210475211164782,-0.10002740392727512,0.9939711508914563,0.1105666859273717,0.31686404705330484,0.9307805355050599,2.501277446746826,2.6048336029052734,0.03,0.2,2,0,alibi_learn,2,0.0,"[[1, 0], [1, 1]]","[[1, 2], [1, 3]]"
E1_h0.03_e0.2_L2_alibi_learn_attn_s2,ablate_copy,0.0,0.0,0.0,1.1305664795051729,-1.1305664795051729,-0.09028047674387113,1.0000000000000016e-05,0.0011953183297475818,0.34272126010715376,2.5738396644592285,2.6731348037719727,0.03,0.2,2,0,alibi_learn,2,0.0,"[[1, 0], [1, 1]]","[[1, 2], [1, 3]]"
E1_h0.03_e0.2_L2_alibi_learn_attn_s2,base,40.46787630206908,21.8639569793721,13.999895031257097,1.7467243443243206,-0.7121802280390901,1.0,0.10153149990434333,0.2688147914654738,0.9457799039866673,1.9133607149124146,2.053579807281494,0.03,0.2,2,0,alibi_learn,2,0.0,"[[1, 0], [1, 1]]","[[1, 2], [1, 3]]"
E1_h0.03_e0.2_L2_alibi_learn_attn_s2,slope_copy_x0.5,74.91754487633035,41.18441296750935,33.066303941719774,1.538451686701072,0.07309339308579053,0.8674147444416528,0.060032339516911525,0.3484490867080064,0.9486229569914469,1.919399619102478,2.05922269821167,0.03,0.2,2,0,alibi_learn,2,0.0,"[[1, 0], [1, 1]]","[[1, 2], [1, 3]]"
E1_h0.03_e0.2_L2_alibi_learn_attn_s2,slope_copy_x2.0,18.883725712330115,9.36066580218177,2.6652570284814674,2.2251396734001383,-1.768109141316797,0.8113159118213442,0.15394004985435464,0.14802125663312016,0.9616387967959013,1.9270426034927368,2.066439151763916,0.03,0.2,2,0,alibi_learn,2,0.0,"[[1, 0], [1, 1]]","[[1, 2], [1, 3]]"
E1_h0.03_e0.2_L2_alibi_learn_attn_s2,slope_late_x0.5,74.31037774106834,41.13363267594025,33.20486174223657,1.4865388356681382,0.014897478744387627,0.8565624920443041,0.05967081228560324,0.3537361628379472,0.9478030688074331,1.9430559873580933,2.081407070159912,0.03,0.2,2,0,alibi_learn,2,0.0,"[[1, 0], [1, 1]]","[[1, 2], [1, 3]]"
E1_h0.03_e0.2_L2_alibi_learn_attn_s2,slope_late_x2.0,19.00670874066319,9.384925518692476,2.7104466405234326,2.088544011515166,-1.6243992811068892,0.8109238798599046,0.15731016614000387,0.1490090875456558,0.961371215509419,1.9775676727294922,2.1137967109680176,0.03,0.2,2,0,alibi_learn,2,0.0,"[[1, 0], [1, 1]]","[[1, 2], [1, 3]]"
E1_h0.03_e0.2_L2_alibi_learn_mlp_s0,ablate_L1H0,0.0,0.0,0.0,1.0880745874850877,-1.0880745874850877,0.8668748174569932,0.03078684868344552,0.10439862312813207,0.890747082076477,2.0010032653808594,2.1357080936431885,0.03,0.2,2,1,alibi_learn,0,0.0,"[[1, 0], [1, 1]]","[[1, 3], [1, 2]]"
E1_h0.03_e0.2_L2_alibi_learn_mlp_s0,ablate_L1H1,0.0,0.0,0.0,1.1002345139692937,-1.0939279225920993,0.9282048236561565,0.05689540935628288,0.17502440685169696,0.888757120098358,2.0126781463623047,2.1466050148010254,0.03,0.2,2,1,alibi_learn,0,0.0,"[[1, 0], [1, 1]]","[[1, 3], [1, 2]]"
E1_h0.03_e0.2_L2_alibi_learn_mlp_s0,ablate_L1H2,45.101373035518364,32.44650407910817,15.08738035525584,0.880206425374906,-0.3113234381391002,0.9694401071666353,0.07577525050877468,0.2930846987720162,0.9405196678517214,3.134537696838379,3.1986143589019775,0.03,0.2,2,1,alibi_learn,0,0.0,"[[1, 0], [1, 1]]","[[1, 3], [1, 2]]"
E1_h0.03_e0.2_L2_alibi_learn_mlp_s0,ablate_L1H3,43.05004827017739,23.100695655438155,10.234199561566525,2.335756476536127,-1.3941211408735918,0.9952706422044437,0.07865486444805507,0.22817287728734195,0.9628819219260154,1.9442625045776367,2.0824835300445557,0.03,0.2,2,1,alibi_learn,0,0.0,"[[1, 0], [1, 1]]","[[1, 3], [1, 2]]"
E1_h0.03_e0.2_L2_alibi_learn_mlp_s0,ablate_all_late,2.759325824286272,3.476194444537353,4.165443479355155,0.0450724544269698,0.0013381413051060268,0.054961841220145295,,,,4.186278820037842,4.185980319976807,0.03,0.2,2,1,alibi_learn,0,0.0,"[[1, 0], [1, 1]]","[[1, 3], [1, 2]]"
E1_h0.03_e0.2_L2_alibi_learn_mlp_s0,ablate_control,44.837996154022164,33.10415229668208,16.101014220547217,1.0032979345414788,-0.5778037553453552,0.9748646875169072,0.07236835988905362,0.28740015056873414,0.9408215135049904,3.634577989578247,3.6674399375915527,0.03,0.2,2,1,alibi_learn,0,0.0,"[[1, 0], [1, 1]]","[[1, 3], [1, 2]]"
E1_h0.03_e0.2_L2_alibi_learn_mlp_s0,ablate_copy,0.0,0.0,0.0,1.0764527443264211,-1.0764527443264211,0.3227690039974525,1.0000000000008329e-05,0.00038795976652139925,0.8065813511700581,2.052412748336792,2.184262275695801,0.03,0.2,2,1,alibi_learn,0,0.0,"[[1, 0], [1, 1]]","[[1, 3], [1, 2]]"
E1_h0.03_e0.2_L2_alibi_learn_mlp_s0,base,48.57830555507856,30.80916462730325,16.255603894264866,1.8036812297733766,-0.6900431857045207,0.9999999999999998,0.07895366919111947,0.256882305727079,0.9658006141070274,1.8966645002365112,2.0378382205963135,0.03,0.2,2,1,alibi_learn,0,0.0,"[[1, 0], [1, 1]]","[[1, 3], [1, 2]]"
E1_h0.03_e0.2_L2_alibi_learn_mlp_s0,slope_copy_x0.5,96.64828105551685,65.3287891389495,37.838329148704716,1.467031222202682,0.23887608369945415,0.8415763875506906,0.031956773791092366,0.303864785213172,0.9459789379371228,1.9025908708572388,2.043395519256592,0.03,0.2,2,1,alibi_learn,0,0.0,"[[1, 0], [1, 1]]","[[1, 3], [1, 2]]"
E1_h0.03_e0.2_L2_alibi_learn_mlp_s0,slope_copy_x2.0,22.065048384141864,10.226309638267296,3.0053678003565327,2.510086740001238,-1.9566687603281545,0.7853853497260328,0.14228680111366518,0.152903160330528,0.9642387920172768,1.91045343875885,2.050769090652466,0.03,0.2,2,1,alibi_learn,0,0.0,"[[1, 0], [1, 1]]","[[1, 3], [1, 2]]"
E1_h0.03_e0.2_L2_alibi_learn_mlp_s0,slope_late_x0.5,96.82136075613273,66.37066608150708,38.79793243522944,1.4581434742680617,0.27711848595312666,0.8333593004382328,0.031273800071604727,0.3086465313108125,0.9486379776981287,1.9262456893920898,2.0655698776245117,0.03,0.2,2,1,alibi_learn,0,0.0,"[[1, 0], [1, 1]]","[[1, 3], [1, 2]]"
E1_h0.03_e0.2_L2_alibi_learn_mlp_s0,slope_late_x2.0,21.329172611297437,9.611505100188042,2.3343657838365472,2.6569772623479366,-2.1355297999190435,0.7636350762425296,0.14384641198512685,0.14245813506631866,0.9648928775801435,1.9841818809509277,2.1198997497558594,0.03,0.2,2,1,alibi_learn,0,0.0,"[[1, 0], [1, 1]]","[[1, 3], [1, 2]]"
E1_h0.03_e0.2_L2_alibi_learn_mlp_s1,ablate_L1H0,2.103374442938146,0.0,0.0,0.9946438583013203,-0.9929138676795576,0.9126428106060921,0.05797856929701864,0.18323122297173539,0.8719593816798087,2.0047900676727295,2.139228105545044,0.03,0.2,2,1,alibi_learn,1,0.0,"[[1, 0], [1, 1]]","[[1, 2], [1, 3]]"
E1_h0.03_e0.2_L2_alibi_learn_mlp_s1,ablate_L1H1,0.0,0.0,0.0,1.0555369735562377,-1.0412734146895153,0.9037638583770812,0.047751787141804045,0.16201640499614003,0.8742972772244145,2.025726079940796,2.15885853767395,0.03,0.2,2,1,alibi_learn,1,0.0,"[[1, 0], [1, 1]]","[[1, 2], [1, 3]]"
E1_h0.03_e0.2_L2_alibi_learn_mlp_s1,ablate_L1H2,47.58036819160876,34.251097705932224,17.78646880033828,0.8721533843449184,-0.31240546849689316,0.9694921352832473,0.06458905909630619,0.30022715114962445,0.9551608167214882,3.128713607788086,3.193225860595703,0.03,0.2,2,1,alibi_learn,1,0.0,"[[1, 0], [1, 1]]","[[1, 2], [1, 3]]"
E1_h0.03_e0.2_L2_alibi_learn_mlp_s1,ablate_L1H3,44.809448201968934,27.797719349513123,16.69854109235848,2.114786339690909,-1.0037137664122773,0.9981736166523538,0.08160675350332867,0.2650400288799502,0.9654113138204569,1.9273436069488525,2.0666451454162598,0.03,0.2,2,1,alibi_learn,1,0.0,"[[1, 0], [1, 1]]","[[1, 2], [1, 3]]"
E1_h0.03_e0.2_L2_alibi_learn_mlp_s1,ablate_all_late,0.0,0.0,5.57916795855993,0.037360145311270444,0.004300947301089764,0.04146143799229705,,,,4.170071601867676,4.1701531410217285,0.03,0.2,2,1,alibi_learn,1,0.0,"[[1, 0], [1, 1]]","[[1, 2], [1, 3]]"
E1_h0.03_e0.2_L2_alibi_learn_mlp_s1,ablate_control,46.06594953581322,35.26784391873855,16.859133825509044,0.8864300151222518,-0.4424023793212005,0.956347485932815,0.06643510289818112,0.32806503532152154,0.9199117138675555,3.703664541244507,3.7322564125061035,0.03,0.2,2,1,alibi_learn,1,0.0,"[[1, 0], [1, 1]]","[[1, 2], [1, 3]]"
E1_h0.03_e0.2_L2_alibi_learn_mlp_s1,ablate_copy,0.0,0.0,0.0,1.029549918536629,-1.029549918536629,0.24891090842112742,1.0000000000508676e-05,0.0001233945759870352,0.7373332284203313,2.065742254257202,2.196481227874756,0.03,0.2,2,1,alibi_learn,1,0.0,"[[1, 0], [1, 1]]","[[1, 2], [1, 3]]"
E1_h0.03_e0.2_L2_alibi_learn_mlp_s1,base,49.71317833596473,32.91757202512898,18.296531142192926,1.7976461845516627,-0.5730375814850309,0.9999999999999998,0.07984143095225366,0.280001892292499,0.9661849779187064,1.895825982093811,2.037083148956299,0.03,0.2,2,1,alibi_learn,1,0.0,"[[1, 0], [1, 1]]","[[1, 2], [1, 3]]"
E1_h0.03_e0.2_L2_alibi_learn_mlp_s1,slope_copy_x0.5,99.27802661889943,70.47777412077927,39.895088693883764,1.4705464890492814,0.3468330026205097,0.8275876576277842,0.03010996261504535,0.3231240916288284,0.9521578983406429,1.9019943475723267,2.04286527633667,0.03,0.2,2,1,alibi_learn,1,0.0,"[[1, 0], [1, 1]]","[[1, 2], [1, 3]]"
E1_h0.03_e0.2_L2_alibi_learn_mlp_s1,slope_copy_x2.0,22.347902559322886,10.837476872129809,4.366444784231034,2.4519615189305375,-1.8663679888205869,0.7751465390165921,0.14852081979480167,0.17103223307828228,0.9571766692333662,1.9103419780731201,2.050699472427368,0.03,0.2,2,1,alibi_learn,1,0.0,"[[1, 0], [1, 1]]","[[1, 2], [1, 3]]"
E1_h0.03_e0.2_L2_alibi_learn_mlp_s1,slope_late_x0.5,99.67775296194328,71.25796359038686,40.79125367360105,1.4552238856309228,0.37334450826581034,0.8204285192308515,0.029143906289971825,0.32682620562767634,0.9554439994449562,1.9222594499588013,2.061861991882324,0.03,0.2,2,1,alibi_learn,1,0.0,"[[1, 0], [1, 1]]","[[1, 2], [1, 3]]"
E1_h0.03_e0.2_L2_alibi_learn_mlp_s1,slope_late_x2.0,21.718295380993084,10.171974942168983,3.588632208329605,2.569822249900816,-2.012563859012776,0.7529957853619507,0.15089685057363214,0.16143275742205382,0.9563684062203175,2.0089921951293945,2.1431987285614014,0.03,0.2,2,1,alibi_learn,1,0.0,"[[1, 0], [1, 1]]","[[1, 2], [1, 3]]"
E1_h0.03_e0.2_L2_alibi_learn_mlp_s2,ablate_L1H0,0.0,0.0,0.0,1.0098894699809275,-1.0080775535066746,0.8782708447721359,0.048659110464952686,0.15092372405250068,0.8568184969855728,2.001462459564209,2.1361911296844482,0.03,0.2,2,1,alibi_learn,2,0.0,"[[1, 0], [1, 1]]","[[1, 2], [1, 3]]"
E1_h0.03_e0.2_L2_alibi_learn_mlp_s2,ablate_L1H1,22.197503194578392,0.0,0.0,1.0563393012354416,-1.0312169186903961,0.897154091621684,0.04423703972521473,0.14619853402565788,0.8853138509847402,2.0253424644470215,2.1585116386413574,0.03,0.2,2,1,alibi_learn,2,0.0,"[[1, 0], [1, 1]]","[[1, 2], [1, 3]]"
E1_h0.03_e0.2_L2_alibi_learn_mlp_s2,ablate_L1H2,41.84933884820484,32.899979965819455,12.57727238698871,0.9849288005248776,-0.5528457080280142,0.9585428451822672,0.07108906062442587,0.3302550383700502,0.9275747176201035,3.230353593826294,3.2884061336517334,0.03,0.2,2,1,alibi_learn,2,0.0,"[[1, 0], [1, 1]]","[[1, 2], [1, 3]]"
E1_h0.03_e0.2_L2_alibi_learn_mlp_s2,ablate_L1H3,43.801085643941725,28.5990810315799,15.048424746577394,2.2958991697856357,-1.0660451049251216,0.9947581245280819,0.08347356925562467,0.2562351541515359,0.9585163411148784,1.937711477279663,2.076375961303711,0.03,0.2,2,1,alibi_learn,2,0.0,"[[1, 0], [1, 1]]","[[1, 2], [1, 3]]"
E1_h0.03_e0.2_L2_alibi_learn_mlp_s2,ablate_all_late,3.1151759333826345,6.517523526002483,3.968132904941507,0.054902224601911645,-0.0033898944966495037,-0.1708314985101418,,,,4.183056831359863,4.182438373565674,0.03,0.2,2,1,alibi_learn,2,0.0,"[[1, 0], [1, 1]]","[[1, 2], [1, 3]]"
E1_h0.03_e0.2_L2_alibi_learn_mlp_s2,ablate_control,42.13476514324137,33.09038004839767,16.597685999313327,1.211766473150679,-0.7633452942328793,0.9278934303895542,0.07651815471319526,0.42411544518742084,0.879011787469743,3.6224944591522217,3.6560916900634766,0.03,0.2,2,1,alibi_learn,2,0.0,"[[1, 0], [1, 1]]","[[1, 2], [1, 3]]"
E1_h0.03_e0.2_L2_alibi_learn_mlp_s2,ablate_copy,0.0,0.0,0.0,1.0407835580408573,-1.0407835580408573,0.20430700263864343,1.0000000000000016e-05,0.00032892384491163014,0.7475735147042872,2.0533089637756348,2.1850061416625977,0.03,0.2,2,1,alibi_learn,2,0.0,"[[1, 0], [1, 1]]","[[1, 2], [1, 3]]"
E1_h0.03_e0.2_L2_alibi_learn_mlp_s2,base,51.002577626119894,34.340370070235295,18.08701455186701,1.7509503653272986,-0.5247065458180649,1.0,0.07831328304168428,0.2747493201635796,0.9648806030675651,1.896007776260376,2.03725528717041,0.03,0.2,2,1,alibi_learn,2,0.0,"[[1, 0], [1, 1]]","[[1, 2], [1, 3]]"
E1_h0.03_e0.2_L2_alibi_learn_mlp_s2,slope_copy_x0.5,108.17927587434718,69.10674721252946,40.79972117386033,1.4326480248876448,0.3498451753985137,0.8366175753734244,0.02956053711532446,0.3132318137640442,0.9521486228443347,1.9029531478881836,2.043769121170044,0.03,0.2,2,1,alibi_learn,2,0.0,"[[1, 0], [1, 1]]","[[1, 2], [1, 3]]"
E1_h0.03_e0.2_L2_alibi_learn_mlp_s2,slope_copy_x2.0,23.23740758111874,11.458319228614952,4.263316809661147,2.3552489739709666,-1.766904216126672,0.7756711435797476,0.1464859248896747,0.17049772778318908,0.9541815075568723,1.909422755241394,2.0498287677764893,0.03,0.2,2,1,alibi_learn,2,0.0,"[[1, 0], [1, 1]]","[[1, 2], [1, 3]]"
E1_h0.03_e0.2_L2_alibi_learn_mlp_s2,slope_late_x0.5,108.30433220831323,69.92036811654076,41.890576136265146,1.422725916008598,0.3798422439888652,0.8311461442562122,0.029075695657930986,0.3164612890262867,0.9545252218714677,1.9267629384994507,2.0660905838012695,0.03,0.2,2,1,alibi_learn,2,0.0,"[[1, 0], [1, 1]]","[[1, 2], [1, 3]]"
E1_h0.03_e0.2_L2_alibi_learn_mlp_s2,slope_late_x2.0,22.733531469549252,10.707144459316378,3.2543459939438972,2.492885619169101,-1.9327018475492619,0.7578180175458545,0.14643935992190424,0.15998451162732213,0.9568288982647776,1.9758989810943604,2.112159252166748,0.03,0.2,2,1,alibi_learn,2,0.0,"[[1, 0], [1, 1]]","[[1, 2], [1, 3]]"
E1_h0.03_e0.2_L3_alibi_learn_attn_s0,ablate_L1H0,57.56519664983719,40.540321102961414,23.800575301473838,1.2903313569591515,0.09364554824839745,0.940956400312021,0.07121600819312134,0.29378927773895847,0.958276999336773,1.9052859544754028,2.0459742546081543,0.03,0.2,3,0,alibi_learn,0,0.0,"[[2, 0], [2, 1]]","[[1, 3], [1, 1]]"
E1_h0.03_e0.2_L3_alibi_learn_attn_s0,ablate_L1H1,12.417851882995155,0.0,0.0,1.0616013199989018,-0.7730266035235088,0.6308304932425323,0.1931350673383642,0.05496424052539477,0.909904388700727,1.9675835371017456,2.104405641555786,0.03,0.2,3,0,alibi_learn,0,0.0,"[[2, 0], [2, 1]]","[[1, 3], [1, 1]]"
E1_h0.03_e0.2_L3_alibi_learn_attn_s0,ablate_L1H2,41.304061911500845,16.115336300331418,0.0,2.254092407495981,-1.5125872596067242,0.9697125407824528,0.07309851485236102,0.13545813104275686,0.9499182874835007,1.9382331371307373,2.0768637657165527,0.03,0.2,3,0,alibi_learn,0,0.0,"[[2, 0], [2, 1]]","[[1, 3], [1, 1]]"
E1_h0.03_e0.2_L3_alibi_learn_attn_s0,ablate_L1H3,47.600867083685955,35.189119794658986,20.64074686265038,1.7272956955379672,-0.5069744947499463,0.9170708955346698,0.07370464539512941,0.30815142573676774,0.9653956537163796,1.8990482091903687,2.0401411056518555,0.03,0.2,3,0,alibi_learn,0,0.0,"[[2, 0], [2, 1]]","[[1, 3], [1, 1]]"
E1_h0.03_e0.2_L3_alibi_learn_attn_s0,ablate_L2H0,43.71256216038659,24.80275581156784,10.270584523394254,1.063941965012678,-0.4477814831105726,0.9694320179824777,0.07637045068038814,0.1597911663423135,0.9261146063427234,1.9494578838348389,2.0873911380767822,0.03,0.2,3,0,alibi_learn,0,0.0,"[[2, 0], [2, 1]]","[[1, 3], [1, 1]]"
E1_h0.03_e0.2_L3_alibi_learn_attn_s0,ablate_L2H1,45.27735157496999,5.968006212497886,0.0,1.310829183153276,-1.1524809396027453,0.9667974834537627,0.046399363932610335,0.17498931349275887,0.9108284306104948,2.2029531002044678,2.3250861167907715,0.03,0.2,3,0,alibi_learn,0,0.0,"[[2, 0], [2, 1]]","[[1, 3], [1, 1]]"
E1_h0.03_e0.2_L3_alibi_learn_attn_s0,ablate_L2H2,45.10405443061627,22.012368297287626,8.512516244547845,2.1496157352147356,-1.2342261069321208,0.9994133325505115,0.06720888270209813,0.1772177014751444,0.9590358842631452,1.95742928981781,2.0949318408966064,0.03,0.2,3,0,alibi_learn,0,0.0,"[[2, 0], [2, 1]]","[[1, 3], [1, 1]]"
E1_h0.03_e0.2_L3_alibi_learn_attn_s0,ablate_L2H3,47.51968288792127,23.613015012974635,9.170824333940738,2.2693416910977766,-1.1858482697779047,0.9992286828488957,0.06533801213445196,0.18184148051766,0.956712715903209,2.2784955501556396,2.403181314468384,0.03,0.2,3,0,alibi_learn,0,0.0,"[[2, 0], [2, 1]]","[[1, 3], [1, 1]]"
E1_h0.03_e0.2_L3_alibi_learn_attn_s0,ablate_all_late,4.406171898721216,0.0,2.993151860830292,0.05324984987133315,-0.005827317213905709,0.03945569739041476,,,,4.236084938049316,4.236576080322266,0.03,0.2,3,0,alibi_learn,0,0.0,"[[2, 0], [2, 1]]","[[1, 3], [1, 1]]"
E1_h0.03_e0.2_L3_alibi_learn_attn_s0,ablate_control,16.748832113000766,8.801712557299926,2.8344074158574175,0.9801415788741517,-0.4810584919926311,0.7897941264523056,0.2034388595735065,0.13875887527175523,0.9315266816780452,1.9809246063232422,2.116931438446045,0.03,0.2,3,0,alibi_learn,0,0.0,"[[2, 0], [2, 1]]","[[1, 3], [1, 1]]"
E1_h0.03_e0.2_L3_alibi_learn_attn_s0,ablate_copy,0.0,0.0,0.0,0.4356389380991459,-0.4356389380991459,0.6813601733399774,,,,2.5322344303131104,2.6338276863098145,0.03,0.2,3,0,alibi_learn,0,0.0,"[[2, 0], [2, 1]]","[[1, 3], [1, 1]]"
E1_h0.03_e0.2_L3_alibi_learn_attn_s0,base,46.960272350744916,22.71268881527219,8.800898352210877,1.8418170469813049,-1.0044049775627042,1.0,0.0648176760240474,0.1788137003351792,0.9626457173725859,1.8952640295028687,2.036574125289917,0.03,0.2,3,0,alibi_learn,0,0.0,"[[2, 0], [2, 1]]","[[1, 3], [1, 1]]"
E1_h0.03_e0.2_L3_alibi_learn_attn_s0,slope_copy_x0.5,inf,48.88839463040669,19.332487326181642,1.415740968393428,-0.208515927195549,0.9280413492744712,0.02481637952277967,0.19692506214300773,0.9197023757018249,1.8980739116668701,2.0392093658447266,0.03,0.2,3,0,alibi_learn,0,0.0,"[[2, 0], [2, 1]]","[[1, 3], [1, 1]]"
E1_h0.03_e0.2_L3_alibi_learn_attn_s0,slope_copy_x2.0,19.789713212337375,9.05334668076231,0.0,2.138821617733421,-1.671502598528085,0.9406387171261178,0.10895127081639029,0.15135905568427307,0.9600245308441957,1.9105802774429321,2.050934314727783,0.03,0.2,3,0,alibi_learn,0,0.0,"[[2, 0], [2, 1]]","[[1, 3], [1, 1]]"
E1_h0.03_e0.2_L3_alibi_learn_attn_s0,slope_late_x0.5,inf,89.4304055847478,50.48290806428023,1.3342209113761783,0.6091105194230165,0.821259371118496,0.017532598608971474,0.26393655674273603,0.8688158677778203,1.9414663314819336,2.079895496368408,0.03,0.2,3,0,alibi_learn,0,0.0,"[[2, 0], [2, 1]]","[[1, 3], [1, 1]]"
E1_h0.03_e0.2_L3_alibi_learn_attn_s0,slope_late_x2.0,12.813610817694796,4.308883434005917,0.0,2.781295489985496,-2.5327807549786354,0.8629218374934673,0.15314889783817556,0.13658642212606448,0.9733496713421238,1.9993072748184204,2.1341280937194824,0.03,0.2,3,0,alibi_learn,0,0.0,"[[2, 0], [2, 1]]","[[1, 3], [1, 1]]"
E1_h0.03_e0.2_L3_alibi_learn_attn_s1,ablate_L1H0,88.56350841869254,52.56439606168911,43.199915514886094,1.3047130052499207,0.4595945201248729,0.7763503555631737,0.05035788899768295,0.37615258203291535,0.968850671201932,1.9089887142181396,2.0493946075439453,0.03,0.2,3,0,alibi_learn,1,0.0,"[[2, 0], [2, 1]]","[[1, 3], [1, 0]]"
E1_h0.03_e0.2_L3_alibi_learn_attn_s1,ablate_L1H1,2.5822235726858143,0.0,0.0,1.2327508360280521,-1.2077754099321152,0.4504008160529495,0.23791372014980094,0.036970724212079004,0.8221821445371968,2.008169174194336,2.14235520362854,0.03,0.2,3,0,alibi_learn,1,0.0,"[[2, 0], [2, 1]]","[[1, 3], [1, 0]]"
E1_h0.03_e0.2_L3_alibi_learn_attn_s1,ablate_L1H2,46.142245977347834,17.486591306855175,3.856415713679421,2.010812075476029,-1.3417754249780305,0.9726231719659932,0.07614421218039923,0.1601121644560162,0.9493725084505898,1.9289395809173584,2.068117618560791,0.03,0.2,3,0,alibi_learn,1,0.0,"[[2, 0], [2, 1]]","[[1, 3], [1, 0]]"
E1_h0.03_e0.2_L3_alibi_learn_attn_s1,ablate_L1H3,49.34757661099843,31.959315024211744,15.906910461734679,1.740119629705857,-0.8135610134008208,0.9741419571473229,0.07175558095664128,0.23271310122330163,0.9700283193112872,1.8976126909255981,2.038745641708374,0.03,0.2,3,0,alibi_learn,1,0.0,"[[2, 0], [2, 1]]","[[1, 3], [1, 0]]"
E1_h0.03_e0.2_L3_alibi_learn_attn_s1,ablate_L2H0,46.69169712352253,28.95824374229833,16.47265298790467,1.0133235494306843,-0.34254745864641983,0.9578381598957227,0.0812694733710601,0.20758701150588255,0.9168328577258765,1.9454431533813477,2.0836124420166016,0.03,0.2,3,0,alibi_learn,1,0.0,"[[2, 0], [2, 1]]","[[1, 3], [1, 0]]"
E1_h0.03_e0.2_L3_alibi_learn_attn_s1,ablate_L2H1,65.9873708546349,8.583382040239357,0.0,1.5308464970439672,-1.393031386392457,0.9671825289082961,0.024706023286913285,0.11662330287464603,0.9387681155069258,2.2371068000793457,2.3570492267608643,0.03,0.2,3,0,alibi_learn,1,0.0,"[[2, 0], [2, 1]]","[[1, 3], [1, 0]]"
E1_h0.03_e0.2_L3_alibi_learn_attn_s1,ablate_L2H2,54.43739576609898,24.571567476219318,8.439710323253825,2.4886383082983747,-1.4158876204331006,0.9986489643420362,0.06417489585594953,0.17037640483895283,0.9662133973028052,1.9171355962753296,2.057112693786621,0.03,0.2,3,0,alibi_learn,1,0.0,"[[2, 0], [2, 1]]","[[1, 3], [1, 0]]"
E1_h0.03_e0.2_L3_alibi_learn_attn_s1,ablate_L2H3,53.9870870805486,24.614492288600683,8.42762895859801,1.9648953269767975,-1.1216355276826238,0.9999264799517358,0.06238829690385129,0.17091982474781878,0.9746810195151672,2.1171393394470215,2.2455859184265137,0.03,0.2,3,0,alibi_learn,1,0.0,"[[2, 0], [2, 1]]","[[1, 3], [1, 0]]"
E1_h0.03_e0.2_L3_alibi_learn_attn_s1,ablate_all_late,3.1340858892574888,6.171013846302675,0.0,0.07037851274279612,-0.0031537648423441817,0.05988346733804852,,,,4.24949836730957,4.249751091003418,0.03,0.2,3,0,alibi_learn,1,0.0,"[[2, 0], [2, 1]]","[[1, 3], [1, 0]]"
E1_h0.03_e0.2_L3_alibi_learn_attn_s1,ablate_control,81.07057914933792,53.642046775646975,45.448373611819,1.2897855966751064,0.46819776110351086,0.7463617444955063,0.052117714860869385,0.4092861362064574,0.9683054563110343,1.9095053672790527,2.049891471862793,0.03,0.2,3,0,alibi_learn,1,0.0,"[[2, 0], [2, 1]]","[[1, 3], [1, 0]]"
E1_h0.03_e0.2_L3_alibi_learn_attn_s1,ablate_copy,0.0,0.0,0.0,0.5900021562618869,-0.5900021562618869,0.7672964252261422,,,,2.555957555770874,2.6560378074645996,0.03,0.2,3,0,alibi_learn,1,0.0,"[[2, 0], [2, 1]]","[[1, 3], [1, 0]]"
E1_h0.03_e0.2_L3_alibi_learn_attn_s1,base,54.80125349455177,24.720588333904885,8.476622640375567,1.840598861221224,-1.0321723279277129,1.0,0.06247375977586799,0.1702170553747999,0.9754329292257734,1.8956207036972046,2.0368659496307373,0.03,0.2,3,0,alibi_learn,1,0.0,"[[2, 0], [2, 1]]","[[1, 3], [1, 0]]"
E1_h0.03_e0.2_L3_alibi_learn_attn_s1,slope_copy_x0.5,inf,58.977314153560094,17.635498273071185,1.3644541626396989,-0.22765692290184752,0.9253101282328169,0.02296710247374435,0.1889193060643676,0.9559243730513647,1.8988615274429321,2.0399041175842285,0.03,0.2,3,0,alibi_learn,1,0.0,"[[2, 0], [2, 1]]","[[1, 3], [1, 0]]"
E1_h0.03_e0.2_L3_alibi_learn_attn_s1,slope_copy_x2.0,20.775585909609163,8.99813245607012,0.0,2.2681312644188956,-1.8291767791046627,0.9264749366987114,0.1139183976672655,0.13739785792802056,0.975549779201946,1.9149953126907349,2.0550317764282227,0.03,0.2,3,0,alibi_learn,1,0.0,"[[2, 0], [2, 1]]","[[1, 3], [1, 0]]"
E1_h0.03_e0.2_L3_alibi_learn_attn_s1,slope_late_x0.5,inf,94.7647362189966,70.97286926876889,1.2815168219219362,0.7604548724900398,0.7367288737472978,0.015289297181018666,0.31211823795465593,0.9475988091927441,1.9457857608795166,2.083899974822998,0.03,0.2,3,0,alibi_learn,1,0.0,"[[2, 0], [2, 1]]","[[1, 3], [1, 0]]"
E1_h0.03_e0.2_L3_alibi_learn_attn_s1,slope_late_x2.0,11.947871540886869,2.3569199931745217,0.0,2.939711502287537,-2.7465551439007476,0.8140359448405473,0.15419885203627737,0.10315029593434609,0.9845937758169795,1.9910030364990234,2.1262941360473633,0.03,0.2,3,0,alibi_learn,1,0.0,"[[2, 0], [2, 1]]","[[1, 3], [1, 0]]"
E1_h0.03_e0.2_L3_alibi_learn_attn_s2,ablate_L1H0,71.68717495638661,47.98005351521001,40.17856068096148,1.1055690809319327,0.6041474614591736,0.829382919893636,0.06475695587871279,0.431892936338897,0.9269416742223439,1.9483916759490967,2.0863494873046875,0.03,0.2,3,0,alibi_learn,2,0.0,"[[2, 0], [2, 1]]","[[1, 3], [1, 2]]"
E1_h0.03_e0.2_L3_alibi_learn_attn_s2,ablate_L1H1,3.9808508883625446,0.0,0.0,2.5136495587149903,-2.4819719081611504,0.6926043601950891,0.015930488696934163,0.009236917854551238,0.9223030507209842,1.97288978099823,2.109318494796753,0.03,0.2,3,0,alibi_learn,2,0.0,"[[2, 0], [2, 1]]","[[1, 3], [1, 2]]"
E1_h0.03_e0.2_L3_alibi_learn_attn_s2,ablate_L1H2,47.4144772829056,21.70245181907703,11.01701572025814,1.7945469741576485,-0.6632777964696288,0.9823827643579465,0.09124854271975237,0.20935774280599548,0.9715282693444298,1.9341360330581665,2.0729761123657227,0.03,0.2,3,0,alibi_learn,2,0.0,"[[2, 0], [2, 1]]","[[1, 3], [1, 2]]"
E1_h0.03_e0.2_L3_alibi_learn_attn_s2,ablate_L1H3,45.92554103890142,26.4317319821333,12.679708164818013,1.662797847197258,-0.7468723750207573,0.983073626852232,0.06988775024162325,0.21304156990046005,0.9776284434612128,1.8970483541488647,2.0382022857666016,0.03,0.2,3,0,alibi_learn,2,0.0,"[[2, 0], [2, 1]]","[[1, 3], [1, 2]]"
E1_h0.03_e0.2_L3_alibi_learn_attn_s2,ablate_L2H0,46.8308157978862,30.552865311793845,17.585539408041093,1.0791695782848234,-0.019813839911616275,0.9486421000463964,0.08845140495596138,0.23718256308325453,0.922718401340326,1.94590163230896,2.0840113162994385,0.03,0.2,3,0,alibi_learn,2,0.0,"[[2, 0], [2, 1]]","[[1, 3], [1, 2]]"
E1_h0.03_e0.2_L3_alibi_learn_attn_s2,ablate_L2H1,43.830513556280124,3.5973897455833304,0.0,1.6113255903390902,-1.5438322608492203,0.9552518151264361,0.019092748268539364,0.09735489114841199,0.9670826952407571,2.3594343662261963,2.4717893600463867,0.03,0.2,3,0,alibi_learn,2,0.0,"[[2, 0], [2, 1]]","[[1, 3], [1, 2]]"
E1_h0.03_e0.2_L3_alibi_learn_attn_s2,ablate_L2H2,47.79880387218101,21.958113570259574,7.150984922070619,2.0979868095767285,-1.230895396521581,0.9994171385255813,0.061328962640943264,0.16499915951895008,0.9756666379320942,1.9136284589767456,2.053811550140381,0.03,0.2,3,0,alibi_learn,2,0.0,"[[2, 0], [2, 1]]","[[1, 3], [1, 2]]"
E1_h0.03_e0.2_L3_alibi_learn_attn_s2,ablate_L2H3,47.274982713338424,22.15590386889959,7.35342549916597,1.9419143735597442,-1.1216188736559292,0.9996889877761043,0.06135733887266766,0.16647818046874685,0.9803761830807725,2.1356008052825928,2.2647881507873535,0.03,0.2,3,0,alibi_learn,2,0.0,"[[2, 0], [2, 1]]","[[1, 3], [1, 2]]"
E1_h0.03_e0.2_L3_alibi_learn_attn_s2,ablate_all_late,0.0,4.918588381639688,0.0,0.05270387498395784,-0.002422238833137921,-0.008815119966245365,,,,4.220632076263428,4.220571041107178,0.03,0.2,3,0,alibi_learn,2,0.0,"[[2, 0], [2, 1]]","[[1, 3], [1, 2]]"
E1_h0.03_e0.2_L3_alibi_learn_attn_s2,ablate_control,44.45421428404109,23.99016087816334,16.03786092447296,1.7712913071736693,-0.4760225475100534,0.9561937176847775,0.09588945710642333,0.2553064942685184,0.9564306141278264,1.9492570161819458,2.087148666381836,0.03,0.2,3,0,alibi_learn,2,0.0,"[[2, 0], [2, 1]]","[[1, 3], [1, 2]]"
E1_h0.03_e0.2_L3_alibi_learn_attn_s2,ablate_copy,0.0,0.0,0.0,0.476758978462645,-0.476758978462645,0.7992488971117983,0.004543572985074549,0.020848778428729533,0.9164488090881115,2.6122264862060547,2.7088091373443604,0.03,0.2,3,0,alibi_learn,2,0.0,"[[2, 0], [2, 1]]","[[1, 3], [1, 2]]"
E1_h0.03_e0.2_L3_alibi_learn_attn_s2,base,49.06113901479656,22.785881461518596,7.606248452962255,1.7963840802965154,-0.9927966484434104,1.0,0.06013297416015071,0.1623982695205047,0.9802289402483222,1.8951866626739502,2.036461591720581,0.03,0.2,3,0,alibi_learn,2,0.0,"[[2, 0], [2, 1]]","[[1, 3], [1, 2]]"
E1_h0.03_e0.2_L3_alibi_learn_attn_s2,slope_copy_x0.5,115.23937206253102,73.49476356432223,30.31996499338199,1.2293612599273078,-0.004746574725556586,0.8823168831527612,0.023771217701093254,0.22162138570020629,0.9388039398035183,1.8992644548416138,2.040286064147949,0.03,0.2,3,0,alibi_learn,2,0.0,"[[2, 0], [2, 1]]","[[1, 3], [1, 2]]"
E1_h0.03_e0.2_L3_alibi_learn_attn_s2,slope_copy_x2.0,20.68028061264176,8.472828258936582,0.0,2.4994297733397355,-2.0369242838849977,0.8814032148920647,0.14737733532451863,0.1323714626831749,0.9684817307531924,1.9082914590835571,2.0487475395202637,0.03,0.2,3,0,alibi_learn,2,0.0,"[[2, 0], [2, 1]]","[[1, 3], [1, 2]]"
E1_h0.03_e0.2_L3_alibi_learn_attn_s2,slope_late_x0.5,inf,89.97065085020968,62.211469456542915,1.2473941113400673,0.6814018218511981,0.8074276257824474,0.01887241081046897,0.2767275553075328,0.9308764581217872,1.9422821998596191,2.0806236267089844,0.03,0.2,3,0,alibi_learn,2,0.0,"[[2, 0], [2, 1]]","[[1, 3], [1, 2]]"
E1_h0.03_e0.2_L3_alibi_learn_attn_s2,slope_late_x2.0,12.911740646531726,2.0518490157931586,0.0,2.8175410010153428,-2.605345945888465,0.8077186315006168,0.1270241776916532,0.07380044631991765,0.9770356641825116,1.981069803237915,2.1169824600219727,0.03,0.2,3,0,alibi_learn,2,0.0,"[[2, 0], [2, 1]]","[[1, 3], [1, 2]]"
E2a_h0.01_e0.1_L2_learned_abs_attn_s0,ablate_L1H0,40.69870040177973,26.79974577766369,20.20370900910434,1.3725272985175252,-0.17148729373833962,0.9580977662998541,0.07268880507090938,0.33442084605123806,0.876718782296576,1.5792005062103271,1.7407622337341309,0.01,0.1,2,0,learned_abs,0,0.0,"[[1, 0], [1, 1], [1, 2]]","[[1, 3]]"
E2a_h0.01_e0.1_L2_learned_abs_attn_s0,ablate_L1H1,48.958124623819835,37.788026882518686,11.286137576744096,1.4284296883270144,-0.3868512148037553,0.9616667426188512,0.07176033758278572,0.2985646524912815,0.8695543432135455,1.6487586498260498,1.8059431314468384,0.01,0.1,2,0,learned_abs,0,0.0,"[[1, 0], [1, 1], [1, 2]]","[[1, 3]]"
E2a_h0.01_e0.1_L2_learned_abs_attn_s0,ablate_L1H2,41.24641391561837,37.71067548633822,20.55698086064252,1.3330621171210493,0.18043185397982597,0.9652110333842068,0.06501597818425046,0.41334010938989924,0.8987748834755972,1.736659288406372,1.8889433145523071,0.01,0.1,2,0,learned_abs,0,0.0,"[[1, 0], [1, 1], [1, 2]]","[[1, 3]]"
E2a_h0.01_e0.1_L2_learned_abs_attn_s0,ablate_L1H3,46.23864578273742,36.42120053559088,18.72131214635251,1.5678420380157019,-0.01702171384489962,0.9995859475227881,0.07331724069055409,0.3792643563190578,0.9438774125634,1.2291882038116455,1.4121408462524414,0.01,0.1,2,0,learned_abs,0,0.0,"[[1, 0], [1, 1], [1, 2]]","[[1, 3]]"
E2a_h0.01_e0.1_L2_learned_abs_attn_s0,ablate_all_late,0.0,5.851805202123057,0.0,0.08345668403697866,-0.03804128444088357,0.1455433105492089,,,,4.277715682983398,4.2806620597839355,0.01,0.1,2,0,learned_abs,0,0.0,"[[1, 0], [1, 1], [1, 2]]","[[1, 3]]"
E2a_h0.01_e0.1_L2_learned_abs_attn_s0,ablate_control,46.23864578273742,36.42120053559088,18.72131214635251,1.5678420380157019,-0.01702171384489962,0.9995859475227881,0.07331724069055409,0.3792643563190578,0.9438774125634,1.2291882038116455,1.4121408462524414,0.01,0.1,2,0,learned_abs,0,0.0,"[[1, 0], [1, 1], [1, 2]]","[[1, 3]]"
E2a_h0.01_e0.1_L2_learned_abs_attn_s0,ablate_copy,0.0,0.0,0.0,0.13260641607588955,-0.1320332369234945,0.6826540955020952,,,,3.030740261077881,3.1028013229370117,0.01,0.1,2,0,learned_abs,0,0.0,"[[1, 0], [1, 1], [1, 2]]","[[1, 3]]"
E2a_h0.01_e0.1_L2_learned_abs_attn_s0,base,45.51940198089458,35.75502284708478,17.84782150129765,1.831461931578815,-0.09910022826599223,0.9999999999999998,0.07112635430751474,0.3553085611494369,0.9439467176770506,1.0733858346939087,1.2659845352172852,0.01,0.1,2,0,learned_abs,0,0.0,"[[1, 0], [1, 1], [1, 2]]","[[1, 3]]"
E2a_h0.01_e0.1_L2_learned_abs_attn_s1,ablate_L1H0,38.32864852378673,16.605565013044135,17.77882186612538,1.5400727298110723,-0.44774085309888634,0.967997872686808,0.06630390165600952,0.24187942952504438,0.8828505981308626,1.6285191774368286,1.7870614528656006,0.01,0.1,2,0,learned_abs,1,0.0,"[[1, 1], [1, 0], [1, 3]]","[[1, 2]]"
E2a_h0.01_e0.1_L2_learned_abs_attn_s1,ablate_L1H1,37.20943454452627,14.077218897419613,3.0586008222756784,1.4578569228095668,-0.9562811848840543,0.9593148336275147,0.0859860703723449,0.2643119651578575,0.8617505992456,1.5938400030136108,1.7561230659484863,0.01,0.1,2,0,learned_abs,1,0.0,"[[1, 1], [1, 0], [1, 3]]","[[1, 2]]"
E2a_h0.01_e0.1_L2_learned_abs_attn_s1,ablate_L1H2,43.02717104642566,26.82201390227186,19.156473603735325,1.808224454655179,-0.3309222008766873,0.9992827232699021,0.07256387511808493,0.2772028815575951,0.9324418233620225,1.1796507835388184,1.3656233549118042,0.01,0.1,2,0,learned_abs,1,0.0,"[[1, 1], [1, 0], [1, 3]]","[[1, 2]]"
E2a_h0.01_e0.1_L2_learned_abs_attn_s1,ablate_L1H3,52.744554616809076,40.43695623227658,24.804632821965484,1.6195725872447448,0.2932567931046443,0.9737956961428288,0.06121509697714014,0.2720579226958104,0.9027385951001181,1.7522342205047607,1.902829647064209,0.01,0.1,2,0,learned_abs,1,0.0,"[[1, 1], [1, 0], [1, 3]]","[[1, 2]]"
E2a_h0.01_e0.1_L2_learned_abs_attn_s1,ablate_all_late,0.0,7.567114457828219,0.0,0.06151905143633485,-0.032566550254289596,0.19515945299969062,,,,4.23448371887207,4.23618221282959,0.01,0.1,2,0,learned_abs,1,0.0,"[[1, 1], [1, 0], [1, 3]]","[[1, 2]]"
E2a_h0.01_e0.1_L2_learned_abs_attn_s1,ablate_control,43.02717104642566,26.82201390227186,19.156473603735325,1.808224454655179,-0.3309222008766873,0.9992827232699021,0.07256387511808493,0.2772028815575951,0.9324418233620225,1.1796507835388184,1.3656233549118042,0.01,0.1,2,0,learned_abs,1,0.0,"[[1, 1], [1, 0], [1, 3]]","[[1, 2]]"
E2a_h0.01_e0.1_L2_learned_abs_attn_s1,ablate_copy,0.0,0.0,0.0,0.18789627180168672,-0.17818539992107876,0.7092500171053953,,,,3.049860715866089,3.1207199096679688,0.01,0.1,2,0,learned_abs,1,0.0,"[[1, 1], [1, 0], [1, 3]]","[[1, 2]]"
E2a_h0.01_e0.1_L2_learned_abs_attn_s1,base,42.93112401870321,26.518723081454816,18.76931037400236,1.888570364298565,-0.3985824050115688,0.9999999999999998,0.07004025851194069,0.2623115105679767,0.9375139195036564,1.073893666267395,1.2664109468460083,0.01,0.1,2,0,learned_abs,1,0.0,"[[1, 1], [1, 0], [1, 3]]","[[1, 2]]"
E2a_h0.01_e0.1_L2_learned_abs_attn_s2,ablate_L1H0,28.408471724520197,20.47433509548869,10.877686039546516,1.5945356799555677,-0.7646010049751827,0.9770310972316287,0.06815267193801278,0.23352906113111474,0.9034907740938692,1.6063528060913086,1.7658460140228271,0.01,0.1,2,0,learned_abs,2,0.0,"[[1, 0], [1, 2], [1, 1]]","[[1, 3]]"
E2a_h0.01_e0.1_L2_learned_abs_attn_s2,ablate_L1H1,52.200231832355136,32.81611403705605,10.986767500717713,1.4887243234552443,-0.29003847436979413,0.9781874240394302,0.05941353142278398,0.19575566997904215,0.8861499792980587,1.7780927419662476,1.9346930980682373,0.01,0.1,2,0,learned_abs,2,0.0,"[[1, 0], [1, 2], [1, 1]]","[[1, 3]]"
E2a_h0.01_e0.1_L2_learned_abs_attn_s2,ablate_L1H2,43.45229094472952,33.23563205866015,11.486714909966906,1.619072398569967,-0.4538186062127352,0.9781780458320862,0.07469024244253851,0.2374467213666725,0.8614724814033334,1.6432957649230957,1.8006513118743896,0.01,0.1,2,0,learned_abs,2,0.0,"[[1, 0], [1, 2], [1, 1]]","[[1, 3]]"
E2a_h0.01_e0.1_L2_learned_abs_attn_s2,ablate_L1H3,45.910898529982006,32.914304902020014,11.75220413281781,1.8631422973370977,-0.4927704826529537,0.9995460290699311,0.06761772647404578,0.23029866558147485,0.9139907374872787,1.2178022861480713,1.4013698101043701,0.01,0.1,2,0,learned_abs,2,0.0,"[[1, 0], [1, 2], [1, 1]]","[[1, 3]]"
E2a_h0.01_e0.1_L2_learned_abs_attn_s2,ablate_all_late,0.0,0.0,0.0,0.08638684351795486,-0.06563043334920492,0.11371178452101324,,,,4.277926445007324,4.278204441070557,0.01,0.1,2,0,learned_abs,2,0.0,"[[1, 0], [1, 2], [1, 1]]","[[1, 3]]"
E2a_h0.01_e0.1_L2_learned_abs_attn_s2,ablate_control,45.910898529982006,32.914304902020014,11.75220413281781,1.8631422973370977,-0.4927704826529537,0.9995460290699311,0.06761772647404578,0.23029866558147485,0.9139907374872787,1.2178022861480713,1.4013698101043701,0.01,0.1,2,0,learned_abs,2,0.0,"[[1, 0], [1, 2], [1, 1]]","[[1, 3]]"
E2a_h0.01_e0.1_L2_learned_abs_attn_s2,ablate_copy,0.0,0.0,0.0,0.12320591356339199,-0.12040274051417198,0.7963191170112144,,,,3.0216305255889893,3.093503952026367,0.01,0.1,2,0,learned_abs,2,0.0,"[[1, 0], [1, 2], [1, 1]]","[[1, 3]]"
E2a_h0.01_e0.1_L2_learned_abs_attn_s2,base,46.42740721646733,32.55297952691456,11.330994498582987,2.1336512699989334,-0.6000715768230813,1.0,0.06652168201713253,0.22326143047609848,0.9186089136145408,1.072322130203247,1.264923334121704,0.01,0.1,2,0,learned_abs,2,0.0,"[[1, 0], [1, 2], [1, 1]]","[[1, 3]]"
E2a_h0.01_e0.1_L2_rope_attn_s0,ablate_L1H0,inf,38.99177190563868,0.0,2.9287285419580127,-1.4205465095250733,0.9996804653451473,0.015246192295427324,0.0596794752882182,0.9418966621594687,1.1440634727478027,1.33237624168396,0.01,0.1,2,0,rope,0,0.0,"[[1, 2], [1, 1], [1, 3]]","[[1, 0]]"
E2a_h0.01_e0.1_L2_rope_attn_s0,ablate_L1H1,11.833316328682017,9.051020588037474,0.0,1.9930783933959901,-1.631545899901539,0.9853502040822845,0.01512723431422034,0.05184011577092985,0.915551437068578,1.5281896591186523,1.6925022602081299,0.01,0.1,2,0,rope,0,0.0,"[[1, 2], [1, 1], [1, 3]]","[[1, 0]]"
E2a_h0.01_e0.1_L2_rope_attn_s0,ablate_L1H2,106.78591961740601,5.309908195050447,0.0,1.964124002693487,-1.5017841228816127,0.9857551554594226,0.01530935352127999,0.05100058060971035,0.9231678839230785,1.5829577445983887,1.7438372373580933,0.01,0.1,2,0,rope,0,0.0,"[[1, 2], [1, 1], [1, 3]]","[[1, 0]]"
E2a_h0.01_e0.1_L2_rope_attn_s0,ablate_L1H3,inf,54.98015785931224,3.3289237746246587,2.7382297279047116,-0.5957794463528054,0.991221539950944,0.015450527678061403,0.06924385170103786,0.9350319311597604,1.646806001663208,1.8045318126678467,0.01,0.1,2,0,rope,0,0.0,"[[1, 2], [1, 1], [1, 3]]","[[1, 0]]"
E2a_h0.01_e0.1_L2_rope_attn_s0,ablate_all_late,3.789089637436688,10.03837582711149,29.520593040885753,0.07863658021337219,0.011613889530833279,-0.04273311209977623,,,,4.318674564361572,4.317643165588379,0.01,0.1,2,0,rope,0,0.0,"[[1, 2], [1, 1], [1, 3]]","[[1, 0]]"
E2a_h0.01_e0.1_L2_rope_attn_s0,ablate_control,inf,38.99177190563868,0.0,2.9287285419580127,-1.4205465095250733,0.9996804653451473,0.015246192295427324,0.0596794752882182,0.9418966621594687,1.1440634727478027,1.33237624168396,0.01,0.1,2,0,rope,0,0.0,"[[1, 2], [1, 1], [1, 3]]","[[1, 0]]"
E2a_h0.01_e0.1_L2_rope_attn_s0,ablate_copy,0.0,0.0,0.0,0.5325199448104415,-0.5325199448104415,0.6603886153511623,,,,2.425387144088745,2.534315347671509,0.01,0.1,2,0,rope,0,0.0,"[[1, 2], [1, 1], [1, 3]]","[[1, 0]]"
E2a_h0.01_e0.1_L2_rope_attn_s0,base,inf,36.37114965920804,0.0,2.6632872068190148,-1.464681430985885,1.0,0.015553476457195622,0.05825178741047562,0.9468888067596086,1.061642050743103,1.254983901977539,0.01,0.1,2,0,rope,0,0.0,"[[1, 2], [1, 1], [1, 3]]","[[1, 0]]"
E2a_h0.01_e0.1_L2_rope_attn_s1,ablate_L1H0,24.87762082375106,3.736399223752887,0.0,1.6984676345517593,-1.52879676043189,0.9816950235181503,0.025127309876703467,0.07915040006260032,0.9247712672581837,1.5493029356002808,1.7121962308883667,0.01,0.1,2,0,rope,1,0.0,"[[1, 0], [1, 2]]","[[1, 1], [1, 3]]"
E2a_h0.01_e0.1_L2_rope_attn_s1,ablate_L1H1,inf,49.73927154474787,5.522300610515717,3.0135479562117586,-0.6699934126144009,0.9986406748877386,0.02618366659538665,0.09536861529779292,0.9459318643591604,1.4361000061035156,1.6060606241226196,0.01,0.1,2,0,rope,1,0.0,"[[1, 0], [1, 2]]","[[1, 1], [1, 3]]"
E2a_h0.01_e0.1_L2_rope_attn_s1,ablate_L1H2,79.84778704662325,0.0,0.0,1.6809804991020687,-1.2858735855801828,0.9873742696092993,0.025017304544836128,0.08578561416242432,0.9232752642257104,1.5894134044647217,1.750306248664856,0.01,0.1,2,0,rope,1,0.0,"[[1, 0], [1, 2]]","[[1, 1], [1, 3]]"
E2a_h0.01_e0.1_L2_rope_attn_s1,ablate_L1H3,inf,37.080113965055965,3.03763521450335,3.307780028520418,-1.4106417553100203,0.9995870812181258,0.02545533704855066,0.08782354806782505,0.947214669693037,1.213111162185669,1.3969920873641968,0.01,0.1,2,0,rope,1,0.0,"[[1, 0], [1, 2]]","[[1, 1], [1, 3]]"
E2a_h0.01_e0.1_L2_rope_attn_s1,ablate_all_late,0.0,0.0,0.0,0.08633224632857102,0.005517914425581694,-0.0676390567683665,,,,4.362221717834473,4.364849090576172,0.01,0.1,2,0,rope,1,0.0,"[[1, 0], [1, 2]]","[[1, 1], [1, 3]]"
E2a_h0.01_e0.1_L2_rope_attn_s1,ablate_control,inf,59.31160139180849,7.428419224782772,3.6206512385979295,-0.49701824877411127,0.996967923587634,0.02536687915751058,0.0981168913040561,0.9397776602272575,1.944522500038147,2.082794666290283,0.01,0.1,2,0,rope,1,0.0,"[[1, 0], [1, 2]]","[[1, 1], [1, 3]]"
E2a_h0.01_e0.1_L2_rope_attn_s1,ablate_copy,0.0,0.0,0.0,1.4743646159768105,-1.4743646159768105,0.6053024036683923,5.2583063514151276e-05,0.0001233945761355568,0.49916772763706063,2.025021553039551,2.1585984230041504,0.01,0.1,2,0,rope,1,0.0,"[[1, 0], [1, 2]]","[[1, 1], [1, 3]]"
E2a_h0.01_e0.1_L2_rope_attn_s1,base,113.8679435308266,30.97821174024869,0.0,2.5370198892362947,-1.3662662202425833,1.0,0.025481413956461835,0.08804438606887753,0.9513633375939257,1.0641125440597534,1.2572726011276245,0.01,0.1,2,0,rope,1,0.0,"[[1, 0], [1, 2]]","[[1, 1], [1, 3]]"
E2a_h0.01_e0.1_L2_rope_attn_s2,ablate_L1H0,77.17989520885932,6.852499568931704,0.0,1.9375034997771894,-1.311441932006606,0.9820589418423517,0.019082801818236336,0.0755962481520424,0.9184618429346727,1.508565902709961,1.673901081085205,0.01,0.1,2,0,rope,2,0.0,"[[1, 0], [1, 2], [1, 1]]","[[1, 3]]"
E2a_h0.01_e0.1_L2_rope_attn_s2,ablate_L1H1,inf,43.28676764648991,5.221449204368639,2.2273616537318697,-0.8125034778911088,0.9880859215486896,0.019488416328586142,0.09670247473894424,0.913678127168687,1.61123788356781,1.7708709239959717,0.01,0.1,2,0,rope,2,0.0,"[[1, 0], [1, 2], [1, 1]]","[[1, 3]]"
E2a_h0.01_e0.1_L2_rope_attn_s2,ablate_L1H2,122.94127715152071,23.160709541655898,0.0,2.224941150950534,-1.0656278878450394,0.9877052600771866,0.01887473881680531,0.07360553357050142,0.9236936792472645,1.5795400142669678,1.7405529022216797,0.01,0.1,2,0,rope,2,0.0,"[[1, 0], [1, 2], [1, 1]]","[[1, 3]]"
E2a_h0.01_e0.1_L2_rope_attn_s2,ablate_L1H3,114.97108961483059,42.747455190328715,0.0,2.752364434102284,-1.1506139277480543,0.9996941143500894,0.019163226302869714,0.08586805229476678,0.9365283391138127,1.1442077159881592,1.3322844505310059,0.01,0.1,2,0,rope,2,0.0,"[[1, 0], [1, 2], [1, 1]]","[[1, 3]]"
E2a_h0.01_e0.1_L2_rope_attn_s2,ablate_all_late,25.87697713025007,2.68507526282869,48.15985828699509,0.09112765846241798,0.009469433754150356,-0.06734993494445966,,,,4.325642108917236,4.325046539306641,0.01,0.1,2,0,rope,2,0.0,"[[1, 0], [1, 2], [1, 1]]","[[1, 3]]"
E2a_h0.01_e0.1_L2_rope_attn_s2,ablate_control,114.97108961483059,42.747455190328715,0.0,2.752364434102284,-1.1506139277480543,0.9996941143500894,0.019163226302869714,0.08586805229476678,0.9365283391138127,1.1442077159881592,1.3322844505310059,0.01,0.1,2,0,rope,2,0.0,"[[1, 0], [1, 2], [1, 1]]","[[1, 3]]"
E2a_h0.01_e0.1_L2_rope_attn_s2,ablate_copy,0.0,0.0,0.0,0.49118060811555814,-0.49118060811555814,0.8190459755508642,0.013783045555529103,0.02585751963281613,0.6864822501649317,2.3808016777038574,2.4924142360687256,0.01,0.1,2,0,rope,2,0.0,"[[1, 0], [1, 2], [1, 1]]","[[1, 3]]"
E2a_h0.01_e0.1_L2_rope_attn_s2,base,110.64465636065073,35.2101969933164,0.0,2.5215787646759833,-1.215441918133625,1.0,0.019137768576841695,0.08353391222131301,0.9415377112678693,1.0626574754714966,1.255843997001648,0.01,0.1,2,0,rope,2,0.0,"[[1, 0], [1, 2], [1, 1]]","[[1, 3]]"
E2a_h0.01_e0.1_L3_learned_abs_attn_s0,ablate_L1H0,inf,inf,inf,1.7300461128221027,1.6562032718876643,0.6511395793341904,0.025172232654433517,0.4874089944191781,0.10626000514864875,1.1227264404296875,1.3122373819351196,0.01,0.1,3,0,learned_abs,0,0.0,"[[2, 3], [2, 1]]","[[1, 3], [1, 0]]"
E2a_h0.01_e0.1_L3_learned_abs_attn_s0,ablate_L1H1,inf,101.71759628223937,92.89344555055253,1.2673770666920714,1.060301880352199,0.9343622848223206,0.017706311711995416,0.42756539908413727,0.626608919841483,1.0715817213058472,1.264309048652649,0.01,0.1,3,0,learned_abs,0,0.0,"[[2, 3], [2, 1]]","[[1, 3], [1, 0]]"
E2a_h0.01_e0.1_L3_learned_abs_attn_s0,ablate_L1H2,35.758179499256855,23.523954736288832,0.0,1.4866090174764395,0.03035996401948588,0.7575373650307725,0.11059789581639061,0.4446901631639562,0.7826322067401388,1.140875220298767,1.3293044567108154,0.01,0.1,3,0,learned_abs,0,0.0,"[[2, 3], [2, 1]]","[[1, 3], [1, 0]]"
E2a_h0.01_e0.1_L3_learned_abs_attn_s0,ablate_L1H3,inf,inf,0.0,1.6100002795990025,1.519231327144163,0.6705423830357328,0.023987905253071665,0.48237738950999975,0.11485302366590511,1.1204520463943481,1.3110074996948242,0.01,0.1,3,0,learned_abs,0,0.0,"[[2, 3], [2, 1]]","[[1, 3], [1, 0]]"
E2a_h0.01_e0.1_L3_learned_abs_attn_s0,ablate_L2H0,98.96458962172045,72.70147105243142,64.0327127674428,0.9141407674511096,0.5149735660358731,0.9957115776459655,0.011111852644833716,0.43222215148817467,0.661772719682953,1.149442195892334,1.3373229503631592,0.01,0.1,3,0,learned_abs,0,0.0,"[[2, 3], [2, 1]]","[[1, 3], [1, 0]]"
E2a_h0.01_e0.1_L3_learned_abs_attn_s0,ablate_L2H1,86.45809911291852,0.0,0.0,0.5916344281286001,0.2041856368471469,0.9561224700842756,0.03183418920200568,0.39386712998466117,0.603269786050729,1.402024269104004,1.5789786577224731,0.01,0.1,3,0,learned_abs,0,0.0,"[[2, 3], [2, 1]]","[[1, 3], [1, 0]]"
E2a_h0.01_e0.1_L3_learned_abs_attn_s0,ablate_L2H2,92.15530757562583,66.44287213092221,53.56284197644125,1.077916182378041,0.5577999936815884,0.9959137435706258,0.00808010645713282,0.44393341131839903,0.6720205262407906,1.0823863744735718,1.274397373199463,0.01,0.1,3,0,learned_abs,0,0.0,"[[2, 3], [2, 1]]","[[1, 3], [1, 0]]"
E2a_h0.01_e0.1_L3_learned_abs_attn_s0,ablate_L2H3,inf,99.02766783326412,111.88216503410324,0.6591354593235467,0.5595695793495646,0.9276434754286111,0.006095406118875693,0.4157975769358297,0.4806572205468247,1.5365824699401855,1.7011644840240479,0.01,0.1,3,0,learned_abs,0,0.0,"[[2, 3], [2, 1]]","[[1, 3], [1, 0]]"
E2a_h0.01_e0.1_L3_learned_abs_attn_s0,ablate_all_late,0.0,0.0,2.965909585828976,0.06652320568848934,-0.0028545306330280645,0.008242337435578015,,,,4.245075225830078,4.246702194213867,0.01,0.1,3,0,learned_abs,0,0.0,"[[2, 3], [2, 1]]","[[1, 3], [1, 0]]"
E2a_h0.01_e0.1_L3_learned_abs_attn_s0,ablate_control,0.0,2.6549654779557375,inf,1.5231175773577499,1.5166359893378936,0.508575567582656,0.5523209917280764,0.4640449242238192,0.1419795011302425,1.1811364889144897,1.368869662284851,0.01,0.1,3,0,learned_abs,0,0.0,"[[2, 3], [2, 1]]","[[1, 3], [1, 0]]"
E2a_h0.01_e0.1_L3_learned_abs_attn_s0,ablate_copy,3.8737235461985033,inf,0.0,0.2063454827958984,0.19415538432076573,0.48934539703577573,,,,2.4107728004455566,2.5214266777038574,0.01,0.1,3,0,learned_abs,0,0.0,"[[2, 3], [2, 1]]","[[1, 3], [1, 0]]"
E2a_h0.01_e0.1_L3_learned_abs_attn_s0,base,97.68763454653518,70.98582340357888,60.57154094812931,1.0732414714792478,0.6102808366330075,1.0,0.007625986954786008,0.4406812148125381,0.6621363897156025,1.0585294961929321,1.2520347833633423,0.01,0.1,3,0,learned_abs,0,0.0,"[[2, 3], [2, 1]]","[[1, 3], [1, 0]]"
E2a_h0.01_e0.1_L3_learned_abs_attn_s1,ablate_L1H0,98.34644531279838,66.8984889775399,68.39150530264735,1.5672270309046976,0.8682145385204681,0.9049757637269341,0.02938568357020706,0.41286036315650276,0.9593209642009829,1.0620722770690918,1.2554264068603516,0.01,0.1,3,0,learned_abs,1,0.0,"[[2, 2], [2, 1], [2, 3]]","[[1, 2], [1, 1], [2, 0]]"
E2a_h0.01_e0.1_L3_learned_abs_attn_s1,ablate_L1H1,49.54975707485955,57.164521899025885,26.202119710412735,1.1187167941991771,0.34719778118388994,0.8692324697677417,0.05486185987759279,0.2121122419940981,0.8431279501722145,1.0904805660247803,1.282081127166748,0.01,0.1,3,0,learned_abs,1,0.0,"[[2, 2], [2, 1], [2, 3]]","[[1, 2], [1, 1], [2, 0]]"
E2a_h0.01_e0.1_L3_learned_abs_attn_s1,ablate_L1H2,inf,inf,inf,1.8507721374210502,1.8068621563725173,0.43163677585717036,0.2918404983784363,0.1268936411924733,0.0770405293504095,1.172092318534851,1.3593610525131226,0.01,0.1,3,0,learned_abs,1,0.0,"[[2, 2], [2, 1], [2, 3]]","[[1, 2], [1, 1], [2, 0]]"
E2a_h0.01_e0.1_L3_learned_abs_attn_s1,ablate_L1H3,40.02456723168579,31.075111477836206,34.26464356566639,1.9483426793345384,-0.01723421910511596,0.8704799314303391,0.08459806791456081,0.448674274877448,0.961157332568465,1.0933218002319336,1.284881353378296,0.01,0.1,3,0,learned_abs,1,0.0,"[[2, 2], [2, 1], [2, 3]]","[[1, 2], [1, 1], [2, 0]]"
E2a_h0.01_e0.1_L3_learned_abs_attn_s1,ablate_L2H0,inf,81.44277298894393,69.86847446691895,1.39705737663566,0.8204369495423245,0.9968016453465044,0.046285449784720864,0.3634041753918451,0.8344093986702914,1.1253242492675781,1.314748764038086,0.01,0.1,3,0,learned_abs,1,0.0,"[[2, 2], [2, 1], [2, 3]]","[[1, 2], [1, 1], [2, 0]]"
E2a_h0.01_e0.1_L3_learned_abs_attn_s1,ablate_L2H1,inf,95.77542735587664,80.68611917630697,0.9270351771265268,0.6716985944658518,0.9278144365470847,0.04118304151303742,0.3538142107486991,0.7039910882986848,1.5827316045761108,1.7479214668273926,0.01,0.1,3,0,learned_abs,1,0.0,"[[2, 2], [2, 1], [2, 3]]","[[1, 2], [1, 1], [2, 0]]"
E2a_h0.01_e0.1_L3_learned_abs_attn_s1,ablate_L2H2,58.54694635520352,86.37147189511464,66.97870801288263,0.9689971485973469,0.6860214254286673,0.928490589421638,0.05044463825120516,0.3471498743393695,0.7552093779956702,1.6089024543762207,1.7681763172149658,0.01,0.1,3,0,learned_abs,1,0.0,"[[2, 2], [2, 1], [2, 3]]","[[1, 2], [1, 1], [2, 0]]"
E2a_h0.01_e0.1_L3_learned_abs_attn_s1,ablate_L2H3,56.27216979687944,75.11665712319832,61.92562215201785,1.4334771524715637,0.7889474664282586,0.9921674421542604,0.055015365203868426,0.39037000569598057,0.8507876720934995,1.1367127895355225,1.325441837310791,0.01,0.1,3,0,learned_abs,1,0.0,"[[2, 2], [2, 1], [2, 3]]","[[1, 2], [1, 1], [2, 0]]"
E2a_h0.01_e0.1_L3_learned_abs_attn_s1,ablate_all_late,2.8200739539903696,2.9730413335691894,0.0,0.07131787010335497,-0.008307567198893853,0.032010878237076504,,,,4.254441738128662,4.256098747253418,0.01,0.1,3,0,learned_abs,1,0.0,"[[2, 2], [2, 1], [2, 3]]","[[1, 2], [1, 1], [2, 0]]"
E2a_h0.01_e0.1_L3_learned_abs_attn_s1,ablate_control,inf,inf,inf,2.0704133320333704,2.0431379325953976,0.05577562663764535,0.2997745227767127,0.49594830191018197,0.27191407056318695,1.3346134424209595,1.5127333402633667,0.01,0.1,3,0,learned_abs,1,0.0,"[[2, 2], [2, 1], [2, 3]]","[[1, 2], [1, 1], [2, 0]]"
E2a_h0.01_e0.1_L3_learned_abs_attn_s1,ablate_copy,0.0,inf,inf,0.06532818398305348,0.059892160285796435,0.20767771549100797,,,,3.1210296154022217,3.187635660171509,0.01,0.1,3,0,learned_abs,1,0.0,"[[2, 2], [2, 1], [2, 3]]","[[1, 2], [1, 1], [2, 0]]"
E2a_h0.01_e0.1_L3_learned_abs_attn_s1,base,inf,83.21737828620304,69.22553446995154,1.5275501571595669,0.9819762932934931,0.9999999999999998,0.05026275722240965,0.3731211672200595,0.844531366688047,1.0586448907852173,1.2521884441375732,0.01,0.1,3,0,learned_abs,1,0.0,"[[2, 2], [2, 1], [2, 3]]","[[1, 2], [1, 1], [2, 0]]"
E2a_h0.01_e0.1_L3_learned_abs_attn_s2,ablate_L1H0,91.88672027728111,74.60237332682857,47.536366272367374,1.1523087512967842,0.3296771670824715,0.9209156822915519,0.03562666837268074,0.21135273078816236,0.8422755250146357,1.079588770866394,1.271830439567566,0.01,0.1,3,0,learned_abs,2,0.0,"[[2, 1], [2, 3], [2, 2]]","[[1, 0], [1, 1], [1, 2]]"
E2a_h0.01_e0.1_L3_learned_abs_attn_s2,ablate_L1H1,0.0,2.4665255633554084,0.0,1.4830860815210534,1.461584008598168,0.27777460192680203,0.530920606348235,0.49999999999986144,0.14888921444870373,1.2018057107925415,1.3870052099227905,0.01,0.1,3,0,learned_abs,2,0.0,"[[2, 1], [2, 3], [2, 2]]","[[1, 0], [1, 1], [1, 2]]"
E2a_h0.01_e0.1_L3_learned_abs_attn_s2,ablate_L1H2,99.22785818860946,85.82038929047717,77.7194657661662,1.5711008215190045,1.0688802120275795,0.9506140971794701,0.018455470276668346,0.43908973074555857,0.8884446484560771,1.0735710859298706,1.2662410736083984,0.01,0.1,3,0,learned_abs,2,0.0,"[[2, 1], [2, 3], [2, 2]]","[[1, 0], [1, 1], [1, 2]]"
E2a_h0.01_e0.1_L3_learned_abs_attn_s2,ablate_L1H3,44.906921616566954,37.94612023297933,29.591926763250445,2.4479857554127062,0.24577327006097352,0.8591764339200837,0.07133713010404065,0.440643080730323,0.9395749122842333,1.1522464752197266,1.340350866317749,0.01,0.1,3,0,learned_abs,2,0.0,"[[2, 1], [2, 3], [2, 2]]","[[1, 0], [1, 1], [1, 2]]"
E2a_h0.01_e0.1_L3_learned_abs_attn_s2,ablate_L2H0,91.11187911066449,82.43406949253307,54.89336722635226,1.2225975450128317,0.5944214242377451,0.9979115644082999,0.033789376415576125,0.3500198730815677,0.9169603557349459,1.2335220575332642,1.416155219078064,0.01,0.1,3,0,learned_abs,2,0.0,"[[2, 1], [2, 3], [2, 2]]","[[1, 0], [1, 1], [1, 2]]"
E2a_h0.01_e0.1_L3_learned_abs_attn_s2,ablate_L2H1,92.22458786984363,91.03348354532072,52.93408465246553,0.9315569461988551,0.5079951139965228,0.9325749997719767,0.035764506812840116,0.3444220225400675,0.7694085638200984,1.5094242095947266,1.6789731979370117,0.01,0.1,3,0,learned_abs,2,0.0,"[[2, 1], [2, 3], [2, 2]]","[[1, 0], [1, 1], [1, 2]]"
E2a_h0.01_e0.1_L3_learned_abs_attn_s2,ablate_L2H2,83.01642416211827,71.86175286874142,52.24003752945499,1.0773191471983279,0.4425364386822496,0.9681254126761017,0.03760064015917147,0.3478503903795792,0.8763321201610674,1.458052396774292,1.6266695261001587,0.01,0.1,3,0,learned_abs,2,0.0,"[[2, 1], [2, 3], [2, 2]]","[[1, 0], [1, 1], [1, 2]]"
E2a_h0.01_e0.1_L3_learned_abs_attn_s2,ablate_L2H3,115.80300790737435,100.34218690215245,80.34417905358197,1.0297762033795672,0.8386475181074015,0.9518651342284419,0.03076256922133853,0.36372050506241027,0.8336587320562737,1.7214683294296265,1.87367582321167,0.01,0.1,3,0,learned_abs,2,0.0,"[[2, 1], [2, 3], [2, 2]]","[[1, 0], [1, 1], [1, 2]]"
E2a_h0.01_e0.1_L3_learned_abs_attn_s2,ablate_all_late,0.0,3.210810558918346,0.0,0.0659604709861534,0.00781986050839935,-0.012870442665233437,,,,4.289999485015869,4.290139198303223,0.01,0.1,3,0,learned_abs,2,0.0,"[[2, 1], [2, 3], [2, 2]]","[[1, 0], [1, 1], [1, 2]]"
E2a_h0.01_e0.1_L3_learned_abs_attn_s2,ablate_control,0.0,3.6891213632989506,0.0,1.4981393168148185,1.4803036964232368,0.19038164110616534,0.5198447968202666,0.4862048661512718,0.18354505886181494,1.2044007778167725,1.3911006450653076,0.01,0.1,3,0,learned_abs,2,0.0,"[[2, 1], [2, 3], [2, 2]]","[[1, 0], [1, 1], [1, 2]]"
E2a_h0.01_e0.1_L3_learned_abs_attn_s2,ablate_copy,0.0,inf,inf,0.1533746533761067,0.147742738481611,-0.5603891986478916,,,,3.9721736907958984,3.9852170944213867,0.01,0.1,3,0,learned_abs,2,0.0,"[[2, 1], [2, 3], [2, 2]]","[[1, 0], [1, 1], [1, 2]]"
E2a_h0.01_e0.1_L3_learned_abs_attn_s2,base,95.69628000674906,85.19810461994811,60.99368647667766,1.530300515504288,0.8895950208950255,1.0,0.03515843469312692,0.35308373665592907,0.9218137437229615,1.0609252452850342,1.2542688846588135,0.01,0.1,3,0,learned_abs,2,0.0,"[[2, 1], [2, 3], [2, 2]]","[[1, 0], [1, 1], [1, 2]]"
E2a_h0.01_e0.1_L3_rope_attn_s0,ablate_L1H0,122.04138462550532,38.877690633954785,16.177997769191094,2.4046440777102753,-0.6226594223906952,0.9836068145651493,0.047415530857917575,0.17248443998681062,0.9416644147163765,1.0752774477005005,1.2680836915969849,0.01,0.1,3,0,rope,0,0.0,"[[2, 0], [2, 2], [1, 3], [1, 2]]","[[2, 1], [1, 0], [1, 1], [2, 3]]"
E2a_h0.01_e0.1_L3_rope_attn_s0,ablate_L1H1,inf,60.999275103460434,31.222177105062137,1.814209483630423,0.3062551360178207,0.9936231380900294,0.03034043444619727,0.18609210010503283,0.935102225963807,1.0807602405548096,1.2729055881500244,0.01,0.1,3,0,rope,0,0.0,"[[2, 0], [2, 2], [1, 3], [1, 2]]","[[2, 1], [1, 0], [1, 1], [2, 3]]"
E2a_h0.01_e0.1_L3_rope_attn_s0,ablate_L1H2,36.161902820919856,2.1011552993025417,0.0,2.9310212965522493,-2.559132500152503,0.8834715212359293,0.04449438308594468,0.08207101200817814,0.9485750581301601,1.1146986484527588,1.305413842201233,0.01,0.1,3,0,rope,0,0.0,"[[2, 0], [2, 2], [1, 3], [1, 2]]","[[2, 1], [1, 0], [1, 1], [2, 3]]"
E2a_h0.01_e0.1_L3_rope_attn_s0,ablate_L1H3,42.87670899747789,0.0,0.0,2.8925087869699513,-2.537890125066042,0.9001747575272023,0.03522483803394586,0.07784852905281452,0.9422623508050094,1.1129790544509888,1.3036195039749146,0.01,0.1,3,0,rope,0,0.0,"[[2, 0], [2, 2], [1, 3], [1, 2]]","[[2, 1], [1, 0], [1, 1], [2, 3]]"
E2a_h0.01_e0.1_L3_rope_attn_s0,ablate_L2H0,inf,53.12496532703121,20.433313319128846,1.5884078373866422,-0.3077653828742249,0.9911463442822595,0.015597931711083115,0.16604344518966824,0.9230785166687829,1.313747763633728,1.491353154182434,0.01,0.1,3,0,rope,0,0.0,"[[2, 0], [2, 2], [1, 3], [1, 2]]","[[2, 1], [1, 0], [1, 1], [2, 3]]"
E2a_h0.01_e0.1_L3_rope_attn_s0,ablate_L2H1,inf,50.15775410489727,18.19484395650431,2.103603770124859,-0.3497927939585809,0.9999908024586485,0.019527605404971077,0.16849879606600598,0.9421444670081055,1.0618621110916138,1.2551792860031128,0.01,0.1,3,0,rope,0,0.0,"[[2, 0], [2, 2], [1, 3], [1, 2]]","[[2, 1], [1, 0], [1, 1], [2, 3]]"
E2a_h0.01_e0.1_L3_rope_attn_s0,ablate_L2H2,inf,56.84047362577078,15.125344513155596,1.6069699678170895,-0.29450357685397777,0.9919214638205123,0.01624004231063126,0.17807339520185447,0.9230963771730561,1.2414240837097168,1.4239776134490967,0.01,0.1,3,0,rope,0,0.0,"[[2, 0], [2, 2], [1, 3], [1, 2]]","[[2, 1], [1, 0], [1, 1], [2, 3]]"
E2a_h0.01_e0.1_L3_rope_attn_s0,ablate_L2H3,inf,55.19718472605697,22.097899537821284,2.099043869213866,-0.08308873558416963,0.9997571086516057,0.020798044159076438,0.17245921514753895,0.9424624916408761,1.0662853717803955,1.2593246698379517,0.01,0.1,3,0,rope,0,0.0,"[[2, 0], [2, 2], [1, 3], [1, 2]]","[[2, 1], [1, 0], [1, 1], [2, 3]]"
E2a_h0.01_e0.1_L3_rope_attn_s0,ablate_all_late,2.9676475935495064,3.327613809199263,5.365869673395293,0.03895599288599832,0.003593660758009979,0.06293122820724582,,,,4.186936855316162,4.187178611755371,0.01,0.1,3,0,rope,0,0.0,"[[2, 0], [2, 2], [1, 3], [1, 2]]","[[2, 1], [1, 0], [1, 1], [2, 3]]"
E2a_h0.01_e0.1_L3_rope_attn_s0,ablate_control,92.29081887989236,45.53488297303956,21.73502617038029,2.0972227535343597,0.143352432575609,0.9647983590681981,0.05861770331672284,0.20555247778954286,0.9500059560188862,1.1661152839660645,1.353114128112793,0.01,0.1,3,0,rope,0,0.0,"[[2, 0], [2, 2], [1, 3], [1, 2]]","[[2, 1], [1, 0], [1, 1], [2, 3]]"
E2a_h0.01_e0.1_L3_rope_attn_s0,ablate_copy,0.0,0.0,0.0,0.8697905532483544,-0.8697905532483544,0.43149705145813955,7.666567357799754e-05,0.00012339457598625278,0.5155527363365269,2.3163516521453857,2.4314117431640625,0.01,0.1,3,0,rope,0,0.0,"[[2, 0], [2, 2], [1, 3], [1, 2]]","[[2, 1], [1, 0], [1, 1], [2, 3]]"
E2a_h0.01_e0.1_L3_rope_attn_s0,base,inf,49.413768995126,17.73450400368278,2.054034084414265,-0.37002097216567825,0.9999999999999998,0.01941571846873003,0.1683430436914562,0.9418308079998963,1.0560359954833984,1.249712347984314,0.01,0.1,3,0,rope,0,0.0,"[[2, 0], [2, 2], [1, 3], [1, 2]]","[[2, 1], [1, 0], [1, 1], [2, 3]]"
E2a_h0.01_e0.1_L3_rope_attn_s1,ablate_L1H0,inf,37.92675923648215,0.0,1.612587867703821,-0.17606289352157287,0.9374281207101623,0.01859436901959949,0.07259776442648888,0.8657173794284208,1.0776193141937256,1.2699402570724487,0.01,0.1,3,0,rope,1,0.0,"[[2, 3], [2, 0], [2, 1]]","[[1, 1], [1, 0], [2, 2]]"
E2a_h0.01_e0.1_L3_rope_attn_s1,ablate_L1H1,60.68820937302836,40.56698073104218,23.709917348919365,2.043012754060328,-0.11632707249373198,0.8615018785937193,0.059603805618187726,0.2600245295093614,0.9828014215109945,1.0768272876739502,1.2692174911499023,0.01,0.1,3,0,rope,1,0.0,"[[2, 3], [2, 0], [2, 1]]","[[1, 1], [1, 0], [2, 2]]"
E2a_h0.01_e0.1_L3_rope_attn_s1,ablate_L1H2,83.82145996248265,12.28442539518255,2.380279749847848,2.1820135175117423,-1.226209219545126,0.9622980604072306,0.033286739339416206,0.09354194965504528,0.9730495791148452,1.063712239265442,1.2568986415863037,0.01,0.1,3,0,rope,1,0.0,"[[2, 3], [2, 0], [2, 1]]","[[1, 1], [1, 0], [2, 2]]"
E2a_h0.01_e0.1_L3_rope_attn_s1,ablate_L1H3,40.70102608617665,0.0,0.0,3.1462608562516317,-2.5977095314966783,0.911155631798193,0.02609396899196595,0.041422382966340425,0.9541419799195094,1.0656791925430298,1.2813633680343628,0.01,0.1,3,0,rope,1,0.0,"[[2, 3], [2, 0], [2, 1]]","[[1, 1], [1, 0], [2, 2]]"
E2a_h0.01_e0.1_L3_rope_attn_s1,ablate_L2H0,inf,25.088013241490348,2.1578479294873985,2.1665191178742265,-1.2840703472362034,0.9931507961897728,0.016823658067121487,0.10511214358279798,0.9605130411877448,1.2983826398849487,1.4770177602767944,0.01,0.1,3,0,rope,1,0.0,"[[2, 3], [2, 0], [2, 1]]","[[1, 1], [1, 0], [2, 2]]"
E2a_h0.01_e0.1_L3_rope_attn_s1,ablate_L2H1,inf,29.737351168710077,0.0,2.1991074486369535,-1.152578942278134,0.9966015096870319,0.01669028617745472,0.10708835746250689,0.9690750740001522,1.2649827003479004,1.445845127105713,0.01,0.1,3,0,rope,1,0.0,"[[2, 3], [2, 0], [2, 1]]","[[1, 1], [1, 0], [2, 2]]"
E2a_h0.01_e0.1_L3_rope_attn_s1,ablate_L2H2,inf,40.706236184284926,2.909031343048009,2.1885139900259674,-0.7863797849443342,0.9999459751803276,0.01787816661811592,0.10768471314138091,0.9755210271361033,1.0655853748321533,1.2586615085601807,0.01,0.1,3,0,rope,1,0.0,"[[2, 3], [2, 0], [2, 1]]","[[1, 1], [1, 0], [2, 2]]"
E2a_h0.01_e0.1_L3_rope_attn_s1,ablate_L2H3,inf,66.28330612174926,5.462643781045691,1.562724816147238,-0.0880555878393352,0.9924038251388776,0.021348836539285,0.10223613875910569,0.9684284728934184,1.072689175605774,1.2653162479400635,0.01,0.1,3,0,rope,1,0.0,"[[2, 3], [2, 0], [2, 1]]","[[1, 1], [1, 0], [2, 2]]"
E2a_h0.01_e0.1_L3_rope_attn_s1,ablate_all_late,6.789542578691466,0.0,0.0,0.046556981945676465,0.001702698612851756,0.06496626108715889,,,,4.205906867980957,4.205409049987793,0.01,0.1,3,0,rope,1,0.0,"[[2, 3], [2, 0], [2, 1]]","[[1, 1], [1, 0], [2, 2]]"
E2a_h0.01_e0.1_L3_rope_attn_s1,ablate_control,60.463834594651274,40.79348777315159,20.655004058870674,1.48777255099932,0.28619368384326144,0.8560961531521987,0.061918464148763654,0.20865786009794957,0.9186010589514501,1.2183990478515625,1.4019626379013062,0.01,0.1,3,0,rope,1,0.0,"[[2, 3], [2, 0], [2, 1]]","[[1, 1], [1, 0], [2, 2]]"
E2a_h0.01_e0.1_L3_rope_attn_s1,ablate_copy,0.0,0.0,0.0,0.7432106027180063,-0.742817965269621,0.925904837536708,0.04648616479765909,0.13762409854703456,0.9260709866140668,1.6669822931289673,1.8228962421417236,0.01,0.1,3,0,rope,1,0.0,"[[2, 3], [2, 0], [2, 1]]","[[1, 1], [1, 0], [2, 2]]"
E2a_h0.01_e0.1_L3_rope_attn_s1,base,inf,39.240744024050365,2.635131734729456,2.259020266123116,-0.8581176390871406,1.0,0.017234290892584613,0.106310274106862,0.9750058773954609,1.054598331451416,1.2483553886413574,0.01,0.1,3,0,rope,1,0.0,"[[2, 3], [2, 0], [2, 1]]","[[1, 1], [1, 0], [2, 2]]"
E2a_h0.01_e0.1_L3_rope_attn_s2,ablate_L1H0,inf,70.53347936828116,34.999772480800274,1.778027824325753,0.521286270780755,0.9186398932271058,0.02202806883398309,0.21335314364048383,0.9731153208980406,1.0725451707839966,1.2651326656341553,0.01,0.1,3,0,rope,2,0.0,"[[2, 3], [2, 2], [1, 1]]","[[1, 0], [2, 1], [1, 3]]"
E2a_h0.01_e0.1_L3_rope_attn_s2,ablate_L1H1,124.11343695445434,6.5712499104802005,0.0,2.246564415150455,-1.3879601934126444,0.9160860705165016,0.008820507839566356,0.03047181332140418,0.9554574535597061,1.0643739700317383,1.2574602365493774,0.01,0.1,3,0,rope,2,0.0,"[[2, 3], [2, 2], [1, 1]]","[[1, 0], [2, 1], [1, 3]]"
E2a_h0.01_e0.1_L3_rope_attn_s2,ablate_L1H2,97.78682779129781,14.333508620328287,0.0,1.7269977275282145,-0.9994461504476411,0.9421245237494859,0.023589106510941257,0.05749393531069251,0.9743544641256457,1.076054573059082,1.2684282064437866,0.01,0.1,3,0,rope,2,0.0,"[[2, 3], [2, 2], [1, 1]]","[[1, 0], [2, 1], [1, 3]]"
E2a_h0.01_e0.1_L3_rope_attn_s2,ablate_L1H3,94.13016438458581,12.652800296305742,0.0,2.647198891200657,-1.687172642310283,0.9800044022777831,0.020030094289654757,0.07898154481271226,0.9824578276690484,1.0826897621154785,1.2748613357543945,0.01,0.1,3,0,rope,2,0.0,"[[2, 3], [2, 2], [1, 1]]","[[1, 0], [2, 1], [1, 3]]"
E2a_h0.01_e0.1_L3_rope_attn_s2,ablate_L2H0,inf,69.93148307014573,9.594533093972256,2.1403739066528424,-0.3582552886967148,0.9987641492884758,0.016251255182267752,0.12082698883260286,0.9825565197930554,1.0724480152130127,1.2650673389434814,0.01,0.1,3,0,rope,2,0.0,"[[2, 3], [2, 2], [1, 1]]","[[1, 0], [2, 1], [1, 3]]"
E2a_h0.01_e0.1_L3_rope_attn_s2,ablate_L2H1,inf,64.77741443511891,6.962117706887231,2.425105910216059,-0.7012264145804303,0.9999326872958941,0.013980073233958869,0.1132328599198961,0.9824271185923061,1.166914701461792,1.3536255359649658,0.01,0.1,3,0,rope,2,0.0,"[[2, 3], [2, 2], [1, 1]]","[[1, 0], [2, 1], [1, 3]]"
E2a_h0.01_e0.1_L3_rope_attn_s2,ablate_L2H2,inf,34.6371946970783,5.433239741968309,1.695207113865763,-0.6814108668560428,0.9922519636416767,0.015059516854262432,0.10407851990611637,0.9690056045031155,1.3507179021835327,1.526480793952942,0.01,0.1,3,0,rope,2,0.0,"[[2, 3], [2, 2], [1, 1]]","[[1, 0], [2, 1], [1, 3]]"
E2a_h0.01_e0.1_L3_rope_attn_s2,ablate_L2H3,inf,31.316861398894687,3.653880343150795,1.256990384243961,-0.5291620246134698,0.9878860536402059,0.012396654281475938,0.10292475896712086,0.963206608815287,1.3785984516143799,1.5522491931915283,0.01,0.1,3,0,rope,2,0.0,"[[2, 3], [2, 2], [1, 1]]","[[1, 0], [2, 1], [1, 3]]"
E2a_h0.01_e0.1_L3_rope_attn_s2,ablate_all_late,3.1378052698767487,0.0,0.0,0.07289651169308595,0.0004826325124927929,0.06869970697232866,,,,4.26377534866333,4.262251853942871,0.01,0.1,3,0,rope,2,0.0,"[[2, 3], [2, 2], [1, 1]]","[[1, 0], [2, 1], [1, 3]]"
E2a_h0.01_e0.1_L3_rope_attn_s2,ablate_control,92.86481989040567,39.328798841429496,19.621237279996556,2.4855434585894858,-0.21578617234315192,0.911590620928372,0.050955194534832896,0.1884011951248786,0.920537617803385,1.1758103370666504,1.362161636352539,0.01,0.1,3,0,rope,2,0.0,"[[2, 3], [2, 2], [1, 1]]","[[1, 0], [2, 1], [1, 3]]"
E2a_h0.01_e0.1_L3_rope_attn_s2,ablate_copy,inf,0.0,0.0,0.36530077716867837,-0.2870257790200412,0.844305799483586,1.000000000003764e-05,0.0002620724315638894,0.8511634752300423,1.982481837272644,2.1184983253479004,0.01,0.1,3,0,rope,2,0.0,"[[2, 3], [2, 2], [1, 1]]","[[1, 0], [2, 1], [1, 3]]"
E2a_h0.01_e0.1_L3_rope_attn_s2,base,inf,64.63691942236882,6.800340731374882,2.0408989805728197,-0.5987648788307395,1.0,0.013958805650949025,0.1120746704076448,0.9835443326884902,1.0550005435943604,1.248684048652649,0.01,0.1,3,0,rope,2,0.0,"[[2, 3], [2, 2], [1, 1]]","[[1, 0], [2, 1], [1, 3]]"
E2a_h0.03_e0.2_L2_learned_abs_attn_s0,ablate_L1H0,59.57062628255295,35.32886482095326,24.375176976015698,0.20501291485769407,0.10409966536930629,0.9792700272123732,0.08876332032198049,0.1768447921587604,0.8622861767007842,3.383974075317383,3.432464838027954,0.03,0.2,2,0,learned_abs,0,0.0,"[[1, 3], [1, 1]]","[[1, 2], [1, 0]]"
E2a_h0.03_e0.2_L2_learned_abs_attn_s0,ablate_L1H1,17.610977413349325,2.3661019527757707,0.0,0.8534560439709041,-0.7567833248924997,0.9230999612997525,0.11194552314885098,0.10511946764117423,0.8138403640676952,2.1741905212402344,2.298030138015747,0.03,0.2,2,0,learned_abs,0,0.0,"[[1, 3], [1, 1]]","[[1, 2], [1, 0]]"
E2a_h0.03_e0.2_L2_learned_abs_attn_s0,ablate_L1H2,33.95680478714571,9.689287123696278,5.082393773637008,0.25189223592834814,-0.12971763259598187,0.9981222462629992,0.10256002931089873,0.165221093254264,0.9117102410232667,2.6511287689208984,2.74522066116333,0.03,0.2,2,0,learned_abs,0,0.0,"[[1, 3], [1, 1]]","[[1, 2], [1, 0]]"
E2a_h0.03_e0.2_L2_learned_abs_attn_s0,ablate_L1H3,16.87432696482743,0.0,0.0,0.5817890927760995,-0.41692493588197976,0.956945787299637,0.11807052414346123,0.185626666577704,0.8367257634269647,2.175130844116211,2.299297332763672,0.03,0.2,2,0,learned_abs,0,0.0,"[[1, 3], [1, 1]]","[[1, 2], [1, 0]]"
E2a_h0.03_e0.2_L2_learned_abs_attn_s0,ablate_all_late,0.0,0.0,0.0,0.1824075998738408,-0.1824075998738408,0.3868149152434557,,,,4.266063690185547,4.269423484802246,0.03,0.2,2,0,learned_abs,0,0.0,"[[1, 3], [1, 1]]","[[1, 2], [1, 0]]"
E2a_h0.03_e0.2_L2_learned_abs_attn_s0,ablate_control,58.62090068702324,32.59280851384159,23.442582822451033,0.9382153895816633,0.3818159643560648,0.9778011276767123,0.08867567373876424,0.1876726186373287,0.866972658263197,3.178734540939331,3.240065336227417,0.03,0.2,2,0,learned_abs,0,0.0,"[[1, 3], [1, 1]]","[[1, 2], [1, 0]]"
E2a_h0.03_e0.2_L2_learned_abs_attn_s0,ablate_copy,0.0,0.0,0.0,0.7410990306442338,-0.7410990306442338,0.5023954003528899,0.1180301186034662,0.00038532912535583255,0.45362102988666675,2.4684219360351562,2.5744411945343018,0.03,0.2,2,0,learned_abs,0,0.0,"[[1, 3], [1, 1]]","[[1, 2], [1, 0]]"
E2a_h0.03_e0.2_L2_learned_abs_attn_s0,base,36.263046012560494,10.755459023159231,6.037254187379921,0.8906052083309207,-0.3542154247739485,1.0,0.10153900988978043,0.1646550981373469,0.9106573690362542,1.9166462421417236,2.0565648078918457,0.03,0.2,2,0,learned_abs,0,0.0,"[[1, 3], [1, 1]]","[[1, 2], [1, 0]]"
E2a_h0.03_e0.2_L2_learned_abs_attn_s1,ablate_L1H0,76.66419519170483,0.0,11.077788572551729,0.3112692271492311,-0.06987678998016886,0.9477509869139696,0.038111257038879846,0.14789129498253678,0.8548738290720017,2.8622398376464844,2.943809986114502,0.03,0.2,2,0,learned_abs,1,0.0,"[[1, 1], [1, 0], [1, 3]]","[[1, 2]]"
E2a_h0.03_e0.2_L2_learned_abs_attn_s1,ablate_L1H1,36.38572540755464,14.654168819279821,2.6803222198929713,0.9394007711671293,-0.7105733981755163,0.9642487918240583,0.063078794217321,0.15726926614458508,0.8955293390323807,2.19990611076355,2.3221917152404785,0.03,0.2,2,0,learned_abs,1,0.0,"[[1, 1], [1, 0], [1, 3]]","[[1, 2]]"
E2a_h0.03_e0.2_L2_learned_abs_attn_s1,ablate_L1H2,53.0979946222773,37.238312653167355,10.021912578362572,0.3412453420460224,-0.1453155063624893,0.9983221767963801,0.05078983382597499,0.1576532853139663,0.9573633509873016,2.742840051651001,2.8313238620758057,0.03,0.2,2,0,learned_abs,1,0.0,"[[1, 1], [1, 0], [1, 3]]","[[1, 2]]"
E2a_h0.03_e0.2_L2_learned_abs_attn_s1,ablate_L1H3,68.9765670240808,48.856139377833415,18.359952973132508,0.5354611378695283,-0.027062952518463135,0.9606169085893194,0.05418563882142716,0.1705843686575602,0.8995116601184403,2.6143062114715576,2.710775375366211,0.03,0.2,2,0,learned_abs,1,0.0,"[[1, 1], [1, 0], [1, 3]]","[[1, 2]]"
E2a_h0.03_e0.2_L2_learned_abs_attn_s1,ablate_all_late,6.671307773221833,0.0,0.0,0.05434470710211566,0.0008984190145773548,0.17843553805296933,,,,4.433370590209961,4.428893089294434,0.03,0.2,2,0,learned_abs,1,0.0,"[[1, 1], [1, 0], [1, 3]]","[[1, 2]]"
E2a_h0.03_e0.2_L2_learned_abs_attn_s1,ablate_control,53.0979946222773,37.238312653167355,10.021912578362572,0.3412453420460224,-0.1453155063624893,0.9983221767963801,0.05078983382597499,0.1576532853139663,0.9573633509873016,2.742840051651001,2.8313238620758057,0.03,0.2,2,0,learned_abs,1,0.0,"[[1, 1], [1, 0], [1, 3]]","[[1, 2]]"
E2a_h0.03_e0.2_L2_learned_abs_attn_s1,ablate_copy,0.0,inf,inf,0.03133462954844747,0.031034946840788637,-0.41092283711327116,,,,3.9805493354797363,3.9917545318603516,0.03,0.2,2,0,learned_abs,1,0.0,"[[1, 1], [1, 0], [1, 3]]","[[1, 2]]"
E2a_h0.03_e0.2_L2_learned_abs_attn_s1,base,54.55794718323753,39.28627890755626,10.8086478709482,1.2229678207409702,-0.4687051541238491,1.0,0.04839235472969026,0.1600919669847669,0.9548487733185453,1.915102481842041,2.055145263671875,0.03,0.2,2,0,learned_abs,1,0.0,"[[1, 1], [1, 0], [1, 3]]","[[1, 2]]"
E2a_h0.03_e0.2_L2_learned_abs_attn_s2,ablate_L1H0,41.92531884347956,20.175745880961873,19.340558804955275,0.2348916478721159,-0.0715285876233663,0.9989031359516779,0.09462730351502467,0.3069628170941843,0.9025896304163037,2.684128761291504,2.7768654823303223,0.03,0.2,2,0,learned_abs,2,0.0,"[[1, 2], [1, 3]]","[[1, 0], [1, 1]]"
E2a_h0.03_e0.2_L2_learned_abs_attn_s2,ablate_L1H1,95.99131745078283,77.28444373792259,30.965795150889047,0.29347417037934065,0.2209173208102584,0.9915878667963096,0.08995840065483819,0.3182941570445022,0.8961919514527723,3.4332146644592285,3.478572368621826,0.03,0.2,2,0,learned_abs,2,0.0,"[[1, 2], [1, 3]]","[[1, 0], [1, 1]]"
E2a_h0.03_e0.2_L2_learned_abs_attn_s2,ablate_L1H2,4.896654069673358,0.0,0.0,0.695627833317433,-0.614363978217755,0.9330112487688244,0.09605226311084945,0.29109564828179924,0.7782149499984433,2.162724256515503,2.2873902320861816,0.03,0.2,2,0,learned_abs,2,0.0,"[[1, 2], [1, 3]]","[[1, 0], [1, 1]]"
E2a_h0.03_e0.2_L2_learned_abs_attn_s2,ablate_L1H3,22.811698602508603,0.0,3.3868710844228,0.7301759759762457,-0.5993109332131488,0.918204448524262,0.10194162923409879,0.2728512177680539,0.7698836275991783,2.221062660217285,2.3421688079833984,0.03,0.2,2,0,learned_abs,2,0.0,"[[1, 2], [1, 3]]","[[1, 0], [1, 1]]"
E2a_h0.03_e0.2_L2_learned_abs_attn_s2,ablate_all_late,0.0,0.0,0.0,0.1259519886225462,-0.12324525974690914,0.22941513136462308,,,,4.2974395751953125,4.296892166137695,0.03,0.2,2,0,learned_abs,2,0.0,"[[1, 2], [1, 3]]","[[1, 0], [1, 1]]"
E2a_h0.03_e0.2_L2_learned_abs_attn_s2,ablate_control,93.66543681443416,75.75697296939262,30.027488409125606,1.3418460836900132,0.9353175296315125,0.987314906715297,0.07938993662293652,0.30573464496860236,0.898447008641425,3.1185667514801025,3.18465518951416,0.03,0.2,2,0,learned_abs,2,0.0,"[[1, 2], [1, 3]]","[[1, 0], [1, 1]]"
E2a_h0.03_e0.2_L2_learned_abs_attn_s2,ablate_copy,0.0,0.0,0.0,1.1255565634263414,-1.1255565634263414,0.491587569750479,0.22785344810561978,0.0697889172963194,0.49775527269413644,2.510260820388794,2.6133456230163574,0.03,0.2,2,0,learned_abs,2,0.0,"[[1, 2], [1, 3]]","[[1, 0], [1, 1]]"
E2a_h0.03_e0.2_L2_learned_abs_attn_s2,base,45.586356981631944,24.55176424647481,20.973853123693566,0.8912314028878298,-0.1374464863911271,1.0,0.0987101102945314,0.3191532244004898,0.9058999374980167,1.9151151180267334,2.0551958084106445,0.03,0.2,2,0,learned_abs,2,0.0,"[[1, 2], [1, 3]]","[[1, 0], [1, 1]]"
E2a_h0.03_e0.2_L2_rope_attn_s0,ablate_L1H0,39.006112271297226,7.465180494534352,0.0,1.4849946441661035,-1.2028106776997447,0.9888727189507446,0.06930969390137208,0.16255718639198283,0.9480489737696971,2.1476495265960693,2.2732796669006348,0.03,0.2,2,0,rope,0,0.0,"[[1, 0], [1, 2], [1, 3]]","[[1, 1]]"
E2a_h0.03_e0.2_L2_rope_attn_s0,ablate_L1H1,53.97147956580088,22.158479133907232,8.207388924458096,2.051966532732227,-1.0817431816166,0.9996519703741322,0.0659444913193296,0.16821644726821136,0.9623251679992764,2.034824848175049,2.1677141189575195,0.03,0.2,2,0,rope,0,0.0,"[[1, 0], [1, 2], [1, 3]]","[[1, 1]]"
E2a_h0.03_e0.2_L2_rope_attn_s0,ablate_L1H2,42.32599429712301,18.19000546383252,5.390826758916758,1.492567831251238,-1.1181495800348265,0.986333819038585,0.06781436529879299,0.15958728741398964,0.9399146865161542,2.1620841026306152,2.2868189811706543,0.03,0.2,2,0,rope,0,0.0,"[[1, 0], [1, 2], [1, 3]]","[[1, 1]]"
E2a_h0.03_e0.2_L2_rope_attn_s0,ablate_L1H3,81.51021508097222,26.844163874181145,11.03945059694986,2.374964619853667,-0.6348007795001779,0.9935175738022685,0.06335507362390481,0.17095673559181335,0.9435129406963376,2.3872857093811035,2.49815034866333,0.03,0.2,2,0,rope,0,0.0,"[[1, 0], [1, 2], [1, 3]]","[[1, 1]]"
E2a_h0.03_e0.2_L2_rope_attn_s0,ablate_all_late,2.8541160481861687,2.847215417965314,0.0,0.09594253596982785,0.0008891715801187924,-0.035628722992731426,,,,4.360829830169678,4.360915660858154,0.03,0.2,2,0,rope,0,0.0,"[[1, 0], [1, 2], [1, 3]]","[[1, 1]]"
E2a_h0.03_e0.2_L2_rope_attn_s0,ablate_control,53.97147956580088,22.158479133907232,8.207388924458096,2.051966532732227,-1.0817431816166,0.9996519703741322,0.0659444913193296,0.16821644726821136,0.9623251679992764,2.034824848175049,2.1677141189575195,0.03,0.2,2,0,rope,0,0.0,"[[1, 0], [1, 2], [1, 3]]","[[1, 1]]"
E2a_h0.03_e0.2_L2_rope_attn_s0,ablate_copy,0.0,0.0,0.0,0.42084541311487556,-0.4208114872952657,0.7776746844682957,0.022394014631475667,0.07735102085266055,0.6180538687737209,2.6732523441314697,2.766551971435547,0.03,0.2,2,0,rope,0,0.0,"[[1, 0], [1, 2], [1, 3]]","[[1, 1]]"
E2a_h0.03_e0.2_L2_rope_attn_s0,base,51.675855092719885,21.149890202625585,7.134474764834559,1.9412714090264802,-1.1220441160257906,1.0,0.0663466683264745,0.16576558074837877,0.9641861793557569,1.905147910118103,2.0458521842956543,0.03,0.2,2,0,rope,0,0.0,"[[1, 0], [1, 2], [1, 3]]","[[1, 1]]"
E2a_h0.03_e0.2_L2_rope_attn_s1,ablate_L1H0,70.59340035579875,28.4270325221223,12.057979232389512,2.385332143898787,-0.7225473577356232,0.9987668109242709,0.07436982505744437,0.19635755550683898,0.9497904793110271,2.3098878860473633,2.4254088401794434,0.03,0.2,2,0,rope,1,0.0,"[[1, 1], [1, 2]]","[[1, 0], [1, 3]]"
E2a_h0.03_e0.2_L2_rope_attn_s1,ablate_L1H1,34.788572081227315,19.143188988319654,3.33242615658186,1.2046619566556598,-0.9922612645397229,0.9892335834242394,0.07428771231660052,0.18674429167313128,0.9485559203960882,2.1408979892730713,2.266857147216797,0.03,0.2,2,0,rope,1,0.0,"[[1, 1], [1, 2]]","[[1, 0], [1, 3]]"
E2a_h0.03_e0.2_L2_rope_attn_s1,ablate_L1H2,39.132173135778594,5.927183292023253,0.0,1.1572947054103548,-1.0132118165825628,0.9878483555674368,0.07498680538764325,0.1805854564630017,0.9420762705414314,2.1461963653564453,2.271808624267578,0.03,0.2,2,0,rope,1,0.0,"[[1, 1], [1, 2]]","[[1, 0], [1, 3]]"
E2a_h0.03_e0.2_L2_rope_attn_s1,ablate_L1H3,66.7806966807663,25.68488968308491,11.30104170676122,2.489675593362855,-0.9389101719882872,0.9992912176838565,0.07359469840902588,0.19302658513919257,0.9524987614751741,2.2216579914093018,2.3426566123962402,0.03,0.2,2,0,rope,1,0.0,"[[1, 1], [1, 2]]","[[1, 0], [1, 3]]"
E2a_h0.03_e0.2_L2_rope_attn_s1,ablate_all_late,0.0,0.0,2.225437884566992,0.07478499046659895,0.005548205825367144,0.07652283951767694,,,,4.342328071594238,4.341307640075684,0.03,0.2,2,0,rope,1,0.0,"[[1, 1], [1, 2]]","[[1, 0], [1, 3]]"
E2a_h0.03_e0.2_L2_rope_attn_s1,ablate_control,83.3437558434302,32.63008839399958,15.525791090552739,3.0345833459869027,-0.49875539873859714,0.9968488146713067,0.07302532360651114,0.20101174080298834,0.9402869114733133,3.081348419189453,3.1512839794158936,0.03,0.2,2,0,rope,1,0.0,"[[1, 1], [1, 2]]","[[1, 0], [1, 3]]"
E2a_h0.03_e0.2_L2_rope_attn_s1,ablate_copy,0.0,0.0,0.0,1.0650032316999776,-1.0650032316999776,0.5736479781097455,,,,2.376413345336914,2.487670660018921,0.03,0.2,2,0,rope,1,0.0,"[[1, 1], [1, 2]]","[[1, 0], [1, 3]]"
E2a_h0.03_e0.2_L2_rope_attn_s1,base,55.0919463633611,22.593303743587832,9.302456152884316,1.8551082388231797,-0.9826732639090291,1.0,0.07512477703877103,0.1904079184514608,0.9612830328609988,1.9051471948623657,2.0457849502563477,0.03,0.2,2,0,rope,1,0.0,"[[1, 1], [1, 2]]","[[1, 0], [1, 3]]"
E2a_h0.03_e0.2_L2_rope_attn_s2,ablate_L1H0,3.555065713412271,5.455275320347756,2.8929404722872247,1.200889360957912,-1.0509668025853378,0.9839255595108969,0.07720938288677086,0.18200073584717097,0.9361071083437702,2.156541109085083,2.2815334796905518,0.03,0.2,2,0,rope,2,0.0,"[[1, 0], [1, 1]]","[[1, 3], [1, 2]]"
E2a_h0.03_e0.2_L2_rope_attn_s2,ablate_L1H1,12.577686245076796,15.734078627318159,0.0,1.240061537994604,-1.0804467377851583,0.9863431782696422,0.08290117192562461,0.19664904496681032,0.9433859055741499,2.163748025894165,2.2882957458496094,0.03,0.2,2,0,rope,2,0.0,"[[1, 0], [1, 1]]","[[1, 3], [1, 2]]"
E2a_h0.03_e0.2_L2_rope_attn_s2,ablate_L1H2,82.79871182092597,29.494139776991886,16.232106505240107,2.3175177903779383,-0.4043708653521857,0.9980435003842738,0.07233816258294884,0.19679706173020128,0.9532570391358431,2.364776372909546,2.476855993270874,0.03,0.2,2,0,rope,2,0.0,"[[1, 0], [1, 1]]","[[1, 3], [1, 2]]"
E2a_h0.03_e0.2_L2_rope_attn_s2,ablate_L1H3,65.6080095123128,23.326999063504232,10.837152359477422,2.4501339866380607,-1.0736760173791222,0.9995198478560536,0.07491707160033509,0.19138377676323656,0.9577949571664537,2.083066701889038,2.212679147720337,0.03,0.2,2,0,rope,2,0.0,"[[1, 0], [1, 1]]","[[1, 3], [1, 2]]"
E2a_h0.03_e0.2_L2_rope_attn_s2,ablate_all_late,2.4886521950789526,4.438051111170531,0.0,0.08255952543445996,0.018042061610945632,-0.1389700645763782,,,,4.3083176612854,4.306943893432617,0.03,0.2,2,0,rope,2,0.0,"[[1, 0], [1, 1]]","[[1, 3], [1, 2]]"
E2a_h0.03_e0.2_L2_rope_attn_s2,ablate_control,90.09829529997023,31.88333898184515,17.283805897029346,2.997237055762006,-0.29755345658798305,0.9962820716838982,0.07017489221467062,0.1984967239314582,0.9452905453940292,3.0740437507629395,3.1447701454162598,0.03,0.2,2,0,rope,2,0.0,"[[1, 0], [1, 1]]","[[1, 3], [1, 2]]"
E2a_h0.03_e0.2_L2_rope_attn_s2,ablate_copy,0.0,0.0,0.0,1.1872434499008315,-1.1872434499008315,0.6302149879679637,0.1434384133743594,0.18775723526928406,0.4370704577396668,2.4345974922180176,2.54227614402771,0.03,0.2,2,0,rope,2,0.0,"[[1, 0], [1, 1]]","[[1, 3], [1, 2]]"
E2a_h0.03_e0.2_L2_rope_attn_s2,base,56.876867827386064,21.6034824394045,9.181118942572287,1.8333181181224063,-0.9877429765682402,1.0,0.07670579205624369,0.1919004129026104,0.9637484459994612,1.9040459394454956,2.044764280319214,0.03,0.2,2,0,rope,2,0.0,"[[1, 0], [1, 1]]","[[1, 3], [1, 2]]"
E2a_h0.03_e0.2_L3_learned_abs_attn_s0,ablate_L1H0,inf,71.02889723163918,24.702354128894736,0.9045191493184704,0.0789791650438149,0.9239318561739519,0.02033137236042191,0.21801207851184548,0.8913112259247072,1.9223918914794922,2.062018871307373,0.03,0.2,3,0,learned_abs,0,0.0,"[[1, 2], [2, 0], [2, 1], [2, 3], [2, 2]]","[[1, 1], [1, 3], [1, 0]]"
E2a_h0.03_e0.2_L3_learned_abs_attn_s0,ablate_L1H1,inf,inf,0.0,0.616095833630035,0.3311251805862412,0.07293484143004547,1.0000000000213658e-05,0.0019135457546245243,0.3717118739922639,1.9548490047454834,2.092454671859741,0.03,0.2,3,0,learned_abs,0,0.0,"[[1, 2], [2, 0], [2, 1], [2, 3], [2, 2]]","[[1, 1], [1, 3], [1, 0]]"
E2a_h0.03_e0.2_L3_learned_abs_attn_s0,ablate_L1H2,50.0420612692509,22.029946070209373,9.56847028443818,1.1740537145441132,0.007053041231951543,0.82276429790657,0.08725118409629151,0.12850441382712596,0.9256568025876052,1.9404412508010864,2.078972816467285,0.03,0.2,3,0,learned_abs,0,0.0,"[[1, 2], [2, 0], [2, 1], [2, 3], [2, 2]]","[[1, 1], [1, 3], [1, 0]]"
E2a_h0.03_e0.2_L3_learned_abs_attn_s0,ablate_L1H3,0.0,0.0,0.0,0.5865388666279614,-0.48185365587206824,0.43108547207627346,1.0000000000000016e-05,0.0006602153737943588,0.4502140439023372,2.1870009899139404,2.3107285499572754,0.03,0.2,3,0,learned_abs,0,0.0,"[[1, 2], [2, 0], [2, 1], [2, 3], [2, 2]]","[[1, 1], [1, 3], [1, 0]]"
E2a_h0.03_e0.2_L3_learned_abs_attn_s0,ablate_L2H0,81.63960936455499,23.861920314815816,4.854595359276375,1.2170112693815358,-0.5521558872424066,0.9717593104428784,0.04170967708567521,0.19260043399626223,0.9255331262954966,2.1768102645874023,2.300792694091797,0.03,0.2,3,0,learned_abs,0,0.0,"[[1, 2], [2, 0], [2, 1], [2, 3], [2, 2]]","[[1, 1], [1, 3], [1, 0]]"
E2a_h0.03_e0.2_L3_learned_abs_attn_s0,ablate_L2H1,60.97316835551953,41.775890446749884,0.0,1.1963128120904523,-0.4599047427597855,0.9830975883046222,0.04263171019295197,0.21516773156466582,0.9387723383691763,2.1344025135040283,2.2611937522888184,0.03,0.2,3,0,learned_abs,0,0.0,"[[1, 2], [2, 0], [2, 1], [2, 3], [2, 2]]","[[1, 1], [1, 3], [1, 0]]"
E2a_h0.03_e0.2_L3_learned_abs_attn_s0,ablate_L2H2,79.76667082513664,39.94267474880791,18.005902813759576,1.1811306533137602,-0.49277818528935313,0.9843146302168289,0.04490348177830814,0.21092916323515126,0.9435982162805864,2.095263957977295,2.224097967147827,0.03,0.2,3,0,learned_abs,0,0.0,"[[1, 2], [2, 0], [2, 1], [2, 3], [2, 2]]","[[1, 1], [1, 3], [1, 0]]"
E2a_h0.03_e0.2_L3_learned_abs_attn_s0,ablate_L2H3,73.73609303765396,40.19377061711808,3.981496208249525,1.1935814104175992,-0.49443386242325815,0.9829526561863742,0.04675009626486135,0.21824371855857122,0.9470799389776702,2.1522603034973145,2.2775816917419434,0.03,0.2,3,0,learned_abs,0,0.0,"[[1, 2], [2, 0], [2, 1], [2, 3], [2, 2]]","[[1, 1], [1, 3], [1, 0]]"
E2a_h0.03_e0.2_L3_learned_abs_attn_s0,ablate_all_late,0.0,2.034406956469304,2.528292528520099,0.050677777267992496,0.002290219467665468,0.0014976651110613802,,,,4.195629119873047,4.195819854736328,0.03,0.2,3,0,learned_abs,0,0.0,"[[1, 2], [2, 0], [2, 1], [2, 3], [2, 2]]","[[1, 1], [1, 3], [1, 0]]"
E2a_h0.03_e0.2_L3_learned_abs_attn_s0,ablate_control,40.649572097660986,11.230581631457472,0.0,1.1458125945147393,-0.8280232794017398,0.9642893134622047,0.06567404486593521,0.1997587179773859,0.9635284758093877,2.045773983001709,2.186373233795166,0.03,0.2,3,0,learned_abs,0,0.0,"[[1, 2], [2, 0], [2, 1], [2, 3], [2, 2]]","[[1, 1], [1, 3], [1, 0]]"
E2a_h0.03_e0.2_L3_learned_abs_attn_s0,ablate_copy,inf,inf,inf,0.6605048059884991,0.6605048059884991,-0.35503478986518416,0.40628089483788415,0.0692270432108993,0.5691585646351132,2.9203476905822754,2.9985623359680176,0.03,0.2,3,0,learned_abs,0,0.0,"[[1, 2], [2, 0], [2, 1], [2, 3], [2, 2]]","[[1, 1], [1, 3], [1, 0]]"
E2a_h0.03_e0.2_L3_learned_abs_attn_s0,base,79.23866375849975,42.580371627122105,19.950405010225634,1.2964136044694377,-0.23237617816110806,1.0,0.04692703438899367,0.23581085145812467,0.974318021958757,1.895241141319275,2.0365488529205322,0.03,0.2,3,0,learned_abs,0,0.0,"[[1, 2], [2, 0], [2, 1], [2, 3], [2, 2]]","[[1, 1], [1, 3], [1, 0]]"
E2a_h0.03_e0.2_L3_learned_abs_attn_s1,ablate_L1H0,44.531926072503396,7.304260818441249,0.0,1.886055768667055,-1.4472374683911247,0.9575236019113587,0.047554258818955114,0.09056606298504805,0.9570809269131719,1.9111071825027466,2.0514020919799805,0.03,0.2,3,0,learned_abs,1,0.0,"[[2, 1], [2, 2], [2, 0]]","[[2, 3], [1, 1], [1, 0]]"
E2a_h0.03_e0.2_L3_learned_abs_attn_s1,ablate_L1H1,41.56092910075572,9.99497991145529,2.078328303410695,0.9769085118314251,-0.4446180064197896,0.8919531719155986,0.08363968103967082,0.09077384245687753,0.9469859246200565,1.9499273300170898,2.087801694869995,0.03,0.2,3,0,learned_abs,1,0.0,"[[2, 1], [2, 2], [2, 0]]","[[2, 3], [1, 1], [1, 0]]"
E2a_h0.03_e0.2_L3_learned_abs_attn_s1,ablate_L1H2,54.70774376896713,0.0,0.0,1.888318962217974,-1.6103166337125003,0.9004073320420743,0.032413520462071604,0.047832994534567595,0.9492863602881798,1.909467101097107,2.0498712062835693,0.03,0.2,3,0,learned_abs,1,0.0,"[[2, 1], [2, 2], [2, 0]]","[[2, 3], [1, 1], [1, 0]]"
E2a_h0.03_e0.2_L3_learned_abs_attn_s1,ablate_L1H3,123.68569774986202,63.4035425124973,18.21874757953488,1.3402615706436336,0.1780165378669543,0.9342853065893499,0.01573984939534682,0.15029903169459238,0.8738512404340388,1.98436439037323,2.1200966835021973,0.03,0.2,3,0,learned_abs,1,0.0,"[[2, 1], [2, 2], [2, 0]]","[[2, 3], [1, 1], [1, 0]]"
E2a_h0.03_e0.2_L3_learned_abs_attn_s1,ablate_L2H0,59.58200100716849,14.361047246592769,4.787129788887342,1.2940505008944976,-0.8387924278088447,0.9954712406035019,0.06162421244956473,0.16063030278656493,0.9530702992754067,2.0143890380859375,2.1484105587005615,0.03,0.2,3,0,learned_abs,1,0.0,"[[2, 1], [2, 2], [2, 0]]","[[2, 3], [1, 1], [1, 0]]"
E2a_h0.03_e0.2_L3_learned_abs_attn_s1,ablate_L2H1,7.937033885561774,20.729017845842034,5.535204317626464,0.6340801183666501,-0.33606044369350585,0.9606579069654028,0.05278400061868803,0.14757840807898553,0.8985366312667833,2.385892391204834,2.499422073364258,0.03,0.2,3,0,learned_abs,1,0.0,"[[2, 1], [2, 2], [2, 0]]","[[2, 3], [1, 1], [1, 0]]"
E2a_h0.03_e0.2_L3_learned_abs_attn_s1,ablate_L2H2,81.7837238235924,6.469089465039741,3.702296021133756,0.6985899898822286,-0.39265785116835367,0.9747127838817083,0.045351962350179145,0.13647392875355102,0.9224891937897322,2.3392343521118164,2.457639217376709,0.03,0.2,3,0,learned_abs,1,0.0,"[[2, 1], [2, 2], [2, 0]]","[[2, 3], [1, 1], [1, 0]]"
E2a_h0.03_e0.2_L3_learned_abs_attn_s1,ablate_L2H3,73.97489794359251,17.67464481857105,5.814442720324026,0.5786035478979882,-0.29362287648421315,0.9986446509387671,0.05591232361459972,0.1509984111427565,0.9515022304824697,2.29599666595459,2.412271022796631,0.03,0.2,3,0,learned_abs,1,0.0,"[[2, 1], [2, 2], [2, 0]]","[[2, 3], [1, 1], [1, 0]]"
E2a_h0.03_e0.2_L3_learned_abs_attn_s1,ablate_all_late,2.5430008505686086,0.0,4.5011562497417,0.0860936699568161,-0.006075060992900815,-0.16855647611690336,,,,4.214132785797119,4.216142654418945,0.03,0.2,3,0,learned_abs,1,0.0,"[[2, 1], [2, 2], [2, 0]]","[[2, 3], [1, 1], [1, 0]]"
E2a_h0.03_e0.2_L3_learned_abs_attn_s1,ablate_control,30.44557094893828,4.984427094433531,0.0,0.33330506046435665,-0.21744479026113236,0.810193873948044,0.09706369725574324,0.05756995422220197,0.9280185460915015,2.473853588104248,2.579094409942627,0.03,0.2,3,0,learned_abs,1,0.0,"[[2, 1], [2, 2], [2, 0]]","[[2, 3], [1, 1], [1, 0]]"
E2a_h0.03_e0.2_L3_learned_abs_attn_s1,ablate_copy,0.0,0.0,0.0,0.09698766529826182,-0.09504215186461806,0.757752528425821,,,,3.643915891647339,3.676236629486084,0.03,0.2,3,0,learned_abs,1,0.0,"[[2, 1], [2, 2], [2, 0]]","[[2, 3], [1, 1], [1, 0]]"
E2a_h0.03_e0.2_L3_learned_abs_attn_s1,base,73.17977573232392,18.0041804874877,5.667939548355243,1.6127288559052562,-0.8883359069669885,0.9999999999999999,0.05617988137737498,0.15534194305860982,0.9592146340798196,1.8967947959899902,2.037963628768921,0.03,0.2,3,0,learned_abs,1,0.0,"[[2, 1], [2, 2], [2, 0]]","[[2, 3], [1, 1], [1, 0]]"
E2a_h0.03_e0.2_L3_learned_abs_attn_s2,ablate_L1H0,29.752694008685463,9.199510846609064,0.0,1.4860534207629306,-1.1409579270652361,0.9194562756955403,0.08291103481756446,0.11925092225250895,0.9763296164470691,1.911315679550171,2.051598072052002,0.03,0.2,3,0,learned_abs,2,0.0,"[[2, 1], [2, 2], [1, 2], [2, 3]]","[[2, 0], [1, 3], [1, 1], [1, 0]]"
E2a_h0.03_e0.2_L3_learned_abs_attn_s2,ablate_L1H1,27.496574211783567,12.02063870426545,4.62148514228041,1.7983003756297486,-1.324061975681356,0.9239440514417463,0.11470685899286821,0.1754035982753462,0.9601498205435245,1.909021258354187,2.0494582653045654,0.03,0.2,3,0,learned_abs,2,0.0,"[[2, 1], [2, 2], [1, 2], [2, 3]]","[[2, 0], [1, 3], [1, 1], [1, 0]]"
E2a_h0.03_e0.2_L3_learned_abs_attn_s2,ablate_L1H2,38.25799211307447,17.646419517344572,5.9831323219697286,1.3687800093154823,-0.5770099491679243,0.9146819830090168,0.10255401716920963,0.15419509492096684,0.9593126615624561,1.9167757034301758,2.0567140579223633,0.03,0.2,3,0,learned_abs,2,0.0,"[[2, 1], [2, 2], [1, 2], [2, 3]]","[[2, 0], [1, 3], [1, 1], [1, 0]]"
E2a_h0.03_e0.2_L3_learned_abs_attn_s2,ablate_L1H3,47.74990454618158,26.24010418875697,9.94919904823996,1.522782046314595,-0.7641348231783403,0.9948891681327742,0.06569292621882167,0.20741841028477045,0.9819882023838753,1.9304168224334717,2.069502353668213,0.03,0.2,3,0,learned_abs,2,0.0,"[[2, 1], [2, 2], [1, 2], [2, 3]]","[[2, 0], [1, 3], [1, 1], [1, 0]]"
E2a_h0.03_e0.2_L3_learned_abs_attn_s2,ablate_L2H0,72.39573599679122,30.422379676641054,10.942793532674605,0.5233491904301835,-0.21489505639432796,0.9992974122841004,0.056005501115567506,0.1799295468264871,0.9702727536509937,2.3028807640075684,2.418752908706665,0.03,0.2,3,0,learned_abs,2,0.0,"[[2, 1], [2, 2], [1, 2], [2, 3]]","[[2, 0], [1, 3], [1, 1], [1, 0]]"
E2a_h0.03_e0.2_L3_learned_abs_attn_s2,ablate_L2H1,60.0131611971029,6.712668356651045,0.0,0.9814879769193274,-0.7363478881972176,0.9756888513988189,0.051647950283523515,0.1692253498317752,0.9282446703941504,2.2177178859710693,2.33947491645813,0.03,0.2,3,0,learned_abs,2,0.0,"[[2, 1], [2, 2], [1, 2], [2, 3]]","[[2, 0], [1, 3], [1, 1], [1, 0]]"
E2a_h0.03_e0.2_L3_learned_abs_attn_s2,ablate_L2H2,56.076230886657065,23.156378103288493,4.8104050482919956,0.7472226755760077,-0.41399647791071664,0.9855352301075633,0.051311310382963604,0.16192043149160296,0.9591774120181602,2.367682933807373,2.4833619594573975,0.03,0.2,3,0,learned_abs,2,0.0,"[[2, 1], [2, 2], [1, 2], [2, 3]]","[[2, 0], [1, 3], [1, 1], [1, 0]]"
E2a_h0.03_e0.2_L3_learned_abs_attn_s2,ablate_L2H3,65.77226891481402,19.523583764102163,2.798175559138593,1.1773029015998222,-0.8686735531913915,0.9858365105033559,0.05426904334049132,0.16626932245943377,0.9534402607379854,2.123340368270874,2.2520124912261963,0.03,0.2,3,0,learned_abs,2,0.0,"[[2, 1], [2, 2], [1, 2], [2, 3]]","[[2, 0], [1, 3], [1, 1], [1, 0]]"
E2a_h0.03_e0.2_L3_learned_abs_attn_s2,ablate_all_late,3.214500931102307,0.0,0.0,0.06684955821505614,0.007335495203733444,-0.09389370092944847,,,,4.201363563537598,4.202800750732422,0.03,0.2,3,0,learned_abs,2,0.0,"[[2, 1], [2, 2], [1, 2], [2, 3]]","[[2, 0], [1, 3], [1, 1], [1, 0]]"
E2a_h0.03_e0.2_L3_learned_abs_attn_s2,ablate_control,8.89012803614557,0.0,0.0,0.5504578765082572,-0.5342795096470841,0.797716159276172,0.1948796281079397,0.1458232065449449,0.9466280068794922,2.5181496143341064,2.6205763816833496,0.03,0.2,3,0,learned_abs,2,0.0,"[[2, 1], [2, 2], [1, 2], [2, 3]]","[[2, 0], [1, 3], [1, 1], [1, 0]]"
E2a_h0.03_e0.2_L3_learned_abs_attn_s2,ablate_copy,0.0,0.0,0.0,0.1238336926991386,-0.10748648530404482,0.9093039366063184,,,,3.456700325012207,3.500781536102295,0.03,0.2,3,0,learned_abs,2,0.0,"[[2, 1], [2, 2], [1, 2], [2, 3]]","[[2, 0], [1, 3], [1, 1], [1, 0]]"
E2a_h0.03_e0.2_L3_learned_abs_attn_s2,base,69.18323925347529,30.91013667966543,10.983035742768992,1.525053453764745,-0.6746995999876942,1.0,0.05608131190817949,0.18480592629794765,0.9732454299595159,1.8955957889556885,2.036863088607788,0.03,0.2,3,0,learned_abs,2,0.0,"[[2, 1], [2, 2], [1, 2], [2, 3]]","[[2, 0], [1, 3], [1, 1], [1, 0]]"
E2a_h0.03_e0.2_L3_rope_attn_s0,ablate_L1H0,77.24242828952238,38.914365413550954,15.95532217567583,1.2625234829527991,-0.25537739634247764,0.9865220392884546,0.058503401363958145,0.20013616909250928,0.928690890995859,2.3522911071777344,2.4651036262512207,0.03,0.2,3,0,rope,0,0.0,"[[2, 2], [1, 1], [1, 3], [1, 2]]","[[2, 1], [2, 3], [2, 0], [1, 0]]"
E2a_h0.03_e0.2_L3_rope_attn_s0,ablate_L1H1,71.51172879453217,33.14903309984497,0.0,1.2414753051873828,-0.9578363253468913,0.973332765317353,0.039043807213546965,0.14778728739475844,0.9460397299728962,1.9962238073349,2.1312255859375,0.03,0.2,3,0,rope,0,0.0,"[[2, 2], [1, 1], [1, 3], [1, 2]]","[[2, 1], [2, 3], [2, 0], [1, 0]]"
E2a_h0.03_e0.2_L3_rope_attn_s0,ablate_L1H2,68.42598758511197,24.830903433267693,12.38390794714743,1.2163309753938978,-0.7208029383993042,0.9835918486431962,0.04934081525708027,0.17243388486887035,0.9491880727587731,1.9934934377670288,2.128664493560791,0.03,0.2,3,0,rope,0,0.0,"[[2, 2], [1, 1], [1, 3], [1, 2]]","[[2, 1], [2, 3], [2, 0], [1, 0]]"
E2a_h0.03_e0.2_L3_rope_attn_s0,ablate_L1H3,71.52053268160886,13.975962103148783,3.005588487630256,1.195996813875224,-0.8536682734265924,0.978729181821509,0.04613028517938572,0.1663569165618377,0.941244115820624,1.9893410205841064,2.124760627746582,0.03,0.2,3,0,rope,0,0.0,"[[2, 2], [1, 1], [1, 3], [1, 2]]","[[2, 1], [2, 3], [2, 0], [1, 0]]"
E2a_h0.03_e0.2_L3_rope_attn_s0,ablate_L2H0,88.29368712393341,40.56349141245095,18.182787174537463,1.8018030152722662,-0.30046365240455736,0.9997720551700495,0.05308743241775055,0.21393797503737544,0.9548285178202686,1.9415971040725708,2.080113410949707,0.03,0.2,3,0,rope,0,0.0,"[[2, 2], [1, 1], [1, 3], [1, 2]]","[[2, 1], [2, 3], [2, 0], [1, 0]]"
E2a_h0.03_e0.2_L3_rope_attn_s0,ablate_L2H1,80.20531935816314,38.16609343717843,17.180149706463926,1.7519859623030893,-0.5331542237129595,0.9999166605669718,0.05383956848218653,0.2146210520860626,0.9561579158789604,1.908365249633789,2.0488204956054688,0.03,0.2,3,0,rope,0,0.0,"[[2, 2], [1, 1], [1, 3], [1, 2]]","[[2, 1], [2, 3], [2, 0], [1, 0]]"
E2a_h0.03_e0.2_L3_rope_attn_s0,ablate_L2H2,73.13481710107804,35.117146277229374,13.456790536044286,0.9898925323504955,-0.3875878576654941,0.9901511704047153,0.05739093775899847,0.19947536625112142,0.9422228828136122,1.9429272413253784,2.081244945526123,0.03,0.2,3,0,rope,0,0.0,"[[2, 2], [1, 1], [1, 3], [1, 2]]","[[2, 1], [2, 3], [2, 0], [1, 0]]"
E2a_h0.03_e0.2_L3_rope_attn_s0,ablate_L2H3,79.30991567998319,37.58994124127963,16.879806641862896,1.755236786590623,-0.5814065476214247,0.9999606656804428,0.053869817099537504,0.21323061440769028,0.955092086746253,1.9187790155410767,2.0585763454437256,0.03,0.2,3,0,rope,0,0.0,"[[2, 2], [1, 1], [1, 3], [1, 2]]","[[2, 1], [2, 3], [2, 0], [1, 0]]"
E2a_h0.03_e0.2_L3_rope_attn_s0,ablate_all_late,21.465135320097342,3.0327195515976526,0.0,0.030891325258250748,0.006381214396761996,-0.03204553912191942,,,,4.186474323272705,4.1856231689453125,0.03,0.2,3,0,rope,0,0.0,"[[2, 2], [1, 1], [1, 3], [1, 2]]","[[2, 1], [2, 3], [2, 0], [1, 0]]"
E2a_h0.03_e0.2_L3_rope_attn_s0,ablate_control,98.5766735239284,49.60031673946215,21.482006886390497,1.8129562275218112,0.572867879111852,0.9862472956641581,0.05740206929809726,0.2088829585046086,0.9228941397787239,2.726836919784546,2.8169503211975098,0.03,0.2,3,0,rope,0,0.0,"[[2, 2], [1, 1], [1, 3], [1, 2]]","[[2, 1], [2, 3], [2, 0], [1, 0]]"
E2a_h0.03_e0.2_L3_rope_attn_s0,ablate_copy,0.0,0.0,0.0,0.5968175902962685,-0.5968175902962685,0.3087188031564452,,,,2.4778106212615967,2.5827651023864746,0.03,0.2,3,0,rope,0,0.0,"[[2, 2], [1, 1], [1, 3], [1, 2]]","[[2, 1], [2, 3], [2, 0], [1, 0]]"
E2a_h0.03_e0.2_L3_rope_attn_s0,base,78.3841001904051,37.02925523194871,16.574224882751732,1.6518200347865266,-0.600937157802816,1.0,0.05380731531176946,0.2120752841164547,0.9559726582300291,1.8954546451568604,2.0367321968078613,0.03,0.2,3,0,rope,0,0.0,"[[2, 2], [1, 1], [1, 3], [1, 2]]","[[2, 1], [2, 3], [2, 0], [1, 0]]"
E2a_h0.03_e0.2_L3_rope_attn_s1,ablate_L1H0,37.683871942228684,17.24704469947676,0.0,1.1189873690849967,-0.8106654279732278,0.9593884505850039,0.04467622396989515,0.18030251020241245,0.9396185407649552,2.1527774333953857,2.277940511703491,0.03,0.2,3,0,rope,1,0.0,"[[2, 3], [2, 0]]","[[2, 2], [1, 1]]"
E2a_h0.03_e0.2_L3_rope_attn_s1,ablate_L1H1,78.61123664898226,58.13164333083981,47.59514790110614,1.114390054518091,0.4832651900526668,0.9336260612205115,0.0471790579320816,0.3930058155596954,0.9542553058646412,1.9367735385894775,2.075497627258301,0.03,0.2,3,0,rope,1,0.0,"[[2, 3], [2, 0]]","[[2, 2], [1, 1]]"
E2a_h0.03_e0.2_L3_rope_attn_s1,ablate_L1H2,51.844766563752984,30.53414763955999,9.364327233108598,1.2923761119933002,-0.6835614833315569,0.9864280158835957,0.04992416401895417,0.20956071834705076,0.9766923509699373,1.927734136581421,2.0669848918914795,0.03,0.2,3,0,rope,1,0.0,"[[2, 3], [2, 0]]","[[2, 2], [1, 1]]"
E2a_h0.03_e0.2_L3_rope_attn_s1,ablate_L1H3,40.650077805473835,18.909051130810475,4.604869064567341,1.509910627933485,-1.05346721184573,0.9683223709760281,0.05932463093130664,0.19072129303938962,0.9825497922773042,1.9191172122955322,2.0589420795440674,0.03,0.2,3,0,rope,1,0.0,"[[2, 3], [2, 0]]","[[2, 2], [1, 1]]"
E2a_h0.03_e0.2_L3_rope_attn_s1,ablate_L2H0,82.46370850518474,41.939197833791006,23.391549662127645,1.0821571332801665,-0.21721339212464436,0.9868319957107675,0.04166242452277483,0.2316953559116249,0.9582659944161446,2.110696315765381,2.2385802268981934,0.03,0.2,3,0,rope,1,0.0,"[[2, 3], [2, 0]]","[[2, 2], [1, 1]]"
E2a_h0.03_e0.2_L3_rope_attn_s1,ablate_L2H1,76.56118303078065,47.35324217888771,33.637174042529715,1.458683701498168,0.01728453247674874,0.9970643978994279,0.048113911052584474,0.2612785916786573,0.9760300581097626,1.9379210472106934,2.076756000518799,0.03,0.2,3,0,rope,1,0.0,"[[2, 3], [2, 0]]","[[2, 2], [1, 1]]"
E2a_h0.03_e0.2_L3_rope_attn_s1,ablate_L2H2,71.04528964798175,40.329627347385234,21.223824461407105,1.6165503215077999,-0.41280289232132156,0.9999485607019826,0.047580202386606554,0.24114074621217613,0.9835179946419689,1.9666334390640259,2.1034669876098633,0.03,0.2,3,0,rope,1,0.0,"[[2, 3], [2, 0]]","[[2, 2], [1, 1]]"
E2a_h0.03_e0.2_L3_rope_attn_s1,ablate_L2H3,63.588811787733,29.468445357711335,14.192284634638918,0.7830411847680807,-0.2645685498469642,0.9745460812891755,0.04546468340407633,0.23111270073316792,0.9348704518875367,2.159295082092285,2.2841005325317383,0.03,0.2,3,0,rope,1,0.0,"[[2, 3], [2, 0]]","[[2, 2], [1, 1]]"
E2a_h0.03_e0.2_L3_rope_attn_s1,ablate_all_late,4.195814318207634,0.0,5.220369369801978,0.04536541937185185,0.0017951120223317827,0.06564902192363993,,,,4.207300186157227,4.207043647766113,0.03,0.2,3,0,rope,1,0.0,"[[2, 3], [2, 0]]","[[2, 2], [1, 1]]"
E2a_h0.03_e0.2_L3_rope_attn_s1,ablate_control,78.4546431149164,57.12876679497367,46.8424375900124,1.3059819980657525,0.5479918610570687,0.9342500031571284,0.04705591504649574,0.3905393503584807,0.9556745351396528,2.0679516792297363,2.1985738277435303,0.03,0.2,3,0,rope,1,0.0,"[[2, 3], [2, 0]]","[[2, 2], [1, 1]]"
E2a_h0.03_e0.2_L3_rope_attn_s1,ablate_copy,0.0,0.0,2.2467800418764785,0.34047828807628583,-0.20778401375615171,0.838304361963413,0.029260991833007396,0.19035986862029153,0.7203150978189659,2.3158886432647705,2.430954933166504,0.03,0.2,3,0,rope,1,0.0,"[[2, 3], [2, 0]]","[[2, 2], [1, 1]]"
E2a_h0.03_e0.2_L3_rope_attn_s1,base,71.00469094443177,40.38968889955719,21.256482718843937,1.3618699190306611,-0.3418965769565797,1.0,0.04714187440253145,0.2407766286343996,0.9830063302203733,1.8945893049240112,2.0359020233154297,0.03,0.2,3,0,rope,1,0.0,"[[2, 3], [2, 0]]","[[2, 2], [1, 1]]"
E2a_h0.03_e0.2_L3_rope_attn_s2,ablate_L1H0,62.14535511345064,16.92242513277408,0.0,1.3142136452619784,-0.9101730827408444,0.9750132412330398,0.03809027995314186,0.1349445622240429,0.9719471439807392,1.9296948909759521,2.0687766075134277,0.03,0.2,3,0,rope,2,0.0,"[[2, 3], [2, 1], [1, 1]]","[[2, 2], [2, 0], [1, 2]]"
E2a_h0.03_e0.2_L3_rope_attn_s2,ablate_L1H1,44.88335648336825,6.830925887261826,0.0,1.5125359441818935,-1.1659208315291576,0.970024805810264,0.043872271298955885,0.13577673400041923,0.9775364338665455,1.9317740201950073,2.0707273483276367,0.03,0.2,3,0,rope,2,0.0,"[[2, 3], [2, 1], [1, 1]]","[[2, 2], [2, 0], [1, 2]]"
E2a_h0.03_e0.2_L3_rope_attn_s2,ablate_L1H2,49.50505583892529,13.177339499854988,0.0,0.5490675115558717,-0.41314870052571806,0.9624743483868627,0.05493815132938799,0.16783751221517604,0.9301509318379457,2.9533376693725586,3.0285470485687256,0.03,0.2,3,0,rope,2,0.0,"[[2, 3], [2, 1], [1, 1]]","[[2, 2], [2, 0], [1, 2]]"
E2a_h0.03_e0.2_L3_rope_attn_s2,ablate_L1H3,67.95703483512858,19.541055365566542,7.570940172654498,1.4263928732169526,-0.7949943805911711,0.9898553148123621,0.047620313212609004,0.17104105268339515,0.977342501802612,1.9214094877243042,2.0610127449035645,0.03,0.2,3,0,rope,2,0.0,"[[2, 3], [2, 1], [1, 1]]","[[2, 2], [2, 0], [1, 2]]"
E2a_h0.03_e0.2_L3_rope_attn_s2,ablate_L2H0,72.89459956773189,34.407612355645334,13.935878031992718,1.8900429757112371,-0.7135036325946983,0.9998395691287195,0.05058892376466581,0.1980039489879525,0.9789015326447235,1.9564708471298218,2.0939600467681885,0.03,0.2,3,0,rope,2,0.0,"[[2, 3], [2, 1], [1, 1]]","[[2, 2], [2, 0], [1, 2]]"
E2a_h0.03_e0.2_L3_rope_attn_s2,ablate_L2H1,78.74713713691584,27.719339370886544,7.770373680404297,1.238418099437175,-0.6013704180783991,0.9914121952015007,0.043240491364045786,0.18233242217824874,0.9571172733987054,2.0746521949768066,2.204690456390381,0.03,0.2,3,0,rope,2,0.0,"[[2, 3], [2, 1], [1, 1]]","[[2, 2], [2, 0], [1, 2]]"
E2a_h0.03_e0.2_L3_rope_attn_s2,ablate_L2H2,72.13578062427626,33.882125561644614,13.35035515420132,1.7670557880940447,-0.6736316918561768,0.9998081566822781,0.05084049799083531,0.19449107471804236,0.9797572952176072,1.9439564943313599,2.082282304763794,0.03,0.2,3,0,rope,2,0.0,"[[2, 3], [2, 1], [1, 1]]","[[2, 2], [2, 0], [1, 2]]"
E2a_h0.03_e0.2_L3_rope_attn_s2,ablate_L2H3,64.42997805717225,24.57308065339581,7.446710064236006,1.103542242997459,-0.5243005188448089,0.9913956542633131,0.05610013531335488,0.19082973040649226,0.9703609564343564,2.005577325820923,2.1399736404418945,0.03,0.2,3,0,rope,2,0.0,"[[2, 3], [2, 1], [1, 1]]","[[2, 2], [2, 0], [1, 2]]"
E2a_h0.03_e0.2_L3_rope_attn_s2,ablate_all_late,5.510627477279211,8.85761090692606,3.4897414977763574,0.03727064201874392,0.002524627239576408,-0.030572920598411556,,,,4.178194046020508,4.177825450897217,0.03,0.2,3,0,rope,2,0.0,"[[2, 3], [2, 1], [1, 1]]","[[2, 2], [2, 0], [1, 2]]"
E2a_h0.03_e0.2_L3_rope_attn_s2,ablate_control,56.52069659498749,33.88338896741547,6.436576436111447,0.7457812569503274,-0.15353435384375708,0.9585641175751223,0.060317883388610084,0.19506771630263398,0.9274176175176772,3.27937388420105,3.3351545333862305,0.03,0.2,3,0,rope,2,0.0,"[[2, 3], [2, 1], [1, 1]]","[[2, 2], [2, 0], [1, 2]]"
E2a_h0.03_e0.2_L3_rope_attn_s2,ablate_copy,0.0,4.879712045199807,0.0,0.4683218897885776,-0.44147311528545935,0.8547799862048548,0.05088183281573307,0.14561641575779863,0.7339404499386841,2.3126611709594727,2.4278953075408936,0.03,0.2,3,0,rope,2,0.0,"[[2, 3], [2, 1], [1, 1]]","[[2, 2], [2, 0], [1, 2]]"
E2a_h0.03_e0.2_L3_rope_attn_s2,base,70.96960124019235,32.36476007220627,11.478985046492854,1.6329031502162772,-0.7336801490746439,1.0,0.050008922361189014,0.19370380886712235,0.9791365397280163,1.8932279348373413,2.0345797538757324,0.03,0.2,3,0,rope,2,0.0,"[[2, 3], [2, 1], [1, 1]]","[[2, 2], [2, 0], [1, 2]]"
E2b_h0.003_e0.05_L2_alibi_learn_attn_s0,ablate_L1H0,113.12636872790027,20.628169778017458,4.589438026663778,1.3213636563159525,-0.6167470059091491,0.9721357599202003,0.039033353596984705,0.1922145544350546,0.8997179741850067,0.998590886592865,1.2017273902893066,0.003,0.05,2,0,alibi_learn,0,0.0,"[[1, 1], [1, 0]]","[[1, 3], [1, 2]]"
E2b_h0.003_e0.05_L2_alibi_learn_attn_s0,ablate_L1H1,93.58726622461649,3.3183079434393035,0.0,1.2775225532906396,-0.966812625793474,0.9639575604830724,0.02675668974008563,0.1761951370719811,0.8812551498971619,1.173745036125183,1.3601019382476807,0.003,0.05,2,0,alibi_learn,0,0.0,"[[1, 1], [1, 0]]","[[1, 3], [1, 2]]"
E2b_h0.003_e0.05_L2_alibi_learn_attn_s0,ablate_L1H2,inf,77.32902058491933,40.27630805914149,3.9839606528569544,2.1965396498729075,0.9931944595211901,0.04345476913034213,0.24878518637675107,0.9389545129849652,0.9988147616386414,1.1961524486541748,0.003,0.05,2,0,alibi_learn,0,0.0,"[[1, 1], [1, 0]]","[[1, 3], [1, 2]]"
E2b_h0.003_e0.05_L2_alibi_learn_attn_s0,ablate_L1H3,inf,43.047937602302355,19.483102395085172,2.6303842421621084,-0.4838802617575441,0.9986567527254381,0.04251956671498494,0.2075365064065196,0.9419126926968575,0.5463448166847229,0.7718437314033508,0.003,0.05,2,0,alibi_learn,0,0.0,"[[1, 1], [1, 0]]","[[1, 3], [1, 2]]"
E2b_h0.003_e0.05_L2_alibi_learn_attn_s0,ablate_all_late,5.436687330936205,2.6089771644505624,0.0,0.05044395250401327,0.008767722440617425,-0.11896082090174641,,,,4.224642753601074,4.231628894805908,0.003,0.05,2,0,alibi_learn,0,0.0,"[[1, 1], [1, 0]]","[[1, 3], [1, 2]]"
E2b_h0.003_e0.05_L2_alibi_learn_attn_s0,ablate_control,inf,67.29127156313551,35.264262701167475,3.74152838279094,1.4637917232300555,0.9942281598642121,0.043167076699553435,0.24331633947810075,0.9319958277084783,1.4707716703414917,1.6386821269989014,0.003,0.05,2,0,alibi_learn,0,0.0,"[[1, 1], [1, 0]]","[[1, 3], [1, 2]]"
E2b_h0.003_e0.05_L2_alibi_learn_attn_s0,ablate_copy,0.0,0.0,0.0,1.6079697624913283,-1.6079697624913283,0.24730405253910778,1.0000000005168842e-05,0.0014781515402076902,0.48949353844384613,1.855320930480957,2.008888006210327,0.003,0.05,2,0,alibi_learn,0,0.0,"[[1, 1], [1, 0]]","[[1, 3], [1, 2]]"
E2b_h0.003_e0.05_L2_alibi_learn_attn_s0,base,inf,53.41819097625176,24.822346460640304,2.4598893529868553,0.12181003990450076,1.0,0.04026193915009028,0.20969260266136597,0.942932704174384,0.5090035200119019,0.7368098497390747,0.003,0.05,2,0,alibi_learn,0,0.0,"[[1, 1], [1, 0]]","[[1, 3], [1, 2]]"
E2b_h0.003_e0.05_L2_alibi_learn_attn_s0,slope_copy_x0.5,inf,inf,75.1214592308744,2.27492483066661,1.6139606998435088,0.843676277852332,0.007246431820403661,0.27845187483962586,0.9272877832967723,0.5121917724609375,0.7398024797439575,0.003,0.05,2,0,alibi_learn,0,0.0,"[[1, 1], [1, 0]]","[[1, 3], [1, 2]]"
E2b_h0.003_e0.05_L2_alibi_learn_attn_s0,slope_copy_x2.0,44.0309384444965,20.19600176841821,8.385203759696566,3.2445516982781037,-1.8734933103301696,0.8313681315797831,0.09092468709510629,0.16549908769771854,0.9245562699394818,0.5208463072776794,0.7479989528656006,0.003,0.05,2,0,alibi_learn,0,0.0,"[[1, 1], [1, 0]]","[[1, 3], [1, 2]]"
E2b_h0.003_e0.05_L2_alibi_learn_attn_s0,slope_late_x0.5,inf,inf,75.45267958024255,2.245757410169712,1.5984015011095576,0.8406185806410066,0.0071444512361392215,0.28039013466027496,0.9264279950259708,0.5185643434524536,0.7457720041275024,0.003,0.05,2,0,alibi_learn,0,0.0,"[[1, 1], [1, 0]]","[[1, 3], [1, 2]]"
E2b_h0.003_e0.05_L2_alibi_learn_attn_s0,slope_late_x2.0,44.02292101365772,20.04468024372832,8.254298493591733,3.2717155886015723,-1.90169454525624,0.8304831752588774,0.09087439629198321,0.16377589903972836,0.9252531198664682,0.5513172745704651,0.7765800356864929,0.003,0.05,2,0,alibi_learn,0,0.0,"[[1, 1], [1, 0]]","[[1, 3], [1, 2]]"
E2b_h0.003_e0.05_L2_alibi_learn_attn_s1,ablate_L1H0,inf,0.0,0.0,1.2642233011179738,-0.7702401590400508,0.9553152317325253,0.03087235415451693,0.21578271919740086,0.8608103855163511,1.1037700176239014,1.3014678955078125,0.003,0.05,2,0,alibi_learn,1,0.0,"[[1, 1], [1, 0]]","[[1, 3], [1, 2]]"
E2b_h0.003_e0.05_L2_alibi_learn_attn_s1,ablate_L1H1,9.66857515096334,24.26399605656972,0.0,1.299071991882686,-1.084364803574447,0.9603865963665034,0.04507225180664866,0.23486640899982072,0.8811564512898341,1.2112377882003784,1.3952481746673584,0.003,0.05,2,0,alibi_learn,1,0.0,"[[1, 1], [1, 0]]","[[1, 3], [1, 2]]"
E2b_h0.003_e0.05_L2_alibi_learn_attn_s1,ablate_L1H2,inf,82.06216503779372,50.92969819352503,4.116924251030598,2.579102001818163,0.9951033956141531,0.04086272052539239,0.2704553446255534,0.9384148227580058,1.0003244876861572,1.197403907775879,0.003,0.05,2,0,alibi_learn,1,0.0,"[[1, 1], [1, 0]]","[[1, 3], [1, 2]]"
E2b_h0.003_e0.05_L2_alibi_learn_attn_s1,ablate_L1H3,inf,55.95174641800631,34.99974169149345,2.5850549867775823,0.08538876813171166,0.9990702563370153,0.03954563348759149,0.2413247205622728,0.9353500754027928,0.5350552797317505,0.7612508535385132,0.003,0.05,2,0,alibi_learn,1,0.0,"[[1, 1], [1, 0]]","[[1, 3], [1, 2]]"
E2b_h0.003_e0.05_L2_alibi_learn_attn_s1,ablate_all_late,3.0073427612723855,0.0,6.055571704259044,0.06391934085903424,-0.0023413277231156826,-0.11672315468968499,,,,4.202356338500977,4.210497856140137,0.003,0.05,2,0,alibi_learn,1,0.0,"[[1, 1], [1, 0]]","[[1, 3], [1, 2]]"
E2b_h0.003_e0.05_L2_alibi_learn_attn_s1,ablate_control,inf,75.66455960244757,47.32220352960256,4.061161142374788,2.1788701468280385,0.9953231749427804,0.037383899831968756,0.2596752335453899,0.9292012088797857,1.468207597732544,1.6361093521118164,0.003,0.05,2,0,alibi_learn,1,0.0,"[[1, 1], [1, 0]]","[[1, 3], [1, 2]]"
E2b_h0.003_e0.05_L2_alibi_learn_attn_s1,ablate_copy,0.0,0.0,0.0,2.0858533180185725,-2.0858533180185725,0.20308054723026786,1.0000000000003516e-05,0.003574806379865184,0.3311632663161037,2.097630739212036,2.2481961250305176,0.003,0.05,2,0,alibi_learn,1,0.0,"[[1, 1], [1, 0]]","[[1, 3], [1, 2]]"
E2b_h0.003_e0.05_L2_alibi_learn_attn_s1,base,inf,64.06970909283945,37.364219904228015,2.603920313263578,0.44022801744618584,1.0,0.0398390043639986,0.24389712840243008,0.9376314174649355,0.5078160762786865,0.7356816530227661,0.003,0.05,2,0,alibi_learn,1,0.0,"[[1, 1], [1, 0]]","[[1, 3], [1, 2]]"
E2b_h0.003_e0.05_L2_alibi_learn_attn_s1,slope_copy_x0.5,inf,inf,86.07514519363252,2.395980789991362,1.8559323812701873,0.8108134392674036,0.005854570333079962,0.3117285821967056,0.9428534199325481,0.5109392404556274,0.738610029220581,0.003,0.05,2,0,alibi_learn,1,0.0,"[[1, 1], [1, 0]]","[[1, 3], [1, 2]]"
E2b_h0.003_e0.05_L2_alibi_learn_attn_s1,slope_copy_x2.0,46.14285849960376,24.713298479818718,10.70744576183312,3.2746729305280105,-1.5768401231616735,0.8148981597134892,0.08689071051753118,0.19786904609878347,0.912184569439062,0.5199057459831238,0.7472474575042725,0.003,0.05,2,0,alibi_learn,1,0.0,"[[1, 1], [1, 0]]","[[1, 3], [1, 2]]"
E2b_h0.003_e0.05_L2_alibi_learn_attn_s1,slope_late_x0.5,inf,inf,86.37255270547328,2.368592762787427,1.8353636230209045,0.8059292018741916,0.005704272895212209,0.3120253091976015,0.940259626102978,0.5198082327842712,0.7469295263290405,0.003,0.05,2,0,alibi_learn,1,0.0,"[[1, 1], [1, 0]]","[[1, 3], [1, 2]]"
E2b_h0.003_e0.05_L2_alibi_learn_attn_s1,slope_late_x2.0,46.104767862536896,24.515927773797767,10.633987010003903,3.28603552335075,-1.5753460499857153,0.8136318671142518,0.08708854854691606,0.1966130858929389,0.9125411601159834,0.5590296983718872,0.7839237451553345,0.003,0.05,2,0,alibi_learn,1,0.0,"[[1, 1], [1, 0]]","[[1, 3], [1, 2]]"
E2b_h0.003_e0.05_L2_alibi_learn_attn_s2,ablate_L1H0,2.61284682727,0.0,0.0,1.4352277635064508,-1.2872727531274515,0.955786840803132,0.044896836521492,0.2329727997589962,0.8528696987903767,1.1271108388900757,1.3178329467773438,0.003,0.05,2,0,alibi_learn,2,0.0,"[[1, 1], [1, 0]]","[[1, 3], [1, 2]]"
E2b_h0.003_e0.05_L2_alibi_learn_attn_s2,ablate_L1H1,0.0,0.0,2.0169623546571316,1.4837634802263762,-1.2751244960485824,0.955268779031388,0.03764349138586371,0.18423361618651374,0.8659640242497306,1.30217707157135,1.4804606437683105,0.003,0.05,2,0,alibi_learn,2,0.0,"[[1, 1], [1, 0]]","[[1, 3], [1, 2]]"
E2b_h0.003_e0.05_L2_alibi_learn_attn_s2,ablate_L1H2,inf,79.31270272152933,46.22423513473724,4.3238085111869236,2.649411646117057,0.9915888283403694,0.04422162346609685,0.2611851232519481,0.9297459552535244,1.0556458234786987,1.2492928504943848,0.003,0.05,2,0,alibi_learn,2,0.0,"[[1, 1], [1, 0]]","[[1, 3], [1, 2]]"
E2b_h0.003_e0.05_L2_alibi_learn_attn_s2,ablate_L1H3,inf,47.31373760364544,30.865729583653202,2.723402622155845,-0.10710516212774175,0.9990777709544016,0.04731424239448124,0.2273090227075929,0.9310552939439951,0.5325453877449036,0.758832573890686,0.003,0.05,2,0,alibi_learn,2,0.0,"[[1, 1], [1, 0]]","[[1, 3], [1, 2]]"
E2b_h0.003_e0.05_L2_alibi_learn_attn_s2,ablate_all_late,5.000697607975909,11.272513675799905,0.0,0.0426493593757706,0.008025113825819321,-0.1745248384222034,,,,4.191035747528076,4.199026107788086,0.003,0.05,2,0,alibi_learn,2,0.0,"[[1, 1], [1, 0]]","[[1, 3], [1, 2]]"
E2b_h0.003_e0.05_L2_alibi_learn_attn_s2,ablate_control,inf,73.79640289344734,44.21849359616349,4.166701454137053,2.259568498602935,0.9921863221316475,0.04297491533816686,0.2554274477268365,0.9209628819341542,1.4320706129074097,1.6022355556488037,0.003,0.05,2,0,alibi_learn,2,0.0,"[[1, 1], [1, 0]]","[[1, 3], [1, 2]]"
E2b_h0.003_e0.05_L2_alibi_learn_attn_s2,ablate_copy,0.0,0.0,0.0,2.5322535325373923,-2.5322535325373923,0.012995157365677381,1.0000000003058298e-05,0.00040153683045599696,0.29213360233668995,2.2667574882507324,2.3865840435028076,0.003,0.05,2,0,alibi_learn,2,0.0,"[[1, 1], [1, 0]]","[[1, 3], [1, 2]]"
E2b_h0.003_e0.05_L2_alibi_learn_attn_s2,base,inf,51.634586053088036,33.22530503274683,2.6554304866918494,0.1906276669885431,1.0,0.04660236452197066,0.23214575496839526,0.9316236487088851,0.5081556439399719,0.7359771728515625,0.003,0.05,2,0,alibi_learn,2,0.0,"[[1, 1], [1, 0]]","[[1, 3], [1, 2]]"
E2b_h0.003_e0.05_L2_alibi_learn_attn_s2,slope_copy_x0.5,inf,inf,77.18089855174316,2.4590861946344376,1.7345505527087621,0.8000007376930776,0.008285954208728423,0.30613182595550503,0.9544376424129095,0.5113028883934021,0.7389281392097473,0.003,0.05,2,0,alibi_learn,2,0.0,"[[1, 1], [1, 0]]","[[1, 3], [1, 2]]"
E2b_h0.003_e0.05_L2_alibi_learn_attn_s2,slope_copy_x2.0,42.95512180855232,20.017733248004816,8.934685215528933,3.465121116489172,-1.971205179712602,0.7976786666256616,0.09790408528859475,0.1692312098634297,0.9049006487710686,0.5186908841133118,0.7460315823554993,0.003,0.05,2,0,alibi_learn,2,0.0,"[[1, 1], [1, 0]]","[[1, 3], [1, 2]]"
E2b_h0.003_e0.05_L2_alibi_learn_attn_s2,slope_late_x0.5,inf,inf,77.40616574529862,2.425823840711798,1.7109800268496786,0.7956173840219457,0.008114578555563745,0.30641846030049236,0.9516707348351179,0.5192725658416748,0.7464039325714111,0.003,0.05,2,0,alibi_learn,2,0.0,"[[1, 1], [1, 0]]","[[1, 3], [1, 2]]"
E2b_h0.003_e0.05_L2_alibi_learn_attn_s2,slope_late_x2.0,42.805563558310055,19.864249188475558,8.854841356488988,3.4798682261524454,-1.9789153588935733,0.7963029099706083,0.09828444777471321,0.1685500705298096,0.9052817098390399,0.5550172924995422,0.7800832986831665,0.003,0.05,2,0,alibi_learn,2,0.0,"[[1, 1], [1, 0]]","[[1, 3], [1, 2]]"
E2b_h0.003_e0.1_L2_alibi_learn_attn_s0,ablate_L1H0,inf,29.12781534955429,5.378547338648726,0.9723940371934857,-0.2826407934938158,0.955508840881547,0.020496589996487177,0.2225559270114869,0.864908562964567,1.203570008277893,1.3973873853683472,0.003,0.1,2,0,alibi_learn,0,0.0,"[[1, 1], [1, 0]]","[[1, 3], [1, 2]]"
E2b_h0.003_e0.1_L2_alibi_learn_attn_s0,ablate_L1H1,110.43541148813554,54.210924034023996,0.0,0.83071308163926,-0.49922706645780374,0.9464797701530109,0.017720648435010304,0.22863232636185887,0.8420988207018913,1.2718454599380493,1.4520514011383057,0.003,0.1,2,0,alibi_learn,0,0.0,"[[1, 1], [1, 0]]","[[1, 3], [1, 2]]"
E2b_h0.003_e0.1_L2_alibi_learn_attn_s0,ablate_L1H2,inf,95.45134138015969,59.36526776987211,3.3634254639702186,2.2589723893574307,0.9963898650844096,0.024811163440604838,0.2645455330124995,0.9412476057462529,1.2074247598648071,1.3916820287704468,0.003,0.1,2,0,alibi_learn,0,0.0,"[[1, 1], [1, 0]]","[[1, 3], [1, 2]]"
E2b_h0.003_e0.1_L2_alibi_learn_attn_s0,ablate_L1H3,inf,69.1451520380089,39.16181885358149,2.234118879240538,0.332331184164754,0.9985847669699843,0.02477677567038277,0.24117552176114718,0.9382097868022297,0.6897865533828735,0.9063462018966675,0.003,0.1,2,0,alibi_learn,0,0.0,"[[1, 1], [1, 0]]","[[1, 3], [1, 2]]"
E2b_h0.003_e0.1_L2_alibi_learn_attn_s0,ablate_all_late,inf,2.133041733981345,2.751057286140916,0.06234347128442356,0.012241356074810028,-0.18117804004871718,,,,4.236523151397705,4.245751857757568,0.003,0.1,2,0,alibi_learn,0,0.0,"[[1, 1], [1, 0]]","[[1, 3], [1, 2]]"
E2b_h0.003_e0.1_L2_alibi_learn_attn_s0,ablate_control,inf,86.31063094521319,54.20091610520324,3.236920889467001,1.836946168648345,0.994505701490377,0.025087425204235805,0.2609762750462857,0.9308218024473055,1.9132016897201538,2.0534610748291016,0.003,0.1,2,0,alibi_learn,0,0.0,"[[1, 1], [1, 0]]","[[1, 3], [1, 2]]"
E2b_h0.003_e0.1_L2_alibi_learn_attn_s0,ablate_copy,0.0,0.0,0.0,1.3961235657334328,-1.3961235657334328,0.1630779842487426,1.0000000002233288e-05,0.0014366210646673126,0.34459853330771195,1.9636385440826416,2.116227388381958,0.003,0.1,2,0,alibi_learn,0,0.0,"[[1, 1], [1, 0]]","[[1, 3], [1, 2]]"
E2b_h0.003_e0.1_L2_alibi_learn_attn_s0,base,inf,74.6114900811568,41.486776628560605,1.9642437349206634,0.5541000931656787,0.9999999999999998,0.023026474399395872,0.24430733078436062,0.9406211392676554,0.6423254609107971,0.8618097901344299,0.003,0.1,2,0,alibi_learn,0,0.0,"[[1, 1], [1, 0]]","[[1, 3], [1, 2]]"
E2b_h0.003_e0.1_L2_alibi_learn_attn_s0,slope_copy_x0.5,inf,inf,111.73494903603176,1.8083769166842103,1.6046932184004359,0.8148504224656631,0.00010000000000000009,0.28814284811894797,0.9123715427296992,0.6461581587791443,0.8654054999351501,0.003,0.1,2,0,alibi_learn,0,0.0,"[[1, 1], [1, 0]]","[[1, 3], [1, 2]]"
E2b_h0.003_e0.1_L2_alibi_learn_attn_s0,slope_copy_x2.0,59.81609625420435,28.97045058000846,13.43421797734156,2.3804296517212475,-1.0165161709966404,0.8102152682753145,0.07843973993465392,0.2089513500502147,0.9328696052525521,0.6540271639823914,0.872895359992981,0.003,0.1,2,0,alibi_learn,0,0.0,"[[1, 1], [1, 0]]","[[1, 3], [1, 2]]"
E2b_h0.003_e0.1_L2_alibi_learn_attn_s0,slope_late_x0.5,inf,inf,112.82974857673165,1.7874707338799323,1.5893371412530541,0.8091610671701979,0.00010000000000000009,0.28814284811894797,0.9102239868115555,0.6530517339706421,0.8718781471252441,0.003,0.1,2,0,alibi_learn,0,0.0,"[[1, 1], [1, 0]]","[[1, 3], [1, 2]]"
E2b_h0.003_e0.1_L2_alibi_learn_attn_s0,slope_late_x2.0,59.80757798710543,28.655181166551102,13.084135796279684,2.410417486098595,-1.0363214466820605,0.8100578735238291,0.07839741607902662,0.20695296685600664,0.9345771162593454,0.6895037293434143,0.9061375856399536,0.003,0.1,2,0,alibi_learn,0,0.0,"[[1, 1], [1, 0]]","[[1, 3], [1, 2]]"
E2b_h0.003_e0.1_L2_alibi_learn_attn_s1,ablate_L1H0,6.4363357328947775,0.0,0.0,0.8791009323405368,-0.5028097547058549,0.9431295853385976,0.019117042234075753,0.24246118359635077,0.8341411321762634,1.2151069641113281,1.4047256708145142,0.003,0.1,2,0,alibi_learn,1,0.0,"[[1, 0], [1, 1]]","[[1, 3], [1, 2]]"
E2b_h0.003_e0.1_L2_alibi_learn_attn_s1,ablate_L1H1,0.0,3.7707048725767556,2.2633252107904895,0.9297037102015955,-0.6695602971262166,0.9479328621983837,0.022504819367346843,0.2377421305485011,0.8575561037067971,1.3093150854110718,1.4872177839279175,0.003,0.1,2,0,alibi_learn,1,0.0,"[[1, 0], [1, 1]]","[[1, 3], [1, 2]]"
E2b_h0.003_e0.1_L2_alibi_learn_attn_s1,ablate_L1H2,inf,103.0142074642857,69.85219111505914,3.683751488769693,2.6763847902683273,0.9957816187395512,0.022914511800277256,0.28070434221044693,0.9300601750581531,1.2575149536132812,1.4385559558868408,0.003,0.1,2,0,alibi_learn,1,0.0,"[[1, 0], [1, 1]]","[[1, 3], [1, 2]]"
E2b_h0.003_e0.1_L2_alibi_learn_attn_s1,ablate_L1H3,inf,75.54008495680306,44.37424415463295,2.261109841056168,0.6314958125086767,0.999057955672079,0.023867869090075492,0.260627293522032,0.9297559830090163,0.6684267520904541,0.8862858414649963,0.003,0.1,2,0,alibi_learn,1,0.0,"[[1, 0], [1, 1]]","[[1, 3], [1, 2]]"
E2b_h0.003_e0.1_L2_alibi_learn_attn_s1,ablate_all_late,3.3894200747981245,0.0,4.832792188263696,0.05534844712487289,-0.005360856386167663,-0.10896246277024278,,,,4.202630519866943,4.210318088531494,0.003,0.1,2,0,alibi_learn,1,0.0,"[[1, 0], [1, 1]]","[[1, 3], [1, 2]]"
E2b_h0.003_e0.1_L2_alibi_learn_attn_s1,ablate_control,inf,98.04552084537815,66.35205696284167,3.607483179175428,2.455155795440078,0.9951490672395001,0.022877136637491045,0.27681760162583857,0.9248168974830229,1.9445679187774658,2.082759380340576,0.003,0.1,2,0,alibi_learn,1,0.0,"[[1, 0], [1, 1]]","[[1, 3], [1, 2]]"
E2b_h0.003_e0.1_L2_alibi_learn_attn_s1,ablate_copy,0.0,0.0,0.0,1.9166965846504485,-1.9166965846504485,0.048025976037059666,1.0000000676570483e-05,0.0007953175394604095,0.3308671936673785,2.1804397106170654,2.3284573554992676,0.003,0.1,2,0,alibi_learn,1,0.0,"[[1, 0], [1, 1]]","[[1, 3], [1, 2]]"
E2b_h0.003_e0.1_L2_alibi_learn_attn_s1,base,inf,77.17512890189136,46.534721865455545,2.0420479954087307,0.6795359901817781,1.0,0.02280950425955034,0.26283483247657424,0.9336042621794398,0.6420146822929382,0.8615020513534546,0.003,0.1,2,0,alibi_learn,1,0.0,"[[1, 0], [1, 1]]","[[1, 3], [1, 2]]"
E2b_h0.003_e0.1_L2_alibi_learn_attn_s1,slope_copy_x0.5,inf,inf,inf,1.8850563217752747,1.6298779476700085,0.7990284834878543,0.00010000000000000009,0.28814284811894797,0.9000046332917007,0.6448237895965576,0.8641360998153687,0.003,0.1,2,0,alibi_learn,1,0.0,"[[1, 0], [1, 1]]","[[1, 3], [1, 2]]"
E2b_h0.003_e0.1_L2_alibi_learn_attn_s1,slope_copy_x2.0,70.41070219646414,34.016418249956494,16.711569480528627,2.4378493299175585,-0.8400750076398253,0.8060918084920351,0.07830048949629491,0.2383607781093478,0.9226484192511825,0.6547864675521851,0.873502254486084,0.003,0.1,2,0,alibi_learn,1,0.0,"[[1, 0], [1, 1]]","[[1, 3], [1, 2]]"
E2b_h0.003_e0.1_L2_alibi_learn_attn_s1,slope_late_x0.5,inf,inf,inf,1.8695846718869038,1.6197092490536826,0.7950457486541299,0.00010000000000000009,0.28814284811894797,0.8977698194633315,0.654147744178772,0.8728907108306885,0.003,0.1,2,0,alibi_learn,1,0.0,"[[1, 0], [1, 1]]","[[1, 3], [1, 2]]"
E2b_h0.003_e0.1_L2_alibi_learn_attn_s1,slope_late_x2.0,70.43570256233718,33.9002511518943,16.59619158654723,2.4562203131749163,-0.8505439329227167,0.8062233534583779,0.07829590627795664,0.2371719034054707,0.9237289704335546,0.6979989409446716,0.9140267372131348,0.003,0.1,2,0,alibi_learn,1,0.0,"[[1, 0], [1, 1]]","[[1, 3], [1, 2]]"
E2b_h0.003_e0.1_L2_alibi_learn_attn_s2,ablate_L1H0,26.295529217121576,4.930518848797663,0.0,0.9512715141421982,-0.7585449188149401,0.9480246839572725,0.018260333955992344,0.24390639929952346,0.8477811336673964,1.204105257987976,1.3912789821624756,0.003,0.1,2,0,alibi_learn,2,0.0,"[[1, 0], [1, 1]]","[[1, 3], [1, 2]]"
E2b_h0.003_e0.1_L2_alibi_learn_attn_s2,ablate_L1H1,inf,29.527427272777494,2.6952105163532143,0.9855127359208252,-0.5845994330011308,0.9414113174878609,0.027038363446437085,0.2258702041554522,0.8622480617120647,1.3809536695480347,1.5542984008789062,0.003,0.1,2,0,alibi_learn,2,0.0,"[[1, 0], [1, 1]]","[[1, 3], [1, 2]]"
E2b_h0.003_e0.1_L2_alibi_learn_attn_s2,ablate_L1H2,inf,107.91462258172568,60.52712364836214,3.633925703487226,2.5185804814100266,0.996479502934548,0.025688497452231403,0.27038109326279736,0.9349515669322153,1.3170685768127441,1.4944391250610352,0.003,0.1,2,0,alibi_learn,2,0.0,"[[1, 0], [1, 1]]","[[1, 3], [1, 2]]"
E2b_h0.003_e0.1_L2_alibi_learn_attn_s2,ablate_L1H3,inf,75.39824537459143,41.58442729226395,2.2561212494703278,0.4646597657618778,0.9992642490532855,0.02745510752188747,0.25187709049585705,0.9390544574397076,0.6718602776527405,0.8894927501678467,0.003,0.1,2,0,alibi_learn,2,0.0,"[[1, 0], [1, 1]]","[[1, 3], [1, 2]]"
E2b_h0.003_e0.1_L2_alibi_learn_attn_s2,ablate_all_late,4.293280586376578,inf,11.009177684175926,0.055563788927559345,0.005436445386814219,-0.07880254714020832,,,,4.2059526443481445,4.2173004150390625,0.003,0.1,2,0,alibi_learn,2,0.0,"[[1, 0], [1, 1]]","[[1, 3], [1, 2]]"
E2b_h0.003_e0.1_L2_alibi_learn_attn_s2,ablate_control,inf,102.90541021767984,57.66315503117541,3.5226828325539827,2.254997303709388,0.9961910774358421,0.02639717495137429,0.2673884753135397,0.9323061151823645,1.905859112739563,2.0464892387390137,0.003,0.1,2,0,alibi_learn,2,0.0,"[[1, 0], [1, 1]]","[[1, 3], [1, 2]]"
E2b_h0.003_e0.1_L2_alibi_learn_attn_s2,ablate_copy,0.0,0.0,0.0,1.873889867748533,-1.873889867748533,0.07970621495453682,1.0000006091510342e-05,0.0006498590253792354,0.3070631097079014,2.1029305458068848,2.235551118850708,0.003,0.1,2,0,alibi_learn,2,0.0,"[[1, 0], [1, 1]]","[[1, 3], [1, 2]]"
E2b_h0.003_e0.1_L2_alibi_learn_attn_s2,base,inf,77.86609354978263,42.37005775346887,2.0354377954666103,0.532690600359014,1.0,0.02546218828909829,0.2544293868466439,0.940646360428048,0.642256498336792,0.8617193698883057,0.003,0.1,2,0,alibi_learn,2,0.0,"[[1, 0], [1, 1]]","[[1, 3], [1, 2]]"
E2b_h0.003_e0.1_L2_alibi_learn_attn_s2,slope_copy_x0.5,inf,inf,123.59656654274144,1.8336911951856953,1.5707441946225507,0.8219906978713828,0.0020028135409973133,0.3092953142292754,0.9216140753063836,0.6455404162406921,0.8647993803024292,0.003,0.1,2,0,alibi_learn,2,0.0,"[[1, 0], [1, 1]]","[[1, 3], [1, 2]]"
E2b_h0.003_e0.1_L2_alibi_learn_attn_s2,slope_copy_x2.0,64.64699708817129,32.306265279500174,13.751763788858394,2.470764725735145,-1.0651481794193387,0.8077948269948384,0.08259429636668003,0.22650898009558149,0.9231420463426462,0.6558215022087097,0.8747403025627136,0.003,0.1,2,0,alibi_learn,2,0.0,"[[1, 0], [1, 1]]","[[1, 3], [1, 2]]"
E2b_h0.003_e0.1_L2_alibi_learn_attn_s2,slope_late_x0.5,inf,inf,125.01100450832756,1.8163318567510163,1.5593353815908944,0.8173865128213255,0.0017821479735491486,0.30801343531280095,0.9187166246858476,0.6530338525772095,0.8718204498291016,0.003,0.1,2,0,alibi_learn,2,0.0,"[[1, 0], [1, 1]]","[[1, 3], [1, 2]]"
E2b_h0.003_e0.1_L2_alibi_learn_attn_s2,slope_late_x2.0,64.52099156124854,32.17220624560843,13.56487671060224,2.4896246692431823,-1.0785921732229846,0.8075467940469495,0.08265906902746283,0.22556070340964682,0.924029686356803,0.6915838122367859,0.9082822799682617,0.003,0.1,2,0,alibi_learn,2,0.0,"[[1, 0], [1, 1]]","[[1, 3], [1, 2]]"
E2b_h0.003_e0.2_L2_alibi_learn_attn_s0,ablate_L1H0,9.62537641074197,0.0,4.30461947774754,0.5212684798586581,-0.1520585441030562,0.923029248835817,0.014894566457133707,0.3054774276491828,0.7620945360373201,1.2286869287490845,1.416461706161499,0.003,0.2,2,0,alibi_learn,0,0.0,"[[1, 1], [1, 0]]","[[1, 3], [1, 2]]"
E2b_h0.003_e0.2_L2_alibi_learn_attn_s0,ablate_L1H1,102.33263391260242,7.509963528856771,0.0,0.414770958745586,-0.07033640119646277,0.9031295387492732,0.009234988969599013,0.32302723904108377,0.7107476145570693,1.2906219959259033,1.4696989059448242,0.003,0.2,2,0,alibi_learn,0,0.0,"[[1, 1], [1, 0]]","[[1, 3], [1, 2]]"
E2b_h0.003_e0.2_L2_alibi_learn_attn_s0,ablate_L1H2,inf,inf,108.21755432828395,2.7156737448780666,2.3485947381039813,0.9933250592721637,0.016102430026586945,0.3464090690681687,0.8022644025188003,1.6591864824295044,1.815274715423584,0.003,0.2,2,0,alibi_learn,0,0.0,"[[1, 1], [1, 0]]","[[1, 3], [1, 2]]"
E2b_h0.003_e0.2_L2_alibi_learn_attn_s0,ablate_L1H3,inf,inf,81.00284896976306,1.66135476502989,1.031818900257349,0.9979729889270086,0.014039413949696987,0.3329690351892683,0.8349929998445639,0.8676453232765198,1.0730946063995361,0.003,0.2,2,0,alibi_learn,0,0.0,"[[1, 1], [1, 0]]","[[1, 3], [1, 2]]"
E2b_h0.003_e0.2_L2_alibi_learn_attn_s0,ablate_all_late,83.52171803959637,2.430939712484913,3.3283941285660905,0.0730620037897357,0.005421328158783061,0.0041571463019441516,,,,4.265859603881836,4.274134635925293,0.003,0.2,2,0,alibi_learn,0,0.0,"[[1, 1], [1, 0]]","[[1, 3], [1, 2]]"
E2b_h0.003_e0.2_L2_alibi_learn_attn_s0,ablate_control,inf,inf,103.79431981172667,2.895878579600581,2.4486523860001137,0.9936158678137142,0.01447507900859321,0.3363534844426015,0.8024162297455637,2.5067873001098633,2.609994888305664,0.003,0.2,2,0,alibi_learn,0,0.0,"[[1, 1], [1, 0]]","[[1, 3], [1, 2]]"
E2b_h0.003_e0.2_L2_alibi_learn_attn_s0,ablate_copy,0.0,0.0,0.0,1.2709148850824152,-1.2709148850824152,0.22309062534255478,1.0000000000015452e-05,0.0018400815596789398,0.48382082703566054,1.7899616956710815,1.945820689201355,0.003,0.2,2,0,alibi_learn,0,0.0,"[[1, 1], [1, 0]]","[[1, 3], [1, 2]]"
E2b_h0.003_e0.2_L2_alibi_learn_attn_s0,base,inf,inf,82.46673584846728,1.3077759491279721,0.8337746074955378,1.0,0.014273908130970752,0.33457715701056373,0.8370587092047366,0.8246855139732361,1.032778024673462,0.003,0.2,2,0,alibi_learn,0,0.0,"[[1, 1], [1, 0]]","[[1, 3], [1, 2]]"
E2b_h0.003_e0.2_L2_alibi_learn_attn_s0,slope_copy_x0.5,inf,inf,inf,1.2486503636464477,1.2450413766450115,0.7519162674141194,0.00010000000000000009,0.28814284811894797,0.6123166821205035,0.8281727433204651,1.0360496044158936,0.003,0.2,2,0,alibi_learn,0,0.0,"[[1, 1], [1, 0]]","[[1, 3], [1, 2]]"
E2b_h0.003_e0.2_L2_alibi_learn_attn_s0,slope_copy_x2.0,79.59002194233521,44.37224152795557,35.81869340274999,1.6288878349587321,-0.12347012957824129,0.7172913997891835,0.058988002862311345,0.3367817657548126,0.9253558578544205,0.8391443490982056,1.0463056564331055,0.003,0.2,2,0,alibi_learn,0,0.0,"[[1, 1], [1, 0]]","[[1, 3], [1, 2]]"
E2b_h0.003_e0.2_L2_alibi_learn_attn_s0,slope_late_x0.5,inf,inf,inf,1.241039973151471,1.2381812942081265,0.7477283178444739,0.00010000000000000009,0.28814284811894797,0.6003425099998739,0.8341983556747437,1.0417108535766602,0.003,0.2,2,0,alibi_learn,0,0.0,"[[1, 1], [1, 0]]","[[1, 3], [1, 2]]"
E2b_h0.003_e0.2_L2_alibi_learn_attn_s0,slope_late_x2.0,79.60654983896919,44.22510894547867,35.680715665803675,1.6421069264511712,-0.13237216258754156,0.7185929361730234,0.05882015985288913,0.3349200447660712,0.927062460358241,0.8836813569068909,1.0883198976516724,0.003,0.2,2,0,alibi_learn,0,0.0,"[[1, 1], [1, 0]]","[[1, 3], [1, 2]]"
E2b_h0.003_e0.2_L2_alibi_learn_attn_s1,ablate_L1H0,3.4925840326379283,0.0,0.0,0.5016870516285833,-0.3680045591068587,0.9197292512504829,0.010518651015442746,0.30433792973676327,0.7100375896316085,1.258994460105896,1.4496769905090332,0.003,0.2,2,0,alibi_learn,1,0.0,"[[1, 0], [1, 1]]","[[1, 3], [1, 2]]"
E2b_h0.003_e0.2_L2_alibi_learn_attn_s1,ablate_L1H1,0.0,71.04451039609287,2.5935767579612925,0.5237888075477842,-0.12979463205140615,0.9268067427367441,0.01043019008965736,0.3101080954468737,0.8307284316698336,1.352024793624878,1.5272583961486816,0.003,0.2,2,0,alibi_learn,1,0.0,"[[1, 0], [1, 1]]","[[1, 3], [1, 2]]"
E2b_h0.003_e0.2_L2_alibi_learn_attn_s1,ablate_L1H2,inf,inf,115.99225234313752,2.727323123386928,2.3695077688566277,0.9940337675198028,0.013036895409435412,0.3394522108299275,0.8694311197158531,1.7227178812026978,1.8747892379760742,0.003,0.2,2,0,alibi_learn,1,0.0,"[[1, 0], [1, 1]]","[[1, 3], [1, 2]]"
E2b_h0.003_e0.2_L2_alibi_learn_attn_s1,ablate_L1H3,inf,inf,79.75950848290614,1.664883139144097,1.0117009444428342,0.9986572074732936,0.012158721149763985,0.32643808650676864,0.8764875716501808,0.8530152440071106,1.0593640804290771,0.003,0.2,2,0,alibi_learn,1,0.0,"[[1, 0], [1, 1]]","[[1, 3], [1, 2]]"
E2b_h0.003_e0.2_L2_alibi_learn_attn_s1,ablate_all_late,3.020949826594085,0.0,3.6849291265615935,0.0718939535186759,-0.01131963004757251,-0.0525759642967968,,,,4.235562801361084,4.242301940917969,0.003,0.2,2,0,alibi_learn,1,0.0,"[[1, 0], [1, 1]]","[[1, 3], [1, 2]]"
E2b_h0.003_e0.2_L2_alibi_learn_attn_s1,ablate_control,inf,inf,113.49390597528877,3.025014521021928,2.5955068854881183,0.993805189479942,0.012069117903692307,0.3330617316481847,0.863187710021811,2.4526093006134033,2.559152603149414,0.003,0.2,2,0,alibi_learn,1,0.0,"[[1, 0], [1, 1]]","[[1, 3], [1, 2]]"
E2b_h0.003_e0.2_L2_alibi_learn_attn_s1,ablate_copy,0.0,0.0,0.0,1.5414615124464035,-1.5414615124464035,0.3776087607634473,1.0000000000000851e-05,0.0010678547849660319,0.6900792341777606,1.9607077836990356,2.1231322288513184,0.003,0.2,2,0,alibi_learn,1,0.0,"[[1, 0], [1, 1]]","[[1, 3], [1, 2]]"
E2b_h0.003_e0.2_L2_alibi_learn_attn_s1,base,inf,inf,79.67957771208201,1.3208332544724857,0.7936349520459771,1.0,0.011936292759496996,0.3264111171589467,0.8814160325407001,0.8239942193031311,1.0321149826049805,0.003,0.2,2,0,alibi_learn,1,0.0,"[[1, 0], [1, 1]]","[[1, 3], [1, 2]]"
E2b_h0.003_e0.2_L2_alibi_learn_attn_s1,slope_copy_x0.5,inf,inf,inf,1.2516900469948138,1.2516900469948138,0.7996970768731548,0.0020269296890170064,0.34460317216920455,0.697980395731479,0.8295309543609619,1.0373032093048096,0.003,0.2,2,0,alibi_learn,1,0.0,"[[1, 0], [1, 1]]","[[1, 3], [1, 2]]"
E2b_h0.003_e0.2_L2_alibi_learn_attn_s1,slope_copy_x2.0,77.69277397785481,45.608793457345136,34.29075540187183,1.7326145628467202,-0.31461110591356245,0.70838448991561,0.05964266809043162,0.2957039654658307,0.9142029276946838,0.8422613739967346,1.0503408908843994,0.003,0.2,2,0,alibi_learn,1,0.0,"[[1, 0], [1, 1]]","[[1, 3], [1, 2]]"
E2b_h0.003_e0.2_L2_alibi_learn_attn_s1,slope_late_x0.5,inf,inf,inf,1.2492178484265293,1.2492178484265293,0.8009482147422942,0.002474664581678882,0.3399724806068531,0.6928819207899259,0.8345556259155273,1.0420036315917969,0.003,0.2,2,0,alibi_learn,1,0.0,"[[1, 0], [1, 1]]","[[1, 3], [1, 2]]"
E2b_h0.003_e0.2_L2_alibi_learn_attn_s1,slope_late_x2.0,77.68508108535744,45.443925634847,34.28002200184742,1.7369072819128633,-0.3180194969422051,0.7085311607560448,0.059601306259291775,0.29535947536527785,0.9148466787792221,0.8934227824211121,1.0982670783996582,0.003,0.2,2,0,alibi_learn,1,0.0,"[[1, 0], [1, 1]]","[[1, 3], [1, 2]]"
E2b_h0.003_e0.2_L2_alibi_learn_attn_s2,ablate_L1H0,0.0,7.632966669311927,2.1705975041610874,0.4792275147379509,-0.1468661460094154,0.9163741756939239,0.013474506128881358,0.3170580988325122,0.7655963563587025,1.2395806312561035,1.4238783121109009,0.003,0.2,2,0,alibi_learn,2,0.0,"[[1, 1], [1, 0]]","[[1, 3], [1, 2]]"
E2b_h0.003_e0.2_L2_alibi_learn_attn_s2,ablate_L1H1,3.82175910408919,3.322615783118017,0.0,0.40858031483367085,-0.1133834685731147,0.9150220017094566,0.009691065927337822,0.3250084752813183,0.7168790700419913,1.2976852655410767,1.4762098789215088,0.003,0.2,2,0,alibi_learn,2,0.0,"[[1, 1], [1, 0]]","[[1, 3], [1, 2]]"
E2b_h0.003_e0.2_L2_alibi_learn_attn_s2,ablate_L1H2,inf,inf,103.23988190721855,2.7529654311282292,2.4145942575165202,0.9932551668318144,0.015071468914736172,0.3463551586604968,0.8292832443647926,1.6784183979034424,1.833268404006958,0.003,0.2,2,0,alibi_learn,2,0.0,"[[1, 1], [1, 0]]","[[1, 3], [1, 2]]"
E2b_h0.003_e0.2_L2_alibi_learn_attn_s2,ablate_L1H3,inf,inf,78.76877685886552,1.6441985676065087,1.047842562331685,0.9985005502570339,0.013541833188318309,0.33635495755189815,0.8539852200332422,0.8656284809112549,1.071136713027954,0.003,0.2,2,0,alibi_learn,2,0.0,"[[1, 1], [1, 0]]","[[1, 3], [1, 2]]"
E2b_h0.003_e0.2_L2_alibi_learn_attn_s2,ablate_all_late,6.144583881420973,0.0,6.207277445054906,0.06727588515994805,0.013647529629192181,-0.2764398592642899,,,,4.246308326721191,4.252582550048828,0.003,0.2,2,0,alibi_learn,2,0.0,"[[1, 1], [1, 0]]","[[1, 3], [1, 2]]"
E2b_h0.003_e0.2_L2_alibi_learn_attn_s2,ablate_control,inf,inf,99.95354145193463,2.8874982936041698,2.4957752962197577,0.9934680003631473,0.0137989430838426,0.3379477920258167,0.8244144165066705,2.422280788421631,2.5307412147521973,0.003,0.2,2,0,alibi_learn,2,0.0,"[[1, 1], [1, 0]]","[[1, 3], [1, 2]]"
E2b_h0.003_e0.2_L2_alibi_learn_attn_s2,ablate_copy,0.0,0.0,0.0,1.323388695716858,-1.323388695716858,0.2702706483911107,1.000000000082023e-05,0.0013717365049265417,0.5362969697364669,1.7846999168395996,1.9352898597717285,0.003,0.2,2,0,alibi_learn,2,0.0,"[[1, 1], [1, 0]]","[[1, 3], [1, 2]]"
E2b_h0.003_e0.2_L2_alibi_learn_attn_s2,base,inf,inf,79.71376816802965,1.3163253453427128,0.850555907801858,0.9999999999999998,0.013502153777625632,0.33731121979677564,0.8548769217834208,0.8242670893669128,1.0323371887207031,0.003,0.2,2,0,alibi_learn,2,0.0,"[[1, 1], [1, 0]]","[[1, 3], [1, 2]]"
E2b_h0.003_e0.2_L2_alibi_learn_attn_s2,slope_copy_x0.5,inf,inf,inf,1.2679230155689376,1.2679230155689376,0.6632247304111457,8.002145204921563e-05,0.2829506969893842,0.5256812636574644,0.8281629085540771,1.035994291305542,0.003,0.2,2,0,alibi_learn,2,0.0,"[[1, 1], [1, 0]]","[[1, 3], [1, 2]]"
E2b_h0.003_e0.2_L2_alibi_learn_attn_s2,slope_copy_x2.0,75.61756666746709,51.46308011041242,34.58148118500653,1.6663498134751404,-0.12418417778930493,0.7059590176250031,0.058404950551822536,0.33694035975078895,0.9111391175360937,0.8387757539749146,1.0460636615753174,0.003,0.2,2,0,alibi_learn,2,0.0,"[[1, 1], [1, 0]]","[[1, 3], [1, 2]]"
E2b_h0.003_e0.2_L2_alibi_learn_attn_s2,slope_late_x0.5,inf,inf,inf,1.2623666088495935,1.2623666088495935,0.6549921319594891,5.2874347812908746e-05,0.26797651728559346,0.5099208562296011,0.8327969908714294,1.0403430461883545,0.003,0.2,2,0,alibi_learn,2,0.0,"[[1, 1], [1, 0]]","[[1, 3], [1, 2]]"
E2b_h0.003_e0.2_L2_alibi_learn_attn_s2,slope_late_x2.0,75.60525106621066,51.26632017679882,34.476195238670535,1.6776203993441803,-0.1304262201966984,0.706883353815541,0.058324152831194714,0.3356788395441327,0.9127349609723033,0.8817567229270935,1.08651864528656,0.003,0.2,2,0,alibi_learn,2,0.0,"[[1, 1], [1, 0]]","[[1, 3], [1, 2]]"
E2b_h0.003_e0.3_L2_alibi_learn_attn_s0,ablate_L1H0,10.716506740763746,0.0,0.0,0.2962310933507979,-0.07034840893798641,0.8740531372208332,0.012268923023302042,0.32740980580389567,0.645179745634201,1.2047677040100098,1.4044911861419678,0.003,0.3,2,0,alibi_learn,0,0.0,"[[1, 0], [1, 1]]","[[1, 3], [1, 2]]"
E2b_h0.003_e0.3_L2_alibi_learn_attn_s0,ablate_L1H1,inf,77.49730739750623,13.842122429020222,0.3096554573691849,0.01492151162321014,0.8359420266358173,0.0085253830065013,0.31778260572454997,0.6250036171206856,1.2488406896591187,1.4305280447006226,0.003,0.3,2,0,alibi_learn,0,0.0,"[[1, 0], [1, 1]]","[[1, 3], [1, 2]]"
E2b_h0.003_e0.3_L2_alibi_learn_attn_s0,ablate_L1H2,inf,inf,inf,1.7426598761230707,1.5919443823929345,0.9815060147464801,0.015660146401772327,0.35703551122533156,0.8033335325539597,1.8569037914276123,2.0009565353393555,0.003,0.3,2,0,alibi_learn,0,0.0,"[[1, 0], [1, 1]]","[[1, 3], [1, 2]]"
E2b_h0.003_e0.3_L2_alibi_learn_attn_s0,ablate_L1H3,inf,inf,91.09342964139539,1.0040489634765046,0.7149550499660628,0.9981442381001885,0.012258224857491735,0.33729026608557233,0.8575032740375483,0.9877517819404602,1.1857117414474487,0.003,0.3,2,0,alibi_learn,0,0.0,"[[1, 0], [1, 1]]","[[1, 3], [1, 2]]"
E2b_h0.003_e0.3_L2_alibi_learn_attn_s0,ablate_all_late,21.401801511200087,0.0,3.9583658849881167,0.07161339571965593,-0.005357990307467324,0.06369072018494872,,,,4.264583110809326,4.274959564208984,0.003,0.3,2,0,alibi_learn,0,0.0,"[[1, 0], [1, 1]]","[[1, 3], [1, 2]]"
E2b_h0.003_e0.3_L2_alibi_learn_attn_s0,ablate_control,inf,inf,inf,1.9217676645410913,1.7339855270194156,0.9853809276426603,0.013311590209163292,0.3447877134943518,0.812828917586044,2.638664960861206,2.7340264320373535,0.003,0.3,2,0,alibi_learn,0,0.0,"[[1, 0], [1, 1]]","[[1, 3], [1, 2]]"
E2b_h0.003_e0.3_L2_alibi_learn_attn_s0,ablate_copy,0.0,0.0,0.0,0.8385924994945526,-0.8385924994945526,0.34580526741692025,1.0000136673955233e-05,0.0024521533012510552,0.4629329667238098,1.5499554872512817,1.7390612363815308,0.003,0.3,2,0,alibi_learn,0,0.0,"[[1, 0], [1, 1]]","[[1, 3], [1, 2]]"
E2b_h0.003_e0.3_L2_alibi_learn_attn_s0,base,inf,inf,92.375386242332,0.7836385652688997,0.5607818794835892,1.0,0.012653101253379042,0.3390533966827538,0.8508861076136667,0.9418790936470032,1.1426684856414795,0.003,0.3,2,0,alibi_learn,0,0.0,"[[1, 0], [1, 1]]","[[1, 3], [1, 2]]"
E2b_h0.003_e0.3_L2_alibi_learn_attn_s0,slope_copy_x0.5,inf,inf,inf,0.7640591674883451,0.7640591674883451,0.7684223581894347,,,,0.9454317092895508,1.1459988355636597,0.003,0.3,2,0,alibi_learn,0,0.0,"[[1, 0], [1, 1]]","[[1, 3], [1, 2]]"
E2b_h0.003_e0.3_L2_alibi_learn_attn_s0,slope_copy_x2.0,84.61813743166638,53.47678664943416,37.63695056252449,0.9971065762053642,-0.036749830070350854,0.7494917656158279,0.050601926910305586,0.3463240213536957,0.9190155800940345,0.9546082019805908,1.1548049449920654,0.003,0.3,2,0,alibi_learn,0,0.0,"[[1, 0], [1, 1]]","[[1, 3], [1, 2]]"
E2b_h0.003_e0.3_L2_alibi_learn_attn_s0,slope_late_x0.5,inf,inf,inf,0.7585959655365774,0.7585959655365774,0.7643113964838907,,,,0.9501349925994873,1.1504154205322266,0.003,0.3,2,0,alibi_learn,0,0.0,"[[1, 0], [1, 1]]","[[1, 3], [1, 2]]"
E2b_h0.003_e0.3_L2_alibi_learn_attn_s0,slope_late_x2.0,84.60104604131082,53.289594082132645,37.50639824270763,1.003841266568218,-0.03907477855682373,0.7502370572919383,0.05052356303713321,0.344857890153016,0.9207888310678621,0.9948804378509521,1.1925444602966309,0.003,0.3,2,0,alibi_learn,0,0.0,"[[1, 0], [1, 1]]","[[1, 3], [1, 2]]"
E2b_h0.003_e0.3_L2_alibi_learn_attn_s1,ablate_L1H0,2.899698592913427,0.0,0.0,0.3331185925718663,-0.21019509562756866,0.8752537849620943,0.007968072539323679,0.29994098268876035,0.6840106958060372,1.2427641153335571,1.4290118217468262,0.003,0.3,2,0,alibi_learn,1,0.0,"[[1, 0], [1, 1]]","[[1, 3], [1, 2]]"
E2b_h0.003_e0.3_L2_alibi_learn_attn_s1,ablate_L1H1,0.0,90.01899421832051,2.366903208984072,0.328825511271134,-0.024733884958550334,0.9028608603626697,0.01299303037067843,0.335093795735267,0.7284932651498042,1.2924987077713013,1.4714922904968262,0.003,0.3,2,0,alibi_learn,1,0.0,"[[1, 0], [1, 1]]","[[1, 3], [1, 2]]"
E2b_h0.003_e0.3_L2_alibi_learn_attn_s1,ablate_L1H2,inf,inf,124.10387585944505,1.9155630440052067,1.7170494930552584,0.9903380086902008,0.01298992340517848,0.3416495857389157,0.8520856484159859,1.8961718082427979,2.037459135055542,0.003,0.3,2,0,alibi_learn,1,0.0,"[[1, 0], [1, 1]]","[[1, 3], [1, 2]]"
E2b_h0.003_e0.3_L2_alibi_learn_attn_s1,ablate_L1H3,inf,inf,81.12111138451355,0.9748252718044179,0.6494831937764373,0.9991333043637245,0.012140223349938209,0.3304384269082565,0.8737792861532097,0.9715657234191895,1.170512318611145,0.003,0.3,2,0,alibi_learn,1,0.0,"[[1, 0], [1, 1]]","[[1, 3], [1, 2]]"
E2b_h0.003_e0.3_L2_alibi_learn_attn_s1,ablate_all_late,2.7279678841391886,19.13154674532002,6.446097020238238,0.05377133030976568,0.00664490381521838,0.021382315555426648,,,,4.228728771209717,4.238285541534424,0.003,0.3,2,0,alibi_learn,1,0.0,"[[1, 0], [1, 1]]","[[1, 3], [1, 2]]"
E2b_h0.003_e0.3_L2_alibi_learn_attn_s1,ablate_control,inf,inf,121.19597284715,1.9975017647125892,1.7855582841272866,0.9924146007092304,0.011963676679451892,0.33317131195109956,0.854491795519573,2.6367063522338867,2.7318074703216553,0.003,0.3,2,0,alibi_learn,1,0.0,"[[1, 0], [1, 1]]","[[1, 3], [1, 2]]"
E2b_h0.003_e0.3_L2_alibi_learn_attn_s1,ablate_copy,0.0,0.0,0.0,1.0066622069903783,-1.0066622069903783,0.2807693063500213,1.00000000000003e-05,0.0007978216632727892,0.4243368463896755,1.6626967191696167,1.8246901035308838,0.003,0.3,2,0,alibi_learn,1,0.0,"[[1, 0], [1, 1]]","[[1, 3], [1, 2]]"
E2b_h0.003_e0.3_L2_alibi_learn_attn_s1,base,inf,inf,80.50642664895125,0.7997311195358634,0.525347283775253,1.0,0.0121021089935965,0.33160021488701624,0.8761106830944054,0.9409480094909668,1.1417884826660156,0.003,0.3,2,0,alibi_learn,1,0.0,"[[1, 0], [1, 1]]","[[1, 3], [1, 2]]"
E2b_h0.003_e0.3_L2_alibi_learn_attn_s1,slope_copy_x0.5,inf,inf,inf,0.7784543449857405,0.777663464258824,0.731688666497614,,,,0.943516194820404,1.1442067623138428,0.003,0.3,2,0,alibi_learn,1,0.0,"[[1, 0], [1, 1]]","[[1, 3], [1, 2]]"
E2b_h0.003_e0.3_L2_alibi_learn_attn_s1,slope_copy_x2.0,84.41733225533771,49.412384854827216,35.84309002978152,1.059706034804029,-0.1321604692244104,0.74000776636982,0.053507445842034346,0.3211765158465864,0.9167895946075306,0.9528243541717529,1.15289306640625,0.003,0.3,2,0,alibi_learn,1,0.0,"[[1, 0], [1, 1]]","[[1, 3], [1, 2]]"
E2b_h0.003_e0.3_L2_alibi_learn_attn_s1,slope_late_x0.5,inf,inf,inf,0.775674623570272,0.775291170924902,0.7269236952854764,,,,0.947607696056366,1.148036003112793,0.003,0.3,2,0,alibi_learn,1,0.0,"[[1, 0], [1, 1]]","[[1, 3], [1, 2]]"
E2b_h0.003_e0.3_L2_alibi_learn_attn_s1,slope_late_x2.0,84.41154398203227,48.950518709078054,35.81053819693091,1.0617306546441145,-0.13479331055922167,0.7402037914276622,0.05342645297000617,0.3204508533631869,0.9176400985592,0.9971261620521545,1.194434642791748,0.003,0.3,2,0,alibi_learn,1,0.0,"[[1, 0], [1, 1]]","[[1, 3], [1, 2]]"
E2b_h0.003_e0.3_L2_alibi_learn_attn_s2,ablate_L1H0,102.67393011005043,7.918613576075081,5.1499446221363545,0.2480955660077078,0.011925969405898027,0.8340808508754518,0.01134415316654297,0.2963173253341468,0.6215215401421172,1.165627360343933,1.3605737686157227,0.003,0.3,2,0,alibi_learn,2,0.0,"[[1, 0], [1, 1], [1, 2]]","[[1, 3]]"
E2b_h0.003_e0.3_L2_alibi_learn_attn_s2,ablate_L1H1,inf,98.14591735986326,58.96455231248981,0.3919321428319173,0.17592746584809252,0.8932319905729857,0.010292489164804049,0.3279103191841545,0.7176429215808183,1.1737531423568726,1.360150694847107,0.003,0.3,2,0,alibi_learn,2,0.0,"[[1, 0], [1, 1], [1, 2]]","[[1, 3]]"
E2b_h0.003_e0.3_L2_alibi_learn_attn_s2,ablate_L1H2,inf,inf,116.24137672487402,1.4656480295317513,1.3097132726439409,0.980622585653812,0.016576189467619705,0.34319639010293584,0.8272497429578292,1.857506275177002,2.001307964324951,0.003,0.3,2,0,alibi_learn,2,0.0,"[[1, 0], [1, 1], [1, 2]]","[[1, 3]]"
E2b_h0.003_e0.3_L2_alibi_learn_attn_s2,ablate_L1H3,inf,inf,84.0409030650841,0.8986313975016985,0.6372958598658442,0.9985618741002033,0.013791162286844943,0.3306649343220405,0.8897908472931516,0.9898061156272888,1.1876392364501953,0.003,0.3,2,0,alibi_learn,2,0.0,"[[1, 0], [1, 1], [1, 2]]","[[1, 3]]"
E2b_h0.003_e0.3_L2_alibi_learn_attn_s2,ablate_all_late,0.0,0.0,0.0,0.0835978644900024,0.009830320453537362,-0.1818712679132367,,,,4.260377407073975,4.277595520019531,0.003,0.3,2,0,alibi_learn,2,0.0,"[[1, 0], [1, 1], [1, 2]]","[[1, 3]]"
E2b_h0.003_e0.3_L2_alibi_learn_attn_s2,ablate_control,inf,inf,84.0409030650841,0.8986313975016985,0.6372958598658442,0.9985618741002033,0.013791162286844943,0.3306649343220405,0.8897908472931516,0.9898061156272888,1.1876392364501953,0.003,0.3,2,0,alibi_learn,2,0.0,"[[1, 0], [1, 1], [1, 2]]","[[1, 3]]"
E2b_h0.003_e0.3_L2_alibi_learn_attn_s2,ablate_copy,0.0,0.0,0.0,0.08665855829271354,0.0522875474333497,-0.21152024592886715,,,,2.3417580127716064,2.459317684173584,0.003,0.3,2,0,alibi_learn,2,0.0,"[[1, 0], [1, 1], [1, 2]]","[[1, 3]]"
E2b_h0.003_e0.3_L2_alibi_learn_attn_s2,base,inf,inf,86.27624435323574,0.7583154040787902,0.5514653891857181,1.0,0.013510648930639736,0.3304601116064278,0.8823732879164978,0.943019688129425,1.1437468528747559,0.003,0.3,2,0,alibi_learn,2,0.0,"[[1, 0], [1, 1], [1, 2]]","[[1, 3]]"
E2b_h0.003_e0.3_L2_alibi_learn_attn_s2,slope_copy_x0.5,inf,inf,inf,0.7647200907979693,0.7647200907979693,0.76196130289498,,,,0.9459279179573059,1.146484613418579,0.003,0.3,2,0,alibi_learn,2,0.0,"[[1, 0], [1, 1], [1, 2]]","[[1, 3]]"
E2b_h0.003_e0.3_L2_alibi_learn_attn_s2,slope_copy_x2.0,80.3254617052146,45.97539396415997,38.32695316545069,0.9885277297081692,-0.020234198309481144,0.8188541928411637,0.04916593202382869,0.3388481867586707,0.9423214918806686,0.9856972098350525,1.1838620901107788,0.003,0.3,2,0,alibi_learn,2,0.0,"[[1, 0], [1, 1], [1, 2]]","[[1, 3]]"
E2b_h0.003_e0.3_L2_alibi_learn_attn_s2,slope_late_x0.5,inf,inf,inf,0.749044771705355,0.749044771705355,0.750111978914747,,,,0.950525164604187,1.150793433189392,0.003,0.3,2,0,alibi_learn,2,0.0,"[[1, 0], [1, 1], [1, 2]]","[[1, 3]]"
E2b_h0.003_e0.3_L2_alibi_learn_attn_s2,slope_late_x2.0,80.23038324415523,45.76214746236755,38.19935273546061,0.9963397798959964,-0.01972121956558632,0.8189355369979109,0.049199124863388254,0.33743567674401675,0.9443221606333329,0.9886978268623352,1.1866703033447266,0.003,0.3,2,0,alibi_learn,2,0.0,"[[1, 0], [1, 1], [1, 2]]","[[1, 3]]"
E2b_h0.01_e0.05_L2_alibi_learn_attn_s0,ablate_L1H0,42.55937352111663,19.532902509796834,0.0,1.6871564736855882,-1.302211462653109,0.97294985883032,0.062254872344565414,0.1403030357938514,0.9083849176082166,1.3642197847366333,1.541730523109436,0.01,0.05,2,0,alibi_learn,0,0.0,"[[1, 1], [1, 0]]","[[1, 3], [1, 2]]"
E2b_h0.01_e0.05_L2_alibi_learn_attn_s0,ablate_L1H1,9.686963286988737,0.0,0.0,1.8075048570255083,-1.5138509228958614,0.9737887390350611,0.06853848750267127,0.14715008016545864,0.9213176275135917,1.4026532173156738,1.574632167816162,0.01,0.05,2,0,alibi_learn,0,0.0,"[[1, 1], [1, 0]]","[[1, 3], [1, 2]]"
E2b_h0.01_e0.05_L2_alibi_learn_attn_s0,ablate_L1H2,72.65473040515293,32.40953551738004,18.91819442057678,3.43922064706151,0.3872795082362635,0.9914201472031787,0.0784335477273632,0.19912300870337246,0.9526943733580924,1.341691493988037,1.5174918174743652,0.01,0.05,2,0,alibi_learn,0,0.0,"[[1, 1], [1, 0]]","[[1, 3], [1, 2]]"
E2b_h0.01_e0.05_L2_alibi_learn_attn_s0,ablate_L1H3,40.635886377307024,17.9308419310882,5.516463330118637,2.925839583189892,-2.073328246162938,0.9911742207781051,0.0746659974568655,0.18176472694665716,0.9161320630591389,1.0560582876205444,1.249735713005066,0.01,0.05,2,0,alibi_learn,0,0.0,"[[1, 1], [1, 0]]","[[1, 3], [1, 2]]"
E2b_h0.01_e0.05_L2_alibi_learn_attn_s0,ablate_all_late,4.2824376930419,0.0,0.0,0.03802141148064818,0.007482731049614293,0.04811628779342291,,,,4.191812038421631,4.197030067443848,0.01,0.05,2,0,alibi_learn,0,0.0,"[[1, 1], [1, 0]]","[[1, 3], [1, 2]]"
E2b_h0.01_e0.05_L2_alibi_learn_attn_s0,ablate_control,56.13956296161253,25.07918433734301,15.642682551782302,3.051556447188237,-0.6211766038489129,0.9780882558226499,0.07409516957711469,0.20034358022870166,0.8802723673702383,2.02691388130188,2.1599974632263184,0.01,0.05,2,0,alibi_learn,0,0.0,"[[1, 1], [1, 0]]","[[1, 3], [1, 2]]"
E2b_h0.01_e0.05_L2_alibi_learn_attn_s0,ablate_copy,0.0,0.0,0.0,1.4308594268347536,-1.4308594268347536,0.033708170544882766,1.0000000000039061e-05,0.0009380849107260326,0.3516513821312097,1.8553197383880615,2.0030548572540283,0.01,0.05,2,0,alibi_learn,0,0.0,"[[1, 1], [1, 0]]","[[1, 3], [1, 2]]"
E2b_h0.01_e0.05_L2_alibi_learn_attn_s0,base,51.49335949068181,22.24569397905349,9.413251576822091,2.759588465892843,-1.2885606637490647,1.0,0.07273755874663874,0.15962397916329948,0.9516843677756385,0.9392831325531006,1.1401941776275635,0.01,0.05,2,0,alibi_learn,0,0.0,"[[1, 1], [1, 0]]","[[1, 3], [1, 2]]"
E2b_h0.01_e0.05_L2_alibi_learn_attn_s0,slope_copy_x0.5,111.93028285562288,50.88957304635624,25.842423220262283,2.2278154252895286,0.27199054323136806,0.8742384790954579,0.034097615486356404,0.2024392655016057,0.9313975071016329,0.944999635219574,1.1455522775650024,0.01,0.05,2,0,alibi_learn,0,0.0,"[[1, 1], [1, 0]]","[[1, 3], [1, 2]]"
E2b_h0.01_e0.05_L2_alibi_learn_attn_s0,slope_copy_x2.0,21.289521675872216,8.569764522079117,0.0,3.6366900813632776,-2.907420047558844,0.8611661374750834,0.1381385230594049,0.10459294487184766,0.9442523041968096,0.9507555365562439,1.1509321928024292,0.01,0.05,2,0,alibi_learn,0,0.0,"[[1, 1], [1, 0]]","[[1, 3], [1, 2]]"
E2b_h0.01_e0.05_L2_alibi_learn_attn_s0,slope_late_x0.5,111.41760340980208,50.924199157957275,26.145385194193572,2.179859018618507,0.24780958451862847,0.8692496302031094,0.033828395502139175,0.20546443399266232,0.9298918186325841,0.9610236883163452,1.1605737209320068,0.01,0.05,2,0,alibi_learn,0,0.0,"[[1, 1], [1, 0]]","[[1, 3], [1, 2]]"
E2b_h0.01_e0.05_L2_alibi_learn_attn_s0,slope_late_x2.0,21.133217032515685,8.407485985258512,0.0,3.64872204452487,-2.9188754093567177,0.8601383571048079,0.1392211917308088,0.10397032689398032,0.9446391944756738,0.9867954850196838,1.1847294569015503,0.01,0.05,2,0,alibi_learn,0,0.0,"[[1, 1], [1, 0]]","[[1, 3], [1, 2]]"
E2b_h0.01_e0.05_L2_alibi_learn_attn_s1,ablate_L1H0,3.9180248039131054,0.0,0.0,2.130399526895157,-1.93110790542726,0.9828640133976752,0.06860518825213704,0.15369478061169,0.9090970766800913,1.340200424194336,1.5337867736816406,0.01,0.05,2,0,alibi_learn,1,0.0,"[[1, 1], [1, 0]]","[[1, 3], [1, 2]]"
E2b_h0.01_e0.05_L2_alibi_learn_attn_s1,ablate_L1H1,12.910651442012055,2.7821204251674545,0.0,2.0287955221054808,-1.832851653785578,0.9787819282710101,0.06280994727059647,0.13721389706857104,0.9128336032538548,1.361177921295166,1.5359749794006348,0.01,0.05,2,0,alibi_learn,1,0.0,"[[1, 1], [1, 0]]","[[1, 3], [1, 2]]"
E2b_h0.01_e0.05_L2_alibi_learn_attn_s1,ablate_L1H2,44.81685840403971,26.433523659174245,12.578360496740622,3.1959701207067286,-0.5410698271755662,0.9971373121894558,0.07291105480287442,0.19056327700305287,0.9230987351602942,1.119754672050476,1.309459924697876,0.01,0.05,2,0,alibi_learn,1,0.0,"[[1, 1], [1, 0]]","[[1, 3], [1, 2]]"
E2b_h0.01_e0.05_L2_alibi_learn_attn_s1,ablate_L1H3,37.10640164163299,17.790660934243427,3.947504809364954,2.3138341252425954,-1.4508904998988978,0.9990706717758239,0.07192558938578145,0.17794180196056003,0.9206712877568671,1.2877076864242554,1.4669501781463623,0.01,0.05,2,0,alibi_learn,1,0.0,"[[1, 1], [1, 0]]","[[1, 3], [1, 2]]"
E2b_h0.01_e0.05_L2_alibi_learn_attn_s1,ablate_all_late,15.798861286108176,0.0,12.674696108770572,0.0841174458286592,-0.0002947188913822174,0.030305233796890194,,,,4.2568440437316895,4.261819839477539,0.01,0.05,2,0,alibi_learn,1,0.0,"[[1, 1], [1, 0]]","[[1, 3], [1, 2]]"
E2b_h0.01_e0.05_L2_alibi_learn_attn_s1,ablate_control,43.65224379669134,25.99759709594807,13.491776967022037,3.134260111488402,-0.48046120987938984,0.9941103879483182,0.07452461425731016,0.20029868149679636,0.9084638958941736,1.4815272092819214,1.648611068725586,0.01,0.05,2,0,alibi_learn,1,0.0,"[[1, 1], [1, 0]]","[[1, 3], [1, 2]]"
E2b_h0.01_e0.05_L2_alibi_learn_attn_s1,ablate_copy,0.0,0.0,0.0,2.017163196844714,-2.017163196844714,0.6291748760655202,1.0000000000265244e-05,0.0004791916357472019,0.8889226679180515,1.7203360795974731,1.8754634857177734,0.01,0.05,2,0,alibi_learn,1,0.0,"[[1, 1], [1, 0]]","[[1, 3], [1, 2]]"
E2b_h0.01_e0.05_L2_alibi_learn_attn_s1,base,37.72416974364214,17.778710907608723,3.4116614245079604,2.68319124395826,-1.702948528341949,1.0,0.07002458234711725,0.16744875256331507,0.9269926799871003,0.9420484304428101,1.1428253650665283,0.01,0.05,2,0,alibi_learn,1,0.0,"[[1, 1], [1, 0]]","[[1, 3], [1, 2]]"
E2b_h0.01_e0.05_L2_alibi_learn_attn_s1,slope_copy_x0.5,70.27967334618526,39.62050989066163,17.503517927976013,1.8614416643977165,-0.24761657044291496,0.9152615943037984,0.0353638945855514,0.1903489969669539,0.8702994456527191,0.950452983379364,1.1506996154785156,0.01,0.05,2,0,alibi_learn,1,0.0,"[[1, 1], [1, 0]]","[[1, 3], [1, 2]]"
E2b_h0.01_e0.05_L2_alibi_learn_attn_s1,slope_copy_x2.0,15.121209710907866,5.492536719263819,0.0,3.616384427329259,-3.0941920736804605,0.9031544914547912,0.13827528272986084,0.12210395116261294,0.9555326285296355,0.950542688369751,1.1508398056030273,0.01,0.05,2,0,alibi_learn,1,0.0,"[[1, 1], [1, 0]]","[[1, 3], [1, 2]]"
E2b_h0.01_e0.05_L2_alibi_learn_attn_s1,slope_late_x0.5,70.31854190758797,39.85681314924507,17.481672560281762,1.845694656350783,-0.25085078632192953,0.9138010865063456,0.03510128953696915,0.18956359973315906,0.8681575924642064,0.9548456072807312,1.1548186540603638,0.01,0.05,2,0,alibi_learn,1,0.0,"[[1, 1], [1, 0]]","[[1, 3], [1, 2]]"
E2b_h0.01_e0.05_L2_alibi_learn_attn_s1,slope_late_x2.0,15.346519895262343,5.633369441932058,0.0,3.5462831731087396,-3.011366519943944,0.9022315056632348,0.1398832734101281,0.12323894761808203,0.9522538734788538,0.9560824632644653,1.156036376953125,0.01,0.05,2,0,alibi_learn,1,0.0,"[[1, 1], [1, 0]]","[[1, 3], [1, 2]]"
E2b_h0.01_e0.05_L2_alibi_learn_attn_s2,ablate_L1H0,28.316980279465774,5.292225415481152,0.0,1.855007586268974,-1.611904025410435,0.9700660360371162,0.06686372107172936,0.1417974210693389,0.9148317435967659,1.3854387998580933,1.5594956874847412,0.01,0.05,2,0,alibi_learn,2,0.0,"[[1, 1], [1, 0]]","[[1, 3], [1, 2]]"
E2b_h0.01_e0.05_L2_alibi_learn_attn_s2,ablate_L1H1,45.40085719007107,3.4013106252981524,0.0,2.0020935955856527,-1.7033929180886065,0.9688080108382515,0.06250793416127905,0.12601002198131397,0.8961458084694612,1.4698988199234009,1.637728214263916,0.01,0.05,2,0,alibi_learn,2,0.0,"[[1, 1], [1, 0]]","[[1, 3], [1, 2]]"
E2b_h0.01_e0.05_L2_alibi_learn_attn_s2,ablate_L1H2,80.69456593488617,35.38582436025258,18.35998116538564,3.502200069371611,0.35377639352477025,0.9887388849264647,0.07443292288882597,0.18688642469464364,0.9404482086866031,1.5063014030456543,1.67183256149292,0.01,0.05,2,0,alibi_learn,2,0.0,"[[1, 1], [1, 0]]","[[1, 3], [1, 2]]"
E2b_h0.01_e0.05_L2_alibi_learn_attn_s2,ablate_L1H3,45.507018952269505,18.119152484730577,4.692403893657196,3.2040811300809895,-2.2258812165153876,0.9979602456332148,0.07437357680945086,0.1518406833931251,0.9344636251298615,1.0250184535980225,1.2206827402114868,0.01,0.05,2,0,alibi_learn,2,0.0,"[[1, 1], [1, 0]]","[[1, 3], [1, 2]]"
E2b_h0.01_e0.05_L2_alibi_learn_attn_s2,ablate_all_late,5.2208543706444415,3.907975296959114,4.840710208970537,0.03635414709736194,0.012439388050032514,-0.10094916806546815,,,,4.166995525360107,4.170278072357178,0.01,0.05,2,0,alibi_learn,2,0.0,"[[1, 1], [1, 0]]","[[1, 3], [1, 2]]"
E2b_h0.01_e0.05_L2_alibi_learn_attn_s2,ablate_control,66.93338344756387,29.425035083265385,15.982089936420559,3.4337613991062557,-0.5644211025376406,0.9864185853460098,0.0733425914739964,0.185086769971135,0.9093227245922803,1.780105471611023,1.9286248683929443,0.01,0.05,2,0,alibi_learn,2,0.0,"[[1, 1], [1, 0]]","[[1, 3], [1, 2]]"
E2b_h0.01_e0.05_L2_alibi_learn_attn_s2,ablate_copy,0.0,0.0,0.0,1.7083326817623206,-1.7083326817623206,0.007310158164061684,1.0000000000000016e-05,0.0008092656002808901,0.2618178205611883,2.0780861377716064,2.2089438438415527,0.01,0.05,2,0,alibi_learn,2,0.0,"[[1, 1], [1, 0]]","[[1, 3], [1, 2]]"
E2b_h0.01_e0.05_L2_alibi_learn_attn_s2,base,56.870716898595525,21.75947877015488,8.273140949869191,2.946265507822058,-1.462158011738211,1.0,0.07093866676404322,0.14730657405361847,0.9457412302520112,0.9388036131858826,1.1397678852081299,0.01,0.05,2,0,alibi_learn,2,0.0,"[[1, 1], [1, 0]]","[[1, 3], [1, 2]]"
E2b_h0.01_e0.05_L2_alibi_learn_attn_s2,slope_copy_x0.5,inf,58.00058683189317,25.804881234173276,2.348680790114616,0.25989668031356167,0.8581673812869469,0.03295408347302507,0.19707811983342477,0.9318932339951185,0.9438902139663696,1.1445212364196777,0.01,0.05,2,0,alibi_learn,2,0.0,"[[1, 1], [1, 0]]","[[1, 3], [1, 2]]"
E2b_h0.01_e0.05_L2_alibi_learn_attn_s2,slope_copy_x2.0,20.726602565444527,7.534908706899383,0.0,3.8325945572661504,-3.12311570905149,0.8512873613835118,0.13790336406779385,0.09392011773158812,0.9412969975112339,0.9508976340293884,1.1511189937591553,0.01,0.05,2,0,alibi_learn,2,0.0,"[[1, 1], [1, 0]]","[[1, 3], [1, 2]]"
E2b_h0.01_e0.05_L2_alibi_learn_attn_s2,slope_late_x0.5,inf,58.51488617707367,26.27422112617514,2.3086541859166965,0.24616150265293463,0.8518040812248089,0.0322338593890253,0.19959166594186184,0.9293531189615958,0.9584755301475525,1.1581960916519165,0.01,0.05,2,0,alibi_learn,2,0.0,"[[1, 1], [1, 0]]","[[1, 3], [1, 2]]"
E2b_h0.01_e0.05_L2_alibi_learn_attn_s2,slope_late_x2.0,20.24513621207516,7.081697482094026,0.0,3.7889718612922088,-3.1066622819219316,0.8493063284544442,0.1398124939057848,0.09359149459115078,0.9404044816530094,0.979026198387146,1.1774957180023193,0.01,0.05,2,0,alibi_learn,2,0.0,"[[1, 1], [1, 0]]","[[1, 3], [1, 2]]"
E2b_h0.01_e0.2_L2_alibi_learn_attn_s0,ablate_L1H0,39.060623575781435,34.73517933798402,0.0,0.8278209260066173,-0.5558015313332102,0.9790624382933995,0.04518659195363608,0.27039883749957416,0.9033667177419177,1.5844935178756714,1.7472641468048096,0.01,0.2,2,0,alibi_learn,0,0.0,"[[1, 0], [1, 1]]","[[1, 3], [1, 2]]"
E2b_h0.01_e0.2_L2_alibi_learn_attn_s0,ablate_L1H1,5.928449805173598,0.0,0.0,0.790722478646785,-0.5692128863052598,0.9641606429181147,0.040308515378939744,0.2358948952413269,0.8831571593242161,1.6371941566467285,1.7945435047149658,0.01,0.2,2,0,alibi_learn,0,0.0,"[[1, 0], [1, 1]]","[[1, 3], [1, 2]]"
E2b_h0.01_e0.2_L2_alibi_learn_attn_s0,ablate_L1H2,inf,76.83386688561367,45.34377530552185,2.3721671274730136,1.4220773045505797,0.9936793900940466,0.052345664223958414,0.32110069958569265,0.9376866778138568,2.041659116744995,2.174074172973633,0.01,0.2,2,0,alibi_learn,0,0.0,"[[1, 0], [1, 1]]","[[1, 3], [1, 2]]"
E2b_h0.01_e0.2_L2_alibi_learn_attn_s0,ablate_L1H3,97.37136331801987,49.176421199300194,32.312581616701,1.5811637347796932,-0.050024571612344255,0.9989812195921962,0.04923036118877155,0.2906513105181409,0.9458938652545448,1.3060226440429688,1.4840631484985352,0.01,0.2,2,0,alibi_learn,0,0.0,"[[1, 0], [1, 1]]","[[1, 3], [1, 2]]"
E2b_h0.01_e0.2_L2_alibi_learn_attn_s0,ablate_all_late,3.5941339034511044,6.151190642714076,5.3350264637491565,0.050802761023598056,-0.0059439754113554955,-0.12139141005005985,,,,4.198897361755371,4.205312252044678,0.01,0.2,2,0,alibi_learn,0,0.0,"[[1, 0], [1, 1]]","[[1, 3], [1, 2]]"
E2b_h0.01_e0.2_L2_alibi_learn_attn_s0,ablate_control,inf,72.92953540450115,43.13590174399408,2.6293265069169656,1.4258204612082668,0.9957528999552563,0.05017762242131639,0.3100690738252818,0.9342084907729298,2.690768003463745,2.7826919555664062,0.01,0.2,2,0,alibi_learn,0,0.0,"[[1, 0], [1, 1]]","[[1, 3], [1, 2]]"
E2b_h0.01_e0.2_L2_alibi_learn_attn_s0,ablate_copy,0.0,0.0,0.0,1.3213376535901002,-1.3213376535901002,0.421602583093764,1.0000000000172926e-05,0.001996149870313184,0.6687506797452177,2.071183681488037,2.2052156925201416,0.01,0.2,2,0,alibi_learn,0,0.0,"[[1, 0], [1, 1]]","[[1, 3], [1, 2]]"
E2b_h0.01_e0.2_L2_alibi_learn_attn_s0,base,109.90573024415559,54.46773861269654,34.05144890591692,1.5122870050503738,0.09137577556871943,0.9999999999999999,0.04860166459537325,0.28730463940018675,0.9406879681116538,1.2435261011123657,1.4254437685012817,0.01,0.2,2,0,alibi_learn,0,0.0,"[[1, 0], [1, 1]]","[[1, 3], [1, 2]]"
E2b_h0.01_e0.2_L2_alibi_learn_attn_s0,slope_copy_x0.5,inf,inf,76.32894445915501,1.2920050316523495,0.8467289431386494,0.7992952129272192,0.009863135706497102,0.3333437880615785,0.9305806523157483,1.2493222951889038,1.4308794736862183,0.01,0.2,2,0,alibi_learn,0,0.0,"[[1, 0], [1, 1]]","[[1, 3], [1, 2]]"
E2b_h0.01_e0.2_L2_alibi_learn_attn_s0,slope_copy_x2.0,41.57043483821223,21.23323287745521,11.838722604084452,1.9454404233090048,-1.0263763818158103,0.8028807308420296,0.1052613166446292,0.2326807096197371,0.9324279856547796,1.2592048645019531,1.4401775598526,0.01,0.2,2,0,alibi_learn,0,0.0,"[[1, 0], [1, 1]]","[[1, 3], [1, 2]]"
E2b_h0.01_e0.2_L2_alibi_learn_attn_s0,slope_late_x0.5,inf,inf,76.97261215786827,1.275138095703109,0.840873179308671,0.7919263679718225,0.009845852829706448,0.334605677340377,0.9247720209945032,1.2637280225753784,1.444380521774292,0.01,0.2,2,0,alibi_learn,0,0.0,"[[1, 0], [1, 1]]","[[1, 3], [1, 2]]"
E2b_h0.01_e0.2_L2_alibi_learn_attn_s0,slope_late_x2.0,41.3901138451213,20.95779084756058,11.540423578006733,1.9442014202608593,-1.0360371198372118,0.8030445636548255,0.10545511893584907,0.2317304401268413,0.9340607757222685,1.3024177551269531,1.4807014465332031,0.01,0.2,2,0,alibi_learn,0,0.0,"[[1, 0], [1, 1]]","[[1, 3], [1, 2]]"
E2b_h0.01_e0.2_L2_alibi_learn_attn_s1,ablate_L1H0,3.5709541508012013,0.0,0.0,1.1419777004048228,-1.0450694027489849,0.9574424488614799,0.03959742938338035,0.25484227016177313,0.8688803761209404,1.6043784618377686,1.7643330097198486,0.01,0.2,2,0,alibi_learn,1,0.0,"[[1, 0], [1, 1]]","[[1, 3], [1, 2]]"
E2b_h0.01_e0.2_L2_alibi_learn_attn_s1,ablate_L1H1,0.0,16.80306034747012,0.0,1.1521343073608088,-1.0691412079613656,0.9635341359693936,0.047138833591527055,0.2737893191592427,0.90632501618867,1.680849552154541,1.8357877731323242,0.01,0.2,2,0,alibi_learn,1,0.0,"[[1, 0], [1, 1]]","[[1, 3], [1, 2]]"
E2b_h0.01_e0.2_L2_alibi_learn_attn_s1,ablate_L1H2,87.4428935276837,73.46872761753971,60.859415517649225,2.5231932579938854,1.6801631453313999,0.9824921539607853,0.05098407514756859,0.4257249235121399,0.954513467995517,2.0491697788238525,2.180887222290039,0.01,0.2,2,0,alibi_learn,1,0.0,"[[1, 0], [1, 1]]","[[1, 3], [1, 2]]"
E2b_h0.01_e0.2_L2_alibi_learn_attn_s1,ablate_L1H3,62.74549363888184,43.789104623482466,35.15581918707443,1.5226692712333585,0.10564524833379048,0.9985541825246119,0.05371884585880751,0.38720192528819364,0.9554514620494052,1.3245935440063477,1.5015499591827393,0.01,0.2,2,0,alibi_learn,1,0.0,"[[1, 0], [1, 1]]","[[1, 3], [1, 2]]"
E2b_h0.01_e0.2_L2_alibi_learn_attn_s1,ablate_all_late,13.697014250732128,2.0457921729883877,6.031377452311495,0.08334693631955556,-0.007933055183717183,-0.09847172889869482,,,,4.275119781494141,4.281802177429199,0.01,0.2,2,0,alibi_learn,1,0.0,"[[1, 0], [1, 1]]","[[1, 3], [1, 2]]"
E2b_h0.01_e0.2_L2_alibi_learn_attn_s1,ablate_control,87.38979995783842,74.91841288625766,64.23317580820098,2.723257592080959,1.9489067014572876,0.9815675336859281,0.051895307269674125,0.4392748713537356,0.9554909045479546,2.6477694511413574,2.7421655654907227,0.01,0.2,2,0,alibi_learn,1,0.0,"[[1, 0], [1, 1]]","[[1, 3], [1, 2]]"
E2b_h0.01_e0.2_L2_alibi_learn_attn_s1,ablate_copy,0.0,0.0,0.0,2.3000148045165196,-2.3000148045165196,0.5150040096312297,0.0005554398058238817,0.007845073546566661,0.8005954233663783,2.2089622020721436,2.332404613494873,0.01,0.2,2,0,alibi_learn,1,0.0,"[[1, 0], [1, 1]]","[[1, 3], [1, 2]]"
E2b_h0.01_e0.2_L2_alibi_learn_attn_s1,base,60.47566869861987,41.33686459298874,32.248690776526104,1.346935290311064,-0.14056230150163174,1.0,0.050578401244697556,0.35814387962379995,0.9538980900608909,1.2466235160827637,1.4284205436706543,0.01,0.2,2,0,alibi_learn,1,0.0,"[[1, 0], [1, 1]]","[[1, 3], [1, 2]]"
E2b_h0.01_e0.2_L2_alibi_learn_attn_s1,slope_copy_x0.5,inf,80.39357829225187,62.71755162434652,0.9642323752133442,0.5198333804562155,0.8901679390735298,0.016151731760091957,0.33595496375118533,0.9441332246477944,1.2514647245407104,1.4329098463058472,0.01,0.2,2,0,alibi_learn,1,0.0,"[[1, 0], [1, 1]]","[[1, 3], [1, 2]]"
E2b_h0.01_e0.2_L2_alibi_learn_attn_s1,slope_copy_x2.0,38.77629095814092,19.357288865728158,10.94389061636965,1.7441310571240527,-0.9424514347421271,0.8666437527517027,0.0965017868430164,0.2832170821191602,0.9480389507460434,1.254185438156128,1.4355685710906982,0.01,0.2,2,0,alibi_learn,1,0.0,"[[1, 0], [1, 1]]","[[1, 3], [1, 2]]"
E2b_h0.01_e0.2_L2_alibi_learn_attn_s1,slope_late_x0.5,inf,82.2455808830217,64.5375836859819,0.9268261519859412,0.508502823001306,0.8862230007129778,0.015436682720690714,0.3406972952773311,0.9480952292401499,1.2607141733169556,1.441602110862732,0.01,0.2,2,0,alibi_learn,1,0.0,"[[1, 0], [1, 1]]","[[1, 3], [1, 2]]"
E2b_h0.01_e0.2_L2_alibi_learn_attn_s1,slope_late_x2.0,38.86629935431359,19.52475039960392,11.147506431167177,1.7841167953863208,-0.9269941357030932,0.8657301260210376,0.09672339913293776,0.28308079667174796,0.9444382496374837,1.274143934249878,1.4543025493621826,0.01,0.2,2,0,alibi_learn,1,0.0,"[[1, 0], [1, 1]]","[[1, 3], [1, 2]]"
E2b_h0.01_e0.2_L2_alibi_learn_attn_s2,ablate_L1H0,2.886643919934914,4.890756131124872,2.1795061900759305,0.7553926316821682,-0.592529845523781,0.9591374476363784,0.03672647756828581,0.2573807523250254,0.8333982158340002,1.6115572452545166,1.7739801406860352,0.01,0.2,2,0,alibi_learn,2,0.0,"[[1, 0], [1, 1]]","[[1, 3], [1, 2]]"
E2b_h0.01_e0.2_L2_alibi_learn_attn_s2,ablate_L1H1,100.70860420378335,38.45019122945435,0.0,0.8415551588404924,-0.5132878520193377,0.9604568539600398,0.04187617264764728,0.24414059855434464,0.8812475684545629,1.6570943593978882,1.8132240772247314,0.01,0.2,2,0,alibi_learn,2,0.0,"[[1, 0], [1, 1]]","[[1, 3], [1, 2]]"
E2b_h0.01_e0.2_L2_alibi_learn_attn_s2,ablate_L1H2,inf,85.29483646761972,47.427937276603146,2.5131091257291183,1.5591821383152689,0.9950857011042296,0.05037065009632756,0.31419028111250114,0.9179378815333039,2.118239164352417,2.2456717491149902,0.01,0.2,2,0,alibi_learn,2,0.0,"[[1, 0], [1, 1]]","[[1, 3], [1, 2]]"
E2b_h0.01_e0.2_L2_alibi_learn_attn_s2,ablate_L1H3,113.83434068425973,62.82312041212029,34.60658265448156,1.6142472751172525,-0.057865788760994165,0.9991224916143234,0.046959210717078974,0.2855801736564789,0.9263562373761489,1.3277006149291992,1.5044411420822144,0.01,0.2,2,0,alibi_learn,2,0.0,"[[1, 0], [1, 1]]","[[1, 3], [1, 2]]"
E2b_h0.01_e0.2_L2_alibi_learn_attn_s2,ablate_all_late,0.0,0.0,4.956472209912589,0.039789621252566576,0.004288883946303811,-0.05827472143964,,,,4.184350967407227,4.190481185913086,0.01,0.2,2,0,alibi_learn,2,0.0,"[[1, 0], [1, 1]]","[[1, 3], [1, 2]]"
E2b_h0.01_e0.2_L2_alibi_learn_attn_s2,ablate_control,inf,81.900323327306,44.980776896872705,2.5635281512513757,1.3996167362534575,0.996483858038318,0.04708875007584281,0.2998358938025695,0.908531058900616,2.8079371452331543,2.8923661708831787,0.01,0.2,2,0,alibi_learn,2,0.0,"[[1, 0], [1, 1]]","[[1, 3], [1, 2]]"
E2b_h0.01_e0.2_L2_alibi_learn_attn_s2,ablate_copy,0.0,0.0,0.0,1.3637845111744744,-1.3637845111744744,0.3041801314860489,1.0000000000000016e-05,0.001084387071638478,0.6400421096643912,2.089791774749756,2.2269067764282227,0.01,0.2,2,0,alibi_learn,2,0.0,"[[1, 0], [1, 1]]","[[1, 3], [1, 2]]"
E2b_h0.01_e0.2_L2_alibi_learn_attn_s2,base,125.3709329506494,66.25183972363435,36.06188729529598,1.4787641854158469,0.11312944388815335,1.0,0.046798834245357135,0.2857308709187096,0.9241078551534451,1.2431212663650513,1.4250866174697876,0.01,0.2,2,0,alibi_learn,2,0.0,"[[1, 0], [1, 1]]","[[1, 3], [1, 2]]"
E2b_h0.01_e0.2_L2_alibi_learn_attn_s2,slope_copy_x0.5,inf,inf,78.49224319042153,1.2536872194281645,0.8333284735147443,0.7858549493479574,0.01028309518054156,0.33984402292095794,0.9230391699650093,1.2482887506484985,1.4299349784851074,0.01,0.2,2,0,alibi_learn,2,0.0,"[[1, 0], [1, 1]]","[[1, 3], [1, 2]]"
E2b_h0.01_e0.2_L2_alibi_learn_attn_s2,slope_copy_x2.0,43.59307859318205,22.095451794196613,12.100431973624234,1.8868102064090115,-0.9597280552344662,0.789128009253703,0.09989854504381235,0.2339800591080017,0.9195058184811913,1.2570791244506836,1.438373327255249,0.01,0.2,2,0,alibi_learn,2,0.0,"[[1, 0], [1, 1]]","[[1, 3], [1, 2]]"
E2b_h0.01_e0.2_L2_alibi_learn_attn_s2,slope_late_x0.5,inf,inf,79.04894269017895,1.235466467349657,0.8248236964323691,0.7789605963586231,0.010288000606629604,0.3408114188425768,0.9169234193017614,1.261505365371704,1.4423209428787231,0.01,0.2,2,0,alibi_learn,2,0.0,"[[1, 0], [1, 1]]","[[1, 3], [1, 2]]"
E2b_h0.01_e0.2_L2_alibi_learn_attn_s2,slope_late_x2.0,43.47541660947282,21.91123704737874,11.738998713209279,1.889704889019153,-0.9691611808458609,0.7896903732085427,0.09975620499404297,0.23267637126404042,0.9216930673560807,1.2953492403030396,1.4742634296417236,0.01,0.2,2,0,alibi_learn,2,0.0,"[[1, 0], [1, 1]]","[[1, 3], [1, 2]]"
E2b_h0.01_e0.3_L2_alibi_learn_attn_s0,ablate_L1H0,3.6641212272485206,14.989214294653282,0.0,0.5477698083434787,-0.3468265709068094,0.95508113860553,0.02678699881694246,0.2768962583788346,0.8442472780654386,1.6089874505996704,1.7712604999542236,0.01,0.3,2,0,alibi_learn,0,0.0,"[[1, 1], [1, 0]]","[[1, 3], [1, 2]]"
E2b_h0.01_e0.3_L2_alibi_learn_attn_s0,ablate_L1H1,6.065168753885038,5.689671362360829,0.0,0.47169739523503396,-0.34333070683559136,0.9366345752259259,0.023119838914906588,0.25338356837340253,0.8318149272239816,1.6707381010055542,1.8261590003967285,0.01,0.3,2,0,alibi_learn,0,0.0,"[[1, 1], [1, 0]]","[[1, 3], [1, 2]]"
E2b_h0.01_e0.3_L2_alibi_learn_attn_s0,ablate_L1H2,inf,94.4200826318542,73.16041171145075,1.8356816654226609,1.3172382491507701,0.9889543386678379,0.0374511808173127,0.3332283901257793,0.9107346606713045,2.1251959800720215,2.2522122859954834,0.01,0.3,2,0,alibi_learn,0,0.0,"[[1, 1], [1, 0]]","[[1, 3], [1, 2]]"
E2b_h0.01_e0.3_L2_alibi_learn_attn_s0,ablate_L1H3,inf,66.96359547731389,38.0086013057766,0.9349601085497332,0.07582852726669184,0.9991901981776615,0.03253538785366115,0.3008198483717996,0.9218592111124408,1.413726806640625,1.585160732269287,0.01,0.3,2,0,alibi_learn,0,0.0,"[[1, 1], [1, 0]]","[[1, 3], [1, 2]]"
E2b_h0.01_e0.3_L2_alibi_learn_attn_s0,ablate_all_late,4.4616200979843095,5.286592281765484,6.422246778038575,0.04182347741776279,0.0011841020812945707,-0.24451602859262006,,,,4.186821937561035,4.192324638366699,0.01,0.3,2,0,alibi_learn,0,0.0,"[[1, 1], [1, 0]]","[[1, 3], [1, 2]]"
E2b_h0.01_e0.3_L2_alibi_learn_attn_s0,ablate_control,inf,89.42320531208779,70.18744046390476,1.9041171347988504,1.2614008675196342,0.9922987517649681,0.034365201852588206,0.3265637161440138,0.9085343551229151,2.789928436279297,2.875474452972412,0.01,0.3,2,0,alibi_learn,0,0.0,"[[1, 1], [1, 0]]","[[1, 3], [1, 2]]"
E2b_h0.01_e0.3_L2_alibi_learn_attn_s0,ablate_copy,0.0,0.0,0.0,1.096033946211849,-1.096033946211849,0.2749342148872269,1.0000000000000265e-05,0.002051821262992549,0.6050363060054514,2.01189923286438,2.152899742126465,0.01,0.3,2,0,alibi_learn,0,0.0,"[[1, 1], [1, 0]]","[[1, 3], [1, 2]]"
E2b_h0.01_e0.3_L2_alibi_learn_attn_s0,base,inf,69.01693976334153,40.163814731381635,0.8892122330809278,0.15931140119209886,1.0,0.030935092549616204,0.2946412682101249,0.9210815166816404,1.3525333404541016,1.527703046798706,0.01,0.3,2,0,alibi_learn,0,0.0,"[[1, 1], [1, 0]]","[[1, 3], [1, 2]]"
E2b_h0.01_e0.3_L2_alibi_learn_attn_s0,slope_copy_x0.5,inf,inf,104.79732941256376,0.7166356490924954,0.6088350770462837,0.8410033223290064,0.007316429389638973,0.33070890857841867,0.9214545566259874,1.357391119003296,1.532251238822937,0.01,0.3,2,0,alibi_learn,0,0.0,"[[1, 1], [1, 0]]","[[1, 3], [1, 2]]"
E2b_h0.01_e0.3_L2_alibi_learn_attn_s0,slope_copy_x2.0,51.09918345873453,32.28937896483511,17.996520022842333,1.1867308759995336,-0.5452175726116236,0.7826512155382815,0.08937885964536987,0.26955675336475365,0.9083870951916273,1.3652665615081787,1.5398073196411133,0.01,0.3,2,0,alibi_learn,0,0.0,"[[1, 1], [1, 0]]","[[1, 3], [1, 2]]"
E2b_h0.01_e0.3_L2_alibi_learn_attn_s0,slope_late_x0.5,inf,inf,107.02875405597644,0.7111034519704325,0.6077101176072445,0.8340051412208082,0.007414144990427436,0.3326709234899774,0.9148433508667618,1.3703312873840332,1.5443718433380127,0.01,0.3,2,0,alibi_learn,0,0.0,"[[1, 1], [1, 0]]","[[1, 3], [1, 2]]"
E2b_h0.01_e0.3_L2_alibi_learn_attn_s0,slope_late_x2.0,50.68923574284648,32.0429010696759,17.776406459872387,1.1830005674855784,-0.5556849150619071,0.7831421903906234,0.08911585363009711,0.2674655460518564,0.9099325281137136,1.3917325735092163,1.5646306276321411,0.01,0.3,2,0,alibi_learn,0,0.0,"[[1, 1], [1, 0]]","[[1, 3], [1, 2]]"
E2b_h0.01_e0.3_L2_alibi_learn_attn_s1,ablate_L1H0,2.415983362803478,0.0,0.0,0.6335953156064663,-0.5891254675973739,0.932953532545833,0.02925287052542318,0.38675822080346195,0.8077964035885186,1.608473300933838,1.768252968788147,0.01,0.3,2,0,alibi_learn,1,0.0,"[[1, 0], [1, 1]]","[[1, 3], [1, 2]]"
E2b_h0.01_e0.3_L2_alibi_learn_attn_s1,ablate_L1H1,0.0,2.5930760337767014,0.0,0.602589493018708,-0.552377214322665,0.9452518995105086,0.0275625924701495,0.4249406509002767,0.8441210146563285,1.6806421279907227,1.8371057510375977,0.01,0.3,2,0,alibi_learn,1,0.0,"[[1, 0], [1, 1]]","[[1, 3], [1, 2]]"
E2b_h0.01_e0.3_L2_alibi_learn_attn_s1,ablate_L1H2,110.15461369993625,97.2487619265706,90.86204127706101,2.0187923227037703,1.6601720814193999,0.9772861993823082,0.02451982825066997,0.4829065905950374,0.9497623525850203,2.1940653324127197,2.316958427429199,0.01,0.3,2,0,alibi_learn,1,0.0,"[[1, 0], [1, 1]]","[[1, 3], [1, 2]]"
E2b_h0.01_e0.3_L2_alibi_learn_attn_s1,ablate_L1H3,77.43970409310266,69.39250089026292,56.608633222614614,0.8818825154698321,0.2403252622378724,0.9988230743426083,0.02556697739443962,0.46528595842108095,0.9552937750366325,1.4241631031036377,1.594881534576416,0.01,0.3,2,0,alibi_learn,1,0.0,"[[1, 0], [1, 1]]","[[1, 3], [1, 2]]"
E2b_h0.01_e0.3_L2_alibi_learn_attn_s1,ablate_all_late,12.53969424683818,0.0,inf,0.09919463696756534,0.030167057178914547,-0.0040958920187748995,,,,4.315795421600342,4.3171234130859375,0.01,0.3,2,0,alibi_learn,1,0.0,"[[1, 0], [1, 1]]","[[1, 3], [1, 2]]"
E2b_h0.01_e0.3_L2_alibi_learn_attn_s1,ablate_control,108.43916666707464,97.79131239274665,91.25548343314877,2.1574590216789926,1.7945971499596323,0.9776930590352071,0.024203984027576172,0.48629333382289225,0.9537803605980929,2.9119789600372314,2.990078926086426,0.01,0.3,2,0,alibi_learn,1,0.0,"[[1, 0], [1, 1]]","[[1, 3], [1, 2]]"
E2b_h0.01_e0.3_L2_alibi_learn_attn_s1,ablate_copy,0.0,0.0,0.0,1.621285144239664,-1.621285144239664,0.39494067082934975,6.950528114501621e-05,0.006031343412097249,0.7090363446594663,2.0979907512664795,2.2315287590026855,0.01,0.3,2,0,alibi_learn,1,0.0,"[[1, 0], [1, 1]]","[[1, 3], [1, 2]]"
E2b_h0.01_e0.3_L2_alibi_learn_attn_s1,base,76.75719567973138,67.83204891041429,51.68326184308095,0.7534383608560477,0.1365772503029023,1.0,0.026237919288011027,0.4564217434530304,0.9513278736776675,1.3547184467315674,1.5297698974609375,0.01,0.3,2,0,alibi_learn,1,0.0,"[[1, 0], [1, 1]]","[[1, 3], [1, 2]]"
E2b_h0.01_e0.3_L2_alibi_learn_attn_s1,slope_copy_x0.5,inf,inf,inf,0.5197505897376686,0.5016236554365605,0.8241235915662126,0.033185774257754416,0.1784029066003889,0.847924859261961,1.3579171895980835,1.5327714681625366,0.01,0.3,2,0,alibi_learn,1,0.0,"[[1, 0], [1, 1]]","[[1, 3], [1, 2]]"
E2b_h0.01_e0.3_L2_alibi_learn_attn_s1,slope_copy_x2.0,39.23270607359365,37.060961571472596,33.964956713092576,0.9663622040035469,-0.28560050916192786,0.781334125437852,0.06932734861640039,0.45400038248810665,0.9436890568113949,1.364094853401184,1.5385624170303345,0.01,0.3,2,0,alibi_learn,1,0.0,"[[1, 0], [1, 1]]","[[1, 3], [1, 2]]"
E2b_h0.01_e0.3_L2_alibi_learn_attn_s1,slope_late_x0.5,inf,inf,inf,0.5089175369191382,0.49510467431641053,0.836241935655605,0.032992993072522174,0.18612986452505303,0.8518725797845906,1.368212103843689,1.5424175262451172,0.01,0.3,2,0,alibi_learn,1,0.0,"[[1, 0], [1, 1]]","[[1, 3], [1, 2]]"
E2b_h0.01_e0.3_L2_alibi_learn_attn_s1,slope_late_x2.0,39.258716050121485,36.94795162345065,33.84155534916228,0.9753008492823158,-0.27803259981530054,0.7816531691978585,0.06961449777660879,0.4549417781800585,0.9433272632013759,1.3799275159835815,1.5534263849258423,0.01,0.3,2,0,alibi_learn,1,0.0,"[[1, 0], [1, 1]]","[[1, 3], [1, 2]]"
E2b_h0.01_e0.3_L2_alibi_learn_attn_s2,ablate_L1H0,11.740092627891237,0.0,0.0,0.5586331743813518,-0.4672161031048745,0.9472082605178347,0.02197310988050653,0.2774574298461948,0.8231071343092243,1.6239289045333862,1.7832753658294678,0.01,0.3,2,0,alibi_learn,2,0.0,"[[1, 0], [1, 1]]","[[1, 3], [1, 2]]"
E2b_h0.01_e0.3_L2_alibi_learn_attn_s2,ablate_L1H1,0.0,2.9391552695711085,0.0,0.5553984374606183,-0.36718914824138793,0.9369716319007722,0.027109490807222913,0.2517391472460008,0.8178351661098352,1.693664789199829,1.8477896451950073,0.01,0.3,2,0,alibi_learn,2,0.0,"[[1, 0], [1, 1]]","[[1, 3], [1, 2]]"
E2b_h0.01_e0.3_L2_alibi_learn_attn_s2,ablate_L1H2,inf,96.63045066260176,76.59283576282071,1.5212340471999986,1.127921077821936,0.9895900081762651,0.034898661886757325,0.3264964583142191,0.8887797565429096,2.4128639698028564,2.5219297409057617,0.01,0.3,2,0,alibi_learn,2,0.0,"[[1, 0], [1, 1]]","[[1, 3], [1, 2]]"
E2b_h0.01_e0.3_L2_alibi_learn_attn_s2,ablate_L1H3,inf,70.48864226656254,43.123496044122035,0.9510269759755049,0.13415044878742524,0.9992384743237454,0.02945097462406791,0.29586031873995217,0.9017981030729336,1.4598584175109863,1.6283460855484009,0.01,0.3,2,0,alibi_learn,2,0.0,"[[1, 0], [1, 1]]","[[1, 3], [1, 2]]"
E2b_h0.01_e0.3_L2_alibi_learn_attn_s2,ablate_all_late,0.0,0.0,2.881210922966768,0.05151652538084558,-0.00044629303738474846,-0.020800824301575264,,,,4.2088799476623535,4.221097946166992,0.01,0.3,2,0,alibi_learn,2,0.0,"[[1, 0], [1, 1]]","[[1, 3], [1, 2]]"
E2b_h0.01_e0.3_L2_alibi_learn_attn_s2,ablate_control,inf,92.93850222111384,73.79081439069677,2.106317250058055,1.476069764633264,0.9937174579434883,0.030326658507283298,0.31382444227332784,0.882904412474704,2.755805730819702,2.8434789180755615,0.01,0.3,2,0,alibi_learn,2,0.0,"[[1, 0], [1, 1]]","[[1, 3], [1, 2]]"
E2b_h0.01_e0.3_L2_alibi_learn_attn_s2,ablate_copy,0.0,0.0,0.0,1.2495342519666468,-1.2495342519666468,0.4263898922478199,1.0000000000551468e-05,0.0015948743385938479,0.7677301749408756,2.0428950786590576,2.176516056060791,0.01,0.3,2,0,alibi_learn,2,0.0,"[[1, 0], [1, 1]]","[[1, 3], [1, 2]]"
E2b_h0.01_e0.3_L2_alibi_learn_attn_s2,base,inf,71.61067361701133,44.638747318990575,0.9485614163401935,0.18193759842376625,1.0,0.02825868340070199,0.29173401965818857,0.9040018279708542,1.350265383720398,1.5255968570709229,0.01,0.3,2,0,alibi_learn,2,0.0,"[[1, 0], [1, 1]]","[[1, 3], [1, 2]]"
E2b_h0.01_e0.3_L2_alibi_learn_attn_s2,slope_copy_x0.5,inf,inf,87.52477619165747,0.7837572510221175,0.5596373397856951,0.8090324195605536,0.00933884755881995,0.33860442366880095,0.8801695634162906,1.353814721107483,1.5289276838302612,0.01,0.3,2,0,alibi_learn,2,0.0,"[[1, 0], [1, 1]]","[[1, 3], [1, 2]]"
E2b_h0.01_e0.3_L2_alibi_learn_attn_s2,slope_copy_x2.0,68.42564750082835,35.39203106038526,18.51707929441782,1.2547047079673834,-0.5005845874547958,0.7802476373786698,0.08866847324240996,0.28010722441281133,0.9047885196592804,1.3625131845474243,1.537060260772705,0.01,0.3,2,0,alibi_learn,2,0.0,"[[1, 0], [1, 1]]","[[1, 3], [1, 2]]"
E2b_h0.01_e0.3_L2_alibi_learn_attn_s2,slope_late_x0.5,inf,inf,88.69686029918465,0.7858856519950288,0.5648091145391975,0.803472536412953,0.009394642270257207,0.3396348966909779,0.8732767029214654,1.364514708518982,1.5389695167541504,0.01,0.3,2,0,alibi_learn,2,0.0,"[[1, 0], [1, 1]]","[[1, 3], [1, 2]]"
E2b_h0.01_e0.3_L2_alibi_learn_attn_s2,slope_late_x2.0,68.1111792794479,35.249420266878616,18.402926262091498,1.2049629937059112,-0.48670427594333887,0.7793068105151421,0.08867589945560356,0.27973865232691225,0.90450987287196,1.3864567279815674,1.559504508972168,0.01,0.3,2,0,alibi_learn,2,0.0,"[[1, 0], [1, 1]]","[[1, 3], [1, 2]]"
E2b_h0.03_e0.05_L2_alibi_learn_attn_s0,ablate_L1H0,22.240492204171936,6.269590320224096,0.0,1.9582409412999238,-1.6689735734835267,0.9818565050574586,0.1058176174468217,0.0795352401644595,0.9486939416703617,2.066753625869751,2.197490692138672,0.03,0.05,2,0,alibi_learn,0,0.0,"[[1, 0], [1, 1]]","[[1, 3], [1, 2]]"
E2b_h0.03_e0.05_L2_alibi_learn_attn_s0,ablate_L1H1,20.80885775380091,5.289781544030508,0.0,2.0646595384792557,-1.7167306749283202,0.9865877148211584,0.11373453035796388,0.08973324964116866,0.9527309315085516,2.109901189804077,2.2378010749816895,0.03,0.05,2,0,alibi_learn,0,0.0,"[[1, 0], [1, 1]]","[[1, 3], [1, 2]]"
E2b_h0.03_e0.05_L2_alibi_learn_attn_s0,ablate_L1H2,26.574547659101484,10.824991661913836,0.0,3.6542503402701447,-2.152342743639435,0.9987068564337285,0.1219596482078722,0.10462552615497633,0.952835803914186,1.7175307273864746,1.8699294328689575,0.03,0.05,2,0,alibi_learn,0,0.0,"[[1, 0], [1, 1]]","[[1, 3], [1, 2]]"
E2b_h0.03_e0.05_L2_alibi_learn_attn_s0,ablate_L1H3,18.064537700380217,4.550555285437994,0.0,3.489679486091648,-3.1448550868247236,0.9943407024741739,0.1294104158249727,0.10898985058572863,0.9316590971529963,1.8262630701065063,1.9718708992004395,0.03,0.05,2,0,alibi_learn,0,0.0,"[[1, 0], [1, 1]]","[[1, 3], [1, 2]]"
E2b_h0.03_e0.05_L2_alibi_learn_attn_s0,ablate_all_late,5.108804881273304,0.0,6.558023079732798,0.04343084738190685,-0.0017269252400313104,-0.026910980413666415,,,,4.203237533569336,4.206068992614746,0.03,0.05,2,0,alibi_learn,0,0.0,"[[1, 0], [1, 1]]","[[1, 3], [1, 2]]"
E2b_h0.03_e0.05_L2_alibi_learn_attn_s0,ablate_control,21.41472690903962,8.691965098560669,0.0,3.39755502216784,-2.595424003034298,0.9836541187008861,0.12941936736205276,0.11838645029020053,0.8950939588506062,2.024261713027954,2.157597303390503,0.03,0.05,2,0,alibi_learn,0,0.0,"[[1, 0], [1, 1]]","[[1, 3], [1, 2]]"
E2b_h0.03_e0.05_L2_alibi_learn_attn_s0,ablate_copy,0.0,0.0,0.0,0.5906360451398152,-0.5762441683826702,0.031058738595315827,1.0000000000000016e-05,0.0011907963315822467,0.36248187305443136,2.509599447250366,2.6127185821533203,0.03,0.05,2,0,alibi_learn,0,0.0,"[[1, 0], [1, 1]]","[[1, 3], [1, 2]]"
E2b_h0.03_e0.05_L2_alibi_learn_attn_s0,base,22.14605260496701,8.011129112263085,0.0,3.1820432557059184,-2.5140380058437586,1.0,0.12038960493568425,0.09536026915458755,0.9606406756133775,1.6413781642913818,1.7985053062438965,0.03,0.05,2,0,alibi_learn,0,0.0,"[[1, 0], [1, 1]]","[[1, 3], [1, 2]]"
E2b_h0.03_e0.05_L2_alibi_learn_attn_s0,slope_copy_x0.5,42.03780945326709,20.190906457235943,8.443389146057786,2.5532003877950564,-1.2338630118008171,0.8819924179720369,0.07683797372752163,0.1649882118185274,0.9135432125680527,1.6488051414489746,1.8054585456848145,0.03,0.05,2,0,alibi_learn,0,0.0,"[[1, 0], [1, 1]]","[[1, 3], [1, 2]]"
E2b_h0.03_e0.05_L2_alibi_learn_attn_s0,slope_copy_x2.0,8.581784205995335,0.0,0.0,3.723468091604965,-3.4608614734773124,0.8734869852416776,0.22820881830646778,0.053817225299523944,0.9742855861034583,1.6598470211029053,1.815832495689392,0.03,0.05,2,0,alibi_learn,0,0.0,"[[1, 0], [1, 1]]","[[1, 3], [1, 2]]"
E2b_h0.03_e0.05_L2_alibi_learn_attn_s0,slope_late_x0.5,41.934107299240154,20.422939019353077,8.739561823329069,2.5439782392765795,-1.2219121062329836,0.8752651202605537,0.07706060082767625,0.16943005909922307,0.9127529080700069,1.6750459671020508,1.8300604820251465,0.03,0.05,2,0,alibi_learn,0,0.0,"[[1, 0], [1, 1]]","[[1, 3], [1, 2]]"
E2b_h0.03_e0.05_L2_alibi_learn_attn_s0,slope_late_x2.0,8.312923025423181,0.0,0.0,3.6067096503185376,-3.373397957267506,0.8697506635179721,0.2290596628744583,0.05169933493703175,0.9735440793116794,1.7014973163604736,1.8548824787139893,0.03,0.05,2,0,alibi_learn,0,0.0,"[[1, 0], [1, 1]]","[[1, 3], [1, 2]]"
E2b_h0.03_e0.05_L2_alibi_learn_attn_s1,ablate_L1H0,3.460368836815592,0.0,0.0,2.4220129445727383,-2.2770692160619155,0.982383339939202,0.14920863686908717,0.12461466264177536,0.9138771244338944,1.9500824213027954,2.0881927013397217,0.03,0.05,2,0,alibi_learn,1,0.0,"[[1, 0], [1, 1]]","[[1, 3], [1, 2]]"
E2b_h0.03_e0.05_L2_alibi_learn_attn_s1,ablate_L1H1,12.27201892622027,2.789111009748718,0.0,2.202539140025952,-1.9585485691869897,0.982192226883207,0.13385612523184476,0.12990836345740261,0.9196739402303811,2.0045268535614014,2.138974189758301,0.03,0.05,2,0,alibi_learn,1,0.0,"[[1, 0], [1, 1]]","[[1, 3], [1, 2]]"
E2b_h0.03_e0.05_L2_alibi_learn_attn_s1,ablate_L1H2,20.432196766295167,8.066855625419572,2.064901305707811,3.479947343468666,-2.2801944009427513,0.9985099234221103,0.15041660909233218,0.14705428064389142,0.9145526670326942,1.6990747451782227,1.8526010513305664,0.03,0.05,2,0,alibi_learn,1,0.0,"[[1, 0], [1, 1]]","[[1, 3], [1, 2]]"
E2b_h0.03_e0.05_L2_alibi_learn_attn_s1,ablate_L1H3,16.39784903098587,4.51672282585565,0.0,2.912171509416242,-2.50374915420876,0.9997428411197401,0.14913153291758752,0.1388362445698839,0.9295455582676617,1.7176786661148071,1.8699772357940674,0.03,0.05,2,0,alibi_learn,1,0.0,"[[1, 0], [1, 1]]","[[1, 3], [1, 2]]"
E2b_h0.03_e0.05_L2_alibi_learn_attn_s1,ablate_all_late,12.52987684378406,0.0,0.0,0.05494051120643105,-0.004934455800269332,0.03105779174575167,,,,4.168399333953857,4.170162677764893,0.03,0.05,2,0,alibi_learn,1,0.0,"[[1, 0], [1, 1]]","[[1, 3], [1, 2]]"
E2b_h0.03_e0.05_L2_alibi_learn_attn_s1,ablate_control,19.567426610594172,7.321434857944295,0.0,3.3120680852527067,-2.2948763932633613,0.9978565568471582,0.15241447403783873,0.14781260872908764,0.908634433159088,1.8164864778518677,1.9626423120498657,0.03,0.05,2,0,alibi_learn,1,0.0,"[[1, 0], [1, 1]]","[[1, 3], [1, 2]]"
E2b_h0.03_e0.05_L2_alibi_learn_attn_s1,ablate_copy,0.0,0.0,0.0,1.507600105234555,-1.507600105234555,0.6746104054195156,0.00021550644066464883,0.003995572054391649,0.8930585703698979,2.2439799308776855,2.363746166229248,0.03,0.05,2,0,alibi_learn,1,0.0,"[[1, 0], [1, 1]]","[[1, 3], [1, 2]]"
E2b_h0.03_e0.05_L2_alibi_learn_attn_s1,base,17.102203893553728,5.038788754674723,0.0,3.035987702530942,-2.5370611450634897,0.9999999999999998,0.14698056502087778,0.13775157298837257,0.9328845806711683,1.6438392400741577,1.800797939300537,0.03,0.05,2,0,alibi_learn,1,0.0,"[[1, 0], [1, 1]]","[[1, 3], [1, 2]]"
E2b_h0.03_e0.05_L2_alibi_learn_attn_s1,slope_copy_x0.5,32.79753668211347,16.829185490550163,5.220836025262694,2.4353144158210074,-1.472545105431761,0.9136583569356782,0.09392800565345588,0.20819345132371678,0.8876053876045703,1.6513539552688599,1.8078408241271973,0.03,0.05,2,0,alibi_learn,1,0.0,"[[1, 0], [1, 1]]","[[1, 3], [1, 2]]"
E2b_h0.03_e0.05_L2_alibi_learn_attn_s1,slope_copy_x2.0,7.067628579463725,0.0,0.0,3.6119471676647663,-3.4011394115430966,0.9044887044799662,0.23339423850575536,0.07165412295183089,0.9692197288206247,1.6683138608932495,1.823767066001892,0.03,0.05,2,0,alibi_learn,1,0.0,"[[1, 0], [1, 1]]","[[1, 3], [1, 2]]"
E2b_h0.03_e0.05_L2_alibi_learn_attn_s1,slope_late_x0.5,32.75820876253728,16.92711746486243,5.501620019846343,2.458586058512862,-1.4761025399368788,0.9125229267811744,0.09401656873560461,0.20995299501716352,0.8906572045063582,1.6760494709014893,1.8309943675994873,0.03,0.05,2,0,alibi_learn,1,0.0,"[[1, 0], [1, 1]]","[[1, 3], [1, 2]]"
E2b_h0.03_e0.05_L2_alibi_learn_attn_s1,slope_late_x2.0,7.015236472286987,0.0,0.0,3.386666618819748,-3.19236244899886,0.9027333123610988,0.23564206463930168,0.06992872855045798,0.966223335056004,1.7054903507232666,1.8586310148239136,0.03,0.05,2,0,alibi_learn,1,0.0,"[[1, 0], [1, 1]]","[[1, 3], [1, 2]]"
E2b_h0.03_e0.05_L2_alibi_learn_attn_s2,ablate_L1H0,13.551187221857838,5.458648918671807,0.0,2.0846354230972275,-1.8546561834269337,0.9758689000517715,0.11997229005847125,0.08938642182638047,0.9487806503826478,1.9679033756256104,2.1052744388580322,0.03,0.05,2,0,alibi_learn,2,0.0,"[[1, 0], [1, 1]]","[[1, 2], [1, 3]]"
E2b_h0.03_e0.05_L2_alibi_learn_attn_s2,ablate_L1H1,23.56031720667262,0.0,0.0,2.251584897948695,-2.0333054861985147,0.9747595452524963,0.09902847811150332,0.08975358193993829,0.9476258474114305,2.0001330375671387,2.1349940299987793,0.03,0.05,2,0,alibi_learn,2,0.0,"[[1, 0], [1, 1]]","[[1, 2], [1, 3]]"
E2b_h0.03_e0.05_L2_alibi_learn_attn_s2,ablate_L1H2,28.43563956315788,11.295493997000557,2.5777792322755935,3.784780411848,-2.052259260522468,0.996694233088657,0.12403859963425858,0.12174347460569301,0.9680061667136146,1.746220350265503,1.8968119621276855,0.03,0.05,2,0,alibi_learn,2,0.0,"[[1, 0], [1, 1]]","[[1, 2], [1, 3]]"
E2b_h0.03_e0.05_L2_alibi_learn_attn_s2,ablate_L1H3,17.28085876551678,4.4799887622258145,0.0,3.588427096738347,-3.2268644322508147,0.9954975681437044,0.1351871486738666,0.11925383670125513,0.9417078083425386,1.7370355129241943,1.888231873512268,0.03,0.05,2,0,alibi_learn,2,0.0,"[[1, 0], [1, 1]]","[[1, 2], [1, 3]]"
E2b_h0.03_e0.05_L2_alibi_learn_attn_s2,ablate_all_late,23.0380506676645,3.3074975626625185,2.1569419683255204,0.05099349415728024,0.011484616968248571,-0.18164741569616855,,,,4.212479114532471,4.216682434082031,0.03,0.05,2,0,alibi_learn,2,0.0,"[[1, 0], [1, 1]]","[[1, 2], [1, 3]]"
E2b_h0.03_e0.05_L2_alibi_learn_attn_s2,ablate_control,21.957307542376142,8.86420789189603,0.0,3.9791788096938814,-2.7988898349659785,0.9840499672588198,0.13882542909759932,0.13186543824093802,0.9018936838766469,1.9685872793197632,2.10538387298584,0.03,0.05,2,0,alibi_learn,2,0.0,"[[1, 0], [1, 1]]","[[1, 2], [1, 3]]"
E2b_h0.03_e0.05_L2_alibi_learn_attn_s2,ablate_copy,0.0,0.0,0.0,1.0828826794666904,-1.073404065865491,0.055229240744016375,1.0000000000000069e-05,0.0006919513485786154,0.40122025031056774,2.4031054973602295,2.5145039558410645,0.03,0.05,2,0,alibi_learn,2,0.0,"[[1, 0], [1, 1]]","[[1, 2], [1, 3]]"
E2b_h0.03_e0.05_L2_alibi_learn_attn_s2,base,21.414192151570038,6.848717116149589,0.0,3.136739390769175,-2.5080167554052815,0.9999999999999998,0.12341660182314321,0.10481182092237634,0.9666869009652655,1.6402405500411987,1.7974047660827637,0.03,0.05,2,0,alibi_learn,2,0.0,"[[1, 0], [1, 1]]","[[1, 2], [1, 3]]"
E2b_h0.03_e0.05_L2_alibi_learn_attn_s2,slope_copy_x0.5,42.525076297767114,17.822207154904422,4.73385119936066,2.5008305429614017,-1.2515879139038069,0.8988247268006035,0.07721921112474077,0.1688805343729239,0.9189709576976989,1.646860957145691,1.803615689277649,0.03,0.05,2,0,alibi_learn,2,0.0,"[[1, 0], [1, 1]]","[[1, 2], [1, 3]]"
E2b_h0.03_e0.05_L2_alibi_learn_attn_s2,slope_copy_x2.0,8.632459310459351,0.0,0.0,3.7554923123014823,-3.5017223924930607,0.8868409467424964,0.21696339990766858,0.05630182026810147,0.9784628103186497,1.656857967376709,1.812987208366394,0.03,0.05,2,0,alibi_learn,2,0.0,"[[1, 0], [1, 1]]","[[1, 2], [1, 3]]"
E2b_h0.03_e0.05_L2_alibi_learn_attn_s2,slope_late_x0.5,42.53483764168768,18.18054107913152,5.51276672227223,2.4949364197174355,-1.2242915505942489,0.8936395393593347,0.07742160399177835,0.17297334599137665,0.9196748285688539,1.6752663850784302,1.8302555084228516,0.03,0.05,2,0,alibi_learn,2,0.0,"[[1, 0], [1, 1]]","[[1, 2], [1, 3]]"
E2b_h0.03_e0.05_L2_alibi_learn_attn_s2,slope_late_x2.0,8.17838642823871,0.0,0.0,3.6820174458968853,-3.4639126330481043,0.8842967584100897,0.21940254509567245,0.05510251459314043,0.9783708205320732,1.7065892219543457,1.8596152067184448,0.03,0.05,2,0,alibi_learn,2,0.0,"[[1, 0], [1, 1]]","[[1, 2], [1, 3]]"
E2b_h0.03_e0.1_L2_alibi_learn_attn_s0,ablate_L1H0,31.874105650925813,16.088085605369134,2.551847900878549,1.7665167836073254,-1.4247811095389937,0.9814869128203145,0.10168300976517587,0.135514914108959,0.9323294889381389,2.1925554275512695,2.316028594970703,0.03,0.1,2,0,alibi_learn,0,0.0,"[[1, 0], [1, 1]]","[[1, 2], [1, 3]]"
E2b_h0.03_e0.1_L2_alibi_learn_attn_s0,ablate_L1H1,35.38412488800385,9.57315220071109,0.0,1.7547882784024946,-1.3999502788563924,0.9804394659250668,0.09453441827113479,0.1279463779688563,0.9364798575992404,2.2387747764587402,2.3591034412384033,0.03,0.1,2,0,alibi_learn,0,0.0,"[[1, 0], [1, 1]]","[[1, 2], [1, 3]]"
E2b_h0.03_e0.1_L2_alibi_learn_attn_s0,ablate_L1H2,43.17249245186582,20.97067429687774,9.64375624407376,3.132493385180299,-0.7681125778305743,0.9962840729501398,0.10650256895175601,0.1668670343258246,0.9490896800219784,1.9870383739471436,2.122626781463623,0.03,0.1,2,0,alibi_learn,0,0.0,"[[1, 0], [1, 1]]","[[1, 2], [1, 3]]"
E2b_h0.03_e0.1_L2_alibi_learn_attn_s0,ablate_L1H3,25.721248531066923,11.0765731579558,0.0,3.0243998457278525,-2.419980346358248,0.9981393607721745,0.11102961798534332,0.1475038253960044,0.9553736330904796,1.9478294849395752,2.085895538330078,0.03,0.1,2,0,alibi_learn,0,0.0,"[[1, 0], [1, 1]]","[[1, 2], [1, 3]]"
E2b_h0.03_e0.1_L2_alibi_learn_attn_s0,ablate_all_late,0.0,0.0,0.0,0.0691055293594088,0.0006842329832059997,0.13101579643334385,,,,4.292142868041992,4.294824600219727,0.03,0.1,2,0,alibi_learn,0,0.0,"[[1, 0], [1, 1]]","[[1, 2], [1, 3]]"
E2b_h0.03_e0.1_L2_alibi_learn_attn_s0,ablate_control,36.169304536781425,18.30913153055486,7.315625422481708,3.5060130013152957,-1.6835278409666248,0.9947122960588867,0.11316423958492297,0.16287429830150074,0.9345383760110261,2.0596907138824463,2.190744400024414,0.03,0.1,2,0,alibi_learn,0,0.0,"[[1, 0], [1, 1]]","[[1, 2], [1, 3]]"
E2b_h0.03_e0.1_L2_alibi_learn_attn_s0,ablate_copy,0.0,0.0,0.0,1.0008858320569354,-1.0008807846877192,-0.23687829872238572,0.22637625683998377,0.5,0.438316239951005,2.6728086471557617,2.765923023223877,0.03,0.1,2,0,alibi_learn,0,0.0,"[[1, 0], [1, 1]]","[[1, 2], [1, 3]]"
E2b_h0.03_e0.1_L2_alibi_learn_attn_s0,base,35.11670862706647,16.283124399217872,4.491044296392162,2.6012172317464968,-1.7111890764707434,0.9999999999999998,0.10585679043257948,0.1472507323347721,0.9577566886256721,1.7560523748397827,1.9060616493225098,0.03,0.1,2,0,alibi_learn,0,0.0,"[[1, 0], [1, 1]]","[[1, 2], [1, 3]]"
E2b_h0.03_e0.1_L2_alibi_learn_attn_s0,slope_copy_x0.5,46.59978397209704,33.630765054064675,19.13844945355429,2.1936812355582203,-0.42325017920562197,0.865106450500618,0.07465706858455327,0.2593595181960292,0.9357370930708393,1.7620339393615723,1.911670446395874,0.03,0.1,2,0,alibi_learn,0,0.0,"[[1, 0], [1, 1]]","[[1, 2], [1, 3]]"
E2b_h0.03_e0.1_L2_alibi_learn_attn_s0,slope_copy_x2.0,12.170606046251674,4.1962360874112665,0.0,3.27652300535036,-2.8853611074654117,0.8511604094687776,0.1787525881791418,0.0804214914605032,0.9674574006513239,1.7731181383132935,1.9221068620681763,0.03,0.1,2,0,alibi_learn,0,0.0,"[[1, 0], [1, 1]]","[[1, 2], [1, 3]]"
E2b_h0.03_e0.1_L2_alibi_learn_attn_s0,slope_late_x0.5,46.44604968016624,33.95841421805196,19.316388855461522,2.1706484025344253,-0.46192485506513287,0.8551778059718543,0.07447181847656661,0.2656929513174972,0.9352679729084695,1.7916357517242432,1.9394255876541138,0.03,0.1,2,0,alibi_learn,0,0.0,"[[1, 0], [1, 1]]","[[1, 2], [1, 3]]"
E2b_h0.03_e0.1_L2_alibi_learn_attn_s0,slope_late_x2.0,11.980282329427576,4.114545373316154,0.0,3.0768574432336857,-2.7101659874564836,0.8486105269450588,0.18351740664972682,0.08061754252022618,0.9686334666822515,1.8314454555511475,1.9767954349517822,0.03,0.1,2,0,alibi_learn,0,0.0,"[[1, 0], [1, 1]]","[[1, 2], [1, 3]]"
E2b_h0.03_e0.1_L2_alibi_learn_attn_s1,ablate_L1H0,3.7776027354323163,4.986825467355913,0.0,2.1315538017744466,-1.9075145901712989,0.9799699466826635,0.1288610915079991,0.15922283834265652,0.9310977763714924,2.1128194332122803,2.2415852546691895,0.03,0.1,2,0,alibi_learn,1,0.0,"[[1, 1], [1, 0]]","[[1, 3], [1, 2]]"
E2b_h0.03_e0.1_L2_alibi_learn_attn_s1,ablate_L1H1,17.13377478526524,10.463721898977619,0.0,1.8360421966229166,-1.4761921233896698,0.9829384905138853,0.1228947303098016,0.17664602784687922,0.9279877197203121,2.1740000247955322,2.297981023788452,0.03,0.1,2,0,alibi_learn,1,0.0,"[[1, 1], [1, 0]]","[[1, 3], [1, 2]]"
E2b_h0.03_e0.1_L2_alibi_learn_attn_s1,ablate_L1H2,25.309831822152603,14.700553546952412,6.98691264162492,3.009103963583974,-1.3188045480887272,0.9976128973655577,0.13901623022109647,0.20195735528185912,0.9297634692970002,1.8466074466705322,1.9909822940826416,0.03,0.1,2,0,alibi_learn,1,0.0,"[[1, 1], [1, 0]]","[[1, 3], [1, 2]]"
E2b_h0.03_e0.1_L2_alibi_learn_attn_s1,ablate_L1H3,19.374812179730544,8.202872546110262,2.1721552387402183,2.293911785086883,-1.7623442223162524,0.9995059070408371,0.1370787897502509,0.1874373814502207,0.9410444005073805,1.8383004665374756,1.9831031560897827,0.03,0.1,2,0,alibi_learn,1,0.0,"[[1, 1], [1, 0]]","[[1, 3], [1, 2]]"
E2b_h0.03_e0.1_L2_alibi_learn_attn_s1,ablate_all_late,10.766682049603235,0.0,0.0,0.06300138741997736,-0.015547758433967829,0.02987840922983429,,,,4.193953990936279,4.197250843048096,0.03,0.1,2,0,alibi_learn,1,0.0,"[[1, 1], [1, 0]]","[[1, 3], [1, 2]]"
E2b_h0.03_e0.1_L2_alibi_learn_attn_s1,ablate_control,23.47327548719415,12.88635604067533,6.3334783590251345,2.6423086800080324,-1.3176286508595305,0.996252183529025,0.14250092324237118,0.2041666167492818,0.9205169011934445,1.998085379600525,2.1329569816589355,0.03,0.1,2,0,alibi_learn,1,0.0,"[[1, 1], [1, 0]]","[[1, 3], [1, 2]]"
E2b_h0.03_e0.1_L2_alibi_learn_attn_s1,ablate_copy,0.0,0.0,0.0,1.5855174538280283,-1.5855174538280283,0.6080948468562003,1.0000000000000016e-05,0.0015767490387080124,0.9097157681926632,2.373002767562866,2.485496997833252,0.03,0.1,2,0,alibi_learn,1,0.0,"[[1, 1], [1, 0]]","[[1, 3], [1, 2]]"
E2b_h0.03_e0.1_L2_alibi_learn_attn_s1,base,21.01733344920137,9.297574293647656,3.0914719935803694,2.507166203510548,-1.8084482208692603,1.0,0.13397575377390855,0.18457246763415214,0.9462985429391454,1.7587569952011108,1.9085859060287476,0.03,0.1,2,0,alibi_learn,1,0.0,"[[1, 1], [1, 0]]","[[1, 3], [1, 2]]"
E2b_h0.03_e0.1_L2_alibi_learn_attn_s1,slope_copy_x0.5,38.66308647995231,21.69330772349166,9.957667271982091,2.083575435182346,-0.8363103961705097,0.9150824602700274,0.08622662473867726,0.258037498820779,0.917629918591297,1.7668633460998535,1.9162017107009888,0.03,0.1,2,0,alibi_learn,1,0.0,"[[1, 1], [1, 0]]","[[1, 3], [1, 2]]"
E2b_h0.03_e0.1_L2_alibi_learn_attn_s1,slope_copy_x2.0,9.371062469162908,3.1215248922002563,0.0,3.0808696883863638,-2.770526474208704,0.8939039796974553,0.2083129210421204,0.11352914733593789,0.9769903428520819,1.780489206314087,1.9289560317993164,0.03,0.1,2,0,alibi_learn,1,0.0,"[[1, 1], [1, 0]]","[[1, 3], [1, 2]]"
E2b_h0.03_e0.1_L2_alibi_learn_attn_s1,slope_late_x0.5,38.508838671396276,21.84130028718928,10.045902203666031,2.0814237840074514,-0.855180615093559,0.9110284079092748,0.08628840746473238,0.26224014442680244,0.9199739138889367,1.7902851104736328,1.9381601810455322,0.03,0.1,2,0,alibi_learn,1,0.0,"[[1, 1], [1, 0]]","[[1, 3], [1, 2]]"
E2b_h0.03_e0.1_L2_alibi_learn_attn_s1,slope_late_x2.0,9.384368896354642,3.0659089158839885,0.0,2.888188247369336,-2.5893690669243887,0.8930161115365117,0.21204010436687248,0.11315134100428033,0.9747974869756432,1.81741464138031,1.9635834693908691,0.03,0.1,2,0,alibi_learn,1,0.0,"[[1, 1], [1, 0]]","[[1, 3], [1, 2]]"
E2b_h0.03_e0.1_L2_alibi_learn_attn_s2,ablate_L1H0,13.65416573387236,4.8052854702179975,0.0,1.9726513608225755,-1.7895149987723147,0.9793253218028957,0.10926330064582569,0.1516278495397946,0.9094180118190931,2.0820627212524414,2.211968421936035,0.03,0.1,2,0,alibi_learn,2,0.0,"[[1, 0], [1, 1]]","[[1, 3], [1, 2]]"
E2b_h0.03_e0.1_L2_alibi_learn_attn_s2,ablate_L1H1,23.73555928756826,14.39417616394094,0.0,1.8586346904880233,-1.4364395362458058,0.9843328692343424,0.1091460256883728,0.16946018846080116,0.9184821460056538,2.1821227073669434,2.3054659366607666,0.03,0.1,2,0,alibi_learn,2,0.0,"[[1, 0], [1, 1]]","[[1, 3], [1, 2]]"
E2b_h0.03_e0.1_L2_alibi_learn_attn_s2,ablate_L1H2,29.98399888052571,17.80467531103898,9.491944764261751,2.69151639599087,-0.9235932062646108,0.9945319302528524,0.1085494438490643,0.20523174384344325,0.9045047131950672,1.8649802207946777,2.008129596710205,0.03,0.1,2,0,alibi_learn,2,0.0,"[[1, 0], [1, 1]]","[[1, 3], [1, 2]]"
E2b_h0.03_e0.1_L2_alibi_learn_attn_s2,ablate_L1H3,20.366747983215472,9.998494135440957,0.0,2.268215264393283,-1.71890885389543,0.9994472927695914,0.11327612428197048,0.17810887402940703,0.9208508593241687,1.8404040336608887,1.9851288795471191,0.03,0.1,2,0,alibi_learn,2,0.0,"[[1, 0], [1, 1]]","[[1, 3], [1, 2]]"
E2b_h0.03_e0.1_L2_alibi_learn_attn_s2,ablate_all_late,0.0,0.0,4.917977049393532,0.054489399173430035,-0.017654530570975373,-0.06136233002621138,,,,4.1828131675720215,4.184737682342529,0.03,0.1,2,0,alibi_learn,2,0.0,"[[1, 0], [1, 1]]","[[1, 3], [1, 2]]"
E2b_h0.03_e0.1_L2_alibi_learn_attn_s2,ablate_control,26.91990876708293,16.554854170986832,8.738180014408206,2.4822982674730674,-1.0530721454748087,0.9953886278357518,0.11161106918481574,0.20235970631312108,0.8960277020268411,2.0064635276794434,2.140810489654541,0.03,0.1,2,0,alibi_learn,2,0.0,"[[1, 0], [1, 1]]","[[1, 3], [1, 2]]"
E2b_h0.03_e0.1_L2_alibi_learn_attn_s2,ablate_copy,0.0,0.0,0.0,1.6028040902955192,-1.6028040902955192,0.5466074083663421,1.0000000000000016e-05,0.0006246107849704579,0.8622387528599311,2.4202511310577393,2.5288915634155273,0.03,0.1,2,0,alibi_learn,2,0.0,"[[1, 0], [1, 1]]","[[1, 3], [1, 2]]"
E2b_h0.03_e0.1_L2_alibi_learn_attn_s2,base,22.610583003068815,11.388138796286485,0.0,2.3675634406640063,-1.673289489466697,1.0,0.11084170843760559,0.1780210842037089,0.9262026653688035,1.7588262557983398,1.9086153507232666,0.03,0.1,2,0,alibi_learn,2,0.0,"[[1, 0], [1, 1]]","[[1, 3], [1, 2]]"
E2b_h0.03_e0.1_L2_alibi_learn_attn_s2,slope_copy_x0.5,39.709544837699575,23.42598987503894,16.78295326590363,2.0187270014014627,-0.6983113607524761,0.9158890531713818,0.08503321593671181,0.3097379943748525,0.9055287452938872,1.76507568359375,1.914473295211792,0.03,0.1,2,0,alibi_learn,2,0.0,"[[1, 0], [1, 1]]","[[1, 3], [1, 2]]"
E2b_h0.03_e0.1_L2_alibi_learn_attn_s2,slope_copy_x2.0,9.965266680560283,0.0,0.0,3.06388801742079,-2.7799218742043843,0.868499119003492,0.17906465066523625,0.08011555390688352,0.9680336754654899,1.7808774709701538,1.9293172359466553,0.03,0.1,2,0,alibi_learn,2,0.0,"[[1, 0], [1, 1]]","[[1, 3], [1, 2]]"
E2b_h0.03_e0.1_L2_alibi_learn_attn_s2,slope_late_x0.5,39.465195663174484,23.417807211345174,16.792657742054136,1.9997257622890174,-0.7276277767627367,0.9114766846649845,0.0854440028891475,0.3157222493845811,0.9092371035950162,1.7878215312957764,1.9358036518096924,0.03,0.1,2,0,alibi_learn,2,0.0,"[[1, 0], [1, 1]]","[[1, 3], [1, 2]]"
E2b_h0.03_e0.1_L2_alibi_learn_attn_s2,slope_late_x2.0,10.124820150319922,2.1217288871035347,0.0,2.8919515705867007,-2.605013319790097,0.8688068732285846,0.18395109093504372,0.08078316828030799,0.9647123293726233,1.816033959388733,1.962281346321106,0.03,0.1,2,0,alibi_learn,2,0.0,"[[1, 0], [1, 1]]","[[1, 3], [1, 2]]"
E2b_h0.03_e0.3_L2_alibi_learn_attn_s0,ablate_L1H0,37.89084797288598,3.957414793766378,3.1089343969918564,0.6979548696628106,-0.48967834638564717,0.9724690336860637,0.08388682297980574,0.2322373348362005,0.9283356343497342,2.1644928455352783,2.2889962196350098,0.03,0.3,2,0,alibi_learn,0,0.0,"[[1, 0], [1, 1], [1, 2]]","[[1, 3]]"
E2b_h0.03_e0.3_L2_alibi_learn_attn_s0,ablate_L1H1,41.029239433353546,7.322322330813111,0.0,0.7161698987973588,-0.5245866465515324,0.9689250584539004,0.0841553490998208,0.22808068484285207,0.9339182290325287,2.1716887950897217,2.2959508895874023,0.03,0.3,2,0,alibi_learn,0,0.0,"[[1, 0], [1, 1], [1, 2]]","[[1, 3]]"
E2b_h0.03_e0.3_L2_alibi_learn_attn_s0,ablate_L1H2,54.98589032588078,36.481488038680226,24.51961509798003,1.0649473242062544,0.3629981321282685,0.9884429899632822,0.10505176037545716,0.3394738394450654,0.9323010864020043,3.0380547046661377,3.108173131942749,0.03,0.3,2,0,alibi_learn,0,0.0,"[[1, 0], [1, 1], [1, 2]]","[[1, 3]]"
E2b_h0.03_e0.3_L2_alibi_learn_attn_s0,ablate_L1H3,34.966307754586,18.158232962043115,9.436691007098226,1.1766910546991443,-0.7595404665251928,0.9906007355403064,0.10258204783955586,0.3121108856838619,0.929489171023277,2.2675845623016357,2.385934829711914,0.03,0.3,2,0,alibi_learn,0,0.0,"[[1, 0], [1, 1], [1, 2]]","[[1, 3]]"
E2b_h0.03_e0.3_L2_alibi_learn_attn_s0,ablate_all_late,2.879123841025795,0.0,6.8743346563938195,0.04117307333009584,-0.009312413499823638,0.20195328876956442,,,,4.173671245574951,4.177343845367432,0.03,0.3,2,0,alibi_learn,0,0.0,"[[1, 0], [1, 1], [1, 2]]","[[1, 3]]"
E2b_h0.03_e0.3_L2_alibi_learn_attn_s0,ablate_control,34.966307754586,18.158232962043115,9.436691007098226,1.1766910546991443,-0.7595404665251928,0.9906007355403064,0.10258204783955586,0.3121108856838619,0.929489171023277,2.2675845623016357,2.385934829711914,0.03,0.3,2,0,alibi_learn,0,0.0,"[[1, 0], [1, 1], [1, 2]]","[[1, 3]]"
E2b_h0.03_e0.3_L2_alibi_learn_attn_s0,ablate_copy,0.0,inf,inf,0.3901204900549991,0.38381139162395683,-0.6334911519152511,0.16518057873711972,0.5,0.6458288263038057,3.777266025543213,3.801231861114502,0.03,0.3,2,0,alibi_learn,0,0.0,"[[1, 0], [1, 1], [1, 2]]","[[1, 3]]"
E2b_h0.03_e0.3_L2_alibi_learn_attn_s0,base,42.002966921407534,22.43424483670184,13.71420668891204,1.0654234406538308,-0.42956304596737027,1.0,0.0958618661054289,0.275211437066439,0.9627628512468149,2.0060367584228516,2.1404924392700195,0.03,0.3,2,0,alibi_learn,0,0.0,"[[1, 0], [1, 1], [1, 2]]","[[1, 3]]"
E2b_h0.03_e0.3_L2_alibi_learn_attn_s0,slope_copy_x0.5,83.24355981151724,43.15978129928983,32.59389074988028,0.885753257399691,0.08788330114579626,0.8835901802268028,0.047064369848647654,0.3086434008082017,0.9668061954559948,2.0134713649749756,2.1474812030792236,0.03,0.3,2,0,alibi_learn,0,0.0,"[[1, 0], [1, 1], [1, 2]]","[[1, 3]]"
E2b_h0.03_e0.3_L2_alibi_learn_attn_s0,slope_copy_x2.0,19.249633030773158,9.115913962085074,2.836537134988881,1.3721175048766392,-1.0864741037200605,0.845357124179043,0.1709707344672082,0.18684445258010038,0.9650133819646398,2.0495681762695312,2.1812922954559326,0.03,0.3,2,0,alibi_learn,0,0.0,"[[1, 0], [1, 1], [1, 2]]","[[1, 3]]"
E2b_h0.03_e0.3_L2_alibi_learn_attn_s0,slope_late_x0.5,83.13105591602988,43.91600584727851,33.27903686171141,0.8654064302099869,0.07775697246792593,0.8703336917329972,0.04700581667074536,0.31984125389410817,0.9659777775670926,2.0401642322540283,2.1725120544433594,0.03,0.3,2,0,alibi_learn,0,0.0,"[[1, 0], [1, 1], [1, 2]]","[[1, 3]]"
E2b_h0.03_e0.3_L2_alibi_learn_attn_s0,slope_late_x2.0,18.713926938693046,8.718084247135284,2.531467401343768,1.3240797915828548,-1.0647743479681335,0.8436590204402089,0.17310491403272882,0.18496083799942362,0.9660864726530645,2.068661689758301,2.1991920471191406,0.03,0.3,2,0,alibi_learn,0,0.0,"[[1, 0], [1, 1], [1, 2]]","[[1, 3]]"
E2b_h0.03_e0.3_L2_alibi_learn_attn_s1,ablate_L1H0,33.293955494279544,0.0,0.0,0.7069920737495912,-0.609786518949217,0.9700374690356182,0.09118068954932697,0.31264811824413313,0.9078407998710262,2.2017273902893066,2.3240342140197754,0.03,0.3,2,0,alibi_learn,1,0.0,"[[1, 0], [1, 1], [1, 2]]","[[1, 3]]"
E2b_h0.03_e0.3_L2_alibi_learn_attn_s1,ablate_L1H1,23.648635340672268,17.356709740656708,2.522353677052342,0.8007766100844103,-0.6467547885674451,0.9746089786003217,0.09343673191331468,0.2788380373888651,0.9246134915933846,2.208178997039795,2.3302106857299805,0.03,0.3,2,0,alibi_learn,1,0.0,"[[1, 0], [1, 1], [1, 2]]","[[1, 3]]"
E2b_h0.03_e0.3_L2_alibi_learn_attn_s1,ablate_L1H2,49.20165027018627,39.48180761324913,25.486927896422884,1.3071189651797925,0.5991031994510975,0.9839079048024176,0.1119503348500561,0.4447044596752142,0.9603025394468718,2.9304323196411133,3.0071332454681396,0.03,0.3,2,0,alibi_learn,1,0.0,"[[1, 0], [1, 1], [1, 2]]","[[1, 3]]"
E2b_h0.03_e0.3_L2_alibi_learn_attn_s1,ablate_L1H3,30.85845563804987,19.470138019737,12.590865358560253,1.2602300427721016,-0.6275993888266385,0.9975771487414177,0.11486307539382072,0.38990787894191675,0.9582444018852572,2.2051851749420166,2.3271708488464355,0.03,0.3,2,0,alibi_learn,1,0.0,"[[1, 0], [1, 1], [1, 2]]","[[1, 3]]"
E2b_h0.03_e0.3_L2_alibi_learn_attn_s1,ablate_all_late,2.7979257956907864,3.9882584383085375,6.229374164186584,0.09041832414056573,0.011096167378127575,-0.048260181837779616,,,,4.285129070281982,4.288991451263428,0.03,0.3,2,0,alibi_learn,1,0.0,"[[1, 0], [1, 1], [1, 2]]","[[1, 3]]"
E2b_h0.03_e0.3_L2_alibi_learn_attn_s1,ablate_control,30.85845563804987,19.470138019737,12.590865358560253,1.2602300427721016,-0.6275993888266385,0.9975771487414177,0.11486307539382072,0.38990787894191675,0.9582444018852572,2.2051851749420166,2.3271708488464355,0.03,0.3,2,0,alibi_learn,1,0.0,"[[1, 0], [1, 1], [1, 2]]","[[1, 3]]"
E2b_h0.03_e0.3_L2_alibi_learn_attn_s1,ablate_copy,0.0,0.0,inf,0.3279764118737408,0.2711967611685395,-0.7177710131963104,0.48386146188759915,0.4728552251913773,0.7276929973501776,3.7448973655700684,3.7709403038024902,0.03,0.3,2,0,alibi_learn,1,0.0,"[[1, 0], [1, 1], [1, 2]]","[[1, 3]]"
E2b_h0.03_e0.3_L2_alibi_learn_attn_s1,base,35.47534583901204,21.935819651248426,16.554240121601588,1.0377823329929794,-0.3955320947404419,1.0,0.10898212476198811,0.37428165216971787,0.9626044741936793,2.006700277328491,2.141026496887207,0.03,0.3,2,0,alibi_learn,1,0.0,"[[1, 0], [1, 1], [1, 2]]","[[1, 3]]"
E2b_h0.03_e0.3_L2_alibi_learn_attn_s1,slope_copy_x0.5,64.90580245528189,43.184050479035335,33.8678022607783,0.8907454705996705,0.06529949023388326,0.8923713586668072,0.05627250055932866,0.40205499469154576,0.9669292484429591,2.020282030105591,2.153768539428711,0.03,0.3,2,0,alibi_learn,1,0.0,"[[1, 0], [1, 1], [1, 2]]","[[1, 3]]"
E2b_h0.03_e0.3_L2_alibi_learn_attn_s1,slope_copy_x2.0,17.08936699125743,9.642528316397408,4.492546442196438,1.2682902788676853,-0.9704304420322712,0.8637153724626381,0.17208906260316498,0.22705541795812514,0.9652711036741027,2.037177324295044,2.1696019172668457,0.03,0.3,2,0,alibi_learn,1,0.0,"[[1, 0], [1, 1], [1, 2]]","[[1, 3]]"
E2b_h0.03_e0.3_L2_alibi_learn_attn_s1,slope_late_x0.5,63.72955795431022,42.549775549688846,33.620375589860664,0.8209961688844487,-0.0002879840488146458,0.8823426629281599,0.055271953276972985,0.4005898418857204,0.9718332383932184,2.0305075645446777,2.1633572578430176,0.03,0.3,2,0,alibi_learn,1,0.0,"[[1, 0], [1, 1], [1, 2]]","[[1, 3]]"
E2b_h0.03_e0.3_L2_alibi_learn_attn_s1,slope_late_x2.0,17.570544531775987,9.859027551596482,4.636010673357306,1.239548429613933,-0.8997356622546379,0.862039263679942,0.173113851106775,0.2254540595235854,0.9568948147847416,2.0558040142059326,2.187067985534668,0.03,0.3,2,0,alibi_learn,1,0.0,"[[1, 0], [1, 1], [1, 2]]","[[1, 3]]"
E2b_h0.03_e0.3_L2_alibi_learn_attn_s2,ablate_L1H0,3.535222895310424,10.15322855791751,4.716119872841905,0.7952960257950638,-0.604225501883775,0.9721346643108567,0.09722243236355639,0.27559795521294256,0.9367865237194765,2.205068588256836,2.3272933959960938,0.03,0.3,2,0,alibi_learn,2,0.0,"[[1, 1], [1, 0], [1, 2]]","[[1, 3]]"
E2b_h0.03_e0.3_L2_alibi_learn_attn_s2,ablate_L1H1,0.0,23.080875469593774,0.0,0.7165424523409456,-0.5263348027198974,0.9622522738608972,0.08420858755794468,0.2492943665535299,0.8989809690036294,2.1893603801727295,2.312528371810913,0.03,0.3,2,0,alibi_learn,2,0.0,"[[1, 1], [1, 0], [1, 2]]","[[1, 3]]"
E2b_h0.03_e0.3_L2_alibi_learn_attn_s2,ablate_L1H2,52.49934163040981,35.187833454562586,24.971812151311752,1.1829839717995907,0.4474769768837307,0.9898165781407718,0.11378952750340456,0.3995331644176356,0.9432367589785311,3.1158456802368164,3.181000232696533,0.03,0.3,2,0,alibi_learn,2,0.0,"[[1, 1], [1, 0], [1, 2]]","[[1, 3]]"
E2b_h0.03_e0.3_L2_alibi_learn_attn_s2,ablate_L1H3,32.95998313436268,19.199375177427694,11.278751572551178,1.309899231152875,-0.7887260264583996,0.9972640185286935,0.10953638671134508,0.3282713427741854,0.9577048095244154,2.2586781978607178,2.3772692680358887,0.03,0.3,2,0,alibi_learn,2,0.0,"[[1, 1], [1, 0], [1, 2]]","[[1, 3]]"
E2b_h0.03_e0.3_L2_alibi_learn_attn_s2,ablate_all_late,0.0,6.622600142903593,3.0832078921699013,0.07242777930306536,0.0006769711949995586,0.002642768813350782,,,,4.274022102355957,4.27944278717041,0.03,0.3,2,0,alibi_learn,2,0.0,"[[1, 1], [1, 0], [1, 2]]","[[1, 3]]"
E2b_h0.03_e0.3_L2_alibi_learn_attn_s2,ablate_control,32.95998313436268,19.199375177427694,11.278751572551178,1.309899231152875,-0.7887260264583996,0.9972640185286935,0.10953638671134508,0.3282713427741854,0.9577048095244154,2.2586781978607178,2.3772692680358887,0.03,0.3,2,0,alibi_learn,2,0.0,"[[1, 1], [1, 0], [1, 2]]","[[1, 3]]"
E2b_h0.03_e0.3_L2_alibi_learn_attn_s2,ablate_copy,0.0,inf,inf,0.37288275647110175,0.36641475964071496,-0.6409460644370486,0.33106106820520576,0.5,0.6645987713316989,3.900127649307251,3.9166274070739746,0.03,0.3,2,0,alibi_learn,2,0.0,"[[1, 1], [1, 0], [1, 2]]","[[1, 3]]"
E2b_h0.03_e0.3_L2_alibi_learn_attn_s2,base,39.109728192664875,22.288645512665838,16.232842500265413,1.113542984106711,-0.44082026476306574,1.0,0.10369866831122333,0.3160176037174621,0.9628092947401331,2.0043070316314697,2.1387970447540283,0.03,0.3,2,0,alibi_learn,2,0.0,"[[1, 1], [1, 0], [1, 2]]","[[1, 3]]"
E2b_h0.03_e0.3_L2_alibi_learn_attn_s2,slope_copy_x0.5,77.62766368252218,46.11222790428783,32.56178163475281,0.9332619869881975,0.07445996963152927,0.8766222998142981,0.05217226994514476,0.34698121348844996,0.9636516412387676,2.01318097114563,2.1471171379089355,0.03,0.3,2,0,alibi_learn,2,0.0,"[[1, 1], [1, 0], [1, 2]]","[[1, 3]]"
E2b_h0.03_e0.3_L2_alibi_learn_attn_s2,slope_copy_x2.0,19.310961131652842,9.623901609077977,4.120104780886527,1.4228026819348867,-1.1102459198861783,0.8430756952150875,0.1774335633235715,0.20865518594179674,0.9652193219578573,2.0264458656311035,2.1595921516418457,0.03,0.3,2,0,alibi_learn,2,0.0,"[[1, 1], [1, 0], [1, 2]]","[[1, 3]]"
E2b_h0.03_e0.3_L2_alibi_learn_attn_s2,slope_late_x0.5,77.21556630610415,46.197551377509235,32.836937936135314,0.9028242751623371,0.04130330572037825,0.8631805731184694,0.05184354899788566,0.35564662557013743,0.9623787175450902,2.035067319869995,2.1676340103149414,0.03,0.3,2,0,alibi_learn,2,0.0,"[[1, 1], [1, 0], [1, 2]]","[[1, 3]]"
E2b_h0.03_e0.3_L2_alibi_learn_attn_s2,slope_late_x2.0,19.044829536469113,9.410387308992922,3.94760893355006,1.3414404092888748,-1.045992873609066,0.8396826527609349,0.17973478602183313,0.2061890301063211,0.9658629927828911,2.048293352127075,2.180077075958252,0.03,0.3,2,0,alibi_learn,2,0.0,"[[1, 1], [1, 0], [1, 2]]","[[1, 3]]"
E2c_h0.01_e0.1_L2_alibi_learn_attn_cf0.2_s0,ablate_L1H0,21.789678342577997,3.4178969806884116,0.0,1.4677642216972475,-1.160490247321182,0.978109943853376,0.04325558346663029,0.12079487695855279,0.91363258673784,1.262576699256897,1.4452545642852783,0.01,0.1,2,0,alibi_learn,0,0.2,"[[1, 1], [1, 0], [1, 2], [1, 3]]",[]
E2c_h0.01_e0.1_L2_alibi_learn_attn_cf0.2_s0,ablate_L1H1,15.865073629167544,0.0,0.0,1.4050512782164983,-1.09837166991617,0.9695548061058267,0.04124125094156574,0.10677926423612615,0.8846963238544006,1.3211537599563599,1.4994559288024902,0.01,0.1,2,0,alibi_learn,0,0.2,"[[1, 1], [1, 0], [1, 2], [1, 3]]",[]
E2c_h0.01_e0.1_L2_alibi_learn_attn_cf0.2_s0,ablate_L1H2,115.46660643210339,78.30911080056815,47.02911407118145,2.1938956184645315,1.4519886471264596,0.9744944182480013,0.036767495312904186,0.23900196438966922,0.9188163371873262,1.3187434673309326,1.4960763454437256,0.01,0.1,2,0,alibi_learn,0,0.2,"[[1, 1], [1, 0], [1, 2], [1, 3]]",[]
E2c_h0.01_e0.1_L2_alibi_learn_attn_cf0.2_s0,ablate_L1H3,62.653991808426696,32.704935415873734,7.292714518265789,1.3003768584790774,-0.3602011727135895,0.9909435800727321,0.04130519456831589,0.20089281976434734,0.9024007965243315,1.1563425064086914,1.3440052270889282,0.01,0.1,2,0,alibi_learn,0,0.2,"[[1, 1], [1, 0], [1, 2], [1, 3]]",[]
E2c_h0.01_e0.1_L2_alibi_learn_attn_cf0.2_s0,ablate_all_late,0.0,0.0,0.0,0.0736112722328731,-0.013379811309278011,-0.06045901826732871,,,,4.36698055267334,4.367490291595459,0.01,0.1,2,0,alibi_learn,0,0.2,"[[1, 1], [1, 0], [1, 2], [1, 3]]",[]
E2c_h0.01_e0.1_L2_alibi_learn_attn_cf0.2_s0,ablate_control,64.09324391045827,29.119057121450876,4.154300423793176,1.3295159910007246,-0.4406554941753192,0.9999999999999367,0.03999297252470024,0.16001151124872678,0.9168556134440173,1.094917893409729,1.2862944602966309,0.01,0.1,2,0,alibi_learn,0,0.2,"[[1, 1], [1, 0], [1, 2], [1, 3]]",[]
E2c_h0.01_e0.1_L2_alibi_learn_attn_cf0.2_s0,ablate_copy,0.0,0.0,0.0,0.0736112722328731,-0.013379811309278011,-0.06045901826732871,,,,4.36698055267334,4.367490291595459,0.01,0.1,2,0,alibi_learn,0,0.2,"[[1, 1], [1, 0], [1, 2], [1, 3]]",[]
E2c_h0.01_e0.1_L2_alibi_learn_attn_cf0.2_s0,base,64.09327502006391,29.119132235931517,4.154318424620315,1.3295157032885723,-0.4406541511416435,1.0,0.03999294433918366,0.1600114761287524,0.9168555666787388,1.094917893409729,1.2862944602966309,0.01,0.1,2,0,alibi_learn,0,0.2,"[[1, 1], [1, 0], [1, 2], [1, 3]]",[]
E2c_h0.01_e0.1_L2_alibi_learn_attn_cf0.2_s0,slope_copy_x0.5,inf,52.15678999766982,19.554859039505622,1.0780092694663577,0.26568706054240465,0.9825556498287704,0.034559124734393286,0.14415024521262426,0.9036567102118784,1.1164604425430298,1.3064651489257812,0.01,0.1,2,0,alibi_learn,0,0.2,"[[1, 1], [1, 0], [1, 2], [1, 3]]",[]
E2c_h0.01_e0.1_L2_alibi_learn_attn_cf0.2_s0,slope_copy_x2.0,37.36909500992952,12.5636835127207,0.0,1.7528176870795764,-1.1971961477704878,0.9714592753564836,0.06318506597734658,0.1651413347775105,0.9274941341298923,1.1185331344604492,1.3084886074066162,0.01,0.1,2,0,alibi_learn,0,0.2,"[[1, 1], [1, 0], [1, 2], [1, 3]]",[]
E2c_h0.01_e0.1_L2_alibi_learn_attn_cf0.2_s0,slope_late_x0.5,inf,52.15678999766982,19.554859039505622,1.0780092694663577,0.26568706054240465,0.9825556498287704,0.034559124734393286,0.14415024521262426,0.9036567102118784,1.1164604425430298,1.3064651489257812,0.01,0.1,2,0,alibi_learn,0,0.2,"[[1, 1], [1, 0], [1, 2], [1, 3]]",[]
E2c_h0.01_e0.1_L2_alibi_learn_attn_cf0.2_s0,slope_late_x2.0,37.36909500992952,12.5636835127207,0.0,1.7528176870795764,-1.1971961477704878,0.9714592753564836,0.06318506597734658,0.1651413347775105,0.9274941341298923,1.1185331344604492,1.3084886074066162,0.01,0.1,2,0,alibi_learn,0,0.2,"[[1, 1], [1, 0], [1, 2], [1, 3]]",[]
E2c_h0.01_e0.1_L2_alibi_learn_attn_cf0.2_s1,ablate_L1H0,33.09926308366844,2.2364856520871927,0.0,1.5727656786330044,-1.2834581740067474,0.9774029899848231,0.04408675656409334,0.10480699211850031,0.9162187668800436,1.264023780822754,1.4464325904846191,0.01,0.1,2,0,alibi_learn,1,0.2,"[[1, 1], [1, 0], [1, 2], [1, 3]]",[]
E2c_h0.01_e0.1_L2_alibi_learn_attn_cf0.2_s1,ablate_L1H1,13.06192760362866,4.121190243045485,0.0,1.5079807015135884,-1.2345264643164617,0.9762052787088329,0.04286765118751681,0.11077865340628015,0.8884199685165665,1.3169947862625122,1.495485544204712,0.01,0.1,2,0,alibi_learn,1,0.2,"[[1, 1], [1, 0], [1, 2], [1, 3]]",[]
E2c_h0.01_e0.1_L2_alibi_learn_attn_cf0.2_s1,ablate_L1H2,109.3920981535519,71.44376345506036,47.240644313601216,2.109865844914956,1.2949561467394233,0.9759458004705767,0.03749718129092531,0.21429169785574761,0.9100029674474607,1.3165478706359863,1.4939899444580078,0.01,0.1,2,0,alibi_learn,1,0.2,"[[1, 1], [1, 0], [1, 2], [1, 3]]",[]
E2c_h0.01_e0.1_L2_alibi_learn_attn_cf0.2_s1,ablate_L1H3,51.44260607804276,22.39662574817761,6.919116695383941,1.3976263415866665,-0.5588003898571644,0.9932134980659445,0.04278090089022991,0.17556319483256566,0.903068847651973,1.1536574363708496,1.3414286375045776,0.01,0.1,2,0,alibi_learn,1,0.2,"[[1, 1], [1, 0], [1, 2], [1, 3]]",[]
E2c_h0.01_e0.1_L2_alibi_learn_attn_cf0.2_s1,ablate_all_late,2.1739751656252033,0.0,2.3908664581917276,0.07249729175652776,-0.007105666079691478,0.028610943720829306,,,,4.351614475250244,4.352696895599365,0.01,0.1,2,0,alibi_learn,1,0.2,"[[1, 1], [1, 0], [1, 2], [1, 3]]",[]
E2c_h0.01_e0.1_L2_alibi_learn_attn_cf0.2_s1,ablate_control,54.64599728475408,20.494496734435,0.0,1.4128324340563267,-0.6114346932819379,0.999999999999917,0.041137246018957394,0.14613930566205474,0.9181082456080474,1.094224214553833,1.2856382131576538,0.01,0.1,2,0,alibi_learn,1,0.2,"[[1, 1], [1, 0], [1, 2], [1, 3]]",[]
E2c_h0.01_e0.1_L2_alibi_learn_attn_cf0.2_s1,ablate_copy,2.1739751656252033,0.0,2.3908664581917276,0.07249729175652776,-0.007105666079691478,0.028610943720829306,,,,4.351614475250244,4.352696895599365,0.01,0.1,2,0,alibi_learn,1,0.2,"[[1, 1], [1, 0], [1, 2], [1, 3]]",[]
E2c_h0.01_e0.1_L2_alibi_learn_attn_cf0.2_s1,base,54.64607009818941,20.49454502989866,0.0,1.4128317025024444,-0.6114326568120825,0.9999999999999999,0.04113723948321988,0.1461393890508391,0.9181081789109781,1.094224214553833,1.2856380939483643,0.01,0.1,2,0,alibi_learn,1,0.2,"[[1, 1], [1, 0], [1, 2], [1, 3]]",[]
E2c_h0.01_e0.1_L2_alibi_learn_attn_cf0.2_s1,slope_copy_x0.5,inf,35.24979625741934,13.072726229815194,1.1276848306047864,0.09175475465599447,0.9861773045981416,0.03495004912270136,0.1347072064991754,0.8998694747380009,1.1141963005065918,1.3043596744537354,0.01,0.1,2,0,alibi_learn,1,0.2,"[[1, 1], [1, 0], [1, 2], [1, 3]]",[]
E2c_h0.01_e0.1_L2_alibi_learn_attn_cf0.2_s1,slope_copy_x2.0,36.57785839182464,7.8005624614552165,0.0,1.8593453179679014,-1.3643122312246956,0.9736522952514431,0.06443593161197275,0.1511659347762485,0.9283461492686013,1.1183152198791504,1.3082458972930908,0.01,0.1,2,0,alibi_learn,1,0.2,"[[1, 1], [1, 0], [1, 2], [1, 3]]",[]
E2c_h0.01_e0.1_L2_alibi_learn_attn_cf0.2_s1,slope_late_x0.5,inf,35.24979625741934,13.072726229815194,1.1276848306047864,0.09175475465599447,0.9861773045981416,0.03495004912270136,0.1347072064991754,0.8998694747380009,1.1141963005065918,1.3043596744537354,0.01,0.1,2,0,alibi_learn,1,0.2,"[[1, 1], [1, 0], [1, 2], [1, 3]]",[]
E2c_h0.01_e0.1_L2_alibi_learn_attn_cf0.2_s1,slope_late_x2.0,36.57785839182464,7.8005624614552165,0.0,1.8593453179679014,-1.3643122312246956,0.9736522952514431,0.06443593161197275,0.1511659347762485,0.9283461492686013,1.1183152198791504,1.3082458972930908,0.01,0.1,2,0,alibi_learn,1,0.2,"[[1, 1], [1, 0], [1, 2], [1, 3]]",[]
E2c_h0.01_e0.1_L2_alibi_learn_attn_cf0.2_s2,ablate_L1H0,8.971380856675625,2.4244313751768143,0.0,1.6008004174966897,-1.3423971085410034,0.9751075711265713,0.046769714896031926,0.11456301905359158,0.8932990538711362,1.2802921533584595,1.461676836013794,0.01,0.1,2,0,alibi_learn,2,0.2,"[[1, 1], [1, 0], [1, 2], [1, 3]]",[]
E2c_h0.01_e0.1_L2_alibi_learn_attn_cf0.2_s2,ablate_L1H1,34.76768639291506,3.135177065609371,0.0,1.5890525371235396,-1.2975857363614653,0.9734297609838922,0.0403980327005729,0.10372339524839781,0.9061555519126123,1.3188591003417969,1.4968910217285156,0.01,0.1,2,0,alibi_learn,2,0.2,"[[1, 1], [1, 0], [1, 2], [1, 3]]",[]
E2c_h0.01_e0.1_L2_alibi_learn_attn_cf0.2_s2,ablate_L1H2,109.1332103862767,69.57139456277915,37.008190550596595,2.196238135652883,1.256286339036056,0.9749818678126475,0.037267443702067006,0.2201462212274768,0.9103279248211513,1.296054720878601,1.4747295379638672,0.01,0.1,2,0,alibi_learn,2,0.2,"[[1, 1], [1, 0], [1, 2], [1, 3]]",[]
E2c_h0.01_e0.1_L2_alibi_learn_attn_cf0.2_s2,ablate_L1H3,55.38138051694653,24.535750931010575,3.533627374249141,1.4102967725068862,-0.6089549791400454,0.9916790815926456,0.0428415244115148,0.18295237189374824,0.9000881541843088,1.1588457822799683,1.3463164567947388,0.01,0.1,2,0,alibi_learn,2,0.2,"[[1, 1], [1, 0], [1, 2], [1, 3]]",[]
E2c_h0.01_e0.1_L2_alibi_learn_attn_cf0.2_s2,ablate_all_late,3.4995034959710107,3.0560975491309827,9.800604011425225,0.08413641334378294,3.2468366303614206e-05,-0.0303961197169756,,,,4.294023513793945,4.293896675109863,0.01,0.1,2,0,alibi_learn,2,0.2,"[[1, 1], [1, 0], [1, 2], [1, 3]]",[]
E2c_h0.01_e0.1_L2_alibi_learn_attn_cf0.2_s2,ablate_control,60.731410184656035,21.141101993104037,2.254159906218465,1.4637715189351834,-0.6809901892307347,0.9999999999999248,0.04096960659810701,0.14946480370462556,0.9161382031950863,1.0931470394134521,1.284527063369751,0.01,0.1,2,0,alibi_learn,2,0.2,"[[1, 1], [1, 0], [1, 2], [1, 3]]",[]
E2c_h0.01_e0.1_L2_alibi_learn_attn_cf0.2_s2,ablate_copy,3.4995034959710107,3.0560975491309827,9.800604011425225,0.08413641334378294,3.2468366303614206e-05,-0.0303961197169756,,,,4.294023513793945,4.293896675109863,0.01,0.1,2,0,alibi_learn,2,0.2,"[[1, 1], [1, 0], [1, 2], [1, 3]]",[]
E2c_h0.01_e0.1_L2_alibi_learn_attn_cf0.2_s2,base,60.7314824274506,21.141171499980732,2.254165976580153,1.463770734877991,-0.6809883494861424,1.0,0.040969598835361706,0.14946486462081568,0.9161381627066822,1.0931470394134521,1.2845269441604614,0.01,0.1,2,0,alibi_learn,2,0.2,"[[1, 1], [1, 0], [1, 2], [1, 3]]",[]
E2c_h0.01_e0.1_L2_alibi_learn_attn_cf0.2_s2,slope_copy_x0.5,96.45131742085736,39.70732891015091,9.63718840953442,1.1413458920350033,0.0351736854894885,0.9848835898571437,0.0356967011302918,0.14269328613384405,0.9022692548028022,1.115025520324707,1.3050422668457031,0.01,0.1,2,0,alibi_learn,2,0.2,"[[1, 1], [1, 0], [1, 2], [1, 3]]",[]
E2c_h0.01_e0.1_L2_alibi_learn_attn_cf0.2_s2,slope_copy_x2.0,36.222377042446496,8.50210081283304,0.0,1.9112813544925302,-1.4339010802962417,0.9749525854637563,0.06320871354746596,0.1518757859738755,0.9268429457241563,1.1165839433670044,1.306514859199524,0.01,0.1,2,0,alibi_learn,2,0.2,"[[1, 1], [1, 0], [1, 2], [1, 3]]",[]
E2c_h0.01_e0.1_L2_alibi_learn_attn_cf0.2_s2,slope_late_x0.5,96.45131742085736,39.70732891015091,9.63718840953442,1.1413458920350033,0.0351736854894885,0.9848835898571437,0.0356967011302918,0.14269328613384405,0.9022692548028022,1.115025520324707,1.3050422668457031,0.01,0.1,2,0,alibi_learn,2,0.2,"[[1, 1], [1, 0], [1, 2], [1, 3]]",[]
E2c_h0.01_e0.1_L2_alibi_learn_attn_cf0.2_s2,slope_late_x2.0,36.222377042446496,8.50210081283304,0.0,1.9112813544925302,-1.4339010802962417,0.9749525854637563,0.06320871354746596,0.1518757859738755,0.9268429457241563,1.1165839433670044,1.306514859199524,0.01,0.1,2,0,alibi_learn,2,0.2,"[[1, 1], [1, 0], [1, 2], [1, 3]]",[]
E2c_h0.01_e0.1_L3_alibi_learn_attn_cf0.2_s0,ablate_L1H0,58.311651825356776,15.417765053934708,0.0,1.808120730066938,-0.6911561322797622,0.9529191127937284,0.04613536950166637,0.09477175661798062,0.8793803404485788,1.0922712087631226,1.2837045192718506,0.01,0.1,3,0,alibi_learn,0,0.2,"[[2, 0], [2, 1], [2, 2]]","[[1, 3], [1, 2], [1, 1]]"
E2c_h0.01_e0.1_L3_alibi_learn_attn_cf0.2_s0,ablate_L1H1,inf,61.79408998608802,24.885186455840582,1.409615621602695,0.7043934031722269,0.9781465802860418,0.03327009602020555,0.15760700629876856,0.959663808450992,1.0758076906204224,1.268481969833374,0.01,0.1,3,0,alibi_learn,0,0.2,"[[2, 0], [2, 1], [2, 2]]","[[1, 3], [1, 2], [1, 1]]"
E2c_h0.01_e0.1_L3_alibi_learn_attn_cf0.2_s0,ablate_L1H2,119.23226951210859,34.59370015921041,0.0,1.517305732904268,-0.4051141426898539,0.9654150235923693,0.021233202737256693,0.08461683166774243,0.8524129579275639,1.1064196825027466,1.2969820499420166,0.01,0.1,3,0,alibi_learn,0,0.2,"[[2, 0], [2, 1], [2, 2]]","[[1, 3], [1, 2], [1, 1]]"
E2c_h0.01_e0.1_L3_alibi_learn_attn_cf0.2_s0,ablate_L1H3,114.89850324653494,42.535325276577794,17.14702852030005,1.533499590520348,0.23688802176288196,0.9702505894294312,0.03750664681304418,0.16341067450183686,0.9825643455846627,1.0749229192733765,1.2728617191314697,0.01,0.1,3,0,alibi_learn,0,0.2,"[[2, 0], [2, 1], [2, 2]]","[[1, 3], [1, 2], [1, 1]]"
E2c_h0.01_e0.1_L3_alibi_learn_attn_cf0.2_s0,ablate_L2H0,31.862976219799172,6.525127216084823,0.0,1.766128399392723,-1.473434693163394,0.9498968820981868,0.043845639525055956,0.06106883473946532,0.9809984299379522,1.2442642450332642,1.4276835918426514,0.01,0.1,3,0,alibi_learn,0,0.2,"[[2, 0], [2, 1], [2, 2]]","[[1, 3], [1, 2], [1, 1]]"
E2c_h0.01_e0.1_L3_alibi_learn_attn_cf0.2_s0,ablate_L2H1,inf,44.23342536220683,12.772042737268132,1.4818607320277286,0.028955127278875028,0.9807213071327194,0.024802941204535054,0.14977336839023103,0.951270538554118,1.258787751197815,1.4407879114151,0.01,0.1,3,0,alibi_learn,0,0.2,"[[2, 0], [2, 1], [2, 2]]","[[1, 3], [1, 2], [1, 1]]"
E2c_h0.01_e0.1_L3_alibi_learn_attn_cf0.2_s0,ablate_L2H2,inf,58.211227582156035,10.78919064020577,1.576138319414375,0.21208545808414264,0.9852982214550681,0.022859853940629567,0.11354490156535389,0.9194821442514346,1.1059117317199707,1.2964580059051514,0.01,0.1,3,0,alibi_learn,0,0.2,"[[2, 0], [2, 1], [2, 2]]","[[1, 3], [1, 2], [1, 1]]"
E2c_h0.01_e0.1_L3_alibi_learn_attn_cf0.2_s0,ablate_L2H3,97.89855241377806,26.77088171338596,5.311465936604145,1.8580871007538267,-0.46998309570231606,0.9992878270421651,0.03109746375617373,0.11192196498451978,0.9638374151541729,1.2363682985305786,1.4192097187042236,0.01,0.1,3,0,alibi_learn,0,0.2,"[[2, 0], [2, 1], [2, 2]]","[[1, 3], [1, 2], [1, 1]]"
E2c_h0.01_e0.1_L3_alibi_learn_attn_cf0.2_s0,ablate_all_late,0.0,0.0,0.0,0.0896501981520227,0.008570181605006968,0.020152238634715002,,,,4.329227924346924,4.330678939819336,0.01,0.1,3,0,alibi_learn,0,0.2,"[[2, 0], [2, 1], [2, 2]]","[[1, 3], [1, 2], [1, 1]]"
E2c_h0.01_e0.1_L3_alibi_learn_attn_cf0.2_s0,ablate_control,inf,83.93039305740719,55.85412260625092,1.4980323683204395,1.1298746627622418,0.8856833111617788,0.041419440007018964,0.2559888399202335,0.9490665464184332,1.1290721893310547,1.3222852945327759,0.01,0.1,3,0,alibi_learn,0,0.2,"[[2, 0], [2, 1], [2, 2]]","[[1, 3], [1, 2], [1, 1]]"
E2c_h0.01_e0.1_L3_alibi_learn_attn_cf0.2_s0,ablate_copy,0.0,0.0,0.0,1.1591181848863406,-1.1591181848863406,0.8535282093931661,1.0000000000000052e-05,0.0003990818821040477,0.8792030627386292,2.799896001815796,2.8852109909057617,0.01,0.1,3,0,alibi_learn,0,0.2,"[[2, 0], [2, 1], [2, 2]]","[[1, 3], [1, 2], [1, 1]]"
E2c_h0.01_e0.1_L3_alibi_learn_attn_cf0.2_s0,base,113.07123900581469,30.053564234915804,5.959901912936967,1.6371284780491675,-0.300771629038666,1.0,0.028219782366117867,0.10674063768219143,0.9649023355860085,1.0726178884506226,1.2652651071548462,0.01,0.1,3,0,alibi_learn,0,0.2,"[[2, 0], [2, 1], [2, 2]]","[[1, 3], [1, 2], [1, 1]]"
E2c_h0.01_e0.1_L3_alibi_learn_attn_cf0.2_s0,slope_copy_x0.5,inf,61.550584979035605,20.338295184561908,1.4341996095276304,0.46731887691255125,0.9866923457887583,0.0213222467749172,0.1157454019059004,0.9555256151847824,1.07964289188385,1.27183997631073,0.01,0.1,3,0,alibi_learn,0,0.2,"[[2, 0], [2, 1], [2, 2]]","[[1, 3], [1, 2], [1, 1]]"
E2c_h0.01_e0.1_L3_alibi_learn_attn_cf0.2_s0,slope_copy_x2.0,55.89232384762766,10.667866291343708,0.0,2.0950906343891154,-1.238222201820463,0.9750436812008917,0.043293469012057176,0.10485324528411259,0.9519266208322776,1.0895947217941284,1.2812570333480835,0.01,0.1,3,0,alibi_learn,0,0.2,"[[2, 0], [2, 1], [2, 2]]","[[1, 3], [1, 2], [1, 1]]"
E2c_h0.01_e0.1_L3_alibi_learn_attn_cf0.2_s0,slope_late_x0.5,inf,inf,65.18313244957852,1.6432784624131662,1.3578755548223853,0.9526886423844094,0.020871241050910965,0.16881362019949048,0.9301415915996751,1.0969029664993286,1.288028359413147,0.01,0.1,3,0,alibi_learn,0,0.2,"[[2, 0], [2, 1], [2, 2]]","[[1, 3], [1, 2], [1, 1]]"
E2c_h0.01_e0.1_L3_alibi_learn_attn_cf0.2_s0,slope_late_x2.0,23.083863308541897,0.0,0.0,2.7149837472076928,-2.3470164385757277,0.9317103668114465,0.05752414469594937,0.06849565906457286,0.9587166837972015,1.1164406538009644,1.3064016103744507,0.01,0.1,3,0,alibi_learn,0,0.2,"[[2, 0], [2, 1], [2, 2]]","[[1, 3], [1, 2], [1, 1]]"
E2c_h0.01_e0.1_L3_alibi_learn_attn_cf0.2_s1,ablate_L1H0,42.61806037568492,2.8028146784896433,0.0,2.216009637873088,-1.5613304685269083,0.9379086686651337,0.04298370356474417,0.05129951594157328,0.9020405261541977,1.0908153057098389,1.2833255529403687,0.01,0.1,3,0,alibi_learn,1,0.2,"[[2, 0], [2, 1], [2, 2]]","[[1, 3], [1, 2], [1, 1]]"
E2c_h0.01_e0.1_L3_alibi_learn_attn_cf0.2_s1,ablate_L1H1,inf,58.226576796632926,25.158649082364434,1.426951325881029,0.6824584363992992,0.9711328308794576,0.034280418002619134,0.15751053632168246,0.9494092898929604,1.076804280281067,1.2698125839233398,0.01,0.1,3,0,alibi_learn,1,0.2,"[[2, 0], [2, 1], [2, 2]]","[[1, 3], [1, 2], [1, 1]]"
E2c_h0.01_e0.1_L3_alibi_learn_attn_cf0.2_s1,ablate_L1H2,89.30930243085973,11.726142220181465,0.0,1.6984853659856267,-0.9973481288678678,0.9781418470464978,0.021576166189703514,0.06444356007339111,0.8991456951656902,1.1030783653259277,1.2938989400863647,0.01,0.1,3,0,alibi_learn,1,0.2,"[[2, 0], [2, 1], [2, 2]]","[[1, 3], [1, 2], [1, 1]]"
E2c_h0.01_e0.1_L3_alibi_learn_attn_cf0.2_s1,ablate_L1H3,118.47468513141092,42.13756301300114,17.305798680264793,1.552817800115528,0.18923631367007537,0.9688455402185626,0.03685911198339486,0.1550576238749089,0.9820786244221269,1.076185703277588,1.269230842590332,0.01,0.1,3,0,alibi_learn,1,0.2,"[[2, 0], [2, 1], [2, 2]]","[[1, 3], [1, 2], [1, 1]]"
E2c_h0.01_e0.1_L3_alibi_learn_attn_cf0.2_s1,ablate_L2H0,31.13478389861994,5.073011274850127,0.0,1.7369191719751274,-1.4597488749506218,0.9531038041403513,0.04820905329162534,0.05948689532680783,0.9803374908301442,1.2333542108535767,1.4175469875335693,0.01,0.1,3,0,alibi_learn,1,0.2,"[[2, 0], [2, 1], [2, 2]]","[[1, 3], [1, 2], [1, 1]]"
E2c_h0.01_e0.1_L3_alibi_learn_attn_cf0.2_s1,ablate_L2H1,inf,39.79029453476764,9.248515620012054,1.5830173223678554,-0.16536412428000144,0.9862799521169617,0.023975689676507924,0.12940298912877182,0.9505090112839245,1.2611163854599,1.4448401927947998,0.01,0.1,3,0,alibi_learn,1,0.2,"[[2, 0], [2, 1], [2, 2]]","[[1, 3], [1, 2], [1, 1]]"
E2c_h0.01_e0.1_L3_alibi_learn_attn_cf0.2_s1,ablate_L2H2,inf,45.236578599727366,0.0,1.6357924321865929,-0.08959741587750614,0.9885206467493475,0.022599953009494796,0.10169874073848192,0.9236297411815535,1.1042289733886719,1.2951018810272217,0.01,0.1,3,0,alibi_learn,1,0.2,"[[2, 0], [2, 1], [2, 2]]","[[1, 3], [1, 2], [1, 1]]"
E2c_h0.01_e0.1_L3_alibi_learn_attn_cf0.2_s1,ablate_L2H3,85.16888222185833,20.37148743191209,2.0592538833246636,1.905222684610635,-0.7512225351030273,0.9992991880478937,0.031057281570787902,0.10111103553218764,0.9608672114130382,1.2224862575531006,1.4064146280288696,0.01,0.1,3,0,alibi_learn,1,0.2,"[[2, 0], [2, 1], [2, 2]]","[[1, 3], [1, 2], [1, 1]]"
E2c_h0.01_e0.1_L3_alibi_learn_attn_cf0.2_s1,ablate_all_late,3.9121292187792576,0.0,0.0,0.07481896611196655,-0.019547354696052417,0.1889141558580682,,,,4.301407814025879,4.304281234741211,0.01,0.1,3,0,alibi_learn,1,0.2,"[[2, 0], [2, 1], [2, 2]]","[[1, 3], [1, 2], [1, 1]]"
E2c_h0.01_e0.1_L3_alibi_learn_attn_cf0.2_s1,ablate_control,inf,84.06402310303507,57.01850226049626,1.5369332691521518,1.1689725500265402,0.859037509533567,0.04146491279378397,0.26651392711229577,0.9473263622317587,1.1178441047668457,1.3104811906814575,0.01,0.1,3,0,alibi_learn,1,0.2,"[[2, 0], [2, 1], [2, 2]]","[[1, 3], [1, 2], [1, 1]]"
E2c_h0.01_e0.1_L3_alibi_learn_attn_cf0.2_s1,ablate_copy,0.0,0.0,0.0,1.2223733464987683,-1.2223733464987683,0.8777971832175555,8.18234209995035e-05,0.0018238571003542398,0.8870663818399618,2.817157030105591,2.9018478393554688,0.01,0.1,3,0,alibi_learn,1,0.2,"[[2, 0], [2, 1], [2, 2]]","[[1, 3], [1, 2], [1, 1]]"
E2c_h0.01_e0.1_L3_alibi_learn_attn_cf0.2_s1,base,104.76835229380154,25.161192300055816,4.192399487479708,1.6815181356588644,-0.47032426024920176,0.9999999999999999,0.028191025490936182,0.09740324783246417,0.962357035517309,1.0729923248291016,1.2656352519989014,0.01,0.1,3,0,alibi_learn,1,0.2,"[[2, 0], [2, 1], [2, 2]]","[[1, 3], [1, 2], [1, 1]]"
E2c_h0.01_e0.1_L3_alibi_learn_attn_cf0.2_s1,slope_copy_x0.5,inf,59.23923955034601,18.265034776028745,1.4570705789374188,0.3304288690809959,0.9869425914653623,0.018823715294169256,0.10195679210703018,0.944451876078572,1.079707384109497,1.2719563245773315,0.01,0.1,3,0,alibi_learn,1,0.2,"[[2, 0], [2, 1], [2, 2]]","[[1, 3], [1, 2], [1, 1]]"
E2c_h0.01_e0.1_L3_alibi_learn_attn_cf0.2_s1,slope_copy_x2.0,48.09132754197528,9.799710715337746,0.0,2.1658760849386454,-1.4286023250647955,0.9736409086145427,0.04705665191815649,0.09785801918489062,0.9564018439777107,1.097633719444275,1.2887251377105713,0.01,0.1,3,0,alibi_learn,1,0.2,"[[2, 0], [2, 1], [2, 2]]","[[1, 3], [1, 2], [1, 1]]"
E2c_h0.01_e0.1_L3_alibi_learn_attn_cf0.2_s1,slope_late_x0.5,inf,125.71593476670296,50.5747252897472,1.5556742970698647,1.152217018418014,0.9631066655754368,0.019506770407365367,0.14526167059540815,0.9308183743846176,1.0969688892364502,1.288125991821289,0.01,0.1,3,0,alibi_learn,1,0.2,"[[2, 0], [2, 1], [2, 2]]","[[1, 3], [1, 2], [1, 1]]"
E2c_h0.01_e0.1_L3_alibi_learn_attn_cf0.2_s1,slope_late_x2.0,22.03560397162975,0.0,0.0,2.655393930817289,-2.2970663887847746,0.9385041643874881,0.06021075512876596,0.0681922247976902,0.9571015980984104,1.118533730506897,1.3083510398864746,0.01,0.1,3,0,alibi_learn,1,0.2,"[[2, 0], [2, 1], [2, 2]]","[[1, 3], [1, 2], [1, 1]]"
E2c_h0.01_e0.1_L3_alibi_learn_attn_cf0.2_s2,ablate_L1H0,66.67505279192861,10.962438823133285,0.0,1.9103600933283036,-0.8492940546878215,0.9371036321108664,0.03746863331009935,0.0645769022455543,0.855492240501773,1.092057228088379,1.2838265895843506,0.01,0.1,3,0,alibi_learn,2,0.2,"[[2, 0], [2, 1], [2, 2]]","[[1, 3], [1, 2], [1, 1]]"
E2c_h0.01_e0.1_L3_alibi_learn_attn_cf0.2_s2,ablate_L1H1,inf,57.80422500464773,19.151749127557103,1.4088628679913069,0.5831151557421046,0.9815550205492554,0.030347818682971702,0.13944574035821217,0.9523212903165224,1.0754668712615967,1.2680845260620117,0.01,0.1,3,0,alibi_learn,2,0.2,"[[2, 0], [2, 1], [2, 2]]","[[1, 3], [1, 2], [1, 1]]"
E2c_h0.01_e0.1_L3_alibi_learn_attn_cf0.2_s2,ablate_L1H2,126.80848336257726,27.559093705520745,0.0,1.6182824707024597,-0.5434445630858785,0.9715821890012412,0.017121451749281626,0.06474243723756115,0.8888010213558853,1.1085501909255981,1.2991626262664795,0.01,0.1,3,0,alibi_learn,2,0.2,"[[2, 0], [2, 1], [2, 2]]","[[1, 3], [1, 2], [1, 1]]"
E2c_h0.01_e0.1_L3_alibi_learn_attn_cf0.2_s2,ablate_L1H3,113.98066190939497,42.86926211418549,18.17312680810687,1.5496481016411312,0.27586883565943154,0.950074046470002,0.04054870689802297,0.1727842723289789,0.9845626764966051,1.0769740343093872,1.2696622610092163,0.01,0.1,3,0,alibi_learn,2,0.2,"[[2, 0], [2, 1], [2, 2]]","[[1, 3], [1, 2], [1, 1]]"
E2c_h0.01_e0.1_L3_alibi_learn_attn_cf0.2_s2,ablate_L2H0,36.59544441924621,8.11767446559149,0.0,1.8767801396482224,-1.5768797229642846,0.9599669450320292,0.0381543232959734,0.0555188291880686,0.9788486566305212,1.2423659563064575,1.4266116619110107,0.01,0.1,3,0,alibi_learn,2,0.2,"[[2, 0], [2, 1], [2, 2]]","[[1, 3], [1, 2], [1, 1]]"
E2c_h0.01_e0.1_L3_alibi_learn_attn_cf0.2_s2,ablate_L2H1,inf,39.29624328866899,9.902375266410349,1.5127344538757046,-0.14150873174159123,0.9830608515365648,0.02326045883608789,0.13082678647316714,0.956407914296572,1.2420076131820679,1.4251832962036133,0.01,0.1,3,0,alibi_learn,2,0.2,"[[2, 0], [2, 1], [2, 2]]","[[1, 3], [1, 2], [1, 1]]"
E2c_h0.01_e0.1_L3_alibi_learn_attn_cf0.2_s2,ablate_L2H2,inf,55.890360087358786,4.866505641194815,1.6251879797117519,0.12172178734493043,0.9872860859764789,0.02104608444606002,0.09792918337996308,0.9308555598345317,1.1141571998596191,1.3043787479400635,0.01,0.1,3,0,alibi_learn,2,0.2,"[[2, 0], [2, 1], [2, 2]]","[[1, 3], [1, 2], [1, 1]]"
E2c_h0.01_e0.1_L3_alibi_learn_attn_cf0.2_s2,ablate_L2H3,96.89962702717278,22.712731551935,3.3268576393712994,1.9062818785397602,-0.6944048434961587,0.999075940895844,0.029561114156374323,0.10057578436902549,0.9670475963041275,1.2404303550720215,1.4231128692626953,0.01,0.1,3,0,alibi_learn,2,0.2,"[[2, 0], [2, 1], [2, 2]]","[[1, 3], [1, 2], [1, 1]]"
E2c_h0.01_e0.1_L3_alibi_learn_attn_cf0.2_s2,ablate_all_late,38.021963705195,5.018402170606366,0.0,0.07209073452811156,-0.0068329077080956525,0.05657699944698977,,,,4.296136856079102,4.296664714813232,0.01,0.1,3,0,alibi_learn,2,0.2,"[[2, 0], [2, 1], [2, 2]]","[[1, 3], [1, 2], [1, 1]]"
E2c_h0.01_e0.1_L3_alibi_learn_attn_cf0.2_s2,ablate_control,inf,97.64609822604973,67.46072637642541,1.5746512176202876,1.30968435028834,0.8577815510115173,0.04332177492288189,0.2527126993489294,0.9481962502282051,1.137307047843933,1.326277256011963,0.01,0.1,3,0,alibi_learn,2,0.2,"[[2, 0], [2, 1], [2, 2]]","[[1, 3], [1, 2], [1, 1]]"
E2c_h0.01_e0.1_L3_alibi_learn_attn_cf0.2_s2,ablate_copy,0.0,0.0,0.0,1.0885449925969755,-1.068233244719782,0.8937246061164699,0.0006550987781100803,0.005980476568617623,0.911546716441148,2.7962300777435303,2.8816633224487305,0.01,0.1,3,0,alibi_learn,2,0.2,"[[2, 0], [2, 1], [2, 2]]","[[1, 3], [1, 2], [1, 1]]"
E2c_h0.01_e0.1_L3_alibi_learn_attn_cf0.2_s2,base,114.3234951359205,26.689772054284326,3.9415198322849037,1.707961386867932,-0.45355548270578894,0.9999999999999999,0.026316567136723357,0.09481613456154547,0.969091731418538,1.0742887258529663,1.2670378684997559,0.01,0.1,3,0,alibi_learn,2,0.2,"[[2, 0], [2, 1], [2, 2]]","[[1, 3], [1, 2], [1, 1]]"
E2c_h0.01_e0.1_L3_alibi_learn_attn_cf0.2_s2,slope_copy_x0.5,inf,56.68154400928095,16.811209696739024,1.4463810016001974,0.30653795999075684,0.9886354750111687,0.01940171904758606,0.10002803624436245,0.9614263996587734,1.0813859701156616,1.2736797332763672,0.01,0.1,3,0,alibi_learn,2,0.2,"[[2, 0], [2, 1], [2, 2]]","[[1, 3], [1, 2], [1, 1]]"
E2c_h0.01_e0.1_L3_alibi_learn_attn_cf0.2_s2,slope_copy_x2.0,56.86784569302874,11.521558095362657,0.0,2.200332842833762,-1.3850237679933863,0.976662596671251,0.042601264215984196,0.09559150003823581,0.9603389995158342,1.0915659666061401,1.2832491397857666,0.01,0.1,3,0,alibi_learn,2,0.2,"[[2, 0], [2, 1], [2, 2]]","[[1, 3], [1, 2], [1, 1]]"
E2c_h0.01_e0.1_L3_alibi_learn_attn_cf0.2_s2,slope_late_x0.5,inf,inf,64.06927310456753,1.592165844232243,1.3056318341987208,0.9560760813620945,0.017625022489427405,0.1452195525345604,0.9257555773811721,1.097616195678711,1.2889102697372437,0.01,0.1,3,0,alibi_learn,2,0.2,"[[2, 0], [2, 1], [2, 2]]","[[1, 3], [1, 2], [1, 1]]"
E2c_h0.01_e0.1_L3_alibi_learn_attn_cf0.2_s2,slope_late_x2.0,18.488946326630085,0.0,0.0,2.9089912615184272,-2.5925162181790387,0.925246392330236,0.06166039106526647,0.05973914613176517,0.968328403524007,1.1204171180725098,1.3102905750274658,0.01,0.1,3,0,alibi_learn,2,0.2,"[[2, 0], [2, 1], [2, 2]]","[[1, 3], [1, 2], [1, 1]]"
E2c_h0.03_e0.2_L2_alibi_learn_attn_cf0.2_s0,ablate_L1H0,24.048651598933713,15.760544796677634,0.0,0.8846796767320484,-0.6135123347797032,0.9784148329765001,0.08805580047703292,0.25888234105520214,0.8969451014737606,2.1268534660339355,2.254093647003174,0.03,0.2,2,0,alibi_learn,0,0.2,"[[1, 1], [1, 0]]","[[1, 3], [1, 2]]"
E2c_h0.03_e0.2_L2_alibi_learn_attn_cf0.2_s0,ablate_L1H1,33.79529179492062,15.255194859931123,5.807649209743571,0.8188239454424807,-0.5047322473089609,0.9759681197483039,0.07563916751934889,0.2795705269197679,0.8714485890944014,2.1649792194366455,2.2896504402160645,0.03,0.2,2,0,alibi_learn,0,0.2,"[[1, 1], [1, 0]]","[[1, 3], [1, 2]]"
E2c_h0.03_e0.2_L2_alibi_learn_attn_cf0.2_s0,ablate_L1H2,47.65116823003678,34.958984765162086,25.48655938353127,1.7817512153248702,0.641470333162163,0.9943417561336166,0.10016265802294222,0.4269416186151255,0.9414673755542923,2.1605770587921143,2.2853517532348633,0.03,0.2,2,0,alibi_learn,0,0.2,"[[1, 1], [1, 0]]","[[1, 3], [1, 2]]"
E2c_h0.03_e0.2_L2_alibi_learn_attn_cf0.2_s0,ablate_L1H3,32.924453298912006,18.710387062557345,12.117873972321322,1.3636373421509884,-0.6341295536341411,0.9992083249967669,0.10358469933689309,0.4057286662742612,0.9194058579289952,2.1337008476257324,2.260883092880249,0.03,0.2,2,0,alibi_learn,0,0.2,"[[1, 1], [1, 0]]","[[1, 3], [1, 2]]"
E2c_h0.03_e0.2_L2_alibi_learn_attn_cf0.2_s0,ablate_all_late,2.5457995413634804,0.0,0.0,0.07587497594899364,-0.010753410535731487,0.05208133069822428,,,,4.311519622802734,4.3127217292785645,0.03,0.2,2,0,alibi_learn,0,0.2,"[[1, 1], [1, 0]]","[[1, 3], [1, 2]]"
E2c_h0.03_e0.2_L2_alibi_learn_attn_cf0.2_s0,ablate_control,43.38708568990902,31.873802872138928,23.28771349742976,2.14112386200577,0.47226747324956314,0.990716142511068,0.10056003689817468,0.4433295543444378,0.9441856456429625,2.2537777423858643,2.373229742050171,0.03,0.2,2,0,alibi_learn,0,0.2,"[[1, 1], [1, 0]]","[[1, 3], [1, 2]]"
E2c_h0.03_e0.2_L2_alibi_learn_attn_cf0.2_s0,ablate_copy,0.0,0.0,0.0,0.9227683959927943,-0.9227683959927943,0.7836873784053334,0.029181973900632777,0.09191444023488324,0.7566898326714262,2.230252981185913,2.3509225845336914,0.03,0.2,2,0,alibi_learn,0,0.2,"[[1, 1], [1, 0]]","[[1, 3], [1, 2]]"
E2c_h0.03_e0.2_L2_alibi_learn_attn_cf0.2_s0,base,36.39437034241518,21.163432236831152,15.36422379648011,1.1753022300545126,-0.3534697911236435,1.0,0.09147808883246375,0.32777049637590855,0.9215437698909267,1.9351458549499512,2.0740299224853516,0.03,0.2,2,0,alibi_learn,0,0.2,"[[1, 1], [1, 0]]","[[1, 3], [1, 2]]"
E2c_h0.03_e0.2_L2_alibi_learn_attn_cf0.2_s0,slope_copy_x0.5,66.38918506939038,42.34645523871986,26.851533697635833,1.0169915778096765,0.11707059270702302,0.9368197440995132,0.050468383830919464,0.35131693853186874,0.9294659548532113,1.9469953775405884,2.0851354598999023,0.03,0.2,2,0,alibi_learn,0,0.2,"[[1, 1], [1, 0]]","[[1, 3], [1, 2]]"
E2c_h0.03_e0.2_L2_alibi_learn_attn_cf0.2_s0,slope_copy_x2.0,18.892830170629857,10.165026363582756,4.421451377357408,1.3856389561135853,-0.9225239425099322,0.9216540884427565,0.14219660451042462,0.21266843793678145,0.9228699783047667,1.9437562227249146,2.082101821899414,0.03,0.2,2,0,alibi_learn,0,0.2,"[[1, 1], [1, 0]]","[[1, 3], [1, 2]]"
E2c_h0.03_e0.2_L2_alibi_learn_attn_cf0.2_s0,slope_late_x0.5,67.14515707237152,44.033142650704654,28.51720831406795,1.0702204116886216,0.18129123966874822,0.9367191163542634,0.0509807057408996,0.3578567985007356,0.9285785980140582,1.9885905981063843,2.1241424083709717,0.03,0.2,2,0,alibi_learn,0,0.2,"[[1, 1], [1, 0]]","[[1, 3], [1, 2]]"
E2c_h0.03_e0.2_L2_alibi_learn_attn_cf0.2_s0,slope_late_x2.0,17.991238283057303,9.292871247600894,3.6804845178228836,1.2532369220862165,-0.9134922168117815,0.9196939186579736,0.1444563818948292,0.21476399844836294,0.918522178696402,1.9978060722351074,2.1327810287475586,0.03,0.2,2,0,alibi_learn,0,0.2,"[[1, 1], [1, 0]]","[[1, 3], [1, 2]]"
E2c_h0.03_e0.2_L2_alibi_learn_attn_cf0.2_s1,ablate_L1H0,34.09267150686502,9.012170142610804,0.0,0.8717277204351765,-0.5849285362554448,0.971733420488962,0.08049055376943037,0.2329801916098411,0.8723810055805646,2.121464490890503,2.2488064765930176,0.03,0.2,2,0,alibi_learn,1,0.2,"[[1, 1], [1, 0]]","[[1, 3], [1, 2]]"
E2c_h0.03_e0.2_L2_alibi_learn_attn_cf0.2_s1,ablate_L1H1,15.619798251070364,21.739261344274084,3.5681623423482285,0.8258402424066195,-0.4950334253454847,0.9785712278647288,0.08464147746644304,0.29353612319899586,0.8989701740597713,2.152383804321289,2.2780184745788574,0.03,0.2,2,0,alibi_learn,1,0.2,"[[1, 1], [1, 0]]","[[1, 3], [1, 2]]"
E2c_h0.03_e0.2_L2_alibi_learn_attn_cf0.2_s1,ablate_L1H2,46.19337378428774,33.04706209518667,23.544525732356032,1.7161171914277864,0.547894701727533,0.9949025528495147,0.10309686020259554,0.4254615024928003,0.9389526579320123,2.157060146331787,2.2820932865142822,0.03,0.2,2,0,alibi_learn,1,0.2,"[[1, 1], [1, 0]]","[[1, 3], [1, 2]]"
E2c_h0.03_e0.2_L2_alibi_learn_attn_cf0.2_s1,ablate_L1H3,33.34319823928748,19.464079103498406,11.034506159853496,1.3752382507580998,-0.6398051176386487,0.9992528067750582,0.10453784867856844,0.39484535070337706,0.9196124095421123,2.1318843364715576,2.259352922439575,0.03,0.2,2,0,alibi_learn,1,0.2,"[[1, 1], [1, 0]]","[[1, 3], [1, 2]]"
E2c_h0.03_e0.2_L2_alibi_learn_attn_cf0.2_s1,ablate_all_late,3.070675286164049,2.0280325117447258,0.0,0.06937349707420383,5.285854318312236e-05,0.04125380968491502,,,,4.338871955871582,4.338803768157959,0.03,0.2,2,0,alibi_learn,1,0.2,"[[1, 1], [1, 0]]","[[1, 3], [1, 2]]"
E2c_h0.03_e0.2_L2_alibi_learn_attn_cf0.2_s1,ablate_control,42.40285710059083,29.80876414485482,21.911441604331593,2.1166177006172284,0.37199717414166245,0.9911697427056669,0.10296344097366819,0.4430682436907903,0.9405888680617146,2.2320683002471924,2.353166103363037,0.03,0.2,2,0,alibi_learn,1,0.2,"[[1, 1], [1, 0]]","[[1, 3], [1, 2]]"
E2c_h0.03_e0.2_L2_alibi_learn_attn_cf0.2_s1,ablate_copy,0.0,0.0,0.0,0.8449190604899611,-0.8449190604899611,0.7895034640449313,0.02758496076983789,0.08967278978023069,0.7887470197425795,2.226442337036133,2.3472039699554443,0.03,0.2,2,0,alibi_learn,1,0.2,"[[1, 1], [1, 0]]","[[1, 3], [1, 2]]"
E2c_h0.03_e0.2_L2_alibi_learn_attn_cf0.2_s1,base,36.376162711867934,21.775699886955664,12.9857835066999,1.1716658435429312,-0.36003042980363326,1.0,0.0914486004191839,0.3139447421171594,0.9242171304111316,1.9358524084091187,2.074646472930908,0.03,0.2,2,0,alibi_learn,1,0.2,"[[1, 1], [1, 0]]","[[1, 3], [1, 2]]"
E2c_h0.03_e0.2_L2_alibi_learn_attn_cf0.2_s1,slope_copy_x0.5,60.498826500060495,40.21274511355803,26.19260107970255,1.0255601566916863,0.09274797143215048,0.9432901764836479,0.05415579864175046,0.35401270155582976,0.9337700711931431,1.948042869567871,2.0860707759857178,0.03,0.2,2,0,alibi_learn,1,0.2,"[[1, 1], [1, 0]]","[[1, 3], [1, 2]]"
E2c_h0.03_e0.2_L2_alibi_learn_attn_cf0.2_s1,slope_copy_x2.0,18.50857303248103,10.417665798835023,4.398797445986736,1.3731344076804817,-0.9147491648660174,0.922427348732367,0.14721762093315405,0.21658670864613686,0.9276118568399372,1.948165774345398,2.086207866668701,0.03,0.2,2,0,alibi_learn,1,0.2,"[[1, 1], [1, 0]]","[[1, 3], [1, 2]]"
E2c_h0.03_e0.2_L2_alibi_learn_attn_cf0.2_s1,slope_late_x0.5,61.60997111546929,41.853976808168156,27.932854423796762,1.0780581343985562,0.1553003201593778,0.9429197690721958,0.05468257365841488,0.36050983817108945,0.9336186936998044,1.9875078201293945,2.123079299926758,0.03,0.2,2,0,alibi_learn,1,0.2,"[[1, 1], [1, 0]]","[[1, 3], [1, 2]]"
E2c_h0.03_e0.2_L2_alibi_learn_attn_cf0.2_s1,slope_late_x2.0,17.570566116552914,9.502720199454355,3.6864652253815935,1.2390815029087077,-0.9007074766892141,0.9197272180428365,0.14983294596089308,0.21852955973839067,0.9225496734934977,2.0063209533691406,2.140738010406494,0.03,0.2,2,0,alibi_learn,1,0.2,"[[1, 1], [1, 0]]","[[1, 3], [1, 2]]"
E2c_h0.03_e0.2_L2_alibi_learn_attn_cf0.2_s2,ablate_L1H0,18.747860962169234,0.0,0.0,0.9221292762085795,-0.7176722777741296,0.9689415547689654,0.09002325712034874,0.24721565416969665,0.8771466017660802,2.1433072090148926,2.269387722015381,0.03,0.2,2,0,alibi_learn,2,0.2,"[[1, 0], [1, 1]]","[[1, 3], [1, 2]]"
E2c_h0.03_e0.2_L2_alibi_learn_attn_cf0.2_s2,ablate_L1H1,36.18111468923991,21.885278747818244,11.631064085592769,0.8517785238301647,-0.5320746604286667,0.9774617717790182,0.07906004326162543,0.2773281518849105,0.8825189984139016,2.159968137741089,2.2850546836853027,0.03,0.2,2,0,alibi_learn,2,0.2,"[[1, 0], [1, 1]]","[[1, 3], [1, 2]]"
E2c_h0.03_e0.2_L2_alibi_learn_attn_cf0.2_s2,ablate_L1H2,46.64262793318207,33.72414590725329,22.47693297256791,1.7291667783366782,0.5205872322299651,0.9949478098137837,0.10563921993435162,0.42789454879705857,0.936740177181949,2.1680917739868164,2.2924675941467285,0.03,0.2,2,0,alibi_learn,2,0.2,"[[1, 0], [1, 1]]","[[1, 3], [1, 2]]"
E2c_h0.03_e0.2_L2_alibi_learn_attn_cf0.2_s2,ablate_L1H3,32.71385148244764,18.334060316311206,9.929526327201092,1.3833821481260071,-0.7425817739983488,0.9991188859996895,0.10872525630593753,0.40284847476589325,0.9178314582793277,2.136977195739746,2.264336585998535,0.03,0.2,2,0,alibi_learn,2,0.2,"[[1, 0], [1, 1]]","[[1, 3], [1, 2]]"
E2c_h0.03_e0.2_L2_alibi_learn_attn_cf0.2_s2,ablate_all_late,0.0,10.914996931510023,0.0,0.07034570896731955,0.0007181866094470024,0.024364369303222302,,,,4.2345170974731445,4.234849452972412,0.03,0.2,2,0,alibi_learn,2,0.2,"[[1, 0], [1, 1]]","[[1, 3], [1, 2]]"
E2c_h0.03_e0.2_L2_alibi_learn_attn_cf0.2_s2,ablate_control,42.565835626913604,30.457228139870928,20.980175685969268,2.1200030335624303,0.3467998104169965,0.9908512328886089,0.10637504349171098,0.4449130384780507,0.9405144880974037,2.237473487854004,2.3580613136291504,0.03,0.2,2,0,alibi_learn,2,0.2,"[[1, 0], [1, 1]]","[[1, 3], [1, 2]]"
E2c_h0.03_e0.2_L2_alibi_learn_attn_cf0.2_s2,ablate_copy,0.0,0.0,0.0,0.9336773984666381,-0.9336773984666381,0.801797703023004,0.03239265556483724,0.09857102632386729,0.7852481214001622,2.2448222637176514,2.3644237518310547,0.03,0.2,2,0,alibi_learn,2,0.2,"[[1, 0], [1, 1]]","[[1, 3], [1, 2]]"
E2c_h0.03_e0.2_L2_alibi_learn_attn_cf0.2_s2,base,35.93459807239439,20.481399312954725,11.868337275584794,1.187502435807671,-0.4510698084320341,0.9999999999999999,0.09392425730527748,0.3128920356921827,0.9206716402471906,1.9335980415344238,2.0725882053375244,0.03,0.2,2,0,alibi_learn,2,0.2,"[[1, 0], [1, 1]]","[[1, 3], [1, 2]]"
E2c_h0.03_e0.2_L2_alibi_learn_attn_cf0.2_s2,slope_copy_x0.5,55.405595887124,37.6741967236605,22.20230760479895,1.0154533179011196,0.012193482602015138,0.9419579719680008,0.055459982523398746,0.36722766882192287,0.9274840840492078,1.945508599281311,2.0837535858154297,0.03,0.2,2,0,alibi_learn,2,0.2,"[[1, 0], [1, 1]]","[[1, 3], [1, 2]]"
E2c_h0.03_e0.2_L2_alibi_learn_attn_cf0.2_s2,slope_copy_x2.0,17.516371604062403,9.838700797683883,3.6982066503121076,1.4137857090349175,-1.0065357524435967,0.9227783584391084,0.1510558360179296,0.21275926600263484,0.923381999066664,1.9444775581359863,2.082784652709961,0.03,0.2,2,0,alibi_learn,2,0.2,"[[1, 0], [1, 1]]","[[1, 3], [1, 2]]"
E2c_h0.03_e0.2_L2_alibi_learn_attn_cf0.2_s2,slope_late_x0.5,56.50825957523568,38.99758713283813,23.506417199470732,1.0750208862591535,0.08167742375683572,0.9421726851828831,0.05605648440942724,0.3745170305325283,0.9268038836213436,1.983376145362854,2.119281768798828,0.03,0.2,2,0,alibi_learn,2,0.2,"[[1, 0], [1, 1]]","[[1, 3], [1, 2]]"
E2c_h0.03_e0.2_L2_alibi_learn_attn_cf0.2_s2,slope_late_x2.0,16.639511083257215,9.103796327000348,2.985888113530682,1.2702226506413095,-0.9824060855566391,0.9204084512191566,0.15374530418133012,0.21556220016853897,0.9186157786610261,2.002354621887207,2.1370458602905273,0.03,0.2,2,0,alibi_learn,2,0.2,"[[1, 0], [1, 1]]","[[1, 3], [1, 2]]"
E2c_h0.03_e0.2_L3_alibi_learn_attn_cf0.2_s0,ablate_L1H0,55.4553011830984,36.923629209527014,23.779758869435817,1.105121579187523,0.08698325115256011,0.9907603896819928,0.0552532558623522,0.29049117293534454,0.9522393000913294,1.9176344871520996,2.057620048522949,0.03,0.2,3,0,alibi_learn,0,0.2,"[[2, 1], [2, 0], [2, 2]]","[[1, 3], [2, 3], [1, 2]]"
E2c_h0.03_e0.2_L3_alibi_learn_attn_cf0.2_s0,ablate_L1H1,12.475033022439067,0.0,0.0,1.446719126892276,-1.2560171925163428,0.6828311739323176,0.11483787768031821,0.05589417751364144,0.95635440777856,1.967331051826477,2.104279041290283,0.03,0.2,3,0,alibi_learn,0,0.2,"[[2, 1], [2, 0], [2, 2]]","[[1, 3], [2, 3], [1, 2]]"
E2c_h0.03_e0.2_L3_alibi_learn_attn_cf0.2_s0,ablate_L1H2,45.829567344173746,27.322821545313076,18.061080664258995,1.1278672038377928,-0.3599524031326707,0.9932671136835401,0.05472944405985443,0.26774848426639825,0.9404838443317801,1.9763654470443726,2.1127309799194336,0.03,0.2,3,0,alibi_learn,0,0.2,"[[2, 1], [2, 0], [2, 2]]","[[1, 3], [2, 3], [1, 2]]"
E2c_h0.03_e0.2_L3_alibi_learn_attn_cf0.2_s0,ablate_L1H3,55.72823718467128,33.63497081315846,18.54443233572296,1.1525738975698394,-0.1330766988519047,0.9993291300754772,0.05341405644519169,0.2360486450391849,0.9627131105486529,1.9239128828048706,2.0643136501312256,0.03,0.2,3,0,alibi_learn,0,0.2,"[[2, 1], [2, 0], [2, 2]]","[[1, 3], [2, 3], [1, 2]]"
E2c_h0.03_e0.2_L3_alibi_learn_attn_cf0.2_s0,ablate_L2H0,42.44225151018189,24.41529711493385,15.535853141723281,0.8556753926178706,-0.15678278962150216,0.9753844839358519,0.07760750571996843,0.22281513904626152,0.9271864583596974,1.961344838142395,2.0986647605895996,0.03,0.2,3,0,alibi_learn,0,0.2,"[[2, 1], [2, 0], [2, 2]]","[[1, 3], [2, 3], [1, 2]]"
E2c_h0.03_e0.2_L3_alibi_learn_attn_cf0.2_s0,ablate_L2H1,27.29664566825446,12.360007209484598,4.1916909605892005,0.8861126570596493,-0.58024266969213,0.9823292688242088,0.04568821047578159,0.1897772724247176,0.940269409082523,2.006166458129883,2.1406126022338867,0.03,0.2,3,0,alibi_learn,0,0.2,"[[2, 1], [2, 0], [2, 2]]","[[1, 3], [2, 3], [1, 2]]"
E2c_h0.03_e0.2_L3_alibi_learn_attn_cf0.2_s0,ablate_L2H2,57.01577594371438,36.036613221934715,20.185068262432683,1.340606668631413,-0.1862439724084522,0.9903564125689498,0.050375892059288795,0.25850169120343497,0.9553435072699997,2.1251256465911865,2.252149820327759,0.03,0.2,3,0,alibi_learn,0,0.2,"[[2, 1], [2, 0], [2, 2]]","[[1, 3], [2, 3], [1, 2]]"
E2c_h0.03_e0.2_L3_alibi_learn_attn_cf0.2_s0,ablate_L2H3,42.43269266792128,23.323456773020183,12.482304915866205,1.4237149160554898,-0.559145858278498,0.9997318023191104,0.05576428855296589,0.23160733525746624,0.9522634590545868,2.2103137969970703,2.3358993530273438,0.03,0.2,3,0,alibi_learn,0,0.2,"[[2, 1], [2, 0], [2, 2]]","[[1, 3], [2, 3], [1, 2]]"
E2c_h0.03_e0.2_L3_alibi_learn_attn_cf0.2_s0,ablate_all_late,0.0,4.527230145091946,2.468479974039175,0.041746175714901516,0.00038361815469605584,-0.05073756876866651,,,,4.20692253112793,4.20665168762207,0.03,0.2,3,0,alibi_learn,0,0.2,"[[2, 1], [2, 0], [2, 2]]","[[1, 3], [2, 3], [1, 2]]"
E2c_h0.03_e0.2_L3_alibi_learn_attn_cf0.2_s0,ablate_control,45.93203916244935,28.942148396149648,18.505954085528757,1.3681336275434919,-0.4435767327834453,0.9920840016400191,0.0539822312880724,0.27635407403035606,0.9460466030394751,2.180328607559204,2.3288679122924805,0.03,0.2,3,0,alibi_learn,0,0.2,"[[2, 1], [2, 0], [2, 2]]","[[1, 3], [2, 3], [1, 2]]"
E2c_h0.03_e0.2_L3_alibi_learn_attn_cf0.2_s0,ablate_copy,0.0,0.0,0.0,0.43386732657173915,-0.43386732657173915,0.8275752714857911,0.06013335092921353,0.09362155501245593,0.8690479533853059,3.120671272277832,3.185584545135498,0.03,0.2,3,0,alibi_learn,0,0.2,"[[2, 1], [2, 0], [2, 2]]","[[1, 3], [2, 3], [1, 2]]"
E2c_h0.03_e0.2_L3_alibi_learn_attn_cf0.2_s0,base,48.59868957856603,28.969164329953696,16.2654588405604,1.1843616978897313,-0.2728414834377223,1.0,0.055231268748707825,0.22973237636298122,0.9588531314154347,1.913191556930542,2.053466320037842,0.03,0.2,3,0,alibi_learn,0,0.2,"[[2, 1], [2, 0], [2, 2]]","[[1, 3], [2, 3], [1, 2]]"
E2c_h0.03_e0.2_L3_alibi_learn_attn_cf0.2_s0,slope_copy_x0.5,105.08271071899115,58.52254665289744,32.751515845018254,1.037100598615195,0.4235556625894138,0.9775899226955598,0.0386268169420681,0.23950604266679243,0.941771873820773,1.9259400367736816,2.0654296875,0.03,0.2,3,0,alibi_learn,0,0.2,"[[2, 1], [2, 0], [2, 2]]","[[1, 3], [2, 3], [1, 2]]"
E2c_h0.03_e0.2_L3_alibi_learn_attn_cf0.2_s0,slope_copy_x2.0,26.078970104319442,12.62534225205389,4.742011055622471,1.5176763209580844,-1.0318243314312505,0.96475266653974,0.09259230913676689,0.20874977817206725,0.9723474900541051,1.9663139581680298,2.103269577026367,0.03,0.2,3,0,alibi_learn,0,0.2,"[[2, 1], [2, 0], [2, 2]]","[[1, 3], [2, 3], [1, 2]]"
E2c_h0.03_e0.2_L3_alibi_learn_attn_cf0.2_s0,slope_late_x0.5,126.66679771902504,71.35472721614747,49.47601459292343,1.1304258190960224,0.6559725278389773,0.963021162645285,0.03691405364842092,0.2729778186994152,0.9513513110524636,1.960233211517334,2.0975852012634277,0.03,0.2,3,0,alibi_learn,0,0.2,"[[2, 1], [2, 0], [2, 2]]","[[1, 3], [2, 3], [1, 2]]"
E2c_h0.03_e0.2_L3_alibi_learn_attn_cf0.2_s0,slope_late_x2.0,20.393786084645487,8.519300757370084,0.0,1.5225154547286885,-1.2003772733733058,0.936447219225178,0.10303690505487245,0.17715825140305533,0.9754613120706711,1.9837716817855835,2.1196370124816895,0.03,0.2,3,0,alibi_learn,0,0.2,"[[2, 1], [2, 0], [2, 2]]","[[1, 3], [2, 3], [1, 2]]"
E2c_h0.03_e0.2_L3_alibi_learn_attn_cf0.2_s1,ablate_L1H0,57.90377132416835,35.712030242538034,20.166953246167353,1.115819993628455,-0.05063804505126817,0.9940603532043628,0.05320278549356407,0.2596830919623865,0.9592971421954369,1.9174572229385376,2.057321548461914,0.03,0.2,3,0,alibi_learn,1,0.2,"[[2, 1], [2, 0], [2, 2]]","[[1, 3], [1, 0], [2, 3]]"
E2c_h0.03_e0.2_L3_alibi_learn_attn_cf0.2_s1,ablate_L1H1,24.525852192153895,5.676690763767864,0.0,1.3073654140212707,-0.949344061847244,0.899578416029882,0.08450368782672851,0.11590359360024838,0.923254071667909,1.9443970918655396,2.08270525932312,0.03,0.2,3,0,alibi_learn,1,0.2,"[[2, 1], [2, 0], [2, 2]]","[[1, 3], [1, 0], [2, 3]]"
E2c_h0.03_e0.2_L3_alibi_learn_attn_cf0.2_s1,ablate_L1H2,61.805656425389145,35.006836016170965,17.235581823687802,1.1678396385063283,-0.20000244319505459,0.9915229781957461,0.05002563722459923,0.24784361983004563,0.9343318598939749,1.9646692276000977,2.1016242504119873,0.03,0.2,3,0,alibi_learn,1,0.2,"[[2, 1], [2, 0], [2, 2]]","[[1, 3], [1, 0], [2, 3]]"
E2c_h0.03_e0.2_L3_alibi_learn_attn_cf0.2_s1,ablate_L1H3,52.17939874674325,29.221013732762124,15.72643241361312,1.2021895385114476,-0.2819570240930521,0.9999287535095409,0.05429818764699087,0.2192897576964379,0.9641177741559056,1.9147206544876099,2.055062770843506,0.03,0.2,3,0,alibi_learn,1,0.2,"[[2, 1], [2, 0], [2, 2]]","[[1, 3], [1, 0], [2, 3]]"
E2c_h0.03_e0.2_L3_alibi_learn_attn_cf0.2_s1,ablate_L2H0,42.80144493049272,21.528934759493026,10.217412053819784,0.8721548633516899,-0.32149409536006196,0.9702218597140967,0.07668321878025841,0.19340611597106036,0.9460772719581095,1.9558076858520508,2.0932934284210205,0.03,0.2,3,0,alibi_learn,1,0.2,"[[2, 1], [2, 0], [2, 2]]","[[1, 3], [1, 0], [2, 3]]"
E2c_h0.03_e0.2_L3_alibi_learn_attn_cf0.2_s1,ablate_L2H1,51.75758611721409,17.389620139426356,6.654548241905635,0.7930492877827159,-0.3365958110828485,0.9796452975800793,0.038687780828870415,0.18711685531085545,0.9320129585328946,1.9997131824493408,2.1345865726470947,0.03,0.2,3,0,alibi_learn,1,0.2,"[[2, 1], [2, 0], [2, 2]]","[[1, 3], [1, 0], [2, 3]]"
E2c_h0.03_e0.2_L3_alibi_learn_attn_cf0.2_s1,ablate_L2H2,64.7659506871524,38.30989466476777,20.04418997788485,1.4815803931892984,-0.0926118520354586,0.9908020584373655,0.04983182710652056,0.24846794692690805,0.9617590020101774,2.1350202560424805,2.2613203525543213,0.03,0.2,3,0,alibi_learn,1,0.2,"[[2, 1], [2, 0], [2, 2]]","[[1, 3], [1, 0], [2, 3]]"
E2c_h0.03_e0.2_L3_alibi_learn_attn_cf0.2_s1,ablate_L2H3,43.08667734204923,20.851110718509048,9.943366438200314,1.4607147998176515,-0.7027307931067688,0.9992903983021397,0.054925079137518804,0.22268009568389857,0.9540816701249596,2.2733654975891113,2.3986175060272217,0.03,0.2,3,0,alibi_learn,1,0.2,"[[2, 1], [2, 0], [2, 2]]","[[1, 3], [1, 0], [2, 3]]"
E2c_h0.03_e0.2_L3_alibi_learn_attn_cf0.2_s1,ablate_all_late,2.0507067658298257,0.0,7.901447057772203,0.057226321327367,-0.019510387908667326,0.09665922808618677,,,,4.252500534057617,4.253079891204834,0.03,0.2,3,0,alibi_learn,1,0.2,"[[2, 1], [2, 0], [2, 2]]","[[1, 3], [1, 0], [2, 3]]"
E2c_h0.03_e0.2_L3_alibi_learn_attn_cf0.2_s1,ablate_control,44.3409027962065,25.51310494023916,16.155021584184915,1.3293919337780349,-0.4544781049314354,0.9926492945066466,0.05560686254304296,0.26531898776454393,0.9518014927900484,2.2840769290924072,2.4155917167663574,0.03,0.2,3,0,alibi_learn,1,0.2,"[[2, 1], [2, 0], [2, 2]]","[[1, 3], [1, 0], [2, 3]]"
E2c_h0.03_e0.2_L3_alibi_learn_attn_cf0.2_s1,ablate_copy,46.197435157420855,0.0,0.0,0.21512778911606542,-0.1555621851169105,0.810653589350364,0.024992561453800105,0.06678299009016868,0.8779165490615041,3.2052526473999023,3.26481294631958,0.03,0.2,3,0,alibi_learn,1,0.2,"[[2, 1], [2, 0], [2, 2]]","[[1, 3], [1, 0], [2, 3]]"
E2c_h0.03_e0.2_L3_alibi_learn_attn_cf0.2_s1,base,53.466338314766695,30.414496253757,15.130035687586961,1.1871085915980595,-0.28182719913976534,0.9999999999999999,0.05325295083930391,0.21777984748890405,0.9635868686374176,1.912162184715271,2.0523841381073,0.03,0.2,3,0,alibi_learn,1,0.2,"[[2, 1], [2, 0], [2, 2]]","[[1, 3], [1, 0], [2, 3]]"
E2c_h0.03_e0.2_L3_alibi_learn_attn_cf0.2_s1,slope_copy_x0.5,113.58115716384114,66.11869640289046,28.586579088580585,1.0492911215904834,0.39731882547494024,0.9837196701509121,0.03802837027148471,0.21998718845224957,0.9527292237837829,1.9213911294937134,2.061051607131958,0.03,0.2,3,0,alibi_learn,1,0.2,"[[2, 1], [2, 0], [2, 2]]","[[1, 3], [1, 0], [2, 3]]"
E2c_h0.03_e0.2_L3_alibi_learn_attn_cf0.2_s1,slope_copy_x2.0,31.087402024677374,13.418632709063383,4.258376457518441,1.5218139687619572,-1.0243546981031872,0.9741380848002404,0.08444448907329916,0.19730345437915664,0.9702189411919437,1.9884443283081055,2.1239142417907715,0.03,0.2,3,0,alibi_learn,1,0.2,"[[2, 1], [2, 0], [2, 2]]","[[1, 3], [1, 0], [2, 3]]"
E2c_h0.03_e0.2_L3_alibi_learn_attn_cf0.2_s1,slope_late_x0.5,123.71928791582579,82.18507307068057,53.00778988844666,1.1229385858667749,0.693717310205102,0.9646116866968861,0.034640464170607656,0.26479031140064485,0.9485681052555665,1.9615660905838013,2.0987300872802734,0.03,0.2,3,0,alibi_learn,1,0.2,"[[2, 1], [2, 0], [2, 2]]","[[1, 3], [1, 0], [2, 3]]"
E2c_h0.03_e0.2_L3_alibi_learn_attn_cf0.2_s1,slope_late_x2.0,20.956456590520876,7.280587924676749,0.0,1.7336283041762985,-1.4702376712978418,0.9298011631796222,0.09729720308577738,0.15346381012749688,0.9719345941455255,2.0484416484832764,2.1801669597625732,0.03,0.2,3,0,alibi_learn,1,0.2,"[[2, 1], [2, 0], [2, 2]]","[[1, 3], [1, 0], [2, 3]]"
E2c_h0.03_e0.2_L3_alibi_learn_attn_cf0.2_s2,ablate_L1H0,64.38102394251462,39.67420722437155,27.499050269730283,1.0612908599432558,0.16362217444527363,0.9811840792033897,0.05474806555567004,0.29986526415702475,0.9462868548194172,1.9229674339294434,2.0625953674316406,0.03,0.2,3,0,alibi_learn,2,0.2,"[[2, 1], [2, 0], [2, 2]]","[[1, 3], [2, 3], [1, 2]]"
E2c_h0.03_e0.2_L3_alibi_learn_attn_cf0.2_s2,ablate_L1H1,11.34824647315488,0.0,0.0,1.4806546459772758,-1.3443602068083627,0.6036214345427913,0.10500254961068338,0.039638084133270614,0.9263348353292813,1.9746556282043457,2.1110503673553467,0.03,0.2,3,0,alibi_learn,2,0.2,"[[2, 1], [2, 0], [2, 2]]","[[1, 3], [2, 3], [1, 2]]"
E2c_h0.03_e0.2_L3_alibi_learn_attn_cf0.2_s2,ablate_L1H2,43.64804316005837,20.837073846160227,7.333811260630166,1.1788125281454995,-0.6283982377333034,0.9958661123063255,0.05290102757301698,0.2164930440796188,0.9335190230701313,1.9835206270217896,2.119389295578003,0.03,0.2,3,0,alibi_learn,2,0.2,"[[2, 1], [2, 0], [2, 2]]","[[1, 3], [2, 3], [1, 2]]"
E2c_h0.03_e0.2_L3_alibi_learn_attn_cf0.2_s2,ablate_L1H3,55.55060676090941,32.792515958035594,17.45535204966168,1.1499226848827675,-0.13956645807983087,0.9960415960066752,0.056031214163369626,0.24224904081248397,0.9693341752808441,1.9266067743301392,2.066786050796509,0.03,0.2,3,0,alibi_learn,2,0.2,"[[2, 1], [2, 0], [2, 2]]","[[1, 3], [2, 3], [1, 2]]"
E2c_h0.03_e0.2_L3_alibi_learn_attn_cf0.2_s2,ablate_L2H0,45.92491874100263,26.471030858816366,13.653081897062096,0.857637584226073,-0.13135999356329972,0.9795878082982623,0.07111549107209868,0.21510290939017498,0.9284196854304303,1.9561741352081299,2.0937435626983643,0.03,0.2,3,0,alibi_learn,2,0.2,"[[2, 1], [2, 0], [2, 2]]","[[1, 3], [2, 3], [1, 2]]"
E2c_h0.03_e0.2_L3_alibi_learn_attn_cf0.2_s2,ablate_L2H1,22.899612242312536,11.756430404499039,2.697381628477301,0.9404155579728207,-0.6891873217786529,0.9781430411568091,0.05137213990404262,0.173157101824741,0.9394583306275957,2.0164690017700195,2.1503236293792725,0.03,0.2,3,0,alibi_learn,2,0.2,"[[2, 1], [2, 0], [2, 2]]","[[1, 3], [2, 3], [1, 2]]"
E2c_h0.03_e0.2_L3_alibi_learn_attn_cf0.2_s2,ablate_L2H2,62.28431874267871,35.219393246838806,18.250046153876088,1.2933437565474637,-0.26633443171158433,0.9891506221456731,0.049148899683806986,0.24362395118860314,0.9516613789886712,2.138249397277832,2.2644572257995605,0.03,0.2,3,0,alibi_learn,2,0.2,"[[2, 1], [2, 0], [2, 2]]","[[1, 3], [2, 3], [1, 2]]"
E2c_h0.03_e0.2_L3_alibi_learn_attn_cf0.2_s2,ablate_L2H3,40.82020345826725,20.973264897799563,8.949107707126384,1.4429356380132958,-0.7076441696013457,0.9995132313764009,0.055434664800270046,0.21795798975517974,0.9498616060377895,2.194185256958008,2.3200130462646484,0.03,0.2,3,0,alibi_learn,2,0.2,"[[2, 1], [2, 0], [2, 2]]","[[1, 3], [2, 3], [1, 2]]"
E2c_h0.03_e0.2_L3_alibi_learn_attn_cf0.2_s2,ablate_all_late,4.981427022883788,2.9933774595792033,0.0,0.029693575043763434,-0.0007186683693102428,-0.13196260306394797,,,,4.184459686279297,4.185041427612305,0.03,0.2,3,0,alibi_learn,2,0.2,"[[2, 1], [2, 0], [2, 2]]","[[1, 3], [2, 3], [1, 2]]"
E2c_h0.03_e0.2_L3_alibi_learn_attn_cf0.2_s2,ablate_control,40.73990688378964,21.836742011637238,10.41621833484968,1.4830748089921795,-0.7260774675024939,0.9924297368283455,0.05743399076720704,0.25274073522517543,0.9503077019481844,2.1626551151275635,2.3052048683166504,0.03,0.2,3,0,alibi_learn,2,0.2,"[[2, 1], [2, 0], [2, 2]]","[[1, 3], [2, 3], [1, 2]]"
E2c_h0.03_e0.2_L3_alibi_learn_attn_cf0.2_s2,ablate_copy,0.0,0.0,0.0,0.40011626003043993,-0.40011626003043993,0.8420915193977219,0.06310575066626341,0.10184440586562804,0.9033456225066441,3.0802934169769287,3.1477913856506348,0.03,0.2,3,0,alibi_learn,2,0.2,"[[2, 1], [2, 0], [2, 2]]","[[1, 3], [2, 3], [1, 2]]"
E2c_h0.03_e0.2_L3_alibi_learn_attn_cf0.2_s2,base,49.90191997356709,27.138279751135475,12.332124142937461,1.1733834987140395,-0.3488243494482179,0.9999999999999999,0.054588134499655584,0.2161988286386267,0.9586607854153126,1.9134219884872437,2.053645610809326,0.03,0.2,3,0,alibi_learn,2,0.2,"[[2, 1], [2, 0], [2, 2]]","[[1, 3], [2, 3], [1, 2]]"
E2c_h0.03_e0.2_L3_alibi_learn_attn_cf0.2_s2,slope_copy_x0.5,106.91202671548062,64.07329671514081,31.98777673356027,1.0030084496995966,0.36935009369959254,0.9715187283431524,0.036024112270909917,0.22537909595936095,0.9348241853533146,1.9239448308944702,2.063523769378662,0.03,0.2,3,0,alibi_learn,2,0.2,"[[2, 1], [2, 0], [2, 2]]","[[1, 3], [2, 3], [1, 2]]"
E2c_h0.03_e0.2_L3_alibi_learn_attn_cf0.2_s2,slope_copy_x2.0,25.389655103705273,12.908114185068124,3.458151076174885,1.5502476613037288,-1.1198112608731858,0.9568745947230981,0.0956178462554557,0.19660852311766633,0.9743809737171771,1.971136212348938,2.1077566146850586,0.03,0.2,3,0,alibi_learn,2,0.2,"[[2, 1], [2, 0], [2, 2]]","[[1, 3], [2, 3], [1, 2]]"
E2c_h0.03_e0.2_L3_alibi_learn_attn_cf0.2_s2,slope_late_x0.5,inf,74.88247715822665,49.538244010273,1.1210139532008074,0.6552284285259832,0.9536978874824549,0.03535517613139725,0.26820087160683925,0.9534505821910283,1.956963062286377,2.094486951828003,0.03,0.2,3,0,alibi_learn,2,0.2,"[[2, 1], [2, 0], [2, 2]]","[[1, 3], [2, 3], [1, 2]]"
E2c_h0.03_e0.2_L3_alibi_learn_attn_cf0.2_s2,slope_late_x2.0,19.263876609509435,8.11529133461571,0.0,1.6021067982073873,-1.3294409954853887,0.922992486860716,0.10567257871013296,0.15877475980713057,0.9759935577565545,2.002377510070801,2.1370482444763184,0.03,0.2,3,0,alibi_learn,2,0.2,"[[2, 1], [2, 0], [2, 2]]","[[1, 3], [2, 3], [1, 2]]"
