run,layout,h,eps,layers,mlp,pe,seed,conflict_frac,y_mean,y_sd,bayes_mean,r2.bayes_true,mae.bayes_true,predsd.bayes_true,r2.bayes_free,mae.bayes_free,predsd.bayes_free,r2.counter,mae.counter,predsd.counter,r2.counter2,mae.counter2,predsd.counter2,r2.additive,mae.additive,predsd.additive,fit_h,fit_eps,bayes_check,refit_h,refit_eps,refit_r2
E1_h0.01_e0.1_L2_alibi_learn_attn_s0,sp4,0.01,0.1,2,0,alibi_learn,0,0.0,-0.3859169823782785,2.65016831641955,-0.3764293525620546,0.7250239599006676,1.0301673654089885,2.2565742966184095,0.9369704241351395,0.5072860241596728,2.565289589341349,0.644828837605443,1.3621353104937004,2.128117893571266,0.8017649021201677,0.9973146154083684,2.372995846070272,0.5422405692647326,1.582955199435278,1.9515040712572027,0.058308735408943387,0.21948217816785487,,,,
E1_h0.01_e0.1_L2_alibi_learn_attn_s0,sp2,0.01,0.1,2,0,alibi_learn,0,0.0,-0.20236931834369898,2.6753165638964056,-0.36613205118627196,0.6554878448934387,1.1618538423534346,2.269877923005539,0.9160918633017807,0.6255179582869984,2.6721380088921713,0.6272821911391474,1.418914931530097,2.344652659465369,0.789061617419206,1.0396061429291839,2.5501621031174952,0.38630068328462774,1.798238165298536,2.578744765834465,0.058308735408943387,0.21948217816785487,4.440892098500626e-16,0.0626822163529029,0.2533172308995249,0.9291008872704296
E1_h0.01_e0.1_L2_alibi_learn_attn_s0,sp8,0.01,0.1,2,0,alibi_learn,0,0.0,-0.6227717060662273,2.4905698254113626,-0.39606243579986977,0.7831686373395557,0.8028543566057612,2.232460579753236,0.9209983195672414,0.5364142697033231,2.377909043919041,0.6393426475363546,1.3036706387281949,1.7852337250245671,0.78365942357032,0.9345711871090092,2.1100902609213557,0.5050064554019948,1.5809223661681977,1.4937794149178005,0.058308735408943387,0.21948217816785487,1.7763568394002505e-15,0.04951562503172617,0.18514270406655753,0.9394285222341927
E1_h0.01_e0.1_L2_alibi_learn_attn_s0,swap4,0.01,0.1,2,0,alibi_learn,0,0.0,-2.0339992557253157,0.08546842755846845,-2.193320974716503,-7.891115430563106,0.23980828647790986,0.0036568636555683095,-60.81786709263959,0.6646238355149331,0.033228259799821545,-6619.544930119248,6.58265474575782,2.2637262918431906,-4242.555689936811,4.955873285519149,2.8902081788499414,-876.5795167621442,1.8743942881208302,1.9515040712572027,0.058308735408943387,0.21948217816785487,4.440892098500626e-16,0.5,0.24140435435056756,0.24972769466686384
E1_h0.01_e0.1_L2_alibi_learn_attn_s1,sp4,0.01,0.1,2,0,alibi_learn,1,0.0,-0.42909644331250874,2.496605638467641,-0.3764293525620546,0.5647096386099715,1.260387585270114,1.876128354977503,0.9475809157080779,0.43807005992066134,2.430289994763062,0.7181400044576725,1.144763611677747,2.115698965114159,0.8655920968920254,0.7412220064354657,2.322571546728022,0.5399058087054607,1.5035791222578185,1.834462958323783,0.06727586843582539,0.3249339075411878,,,,
E1_h0.01_e0.1_L2_alibi_learn_attn_s1,sp2,0.01,0.1,2,0,alibi_learn,1,0.0,-0.3186699692159891,2.5360891950378606,-0.36613205118627196,0.5362978952245874,1.3320947839730195,1.8871890635596769,0.9314817741536328,0.5130741853813922,2.4954520772552655,0.7086386668006686,1.1884066314506434,2.2278302320085306,0.8732474648319958,0.6819325277652027,2.318571014027535,0.34836010754035807,1.718258303054972,2.525775125622824,0.06727586843582539,0.3249339075411878,4.440892098500626e-16,0.06521948246884908,0.35119897053600874,0.9366991965267623
E1_h0.01_e0.1_L2_alibi_learn_attn_s1,sp8,0.01,0.1,2,0,alibi_learn,1,0.0,-0.6128029707553131,2.339856097800309,-0.39606243579986977,0.6239918703973986,1.0359300934744797,1.8560800773637565,0.9357883047921411,0.4625746433227732,2.2895206067683014,0.7366068983395647,1.0431187944677007,1.9365995235636975,0.8248729524327263,0.7848730505642205,2.363792761815379,0.4662177937180999,1.582220912791776,1.2292989728993,0.06727586843582539,0.3249339075411878,1.7763568394002505e-15,0.06836410361747587,0.27268958198874,0.9554546674902997
E1_h0.01_e0.1_L2_alibi_learn_attn_s1,swap4,0.01,0.1,2,0,alibi_learn,1,0.0,-2.054216073027679,0.09113622542728206,-2.193320974716503,-0.38859165241214866,0.08773237754097012,0.0030403366752779636,-19.85932450737666,0.39180750835427125,0.13089094486407374,-1366.640235445926,2.686038808147924,2.115699514874322,-689.3553263875325,1.7783743706628736,2.0851268015276547,-688.3992739759319,1.728724541763589,1.834462958323783,0.06727586843582539,0.3249339075411878,4.440892098500626e-16,0.09206697914263906,0.5,0.6541190966628032
E1_h0.01_e0.1_L2_alibi_learn_attn_s2,sp4,0.01,0.1,2,0,alibi_learn,2,0.0,-0.24649138110024588,2.6685856267769963,-0.3764293525620546,0.7059343941802134,1.0695623504877043,2.242143029946534,0.9394642501807258,0.5001016460071693,2.5865523433680115,0.6277473136252416,1.401469382359625,2.1143342160029404,0.7902144711678688,1.0297303332156662,2.372212637067331,0.5212953252546944,1.6299815835484488,1.9267319317747638,0.05952167295798662,0.23384829118619369,,,,
E1_h0.01_e0.1_L2_alibi_learn_attn_s2,sp2,0.01,0.1,2,0,alibi_learn,2,0.0,-0.10764970377619777,2.7032829693756786,-0.36613205118627196,0.6576953853689531,1.1696967095915378,2.255361576848187,0.925306044435137,0.5906964207351134,2.687832996933156,0.6167212367469532,1.4507857577661498,2.316087206366033,0.7784121560649626,1.0797704062100808,2.5349064167988877,0.37088950667676,1.8440836302200299,2.5646886596019796,0.05952167295798662,0.23384829118619369,4.440892098500626e-16,0.063554464511639,0.2564093864309816,0.9316015791230081
E1_h0.01_e0.1_L2_alibi_learn_attn_s2,sp8,0.01,0.1,2,0,alibi_learn,2,0.0,-0.44760545768908094,2.511090143572938,-0.39606243579986977,0.7747434728241656,0.8677644242090861,2.218183525366351,0.9289699948234291,0.5163362781919131,2.4023848282129405,0.6284509936217855,1.317623380901995,1.79307908030065,0.7703098655374149,0.9717216693680628,2.132011783293088,0.4763961096795172,1.6497493813008586,1.453020996082427,0.05952167295798662,0.23384829118619369,1.7763568394002505e-15,0.050476586747895874,0.19962850668701315,0.943434763932437
E1_h0.01_e0.1_L2_alibi_learn_attn_s2,swap4,0.01,0.1,2,0,alibi_learn,2,0.0,-2.0223937949963977,0.07832704300047207,-2.193320974716503,-1.6476857102797946,0.10522359535493678,0.003633477244283183,-86.41706954247161,0.7257249783069847,0.04108186265954374,-8028.463929177454,6.653739428989491,2.239968803077333,-5068.593217520128,4.99011235418557,2.9109669927273063,-1109.9210352376454,1.9380400686064658,1.9267319317747638,0.05952167295798662,0.23384829118619369,4.440892098500626e-16,0.5530600448245955,0.27803913780303907,0.24831497845390338
E1_h0.01_e0.1_L2_alibi_learn_mlp_s0,sp4,0.01,0.1,2,1,alibi_learn,0,0.0,-0.2611358165740967,2.8887100034971867,-0.3764293525620546,0.7236595587679397,1.1293358153877215,2.4573730830394553,0.937313697539682,0.5691033842201205,2.796703506449301,0.6172592555450807,1.5382012019001667,2.2695392920253137,0.662042081520225,1.434250781854389,2.350381016444074,0.5101893681299188,1.715236577506555,2.063336224127612,0.048344591255200776,0.23994224113948381,,,,
E1_h0.01_e0.1_L2_alibi_learn_mlp_s0,sp2,0.01,0.1,2,1,alibi_learn,0,0.0,-0.18872383616066404,3.0784229715410447,-0.36613205118627196,0.6790062529670879,1.314327994355832,2.4718605180153546,0.9277089436818373,0.6516615017536543,2.8782676710657764,0.6010959692298874,1.6684038157647139,2.467109377293726,0.6354146993545364,1.5962998535226858,2.508945789405487,0.4266342828059996,1.9433239077813484,2.6336720644051574,0.048344591255200776,0.23994224113948381,4.440892098500626e-16,0.05016583260634007,0.261544350095037,0.9318401896847589
E1_h0.01_e0.1_L2_alibi_learn_mlp_s0,sp8,0.01,0.1,2,1,alibi_learn,0,0.0,-0.47295025257127626,2.681953862990817,-0.39606243579986977,0.8240569238321866,0.844919897501722,2.4311136335521017,0.9328659959854771,0.5402455052007343,2.6449603852391754,0.6399353430069116,1.3492583078665172,1.9420366357584293,0.6930118128075298,1.2486865063145085,1.9640032117872763,0.5271541069638425,1.572859836928263,1.4817942577045211,0.048344591255200776,0.23994224113948381,1.7763568394002505e-15,0.037938137303974835,0.19215997649945282,0.9539761313918208
E1_h0.01_e0.1_L2_alibi_learn_mlp_s0,swap4,0.01,0.1,2,1,alibi_learn,0,0.0,-2.195721230336598,0.026565794217458853,-2.193320974716503,-20.728950098562493,0.12129701492166192,0.0039822656532981495,-247.22498655858217,0.41674714948662184,0.04898079410815718,-80602.65650740592,7.130045745963117,2.449156893547547,-52773.16993578083,5.532144623481092,2.566037986827398,-11419.684646298769,2.165929461508948,2.063336224127612,0.048344591255200776,0.23994224113948381,4.440892098500626e-16,0.420721308319219,0.2397699609439476,0.5015061659318851
E1_h0.01_e0.1_L2_alibi_learn_mlp_s1,sp4,0.01,0.1,2,1,alibi_learn,1,0.0,-0.5079171316964286,2.9451097474014376,-0.3764293525620546,0.7513740238542472,1.0668094603013674,2.552875124172749,0.9449916658365118,0.5409661151621897,2.862961265314375,0.6518199630027448,1.4948339344848354,2.377745181096962,0.8055489441075413,1.0391689577378187,2.6395790531326386,0.5462170162574969,1.7153223594335287,2.1766274143578883,0.051399851910945156,0.2270989375130511,,,,
E1_h0.01_e0.1_L2_alibi_learn_mlp_s1,sp2,0.01,0.1,2,1,alibi_learn,1,0.0,-0.4705764848871955,3.1704266338458913,-0.36613205118627196,0.7023508913583829,1.2735210310690346,2.5679255911198755,0.935098364100845,0.6389073083329124,2.9606460352190225,0.6367513288286668,1.640208769893031,2.598585878891589,0.7935987644911593,1.126760793789904,2.651534287898626,0.4481697655832566,1.9891219467904517,2.7674085812617757,0.051399851910945156,0.2270989375130511,4.440892098500626e-16,0.05433076210317529,0.25004640323301164,0.939477997650952
E1_h0.01_e0.1_L2_alibi_learn_mlp_s1,sp8,0.01,0.1,2,1,alibi_learn,1,0.0,-0.6754752412837531,2.712544162326916,-0.39606243579986977,0.8521231468405099,0.7723128723450695,2.5255951414003253,0.9371191953665682,0.5372629228472593,2.6870296805587026,0.6780831100652984,1.3006992027863435,2.0157157808427635,0.7980772061596242,0.9576823196459484,2.672737795392687,0.5625829623723249,1.5936240593787983,1.6351754679747255,0.051399851910945156,0.2270989375130511,1.7763568394002505e-15,0.03871626717055536,0.17780846730977135,0.9582678665442075
E1_h0.01_e0.1_L2_alibi_learn_mlp_s1,swap4,0.01,0.1,2,1,alibi_learn,1,0.0,-2.1904709530728206,0.02858104060046073,-2.193320974716503,-251.374406249196,0.45322732908695,0.004137030308632643,-134.39803138231767,0.33105159690238356,0.041603354278742996,-70515.602433473,7.143387443743707,2.56465295239268,-39152.42956753322,5.111704606817612,3.2790840198062856,-9297.069237266154,2.0860047386642973,2.1766274143578883,0.051399851910945156,0.2270989375130511,4.440892098500626e-16,0.1197145347356477,0.3051537997785062,0.5018761654555288
E1_h0.01_e0.1_L2_alibi_learn_mlp_s2,sp4,0.01,0.1,2,1,alibi_learn,2,0.0,-0.36201088769095285,2.9112629182544496,-0.3764293525620546,0.7508339572833869,1.0556637159044417,2.522628985630631,0.9408171340675513,0.5543488030158501,2.823800674957469,0.6383488540198821,1.4964189763970062,2.326007951423193,0.799843484382347,1.0432478222700823,2.599295918226971,0.5343029833799853,1.700047536607038,2.128017659689551,0.05001729979483264,0.22679073343555037,,,,
E1_h0.01_e0.1_L2_alibi_learn_mlp_s2,sp2,0.01,0.1,2,1,alibi_learn,2,0.0,-0.22169879072212748,3.051291738966948,-0.36613205118627196,0.719567735813616,1.1887272009242456,2.537501136566881,0.924560943348567,0.6458203624672202,2.9171470841110216,0.6128638599747247,1.6507684062640742,2.543273568502035,0.78401333808358,1.1005890044306939,2.6087777447906366,0.4407319622685322,1.9003556882817658,2.708002278747418,0.05001729979483264,0.22679073343555037,4.440892098500626e-16,0.04872142929023877,0.2420566336114803,0.9291710392854243
E1_h0.01_e0.1_L2_alibi_learn_mlp_s2,sp8,0.01,0.1,2,1,alibi_learn,2,0.0,-0.6115037572370576,2.6716677196032435,-0.39606243579986977,0.8351318984035299,0.8080545292848177,2.4956722126112214,0.9403670554477829,0.5265554447263039,2.655567777234873,0.6636311552010754,1.3036617602336764,1.9692068842255175,0.8060167406797292,0.9322526087511206,2.634682852145206,0.5568822784606235,1.5485656587086356,1.5658556726259534,0.05001729979483264,0.22679073343555037,1.7763568394002505e-15,0.041442123525484195,0.18415592956439547,0.9623821170932798
E1_h0.01_e0.1_L2_alibi_learn_mlp_s2,swap4,0.01,0.1,2,1,alibi_learn,2,0.0,-2.21580040029117,0.02492869908890147,-2.193320974716503,-105.92084035301609,0.25668717547055336,0.004088015301716346,-368.32094647521905,0.4779047087877852,0.040924481743199834,-93525.84446162218,7.196365699312736,2.5154568102936405,-52721.92485719417,5.173097503258077,3.2133076690825133,-12868.664370265968,2.1512382650132804,2.128017659689551,0.05001729979483264,0.22679073343555037,4.440892098500626e-16,0.37301293189150647,0.268611940097263,0.4879444843318793
E1_h0.01_e0.1_L3_alibi_learn_attn_s0,sp4,0.01,0.1,3,0,alibi_learn,0,0.0,-1.3118877410888672,2.810818784065015,-0.3764293525620546,0.9161530347527937,0.6269686483218985,2.690400031774238,0.9598252801467173,0.46748452653881767,2.7537780844219686,0.8627321022738739,0.8327256641886571,2.610783302274803,0.8874521355380319,0.7298070411671718,2.6479227386839876,0.8628133484053754,0.7956020647668363,2.6109062352769907,0.018910490420860984,0.06551459446080464,,,,
E1_h0.01_e0.1_L3_alibi_learn_attn_s0,sp2,0.01,0.1,3,0,alibi_learn,0,0.0,-1.2798165581854326,2.8960115608105497,-0.36613205118627196,0.9187725171306707,0.647828360359268,2.706261276364448,0.9516443459228731,0.5379246986930667,2.852221680692123,0.7887008539757725,1.0559268996740179,3.196246795280818,-2.5820058935674397,5.24339093783976,2.493629408395995,0.8081516770400721,1.0000103015755348,2.7992176589878763,0.018910490420860984,0.06551459446080464,4.440892098500626e-16,0.02005119664869224,0.06592105637948126,0.9526951407793732
E1_h0.01_e0.1_L3_alibi_learn_attn_s0,sp8,0.01,0.1,3,0,alibi_learn,0,0.0,-1.2475094296969473,2.6791158062002114,-0.39606243579986977,0.9084643868386105,0.6350160062908433,2.661650460037346,0.9466234834684585,0.5085417236199972,2.6225337834072238,0.6644445480009465,1.2274988721256288,1.7776233365758665,-1.983933546464041,4.427528157263079,1.9073044281445921,0.7763716953896495,1.069016057810845,2.4766772294124313,0.018910490420860984,0.06551459446080464,1.7763568394002505e-15,0.019952190829567583,0.07717301635739474,0.9497270276683916
E1_h0.01_e0.1_L3_alibi_learn_attn_s0,swap4,0.01,0.1,3,0,alibi_learn,0,0.0,-2.1608794012240002,0.03209304446768263,-2.193320974716503,-1908.0589587719687,1.4018452964635173,0.0043598946021314025,-0.05316831270576139,0.02721122555909922,0.00121615839103532,-53614.541140952344,6.807017191463816,3.0014889980738797,-14756.302325355116,2.7549194540433333,3.0267770029357686,-7281.607461172223,2.2925340864609636,2.6109062352769907,0.018910490420860984,0.06551459446080464,4.440892098500626e-16,0.17550635555935717,0.5,0.31842251882316874
E1_h0.01_e0.1_L3_alibi_learn_attn_s1,sp4,0.01,0.1,3,0,alibi_learn,1,0.0,-0.942636353628976,2.717525939748613,-0.3764293525620546,0.9249056417547802,0.5821505593648189,2.613499447111884,0.9627441295427289,0.4337547440639483,2.666423558467494,0.8025036355046306,1.0153614925351264,2.4344294813072183,0.8604395253787571,0.841794539127992,2.52077378938293,0.766499028098542,1.114993783884317,2.379192065734468,0.03169860510983767,0.11578198803271941,,,,
E1_h0.01_e0.1_L3_alibi_learn_attn_s1,sp2,0.01,0.1,3,0,alibi_learn,1,0.0,-0.7691933637751001,2.8424304937875853,-0.36613205118627196,0.8952673499770096,0.7033703812447557,2.6289073245566676,0.9340603983774082,0.5782882225595535,2.7687276535850818,0.7442930843350175,1.1589592935979491,2.8241620568048815,0.8220550254455887,0.9788649879976331,2.8155396754449558,0.660865769995505,1.3461975695176034,2.747907038721737,0.03169860510983767,0.11578198803271941,4.440892098500626e-16,0.03839810159048125,0.13494831250151912,0.9438417629689018
E1_h0.01_e0.1_L3_alibi_learn_attn_s1,sp8,0.01,0.1,3,0,alibi_learn,1,0.0,-1.1168890961978053,2.613547806418658,-0.39606243579986977,0.9282624963573289,0.48122076230285626,2.5855716337935353,0.9606582093534676,0.39344313420157706,2.5210802863614283,0.7089346584668064,1.1716643478211555,1.8332706985009755,0.797031597142333,0.9330044022691144,2.0613868137563127,0.7476848245963524,1.1345150522226457,2.1235299998398576,0.03169860510983767,0.11578198803271941,1.7763568394002505e-15,0.026564277798653252,0.10178631640048914,0.9711908327332998
E1_h0.01_e0.1_L3_alibi_learn_attn_s1,swap4,0.01,0.1,3,0,alibi_learn,1,0.0,-2.1655004748276303,0.02935953270372258,-2.193320974716503,-1077.4471490297956,0.9636364259821291,0.004235274307747492,-86.06702634444807,0.2720018253251482,0.005564753246095602,-63290.51930732877,6.880497328576455,2.7080570196744675,-51080.651489093754,5.849868680047085,3.15289644005324,-8194.628061579819,2.1103665005023005,2.379192065734468,0.03169860510983767,0.11578198803271941,4.440892098500626e-16,0.03439034830727216,0.020261270162402933,0.3310015087842674
E1_h0.01_e0.1_L3_alibi_learn_attn_s2,sp4,0.01,0.1,3,0,alibi_learn,2,0.0,-0.9612067086356026,2.6657996171766123,-0.3764293525620546,0.9023059050168514,0.659426578697006,2.5322372962366035,0.9447644615061633,0.49781774714919697,2.5911304343194765,0.8270267416577767,0.9099113620298497,2.4243051003970986,0.8498748030825675,0.8315932682767299,2.4575648434776363,0.7882550513298129,1.0128240665806938,2.366796304327944,0.032233805189605017,0.10508923683721347,,,,
E1_h0.01_e0.1_L3_alibi_learn_attn_s2,sp2,0.01,0.1,3,0,alibi_learn,2,0.0,-0.855917800483959,2.7628496541728937,-0.36613205118627196,0.8798353173533403,0.7621419701877483,2.5471660929366142,0.9218238002035144,0.6114279541009956,2.7011983219431897,0.778405431708358,1.010105920999584,2.795944559243979,-0.6276264297053786,3.2424389663098134,2.44732684061509,0.6861718451444698,1.256353779253127,2.700993993168755,0.032233805189605017,0.10508923683721347,4.440892098500626e-16,0.040559618704470626,0.12312889966732113,0.9297058732736343
E1_h0.01_e0.1_L3_alibi_learn_attn_s2,sp8,0.01,0.1,3,0,alibi_learn,2,0.0,-1.13323746714741,2.5797968310570054,-0.39606243579986977,0.9039297083477268,0.5696348749274006,2.505177848963635,0.9429661640187627,0.46045040516609276,2.439507102173216,0.7409846878276012,1.1030125733554734,1.8463255931232971,-1.2503116508398562,3.6889370375602337,2.0369130156798967,0.7690457288418688,1.0481420101928303,2.128224089163489,0.032233805189605017,0.10508923683721347,1.7763568394002505e-15,0.02662183645693148,0.09210746623745275,0.9550132380756899
E1_h0.01_e0.1_L3_alibi_learn_attn_s2,swap4,0.01,0.1,3,0,alibi_learn,2,0.0,-2.171878958387034,0.08054537478701625,-2.193320974716503,-127.09447226664665,0.9078429234319562,0.00410358593101009,-27.229070954455818,0.4198983988446735,0.004103105652386683,-8282.448129744846,6.8253284199380415,2.715987324722101,-2973.869702903573,3.365451413342593,2.891369954727995,-1065.4788214265386,2.1066434415286706,2.366796304327944,0.032233805189605017,0.10508923683721347,4.440892098500626e-16,0.0001275512905954238,0.020261270162402933,0.27605244161840525
E1_h0.03_e0.2_L2_alibi_learn_attn_s0,sp4,0.03,0.2,2,0,alibi_learn,0,0.0,-0.8313043117523193,1.885940180293246,-0.20421121949863255,0.7985635668418031,0.6977130088627075,1.6853211053176742,0.9521790108603975,0.334271982045001,1.840294021572489,0.7102732449217801,0.8421747692370587,1.5894271988846111,0.8114170399097649,0.6883736777421959,1.6988302072589427,0.6016525652583926,1.0518229237809258,1.4628533812029427,0.0999316783032956,0.23228417112354938,,,,
E1_h0.03_e0.2_L2_alibi_learn_attn_s0,sp2,0.03,0.2,2,0,alibi_learn,0,0.0,-0.7168762359235968,2.0313750331767486,-0.19206990994029532,0.7911345546235484,0.7989634523211601,1.715829540609439,0.9300664742842797,0.4466649849804595,1.9745280823739053,0.6737685691745394,0.9741243791242763,1.7764736859182686,0.7849699583155563,0.7982057322579017,1.8941869825448803,0.32905615733292437,1.3875576606916513,2.1364303103763285,0.0999316783032956,0.23228417112354938,8.881784197001252e-16,0.10640480059123959,0.2781951760928503,0.94468719243323
E1_h0.03_e0.2_L2_alibi_learn_attn_s0,sp8,0.03,0.2,2,0,alibi_learn,0,0.0,-0.9662255080682891,1.5902165939366704,-0.2286100814529808,0.7274921336071307,0.630752757067982,1.6300074699992033,0.9236850281242022,0.3754265569817285,1.6028441736745302,0.7548861652838516,0.6668096828837154,1.316596215607185,0.7927353478785198,0.6136167272269573,1.4138946494669433,0.5354199551777004,0.92450370847433,1.0157111721729695,0.0999316783032956,0.23228417112354938,2.220446049250313e-16,0.08920745919356203,0.18662945905689288,0.9544342887179962
E1_h0.03_e0.2_L2_alibi_learn_attn_s0,swap4,0.03,0.2,2,0,alibi_learn,0,0.0,-1.3297817004578454,0.0765567815260995,-1.3886682910652046,-103.87889404410235,0.7798828663045876,0.0175933302401007,-7.676146417954621,0.20833591037107485,0.028908677991182297,-3613.426136126865,4.30406022583996,1.6535876653433748,-2356.9360238399713,3.225516257238732,1.9165740423458109,-395.62359723914005,1.0760178088426229,1.4628533812029427,0.0999316783032956,0.23228417112354938,4.440892098500626e-16,0.11679703211113682,0.5,0.19670222352179667
E1_h0.03_e0.2_L2_alibi_learn_attn_s1,sp4,0.03,0.2,2,0,alibi_learn,1,0.0,-0.7501512765884399,1.891754000957065,-0.20421121949863255,0.7931424700629435,0.7058369749389743,1.6847686161764093,0.9515814043746119,0.33085294294372847,1.8453877547485746,0.746630962576913,0.7881745909880742,1.6346232030597387,0.8342609246230863,0.6307195053552294,1.7274954384802141,0.6203244384342759,1.0310403930900967,1.4899582768541677,0.10543920105956639,0.2630821288401451,,,,
E1_h0.03_e0.2_L2_alibi_learn_attn_s1,sp2,0.03,0.2,2,0,alibi_learn,1,0.0,-0.6775029961551938,2.012150032670823,-0.19206990994029532,0.7893384244455905,0.7864709531806037,1.7152670500630043,0.9318239604533136,0.41817678455603857,1.9688858958649977,0.7153234908194042,0.9063858820105628,1.7940813397591977,0.8226907605199967,0.6672862423892484,1.9186370985496652,0.3136670229748646,1.3512515777366316,2.2014973318406352,0.10543920105956639,0.2630821288401451,8.881784197001252e-16,0.10550722803752924,0.300912121373976,0.9407234764145209
E1_h0.03_e0.2_L2_alibi_learn_attn_s1,sp8,0.03,0.2,2,0,alibi_learn,1,0.0,-0.8928427016362548,1.6039366971379403,-0.2286100814529808,0.7314752599886245,0.6309892504013851,1.6294731140094079,0.9207477417492421,0.366837498923767,1.6075843196041675,0.7929541945445114,0.5850315268921699,1.4012376309348338,0.8151367031790219,0.5858370276970161,1.4140821853448406,0.5373498518942699,0.9353909236559372,0.9800288989318972,0.10543920105956639,0.2630821288401451,2.220446049250313e-16,0.09885742819686688,0.21053184475110345,0.954645850510938
E1_h0.03_e0.2_L2_alibi_learn_attn_s1,swap4,0.03,0.2,2,0,alibi_learn,1,0.0,-1.3397161524210657,0.06484090995528778,-1.3886682910652046,-112.72088052783882,0.6883763016751121,0.017587562719664603,-15.038927056358308,0.2487902798488661,0.0441513263836016,-5272.534125956558,4.407274885566129,1.675314570805818,-899.9381189688414,1.5527958535183923,1.7299646298850704,-602.1783984928712,1.1029582741362973,1.4899582768541677,0.10543920105956639,0.2630821288401451,4.440892098500626e-16,0.08987076721115608,0.5,0.32073267318811993
E1_h0.03_e0.2_L2_alibi_learn_attn_s2,sp4,0.03,0.2,2,0,alibi_learn,2,0.0,-0.708010026386806,1.9001282606767242,-0.20421121949863255,0.8006258873113424,0.6884016916590971,1.7001910727543836,0.9501773915645723,0.3343818472635269,1.852188842151509,0.6960053139007212,0.8741031143835437,1.5852187308507146,0.8151370565601879,0.6767208289996225,1.7147028652388356,0.5724800772875913,1.0977802873638658,1.437682897576507,0.10245785274799427,0.26882995888365335,,,,
E1_h0.03_e0.2_L2_alibi_learn_attn_s2,sp2,0.03,0.2,2,0,alibi_learn,2,0.0,-0.6029219954673734,2.0247055924853417,-0.19206990994029532,0.7850417204175848,0.7961692694579591,1.730968690837429,0.9303677967469409,0.4233567121108992,1.9683669677190891,0.660949026768365,1.0053632650855844,1.7455455821921066,0.8030020034362321,0.721047704088401,1.9083690117089525,0.28586233164314157,1.4261112441865227,2.131966166522407,0.10245785274799427,0.26882995888365335,8.881784197001252e-16,0.10697418440538581,0.31784860753549277,0.9424908832200257
E1_h0.03_e0.2_L2_alibi_learn_attn_s2,sp8,0.03,0.2,2,0,alibi_learn,2,0.0,-0.8425802643676954,1.6532252275117345,-0.2286100814529808,0.7696026351087563,0.5759783823194198,1.644389392781754,0.9308153917417047,0.359548302455888,1.6250370127166642,0.7463396715345189,0.7088072692810411,1.3507136274511857,0.7812812806954631,0.6575832782210352,1.4000009169038148,0.4950505442019498,1.0443920111480218,0.9520505306955064,0.10245785274799427,0.26882995888365335,2.220446049250313e-16,0.09365119286579669,0.2204136032038578,0.9550769192324593
E1_h0.03_e0.2_L2_alibi_learn_attn_s2,swap4,0.03,0.2,2,0,alibi_learn,2,0.0,-1.3344952719552177,0.06799131456430428,-1.3886682910652046,-95.19053048039547,0.6631542696992307,0.0177485601526367,-13.463922456611547,0.2441954686143288,0.04771599025229111,-4661.523166948727,4.34678873570683,1.6295627993605135,-841.4479697877315,1.5777034438712891,1.726944461984063,-534.6141516426242,1.081805298823927,1.437682897576507,0.10245785274799427,0.26882995888365335,4.440892098500626e-16,0.6485464017913513,0.3864558971549225,0.2593841470455651
E1_h0.03_e0.2_L2_alibi_learn_mlp_s0,sp4,0.03,0.2,2,1,alibi_learn,0,0.0,-0.6912542922488812,2.133674657653085,-0.20421121949863255,0.8848407821437647,0.5254777788867157,2.0070618891863825,0.9670954022086731,0.32565845226918416,2.0982771838441674,0.662663152441594,1.0472650846418463,1.7368991825144893,0.7861527553914214,0.8462776298172935,1.8918280952490854,0.5537567448684092,1.2534816052768336,1.587775869438389,0.07993467135236011,0.25761507208820256,,,,
E1_h0.03_e0.2_L2_alibi_learn_mlp_s0,sp2,0.03,0.2,2,1,alibi_learn,0,0.0,-0.6576258517203054,2.3348138535182263,-0.19206990994029532,0.8674579445368011,0.64318127605929,2.0433946198331445,0.9515268217577568,0.41589763758240933,2.201244359791726,0.6490363359327183,1.1768231082559344,1.9026026780690006,0.7775021333892569,0.9326741477806719,2.040004010743646,0.3894720417478933,1.5291037831021994,2.1739114599658316,0.07993467135236011,0.25761507208820256,8.881784197001252e-16,0.08091035318202114,0.2893162859806778,0.9589411797951019
E1_h0.03_e0.2_L2_alibi_learn_mlp_s0,sp8,0.03,0.2,2,1,alibi_learn,0,0.0,-0.7382162303131606,1.8983733836639562,-0.2286100814529808,0.8816661773553882,0.4435788641565167,1.9411884547116327,0.9647615262070076,0.2974641806183775,1.9021557096289605,0.6763056032460735,0.9326703583446049,1.4769922568433278,0.7786411388321345,0.7697390628580699,1.665935671626612,0.46414924770903976,1.2379508964730346,1.1507720701830266,0.07993467135236011,0.25761507208820256,2.220446049250313e-16,0.07265818923355091,0.2240402845753229,0.9726489336899221
E1_h0.03_e0.2_L2_alibi_learn_mlp_s0,swap4,0.03,0.2,2,1,alibi_learn,0,0.0,-1.3891654397760118,0.02183491197772564,-1.3886682910652046,-1425.3695988063362,0.8244979295239483,0.02095203253395474,-9.47929565217632,0.06641769114192908,0.04605133120534523,-53565.75696094448,4.7120375203564455,1.824849218785248,-34412.291699518035,3.5383460150215362,2.215775824263519,-6343.759729801841,1.2635427434465778,1.587775869438389,0.07993467135236011,0.25761507208820256,4.440892098500626e-16,0.06502921899458856,0.23089913900288517,0.6059773572059857
E1_h0.03_e0.2_L2_alibi_learn_mlp_s1,sp4,0.03,0.2,2,1,alibi_learn,1,0.0,-0.5707157679966518,2.13775769277515,-0.20421121949863255,0.8785874231901422,0.5444136489642772,2.003784297623302,0.966337064865831,0.32603281878929735,2.1014680745375274,0.6272712710643582,1.1038144947367878,1.6931139028594147,0.67469042199983,1.0515700630241975,1.7559294227640714,0.5129207664575584,1.3129101182842182,1.5310297108539521,0.07965437338757632,0.27991665243605324,,,,
E1_h0.03_e0.2_L2_alibi_learn_mlp_s1,sp2,0.03,0.2,2,1,alibi_learn,1,0.0,-0.5295791861468128,2.350934876111275,-0.19206990994029532,0.8589663804343499,0.6449898296810813,2.040057695843858,0.9518625869228328,0.4116620896854584,2.192020103278324,0.6108472905786422,1.2490366190836586,1.841226646939417,0.6023567808474952,1.2741111375589707,1.7940207007154476,0.35294551740187907,1.5942948039627243,2.121163808350162,0.07965437338757632,0.27991665243605324,8.881784197001252e-16,0.07863884364586501,0.30946214342772327,0.9602434551558933
E1_h0.03_e0.2_L2_alibi_learn_mlp_s1,sp8,0.03,0.2,2,1,alibi_learn,1,0.0,-0.7182876735127398,1.879912300061088,-0.2286100814529808,0.8729984706565924,0.4509091752001161,1.938018436419825,0.9450959568604619,0.3536136707206632,1.9196057247035596,0.6729688439909809,0.9158662340997016,1.4599816299441037,0.34428883132747135,1.1721168123877914,1.5946746627084998,0.48092209461401814,1.2135416349707526,1.0803163824659985,0.07965437338757632,0.27991665243605324,2.220446049250313e-16,0.07352791934973192,0.22764647439663924,0.9713769726215188
E1_h0.03_e0.2_L2_alibi_learn_mlp_s1,swap4,0.03,0.2,2,1,alibi_learn,1,0.0,-1.3845232693212373,0.01914706756622604,-1.3886682910652046,-1359.7533949789238,0.7061154365728463,0.020917817243717482,-29.441086607356237,0.0974221408630385,0.06203132204177145,-68664.2841921659,4.695500433037182,1.7652456174890754,-35968.20277635681,3.0499497595069016,1.9677933256282134,-8246.957803796076,1.2451751650314198,1.5310297108539521,0.07965437338757632,0.27991665243605324,4.440892098500626e-16,0.0679795097070397,0.21121182990710288,0.5154967397000687
E1_h0.03_e0.2_L2_alibi_learn_mlp_s2,sp4,0.03,0.2,2,1,alibi_learn,2,0.0,-0.533900397164481,2.0657659060052547,-0.20421121949863255,0.880886109361874,0.52172298503603,1.9388356036939733,0.9659545317855791,0.31904593092338207,2.0302964120939815,0.6320465690061592,1.0603271164597443,1.6423119171829992,0.6814012714878896,1.0116184937333783,1.7052124617048046,0.5207685811377569,1.2629856347800394,1.4907454511789984,0.0797857109878641,0.2758260963935724,,,,
E1_h0.03_e0.2_L2_alibi_learn_mlp_s2,sp2,0.03,0.2,2,1,alibi_learn,2,0.0,-0.506234745727852,2.2592018726050496,-0.19206990994029532,0.8671330000260613,0.6104477547559229,1.973933271651747,0.9563960918606885,0.3856742949278627,2.1200127458102833,0.6157423721374016,1.1895205200464976,1.789571692206375,0.59055713473484,1.245315330666758,1.741141865809298,0.3559970388301946,1.5324317542322865,2.0605798283001326,0.0797857109878641,0.2758260963935724,8.881784197001252e-16,0.07945552497168756,0.29939645137827037,0.9619438729309432
E1_h0.03_e0.2_L2_alibi_learn_mlp_s2,sp8,0.03,0.2,2,1,alibi_learn,2,0.0,-0.5900936554618446,1.8515255134899884,-0.2286100814529808,0.8886255465249288,0.4268136969067395,1.875201412448869,0.9621900517179196,0.29165282017464034,1.8517569466425845,0.6481496059328635,0.9493650879955553,1.4108620909355454,0.18991875538636704,1.3089515461157573,1.5523431874997138,0.4363757039532006,1.2512229530042978,1.0578889319189666,0.0797857109878641,0.2758260963935724,2.220446049250313e-16,0.07304626341377958,0.24070886237407194,0.970209026960474
E1_h0.03_e0.2_L2_alibi_learn_mlp_s2,swap4,0.03,0.2,2,1,alibi_learn,2,0.0,-1.3754573655979974,0.030660945608491936,-1.3886682910652046,-420.4080370057987,0.6291006818744501,0.02023980768378468,-27.8291196741068,0.1605697993040856,0.05677798183299728,-25801.193129612107,4.615671101636813,1.7156488234472376,-13203.760788862408,2.9502198892917826,1.923020056364,-3140.3459067931585,1.234039497050364,1.4907454511789984,0.0797857109878641,0.2758260963935724,4.440892098500626e-16,0.0659649506291599,0.25214810817182404,0.6764738698334432
E1_h0.03_e0.2_L3_alibi_learn_attn_s0,sp4,0.03,0.2,3,0,alibi_learn,0,0.0,-0.998881339993594,2.016532412247952,-0.20421121949863255,0.8810073022584263,0.5584209690179615,1.8927574356435526,0.9634340493638988,0.28738642941917647,1.9793208631336887,0.7744102210905794,0.7740586760529828,1.7745602329546701,0.8488215724474337,0.6387772964822734,1.8578618276858776,0.6850383578064807,0.9538902363690139,1.6690242686594432,0.06498047598438324,0.17962381273770014,,,,
E1_h0.03_e0.2_L3_alibi_learn_attn_s0,sp2,0.03,0.2,3,0,alibi_learn,0,0.0,-0.8307918859645724,2.082792247215703,-0.19206990994029532,0.8972497180866406,0.5683001484298142,1.9270209760253443,0.9487082272438133,0.37270890760354697,2.0957199487483793,0.7048521618958666,0.9068978491598282,1.9821852240589029,0.80326497109386,0.7515360395573121,2.037243666462358,0.4764227548397413,1.2185942222239097,2.159692497844936,0.06498047598438324,0.17962381273770014,8.881784197001252e-16,0.06993340726015096,0.2121700430233149,0.9668916136117545
E1_h0.03_e0.2_L3_alibi_learn_attn_s0,sp8,0.03,0.2,3,0,alibi_learn,0,0.0,-1.0187162453824254,1.8318503824101118,-0.2286100814529808,0.8574355490428565,0.5416340721296303,1.8306355680592876,0.9558047124667834,0.27541427470096375,1.7982655052280907,0.7816708210170357,0.7401892988126926,1.448966480604758,0.8135397321033078,0.6760456804482491,1.5772784070892996,0.596445757255657,0.9976848154439261,1.3230500905772542,0.06498047598438324,0.17962381273770014,2.220446049250313e-16,0.0556496985408609,0.15860129953069593,0.9608794463748829
E1_h0.03_e0.2_L3_alibi_learn_attn_s0,swap4,0.03,0.2,3,0,alibi_learn,0,0.0,-1.3702709951571055,0.03212750703141714,-1.3886682910652046,-1097.5050354312755,1.0643164963033889,0.01975879049079273,-9.053822184607354,0.09665514872979045,0.013917098760026177,-23295.48755664397,4.525035626695369,1.9051834243341805,-16767.235033439203,3.5877323767898703,2.182315181696558,-2781.07715038816,1.3025812454988106,1.6690242686594432,0.06498047598438324,0.17962381273770014,4.440892098500626e-16,0.5544332065977098,0.5,0.5444560748722649
E1_h0.03_e0.2_L3_alibi_learn_attn_s1,sp4,0.03,0.2,3,0,alibi_learn,1,0.0,-1.0396863392421178,2.0251354725445045,-0.20421121949863255,0.8886072546501445,0.5351828085238931,1.9090135375491435,0.9763531027905719,0.2542496835716072,2.001048137968834,0.7475685915920083,0.8616532680631861,1.7509736119129773,0.8402643957835942,0.6697477992628768,1.8563593971239283,0.6703416002031445,0.9965248338808539,1.6580673467930829,0.06407061290782094,0.17372525934861646,,,,
E1_h0.03_e0.2_L3_alibi_learn_attn_s1,sp2,0.03,0.2,3,0,alibi_learn,1,0.0,-0.8529531289158123,2.0885265705529776,-0.19206990994029532,0.8949336291389435,0.5594343307924309,1.943571353147402,0.9500939498914364,0.3623534828028057,2.120405780062461,0.6765910528096679,0.9671295075715979,1.9892244257194158,0.7876961502832346,0.803565770154078,2.063423659002756,0.466859602296107,1.2589937733776237,2.1446000616377363,0.06407061290782094,0.17372525934861646,8.881784197001252e-16,0.07317709197985568,0.20831415214818735,0.971177133953357
E1_h0.03_e0.2_L3_alibi_learn_attn_s1,sp8,0.03,0.2,3,0,alibi_learn,1,0.0,-1.0321611010669065,1.8566747186043957,-0.2286100814529808,0.8751634671693326,0.5326561383254143,1.846358131228748,0.9733184368530126,0.2338775534229554,1.818170945101511,0.7363410596629438,0.8285296425450793,1.3843675190289462,0.7950425672609289,0.7095941461881887,1.5431219654367545,0.5822286923558394,1.0489634048773715,1.3357624435668147,0.06407061290782094,0.17372525934861646,2.220446049250313e-16,0.05262839931654385,0.153959316100488,0.9781059870685095
E1_h0.03_e0.2_L3_alibi_learn_attn_s1,swap4,0.03,0.2,3,0,alibi_learn,1,0.0,-1.383171676525048,0.030130111901572533,-1.3886682910652046,-1343.740294103498,1.1045514937867658,0.019928490477542703,-14.053209186711843,0.11385133106307756,0.01275420480733213,-26070.37778938581,4.493367115360211,1.88408629835805,-18024.617066071685,3.4624820488371206,2.2063375089012185,-3119.9182028954488,1.3041152714158557,1.6580673467930829,0.06407061290782094,0.17372525934861646,4.440892098500626e-16,0.10406440329642967,0.4459986190644929,0.8332327332809856
E1_h0.03_e0.2_L3_alibi_learn_attn_s2,sp4,0.03,0.2,3,0,alibi_learn,2,0.0,-0.9978174482073102,1.953387683825305,-0.20421121949863255,0.8907002890078437,0.536105925604777,1.8435471173093132,0.9800749419211835,0.21906443194598704,1.9338290855997156,0.7717254443317427,0.7824142426617173,1.7160101620900847,0.8618190174015378,0.6044884061347826,1.8134119818390715,0.7026787432515222,0.9160677054843605,1.6374454957845523,0.06109046004360524,0.16307748580561823,,,,
E1_h0.03_e0.2_L3_alibi_learn_attn_s2,sp2,0.03,0.2,3,0,alibi_learn,2,0.0,-0.878691699821502,2.0736229965662223,-0.19206990994029532,0.9005994715129367,0.5524856007856143,1.8769198305319064,0.9587158330912195,0.3302066337339648,2.0494482403250895,0.7216508623356608,0.9114360468261121,1.9654907659995737,0.8231979050248579,0.7338850298679412,2.0326591352753427,0.5128888081261391,1.1749708675370116,2.127186981655787,0.06109046004360524,0.16307748580561823,8.881784197001252e-16,0.06474118602489769,0.1811411444761237,0.967462002022696
E1_h0.03_e0.2_L3_alibi_learn_attn_s2,sp8,0.03,0.2,3,0,alibi_learn,2,0.0,-1.0466162688098848,1.7928688943661657,-0.2286100814529808,0.8887546785890084,0.49700264109488973,1.783040373153846,0.9809314948830186,0.1958049661332996,1.7610682296067213,0.738681789091348,0.7854536816829307,1.3359817919907087,0.8061905536829909,0.6387456916796527,1.4843832970472224,0.6141090745498916,0.9848529872304178,1.3198192903973058,0.06109046004360524,0.16307748580561823,2.220446049250313e-16,0.04936096854298388,0.14778226956254786,0.9881741508158545
E1_h0.03_e0.2_L3_alibi_learn_attn_s2,swap4,0.03,0.2,3,0,alibi_learn,2,0.0,-1.3960237566913878,0.026316360310981612,-1.3886682910652046,-1444.5932351018698,1.0001725260125478,0.01924507629179353,-1.5266315302304494,0.03271270844672263,0.010253927996518048,-34019.04926033571,4.494087766674814,1.8444198646747918,-23652.5213833057,3.4705355905475392,2.1521997438911518,-4062.4662463078353,1.2936678967309452,1.6374454957845523,0.06109046004360524,0.16307748580561823,4.440892098500626e-16,0.5771935790697288,0.45602034461503443,0.6926338089005588
E2a_h0.01_e0.1_L2_learned_abs_attn_s0,sp4,0.01,0.1,2,0,learned_abs,0,0.0,-0.11795602525983538,2.0654439795201096,-0.3764293525620546,0.5516442711451148,1.053368409830085,1.534062226683269,0.9516859451552082,0.3254600158567867,2.01493132017606,0.7178694803509967,0.9305375837508795,1.7499867231452038,0.8774086360770226,0.5959860285274134,1.9326747491781138,0.5490865396201956,1.2040708704258891,1.5305017094821332,0.06688336233486368,0.3315186832414397,,,,
E2a_h0.01_e0.1_L2_learned_abs_attn_s0,sp2,0.01,0.1,2,0,learned_abs,0,0.0,-0.018638736435345242,1.9635215283489502,-0.36613205118627196,0.4220235349009823,1.1027557109819008,1.543106285524578,0.9123760370027278,0.4071969584233505,2.0666718774243846,0.6953805905168307,0.9262298959843677,1.8479132724964344,0.8732521358781263,0.5722646494005643,1.9298822436362064,0.27117749376123557,1.3446155758946823,2.1587382182135917,0.06688336233486368,0.3315186832414397,4.440892098500626e-16,0.07400475254776823,0.43787165477760537,0.950668227759204
E2a_h0.01_e0.1_L2_learned_abs_attn_s0,sp8,0.01,0.1,2,0,learned_abs,0,0.0,-0.9914522737796817,2.389575327288694,-0.39606243579986977,0.6158886305756617,1.0849659409460057,1.5176692622489796,0.6658873145265558,0.9784601999402037,1.9023072094851696,0.664557632180929,1.1505302391016738,1.5955473882121485,0.7167793703790335,0.9536210347350463,1.9659158078302654,0.5099477046471774,1.4510017291855521,0.9813797126590774,0.06688336233486368,0.3315186832414397,1.7763568394002505e-15,0.05308166819402497,0.17177246380317804,0.9647310055658278
E2a_h0.01_e0.1_L2_learned_abs_attn_s0,swap4,0.01,0.1,2,0,learned_abs,0,0.0,-2.1263648505721773,0.08669748366842242,-2.193320974716503,-69.9473642877055,0.7249848315712999,0.0024860056283300324,-123.89799746677932,0.958809448759219,0.11864842343595099,-1017.8606802555211,2.3922052243463523,1.7499845126054567,-750.9085111806157,1.8985840052667253,1.5666012084630625,-817.628845173121,2.008408825273787,1.5305017094821332,0.06688336233486368,0.3315186832414397,4.440892098500626e-16,0.5408069324405267,0.5,0.49979742270647287
E2a_h0.01_e0.1_L2_learned_abs_attn_s1,sp4,0.01,0.1,2,0,learned_abs,1,0.0,-0.41542530059814453,2.127489102691208,-0.3764293525620546,0.6259047958041946,1.001257829098088,1.6831448161117488,0.9465086618999046,0.35276793108488036,2.069805993881853,0.7690510518666047,0.8467361913008109,1.8657017620634642,0.8814040948015264,0.6160343512781642,1.9971890408625554,0.6140324429220241,1.1413453715495596,1.6671051883217136,0.07070857179742109,0.26050052010522023,,,,
E2a_h0.01_e0.1_L2_learned_abs_attn_s1,sp2,0.01,0.1,2,0,learned_abs,1,0.0,-0.19450969229053175,2.1022798240835328,-0.36613205118627196,0.4847185369346082,1.1907194371815208,1.6930677908715606,0.8950508193183444,0.5195086344913398,2.1554829532544417,0.7325633115941064,0.907423986679939,1.985016757646921,0.8575874736967869,0.6859526086710742,2.030416276055164,0.3295663369088435,1.3681679216177909,2.391026833386154,0.07070857179742109,0.26050052010522023,4.440892098500626e-16,0.09500091986467848,0.41278091248521864,0.9441107692322915
E2a_h0.01_e0.1_L2_learned_abs_attn_s1,sp8,0.01,0.1,2,0,learned_abs,1,0.0,-0.5202497090545616,2.0211465847532946,-0.39606243579986977,0.6987454723472781,0.8070837661010356,1.6651587575097235,0.9440180678028107,0.3364361586779814,1.9047723945788446,0.7541712507523751,0.8402821078800835,1.6839461407526897,0.8656331762157653,0.6241729077665364,1.9526910203563763,0.47733557760872225,1.3263973073245785,1.096207642507805,0.07070857179742109,0.26050052010522023,1.7763568394002505e-15,0.0604133109240308,0.22013585255264137,0.9561594761203742
E2a_h0.01_e0.1_L2_learned_abs_attn_s1,swap4,0.01,0.1,2,0,learned_abs,1,0.0,-2.1331030215535844,0.08500909677990685,-2.193320974716503,-13.28354520660409,0.3095285570136849,0.00272759958062133,-126.02311310911247,0.9525835626622039,0.04719425911628889,-1023.7003323725578,2.0851987988097194,1.86570194017655,-233908.52001175104,41.065898871589994,2.051327824343196,-759.1275113394838,1.7567750229067705,1.6671051883217136,0.07070857179742109,0.26050052010522023,4.440892098500626e-16,0.5932864416771416,0.5,0.5439550771652624
E2a_h0.01_e0.1_L2_learned_abs_attn_s2,sp4,0.01,0.1,2,0,learned_abs,2,0.0,-0.6577202933175224,2.410882653230478,-0.3764293525620546,0.6955098371403294,1.0445307077208532,2.010609409122606,0.9213383569884663,0.5131619242220874,2.3141187842193776,0.8004151175844918,0.891785329374101,2.1569183919052537,0.8703865557676512,0.7386968511009938,2.2481828184847066,0.6663029109787668,1.2012449688909843,1.9679403383165879,0.06563746651655877,0.2063222635044441,,,,
E2a_h0.01_e0.1_L2_learned_abs_attn_s2,sp2,0.01,0.1,2,0,learned_abs,2,0.0,-0.1328959055910153,2.248473211571444,-0.36613205118627196,0.4461919085921734,1.3203891322471588,2.022462950319764,0.776221925027686,0.8063034964557322,2.4336998388417808,0.6750611965450484,0.9825345944423217,2.316623847365338,0.783246320990171,0.858322807832157,2.2909931786681055,0.35638008646967634,1.3918637281137778,2.6270480013172546,0.06563746651655877,0.2063222635044441,4.440892098500626e-16,0.08253978002636801,0.34683295958357024,0.9184564073719286
E2a_h0.01_e0.1_L2_learned_abs_attn_s2,sp8,0.01,0.1,2,0,learned_abs,2,0.0,-0.6025981799300227,2.24292588102189,-0.39606243579986977,0.6795807749349353,0.9646959249915221,1.9891240691137755,0.9318067442370583,0.42181416238966307,2.113710022873261,0.748672533510492,0.9646969930352789,1.900508071237613,0.8173108095009105,0.8158151413474999,2.1865801387348376,0.4540863887600717,1.4772936864649029,1.4399394129200747,0.06563746651655877,0.2063222635044441,1.7763568394002505e-15,0.06411898512147253,0.2281067248029822,0.9381414550372844
E2a_h0.01_e0.1_L2_learned_abs_attn_s2,swap4,0.01,0.1,2,0,learned_abs,2,0.0,-2.2143007250768796,0.10755898302124356,-2.193320974716503,-1.395792532207591,0.1265999562308797,0.003258268289584915,-66.75473959690514,0.8771955795636776,0.024676369130227176,-3963.299281889764,6.426923871694236,2.229908181382264,-144342.87160546996,40.79858672957929,2.4006987674985147,-510.63490061819954,1.7947013746574083,1.9679403383165879,0.06563746651655877,0.2063222635044441,4.440892098500626e-16,0.5,0.0010000000000000005,0.42523184417615845
E2a_h0.01_e0.1_L2_rope_attn_s0,sp4,0.01,0.1,2,0,rope,0,0.0,-1.4624779224395752,2.7636052342759037,-0.3764293525620546,0.9005841937772443,0.716358075914591,2.622636896315262,0.9474345829352574,0.490193596910527,2.6899897363782124,0.8694039595743106,0.7565660813623969,2.5768362033331345,0.8892018816472022,0.6901840195282334,2.606010708536478,0.8626653398669666,0.790911612196548,2.566830439428299,0.01525355102871158,0.0572668633941006,,,,
E2a_h0.01_e0.1_L2_rope_attn_s0,sp2,0.01,0.1,2,0,rope,0,0.0,-1.163201728835702,2.7885971659451076,-0.36613205118627196,0.9278774031902342,0.6279379012569619,2.6380986435619462,0.9207247978076039,0.6748393870720734,2.77838910381202,0.6331923543345037,1.3486199682700466,3.2207628475957506,0.5973085127216233,1.4027976887517635,3.198878904093463,0.7441544321575146,1.0751565031260033,2.9335298857351324,0.01525355102871158,0.0572668633941006,4.440892098500626e-16,0.015623723096978726,0.08061272210069495,0.9475089718961974
E2a_h0.01_e0.1_L2_rope_attn_s0,sp8,0.01,0.1,2,0,rope,0,0.0,-1.134003491905917,2.5701947054495387,-0.39606243579986977,0.9251614188239433,0.5673607874882423,2.5946114403607767,0.944040616541655,0.48337668811053014,2.5722570225221935,0.6725574306349801,1.1710388560509952,1.686015659938038,-0.04533806219102643,2.273613298319119,1.6936629612591045,0.7992449810784409,1.0036864869706275,2.062460660454623,0.01525355102871158,0.0572668633941006,1.7763568394002505e-15,0.017432196897493032,0.08151454277023422,0.9683514865410898
E2a_h0.01_e0.1_L2_rope_attn_s0,swap4,0.01,0.1,2,0,rope,0,0.0,-2.1157792561820576,0.08263936771832278,-2.193320974716503,-347.7195037985234,1.540843767450012,0.004250081888400386,-7.255458287868262,0.22238603941194063,0.0008370122724865572,-7446.904638423229,6.530104323144182,2.908203170013353,-2748.42148156383,3.3427245987148413,2.7973783391494718,-972.939624239141,2.17129086050879,2.566830439428299,0.01525355102871158,0.0572668633941006,4.440892098500626e-16,0.5,0.0010000000000000005,0.6004049217678489
E2a_h0.01_e0.1_L2_rope_attn_s1,sp4,0.01,0.1,2,0,rope,1,0.0,-1.3805582523345947,2.74511249739277,-0.3764293525620546,0.9199866380520494,0.5816024159494256,2.633000289139769,0.9549989371517718,0.4613210432188802,2.6826350284953873,0.8364494353833604,0.9111899570031723,2.510614260046747,0.8688725618700144,0.8125026867764491,2.5588108789239237,0.8081641648820325,0.9755525232921608,2.467799901363369,0.025313195167409524,0.08651680983350168,,,,
E2a_h0.01_e0.1_L2_rope_attn_s1,sp2,0.01,0.1,2,0,rope,1,0.0,-1.1021341198190515,2.700373313125897,-0.36613205118627196,0.906580984126051,0.6488456878046307,2.648523133734964,0.913549680235456,0.6569878295039551,2.7843118261374658,0.6540975153300956,1.2364696191958746,3.0236537788452935,0.7399860130760756,1.0847433706857685,2.961236130225408,0.6636546521302931,1.1760931418173353,2.9312956474861918,0.025313195167409524,0.08651680983350168,4.440892098500626e-16,0.026536301574648383,0.10214333500078075,0.9364784756327186
E2a_h0.01_e0.1_L2_rope_attn_s1,sp8,0.01,0.1,2,0,rope,1,0.0,-1.333490508675043,2.60038709259029,-0.39606243579986977,0.9217248394129504,0.5347729565533389,2.6048640901352074,0.9690218412729993,0.3428521453041485,2.544125666752346,0.6711145977371773,1.1879882220565317,1.7555768539792602,0.7907278609888844,0.9373190054486409,1.9469093346150448,0.7531297207767107,1.0918066803275581,1.9147644864666653,0.025313195167409524,0.08651680983350168,1.7763568394002505e-15,0.027140132597462886,0.09777088109567585,0.9712817137770153
E2a_h0.01_e0.1_L2_rope_attn_s1,swap4,0.01,0.1,2,0,rope,1,0.0,-2.0880318081804683,0.09998320837769985,-2.193320974716503,-223.7359391429559,1.495341745796242,0.004266876156874143,-2.2639807363110735,0.14928632809849493,0.0025250772020565877,-5018.856783049148,6.529064806289428,2.787175168135663,-4263.648642288842,5.72442176943847,3.1666512353525875,-620.3168552100963,2.034728818533347,2.467799901363369,0.025313195167409524,0.08651680983350168,4.440892098500626e-16,0.5,0.005869856057062474,0.6443275431756068
E2a_h0.01_e0.1_L2_rope_attn_s2,sp4,0.01,0.1,2,0,rope,2,0.0,-1.2275511537279402,2.7802024358097626,-0.3764293525620546,0.9282184419428764,0.5675383286919577,2.6785608439262107,0.9457734401409843,0.5097524554923847,2.7037714403345032,0.8245490565369331,0.9487962422022177,2.5245540199481336,0.8527128952274654,0.8107622314178833,2.5673070082558085,0.8154752090290805,0.9435995207838139,2.510624717869129,0.01816869905737503,0.08113485699035042,,,,
E2a_h0.01_e0.1_L2_rope_attn_s2,sp2,0.01,0.1,2,0,rope,2,0.0,-0.9672310513976429,2.6964110169965063,-0.36613205118627196,0.9222596131165547,0.5628011268533712,2.6943522906231743,0.9157521233913694,0.641602746498724,2.776077757672982,0.6586769233124818,1.2620611911194222,3.043529407649454,0.17862039286742415,2.059587401420066,2.853319407847264,0.7255495739742632,1.1167853287708607,2.696386082633769,0.01816869905737503,0.08113485699035042,4.440892098500626e-16,0.016732317600656955,0.09905047160601237,0.9359620013036796
E2a_h0.01_e0.1_L2_rope_attn_s2,sp8,0.01,0.1,2,0,rope,2,0.0,-1.0254708326288633,2.6363613006011617,-0.39606243579986977,0.9291158586042904,0.5448439571015723,2.649937785561429,0.9466795618664513,0.4947393041894381,2.6004785105815253,0.6661649556323115,1.182571881862085,1.7678457343990226,-0.5518783319136078,2.9505259524024927,1.846463622344668,0.6641476445866255,1.279300811411252,2.3751113195995055,0.01816869905737503,0.08113485699035042,1.7763568394002505e-15,0.023392302659354543,0.10821121213254693,0.963036591433113
E2a_h0.01_e0.1_L2_rope_attn_s2,swap4,0.01,0.1,2,0,rope,2,0.0,-2.1160431674548557,0.08198702834692725,-2.193320974716503,-272.18250152524803,1.3524400658163778,0.004340708752227056,-8.751292542438822,0.24201842387768785,0.0022353620147737975,-7849.3883344943915,6.667916074037488,2.903740555598862,-2658.982106760947,3.1376164571001794,2.8964999275884002,-1008.7323129783281,2.157326947854991,2.510624717869129,0.01816869905737503,0.08113485699035042,4.440892098500626e-16,0.5,0.0010000000000000005,0.6416414456934159
E2a_h0.01_e0.1_L3_learned_abs_attn_s0,sp4,0.01,0.1,3,0,learned_abs,0,0.0,0.6031649453299386,1.1110272995236414,-0.3764293525620546,0.3875103007633296,0.6718458741493436,0.6916181088104,0.6408999426526152,0.4893604372996494,0.8882946797580593,0.5713615398253439,0.5836633322145828,0.8398081141853053,0.7310078622118417,0.46453265190015897,0.9479133438901055,0.4760055258333773,0.6287890562548574,0.7665327741289683,0.007478171656690223,0.43985838194588517,,,,
E2a_h0.01_e0.1_L3_learned_abs_attn_s0,sp2,0.01,0.1,3,0,learned_abs,0,0.0,0.34028218287442413,1.213924461936254,-0.36613205118627196,0.44842141643768585,0.6677250128565707,0.6956955411094272,0.4481454427709375,0.7079844008025521,0.8859726327520959,0.53348939098671,0.6043182830586387,0.8652905081680415,0.5556710409321342,0.6293448897340455,0.9552614110303091,0.06011328073210176,1.0042520875077374,1.3122235873357133,0.007478171656690223,0.43985838194588517,4.440892098500626e-16,0.024199176529092918,0.18445264274439513,0.5791795291510249
E2a_h0.01_e0.1_L3_learned_abs_attn_s0,sp8,0.01,0.1,3,0,learned_abs,0,0.0,-0.20633309254688875,2.022929251371151,-0.39606243579986977,0.35753353277563604,1.1163778630215657,0.6842274887542944,0.35388915586773095,1.204346621376241,0.8939384191723554,0.30591913018347927,1.1770326785432221,0.795270433661199,0.4357175870089378,1.088184565769511,0.9446326414351918,-0.3631764260845034,1.6386917716342804,0.396186362321594,0.007478171656690223,0.43985838194588517,1.7763568394002505e-15,0.018965002392458793,0.16944260250650076,0.9285570924377837
E2a_h0.01_e0.1_L3_learned_abs_attn_s0,swap4,0.01,0.1,3,0,learned_abs,0,0.0,-1.499510405851262,0.22197064353225823,-2.193320974716503,-47.14166954567077,1.5240552274902621,0.00112079319942255,-2946.2632883201195,12.0403839522158,0.48031932567629587,-130.23091657254383,2.421705519173247,0.8398082475712666,-127.96553044568188,2.35947175344194,0.9566910457657267,-99.28099978615636,2.102675362759726,0.7665327741289683,0.007478171656690223,0.43985838194588517,4.440892098500626e-16,0.6066441141711612,0.4466003739241062,0.22762812052173842
E2a_h0.01_e0.1_L3_learned_abs_attn_s1,sp4,0.01,0.1,3,0,learned_abs,1,0.0,0.9790772029331752,1.3102638275105607,-0.3764293525620546,0.4405859903884288,0.7525967338271574,0.8697092584190051,0.8409844890111017,0.35268675658279375,1.201580143056451,0.5096507720810142,0.6888382117923622,0.9353951030611598,0.5273528941697961,0.6688079317484739,0.9513482389637676,0.3854359336002309,0.7911129252389534,0.8134574682491331,0.052005922477243685,0.3732110774444953,,,,
E2a_h0.01_e0.1_L3_learned_abs_attn_s1,sp2,0.01,0.1,3,0,learned_abs,1,0.0,0.948110548114138,1.2458615198983327,-0.36613205118627196,0.39054712951569925,0.6959440346303124,0.8748366265082245,0.6863486788723264,0.5021292414508798,1.219661175821459,0.5453901313659585,0.6095749033562436,0.9758198744211193,0.5632891330834252,0.5720280001494454,0.927433458449668,0.27392963989150465,0.8058780295411415,1.1007873146084277,0.052005922477243685,0.3732110774444953,4.440892098500626e-16,0.008533406746296114,0.43980121759701135,0.7479266696191087
E2a_h0.01_e0.1_L3_learned_abs_attn_s1,sp8,0.01,0.1,3,0,learned_abs,1,0.0,-0.0366620082807328,2.1008671828487784,-0.39606243579986977,0.37828172338064225,1.0746792842578716,0.8604155591847442,0.39869061133268,1.1465182434939718,1.1617848240039543,0.2796745478577377,1.2114185771306825,0.868120772648483,0.2884690314448025,1.2298110889611116,0.9827980748280493,0.22524142183339113,1.2974004592073451,0.5523552969705003,0.052005922477243685,0.3732110774444953,1.7763568394002505e-15,0.018611507593109426,0.1671260217857431,0.958566594562028
E2a_h0.01_e0.1_L3_learned_abs_attn_s1,swap4,0.01,0.1,3,0,learned_abs,1,0.0,-1.7788151247160775,0.12957570358664214,-2.193320974716503,-245.50493944808923,2.0302779516359797,0.0014093966162735054,-207.20385802186843,1.86441288597956,0.1299546329038197,-55.371218429389366,0.7708184150237118,0.935393981943211,-64.57812929653731,0.866353600713641,1.1328873108429178,-485.8954867133746,2.75789232764846,0.8134574682491331,0.052005922477243685,0.3732110774444953,4.440892098500626e-16,0.07432397995693608,0.48424129566298735,0.3220220551521502
E2a_h0.01_e0.1_L3_learned_abs_attn_s2,sp4,0.01,0.1,3,0,learned_abs,2,0.0,0.8889285496303013,1.3839483288829804,-0.3764293525620546,0.48332228993921833,0.7120766072409138,0.9621400386651824,0.924924025039845,0.2962215941747381,1.3309842149005862,0.5328747727979097,0.7639008017900062,1.010256107969553,0.8804290077515236,0.35869644797034955,1.2937007933061238,0.37667743496920103,0.8783404984215472,0.8493851721613076,0.0363799956373652,0.3718586914194335,,,,
E2a_h0.01_e0.1_L3_learned_abs_attn_s2,sp2,0.01,0.1,3,0,learned_abs,2,0.0,0.9206170914029437,1.3619744866155643,-0.36613205118627196,0.4931384206865961,0.6887971520450407,0.9678123321171114,0.8794661937667384,0.37625769565552175,1.34319267817581,0.5748160156586914,0.6943970512898725,1.0493324945835418,0.8535545553965278,0.40800013663008716,1.2829377616953135,0.3561876096313449,0.9338711769584803,1.2061411455623037,0.0363799956373652,0.3718586914194335,4.440892098500626e-16,0.029115169395627694,0.3801803730729138,0.88702618985809
E2a_h0.01_e0.1_L3_learned_abs_attn_s2,sp8,0.01,0.1,3,0,learned_abs,2,0.0,-0.18896089284680784,2.255685960877076,-0.39606243579986977,0.3900554235363508,1.1203423733892628,0.9518586255906001,0.395069095997715,1.1731830332386617,1.304910708361076,0.30266860088020375,1.3067359105948984,0.9440282790421624,0.4737454411537866,1.0550965457603392,1.3299448226593824,-0.009185806275605835,1.517491936046835,0.47850349373174333,0.0363799956373652,0.3718586914194335,1.7763568394002505e-15,0.020662487376478425,0.17124401618060706,0.9519796808468337
E2a_h0.01_e0.1_L3_learned_abs_attn_s2,swap4,0.01,0.1,3,0,learned_abs,2,0.0,-1.5684664164270674,0.3448671337669104,-2.193320974716503,-22.95953087540618,1.6524513402491705,0.00155918417764233,-8.079919624224388,0.9759479682140318,0.15086488046673951,-81.98650536433587,2.9899273428695348,1.0102563560828877,-42.51337108448649,2.073171170997452,1.2986289664185828,-55.71719247212155,2.4573949761460527,0.8493851721613076,0.0363799956373652,0.3718586914194335,4.440892098500626e-16,0.02789965186313776,0.4999998049446141,0.10658097875645689
E2a_h0.01_e0.1_L3_rope_attn_s0,sp4,0.01,0.1,3,0,rope,0,0.0,-0.3454873902457101,2.6221538796122763,-0.3764293525620546,0.8740402832812995,0.6609902376675935,2.451454850031924,0.9421632190698843,0.4487976880478633,2.545196085679811,0.6346725761911777,1.3519722114173471,2.088970350211046,0.7504326332163058,1.0558238331586893,2.2715067666525366,0.5879376729287052,1.393617363225568,2.010593054969812,0.01887334783418577,0.16934340247500554,,,,
E2a_h0.01_e0.1_L3_rope_attn_s0,sp2,0.01,0.1,3,0,rope,0,0.0,0.035438447791550844,2.5158786426459305,-0.36613205118627196,0.7915011199563132,0.7920054130461633,2.465907394084479,0.9159645586077134,0.515084964288085,2.567485667371365,0.521107096641687,1.4733733636404032,2.426101308008659,0.6875100847210857,1.1667157799851127,2.465571002094347,0.4695851616690835,1.5119229325746772,2.3486154909528536,0.01887334783418577,0.16934340247500554,4.440892098500626e-16,0.017575958068190664,0.2004598334251546,0.9512786485469633
E2a_h0.01_e0.1_L3_rope_attn_s0,sp8,0.01,0.1,3,0,rope,0,0.0,-0.6608432720282248,2.590882946585837,-0.39606243579986977,0.9185352023227327,0.521184474469756,2.425258642687894,0.931801468831497,0.4819375176911707,2.504462376957518,0.5636038561635495,1.2671052057131231,1.5702103891729724,0.7227796547031335,0.9720648039771353,1.9831244911648742,0.6389971894076629,1.3182623872160175,1.7830176161184375,0.01887334783418577,0.16934340247500554,1.7763568394002505e-15,0.021607697139793876,0.13569820755915468,0.9595954744088749
E2a_h0.01_e0.1_L3_rope_attn_s0,swap4,0.01,0.1,3,0,rope,0,0.0,-2.1342489006263867,0.03405397381352969,-2.193320974716503,-59.27808199036107,0.2621696183429641,0.003972674933762379,-477.0778698666178,0.743651994151678,0.017620014641835567,-42800.46030091504,6.65945695661655,2.3109112603548785,-31268.593770181335,5.308170424335231,2.995038942722134,-6223.228407387668,2.1092916910017636,2.010593054969812,0.01887334783418577,0.16934340247500554,4.440892098500626e-16,0.033450010213160714,0.4251416416865619,0.1366171079699604
E2a_h0.01_e0.1_L3_rope_attn_s1,sp4,0.01,0.1,3,0,rope,1,0.0,-0.8602781295776367,2.6500281326477655,-0.3764293525620546,0.9668891255390456,0.3405967842454257,2.6057864553651626,0.9741658752912216,0.3463087481514444,2.6155735722408506,0.8054225296410321,0.9740217699052326,2.378276640284136,0.8704247642645107,0.7784090901823174,2.472385019101895,0.7883010013537957,1.0156902828455576,2.352862368159166,0.01772721132216226,0.10721663493879137,,,,
E2a_h0.01_e0.1_L3_rope_attn_s1,sp2,0.01,0.1,3,0,rope,1,0.0,-0.6215644142191324,2.564807100539754,-0.36613205118627196,0.9528906443101842,0.3871958519798741,2.6211488608923235,0.9602930663606657,0.3590324785201875,2.659437211201587,0.6664806544833326,1.1474185693011572,2.823052407383218,0.7813499446690699,0.975847150440689,2.716486885643983,0.6871457954044708,1.164836279897903,2.5824011076670295,0.01772721132216226,0.10721663493879137,4.440892098500626e-16,0.017280761987482275,0.12145709898903864,0.9744115509802624
E2a_h0.01_e0.1_L3_rope_attn_s1,sp8,0.01,0.1,3,0,rope,1,0.0,-0.9788285326212645,2.5440107335999946,-0.39606243579986977,0.9550714182617998,0.4131214512317853,2.5779410629533372,0.9646815432468578,0.3975352015829359,2.544699231206056,0.6671571546157026,1.1134160454410462,1.7131908815038386,0.8200715903981006,0.8188542726653516,2.0895254329695954,0.7689780788542733,1.0534592071530227,2.1892564164323276,0.01772721132216226,0.10721663493879137,1.7763568394002505e-15,0.017657235150094538,0.1000459597413324,0.9678409888927659
E2a_h0.01_e0.1_L3_rope_attn_s1,swap4,0.01,0.1,3,0,rope,1,0.0,-2.1798891318695888,0.05089633026976878,-2.193320974716503,-285.9458877656165,0.860436717552961,0.004222775114064159,-22.913754459206334,0.24276491498595323,0.00474363596404302,-20583.01853590599,6.789978491686019,2.7087449605232337,-17498.75735094765,5.850163551290984,3.353234342419153,-2750.709189847837,2.1524013079072057,2.352862368159166,0.01772721132216226,0.10721663493879137,4.440892098500626e-16,0.0018544634886476516,0.011914571614494373,0.7563859868572748
E2a_h0.01_e0.1_L3_rope_attn_s2,sp4,0.01,0.1,3,0,rope,2,0.0,-0.6073788234165737,2.4373787693663562,-0.3764293525620546,0.9849478511856616,0.2164556056517156,2.4189653221791323,0.9876349871296002,0.2141026609977619,2.422262786733575,0.774605735360232,0.9417111581613165,2.1451788059890617,0.8455468564923609,0.7725345364928954,2.241258052151127,0.7720237514853793,0.9531044641479413,2.1415999836981663,0.013801880394042586,0.10935883433659847,,,,
E2a_h0.01_e0.1_L3_rope_attn_s2,sp2,0.01,0.1,3,0,rope,2,0.0,-0.3860190542015646,2.405143859824512,-0.36613205118627196,0.9475696991157166,0.3846115939518085,2.433226324326466,0.9540967518061155,0.3701781918843102,2.4456921443186372,0.5762464910651193,1.2033137636719569,2.6216662527674863,0.7244303074065366,0.9972317530105776,2.5066949479149576,0.640491974022088,1.1587651024592032,2.347608136539268,0.013801880394042586,0.10935883433659847,4.440892098500626e-16,0.013532223354805202,0.12614692383609202,0.9672132466907319
E2a_h0.01_e0.1_L3_rope_attn_s2,sp8,0.01,0.1,3,0,rope,2,0.0,-0.5251885659693342,2.334494763798211,-0.39606243579986977,0.9676978883673446,0.30383878627516275,2.393116297410433,0.9763691860306106,0.2787789087816173,2.3812271886311724,0.5938606444458001,1.043735423683066,1.4609092866036204,0.7774604207433851,0.834323635532635,1.8368591180499154,0.6745365714600902,1.1360264102738165,2.003243802033206,0.013801880394042586,0.10935883433659847,1.7763568394002505e-15,0.016886343109489298,0.12396339704830275,0.9826140311619279
E2a_h0.01_e0.1_L3_rope_attn_s2,swap4,0.01,0.1,3,0,rope,2,0.0,-2.176442349595683,0.041904107400634064,-2.193320974716503,-117.86618740407603,0.4546862803880349,0.003920024429956888,-32.991887961442,0.2400965820819104,0.004824473763820205,-27311.176588105718,6.4953671352976405,2.4133820193496116,-22958.401848020545,5.570857810095226,3.0577377693176166,-3970.2034036509604,2.1019033736773878,2.1415999836981663,0.013801880394042586,0.10935883433659847,4.440892098500626e-16,0.07372810141373443,0.20330370907824866,0.4442244745086874
E2a_h0.03_e0.2_L2_learned_abs_attn_s0,sp4,0.03,0.2,2,0,learned_abs,0,0.0,-0.34798594878520817,0.9477264780105097,-0.20421121949863255,0.6941234669801251,0.4183893712319976,0.7895895246083644,0.9192772264890715,0.19816640934704852,0.9086701560034148,0.8684216339637568,0.2791555037302611,0.8831781806988148,0.9482559225461947,0.1747468546886389,0.922881192900486,0.7577570519743566,0.39076633771909147,0.824988712061127,0.10820395096024284,0.17071568511159974,,,,
E2a_h0.03_e0.2_L2_learned_abs_attn_s0,sp2,0.03,0.2,2,0,learned_abs,0,0.0,-0.10907363512420229,1.0395518308467468,-0.19206990994029532,0.6446639080053349,0.49843003570666716,0.8038830268036206,0.7912893839235862,0.4197242743668012,1.0007003791816875,0.7959794240362396,0.34203202281116646,1.0089472277310294,0.8758872840619905,0.2808469994502239,0.9524796773369925,0.38342334195600924,0.578696240566536,1.391072303677843,0.10820395096024284,0.17071568511159974,8.881784197001252e-16,0.1048238202271068,0.19828605671650507,0.8767352907872007
E2a_h0.03_e0.2_L2_learned_abs_attn_s0,sp8,0.03,0.2,2,0,learned_abs,0,0.0,-0.8217912011314183,1.0523506257577333,-0.2286100814529808,0.5650785044459506,0.5811842616594193,0.7636745420702212,0.5862761971822332,0.5532840622656318,0.7702032833022866,0.6166490511511777,0.5038399047314263,0.7184923054710495,0.7517329447671119,0.40719121147722387,0.8824725023538077,0.3691290525017309,0.6722138988622327,0.41472046590516176,0.10820395096024284,0.17071568511159974,2.220446049250313e-16,0.08453113257458006,0.1977815770851927,0.9418799169528763
E2a_h0.03_e0.2_L2_learned_abs_attn_s0,swap4,0.03,0.2,2,0,learned_abs,0,0.0,-1.476557504917894,0.040305803591649224,-1.3886682910652046,-172.74352966903768,0.5296471951626733,0.008242648369338867,-757.8342984619815,1.1095475029882524,0.005478013162980164,-7524.173824404331,3.379008040190407,0.906041728592104,-9778.18240407401,3.796261960807573,1.2185735287012611,-1191.7871719486318,1.128571564816042,0.824988712061127,0.10820395096024284,0.17071568511159974,4.440892098500626e-16,0.00010000000000000009,0.020261270162402933,0.02511372581004767
E2a_h0.03_e0.2_L2_learned_abs_attn_s1,sp4,0.03,0.2,2,0,learned_abs,1,0.0,-0.43982042585100445,1.3896270199767733,-0.20421121949863255,0.9078274808381378,0.34909774027333473,1.3240363627210456,0.962508417648631,0.20805582235234085,1.363328514182144,0.7164774879707141,0.6265779636847085,1.1762496971331515,0.7722137347990253,0.5746082823485459,1.2208047199781609,0.6814963417677138,0.6704520104096513,1.1471758981029208,0.047376576839622556,0.15923646334186634,,,,
E2a_h0.03_e0.2_L2_learned_abs_attn_s1,sp2,0.03,0.2,2,0,learned_abs,1,0.0,0.08673398090260369,0.9790940345706219,-0.19206990994029532,0.2728671111693701,0.6138378726900887,1.3480046602570839,0.17528579939052946,0.6603150060712163,1.4269361103036724,-0.05590638357018918,0.8334679905812806,1.3402723188235164,-103.90671461987404,9.722035891737477,2.352933691939604,-0.12807405101358693,0.8196191972261131,1.4614967571043125,0.047376576839622556,0.15923646334186634,8.881784197001252e-16,0.07274795570900168,0.27125203084500626,0.8683178153949851
E2a_h0.03_e0.2_L2_learned_abs_attn_s1,sp8,0.03,0.2,2,0,learned_abs,1,0.0,-1.062805718808834,1.4192385548301827,-0.2286100814529808,0.5583989515267302,0.7609905849674703,1.2805803920547663,0.7015063901393896,0.6416132925905303,1.2673120730219831,0.5084820845839866,0.8573554834293576,0.9224445445419716,-8.796978008606594,4.39395055642906,1.1346391535459965,0.6947965297087646,0.6576260780296853,0.9404604537641484,0.047376576839622556,0.15923646334186634,2.220446049250313e-16,0.05498174187475435,0.10440263462299733,0.9817786178153288
E2a_h0.03_e0.2_L2_learned_abs_attn_s1,swap4,0.03,0.2,2,0,learned_abs,1,0.0,-1.4012360285435403,0.045170215304843574,-1.3886682910652046,-1.2540131849184308,0.051264202463029686,0.013821822384917143,-132.33312762343033,0.5192991742170217,0.006799748973177456,-7610.676941378007,3.737403164861822,1.2737243570435584,-1119.7422231645198,1.200311593492274,1.5149686094209984,-1066.6848978268429,1.1248811121437599,1.1471758981029208,0.047376576839622556,0.15923646334186634,4.440892098500626e-16,0.1757179010936587,0.18494935702369045,0.2549687872695189
E2a_h0.03_e0.2_L2_learned_abs_attn_s2,sp4,0.03,0.2,2,0,learned_abs,2,0.0,-0.12224251883370536,1.0150663533976059,-0.20421121949863255,0.8060412602303915,0.35567801874657196,0.9113245484071044,0.914765828886251,0.21097113214815044,0.9708438786660213,0.7050986712248409,0.48258819960886096,0.8523519393321132,0.8651086723237154,0.30992686034766576,0.9441097380050973,0.5794843775804674,0.5766986874469993,0.7727078048621043,0.09522514418398889,0.30871687509496815,,,,
E2a_h0.03_e0.2_L2_learned_abs_attn_s2,sp2,0.03,0.2,2,0,learned_abs,2,0.0,0.033720085729977915,1.0310395589243664,-0.19206990994029532,0.7127291150616766,0.4578244795714764,0.9278217523685028,0.8493006143539815,0.3225226490178042,1.0158838201187084,0.7347509719366021,0.45491815362186255,0.9275284017314614,0.8682158830022344,0.29573634106706853,1.0155582447103046,0.23546871971671846,0.7092586828917364,1.245707346261161,0.09522514418398889,0.30871687509496815,8.881784197001252e-16,0.10901498106504413,0.4389609815196237,0.8921359390747924
E2a_h0.03_e0.2_L2_learned_abs_attn_s2,sp8,0.03,0.2,2,0,learned_abs,2,0.0,-0.4310595311024891,1.168140726887759,-0.2286100814529808,0.7961003516557504,0.43162523719404783,0.8814141215048916,0.7769044843976115,0.43657111985468183,0.8744081525925379,0.6469566284531426,0.5700094489933858,0.7495462289704795,0.7384117231082024,0.4571974233354807,0.8239779147398723,0.45580672866096983,0.7560243348722828,0.44490484350700144,0.09522514418398889,0.30871687509496815,2.220446049250313e-16,0.05333421418499693,0.18476253349057528,0.954504236872677
E2a_h0.03_e0.2_L2_learned_abs_attn_s2,swap4,0.03,0.2,2,0,learned_abs,2,0.0,-1.5285721208368028,0.056991076982981045,-1.3886682910652046,-157.46201030666307,0.7150660330471471,0.009513459295945065,-383.6968081149846,1.1158216763168851,0.042014363505297185,-771.4473499253007,1.362551085267546,0.8523519145590204,-749.5073603514222,1.3438083127858589,0.938868988456201,-771.0292537671558,1.406329602001037,0.7727078048621043,0.09522514418398889,0.30871687509496815,4.440892098500626e-16,0.10240209830913184,0.5,0.4030767071956707
E2a_h0.03_e0.2_L2_rope_attn_s0,sp4,0.03,0.2,2,0,rope,0,0.0,-1.110982486188212,2.1179223416349733,-0.20421121949863255,0.8626739891017526,0.6163368220202449,1.9671314575123808,0.9655543277524641,0.3204827810880954,2.081126067358922,0.7530901849045604,0.8738877628991635,1.8379492880588857,0.8288700342241122,0.7390867120033399,1.9282052015965385,0.6826474165295056,1.0123818367509398,1.7498799544188517,0.06708322159030108,0.16791230642342037,,,,
E2a_h0.03_e0.2_L2_rope_attn_s0,sp2,0.03,0.2,2,0,rope,0,0.0,-0.7176910368725657,2.09671809106536,-0.19206990994029532,0.8823220885520657,0.6158978649352237,2.002741349652549,0.8848014661115209,0.5849626466929104,2.2148468462029585,0.5928556784196855,1.0511587058779326,2.0972579163032785,0.7074586463406758,0.9158366808298168,2.1588428910133355,0.43268502153543875,1.2692390380448195,2.2502655907349363,0.06708322159030108,0.16791230642342037,8.881784197001252e-16,0.06230009395826936,0.20291170632576128,0.9550179889704963
E2a_h0.03_e0.2_L2_rope_attn_s0,sp8,0.03,0.2,2,0,rope,0,0.0,-1.3012663359820311,1.8706509410113437,-0.2286100814529808,0.780847076632283,0.7150903917317561,1.9025685728959079,0.950588752086215,0.3435259500767875,1.8798987017019309,0.7670930099321239,0.7970268141639373,1.439888758365411,0.8141355438092128,0.6615279176010382,1.5779331241552974,0.6817082452256699,0.9004789448130224,1.4185194187984054,0.06708322159030108,0.16791230642342037,2.220446049250313e-16,0.06267735228670546,0.13790988332332357,0.9802674159141513
E2a_h0.03_e0.2_L2_rope_attn_s0,swap4,0.03,0.2,2,0,rope,0,0.0,-1.3585845434239932,0.05025954106400075,-1.3886682910652046,-613.3019013812669,1.244518740236779,0.02053519252117982,-10.143042109532391,0.15935357913989984,0.012000406025220133,-9921.370004856808,4.610292569872667,1.9806558346796284,-7059.575084755351,3.608067618401764,2.2793599972392453,-1202.9207430462097,1.357906997259099,1.7498799544188517,0.06708322159030108,0.16791230642342037,4.440892098500626e-16,0.04550836462352187,0.48049078825797775,0.42483747218454226
E2a_h0.03_e0.2_L2_rope_attn_s1,sp4,0.03,0.2,2,0,rope,1,0.0,-0.9865335055593667,2.0829153489843786,-0.20421121949863255,0.8674288562548216,0.5693251006056366,1.9399411395189317,0.9639116735565293,0.31710536413966345,2.0449855339001544,0.7256702892151514,0.9269157589687123,1.7743581704204332,0.8179702250714653,0.7450376773764473,1.8838241803438507,0.6428208198308856,1.0765826586223424,1.6700004467647738,0.07554976718172828,0.19078215959668976,,,,
E2a_h0.03_e0.2_L2_rope_attn_s1,sp2,0.03,0.2,2,0,rope,1,0.0,-0.8841657606618745,2.1579762919667926,-0.19206990994029532,0.8800721673578642,0.5671614848434607,1.9750588203799269,0.9442251535317417,0.41760101728165167,2.178593272983102,0.695100522467632,0.9998985799853991,2.0157019537678655,0.7964183302318021,0.8291186227069297,2.101285711536191,0.45016542447661545,1.3224154901961398,2.2232653391861144,0.07554976718172828,0.19078215959668976,8.881784197001252e-16,0.07709897741501061,0.20824804966483482,0.9523878521523832
E2a_h0.03_e0.2_L2_rope_attn_s1,sp8,0.03,0.2,2,0,rope,1,0.0,-1.319496014188709,1.8712346981699235,-0.2286100814529808,0.7478872756603605,0.7611592665341627,1.8762706636718838,0.902321699823473,0.47552289186623586,1.8325985483719958,0.746042596696967,0.8150855083883414,1.4060624899780316,0.7804911141205514,0.7080321621828833,1.5576792684801979,0.7080811496368707,0.8688966140047089,1.305091352832312,0.07554976718172828,0.19078215959668976,2.220446049250313e-16,0.06098160824012557,0.12956208426892762,0.98123154744231
E2a_h0.03_e0.2_L2_rope_attn_s1,swap4,0.03,0.2,2,0,rope,1,0.0,-1.3626407352941377,0.06824239975253248,-1.3886682910652046,-257.6919481730318,1.0953889984885004,0.020251348544929413,-0.22143775120283427,0.05527302112139369,0.017221675715875382,-5289.573015355297,4.60275802415014,1.89993729545567,-3600.379193978422,3.5142115471634257,2.212847532870983,-603.0077092488802,1.2741543449813817,1.6700004467647738,0.07554976718172828,0.19078215959668976,4.440892098500626e-16,0.0049582976534899076,0.48391861371679035,0.44359602901366324
E2a_h0.03_e0.2_L2_rope_attn_s2,sp4,0.03,0.2,2,0,rope,2,0.0,-0.9921718324850579,2.080250530508426,-0.20421121949863255,0.8715878129716853,0.5586147912118592,1.9420983352014214,0.9640597563680203,0.3086789861710404,2.0425261162204604,0.7215940813077775,0.931119793533287,1.767104034289473,0.8149173947003197,0.7473803671439085,1.8778998879091717,0.642387030655893,1.0778496391554309,1.6673010489080096,0.07633500211124546,0.192269216067005,,,,
E2a_h0.03_e0.2_L2_rope_attn_s2,sp2,0.03,0.2,2,0,rope,2,0.0,-0.8587814845876502,2.1822764639835417,-0.19206990994029532,0.8902420093870141,0.5543420030668685,1.9772550665820376,0.9403441147479885,0.43965079773482907,2.1764955633612626,0.6729260194922013,1.0568900075640488,2.0119001733635278,0.7798157772053848,0.879370308875378,2.097103780297823,0.4423179111601728,1.3532148978472378,2.216122529976135,0.07633500211124546,0.192269216067005,8.881784197001252e-16,0.0725241841254767,0.2081630518653685,0.9513624920524605
E2a_h0.03_e0.2_L2_rope_attn_s2,sp8,0.03,0.2,2,0,rope,2,0.0,-1.3336021556751803,1.8868440416844872,-0.2286100814529808,0.7475010889664349,0.7583315047501352,1.8783570584043854,0.8976328554545182,0.488350197854658,1.8287999747533352,0.729813521317795,0.8543023623716236,1.394011263932021,0.767565380607752,0.7358163347786465,1.5499485499582537,0.7054008523042121,0.8862212826318857,1.3067737636178582,0.07633500211124546,0.192269216067005,2.220446049250313e-16,0.059899953189294634,0.1289854956411293,0.9786087746590355
E2a_h0.03_e0.2_L2_rope_attn_s2,swap4,0.03,0.2,2,0,rope,2,0.0,-1.3324135318398476,0.06418813518103512,-1.3886682910652046,-311.5337516651957,1.1328908183649302,0.020273867847580278,-0.9058593717880918,0.07001347079708128,0.017610591637271286,-5873.191287732411,4.554669058089898,1.8933922511949868,-3983.8751436160182,3.467993620315577,2.211128156094567,-678.842405162642,1.27761849441441,1.6673010489080096,0.07633500211124546,0.192269216067005,4.440892098500626e-16,0.00010000000000000009,0.49,0.3790613268990526
E2a_h0.03_e0.2_L3_learned_abs_attn_s0,sp4,0.03,0.2,3,0,learned_abs,0,0.0,-0.23661667950883775,1.6578493458658532,-0.20421121949863255,0.9526508480143793,0.2677888988804184,1.6181245293387743,0.9725493199411497,0.21734954432336312,1.634936462087847,0.6579228711696345,0.8283532003122628,1.344727378737596,0.8716815042895584,0.4566856392230188,1.546650248322625,0.5439237806631594,0.9532206941681431,1.2226835470531223,0.04720357008697718,0.23479195654403992,,,,
E2a_h0.03_e0.2_L3_learned_abs_attn_s0,sp2,0.03,0.2,3,0,learned_abs,0,0.0,-0.13992687900151526,1.7311760833728804,-0.19206990994029532,0.9528288855671307,0.2984846662349792,1.6474165422030198,0.9681074790897262,0.2508957012180031,1.6827192766765349,0.6036499931461936,0.9363351707237292,1.4626026684547482,0.8425357392245638,0.5423233283566781,1.5460721536583393,0.4219077280042861,1.1102231336531454,1.5700612096489803,0.04720357008697718,0.23479195654403992,8.881784197001252e-16,0.04549024540324263,0.2405260038245427,0.971683759463875
E2a_h0.03_e0.2_L3_learned_abs_attn_s0,sp8,0.03,0.2,3,0,learned_abs,0,0.0,-0.33474132320511024,1.494435098029421,-0.2286100814529808,0.9439524395116727,0.263008618839637,1.5650163413303855,0.9668652030689238,0.22387248161095835,1.5469366468814179,0.6703097658784354,0.7288705886651614,1.1522777545226448,0.8384930023535244,0.4260906343209547,1.5837260411984677,0.5081065051459797,0.9437379301855001,0.9106926339946155,0.04720357008697718,0.23479195654403992,2.220446049250313e-16,0.046852845875222975,0.2278401000972675,0.972671263298941
E2a_h0.03_e0.2_L3_learned_abs_attn_s0,swap4,0.03,0.2,3,0,learned_abs,0,0.0,-1.1699701994657516,0.3116656250809542,-1.3886682910652046,-0.9452471843147097,0.3044446909019666,0.01689185468836722,-0.09919197361216114,0.2608654634099352,0.026681887942698726,-179.8305709468562,4.01289734446088,1.4334459331847145,-89.25765707128721,2.7254430316522544,1.9503541960490842,-18.62216899778269,1.0713030981482154,1.2226835470531223,0.04720357008697718,0.23479195654403992,4.440892098500626e-16,0.00010000000000000009,0.03445521013063304,0.39428143175101305
E2a_h0.03_e0.2_L3_learned_abs_attn_s1,sp4,0.03,0.2,3,0,learned_abs,1,0.0,-0.8774088450840541,1.764969177205945,-0.20421121949863255,0.8715766704127988,0.5185378693137989,1.64774470185255,0.9622655777763485,0.25973850549416627,1.731348921017681,0.7564940930386208,0.7030802039215757,1.5351113981189637,0.8372899559182476,0.5676295148266153,1.615009440719942,0.6907615394943376,0.8348259919778899,1.4669023350783792,0.05704512187024984,0.1554627890593845,,,,
E2a_h0.03_e0.2_L3_learned_abs_attn_s1,sp2,0.03,0.2,3,0,learned_abs,1,0.0,-0.5027575214792576,1.7324097647744183,-0.19206990994029532,0.8720239500280366,0.5186466101125461,1.677572912307638,0.868000486221268,0.5015386619929058,1.8315384056962445,0.5518575957134078,0.8836681277636836,1.7647938747739496,0.6791060875173314,0.7917756591528912,1.8023331427453826,0.4444603969971421,1.0332034460680748,1.833038958899606,0.05704512187024984,0.1554627890593845,8.881784197001252e-16,0.05271601504418572,0.1882932438251733,0.9485039450523378
E2a_h0.03_e0.2_L3_learned_abs_attn_s1,sp8,0.03,0.2,3,0,learned_abs,1,0.0,-0.9080231464135328,1.7372380005211763,-0.2286100814529808,0.8869467924924772,0.4732432305462121,1.5936643552357346,0.961477315475297,0.2863879851428713,1.583891191291962,0.6648539791078464,0.8717243668375237,1.1824899489429659,0.7596548196355368,0.6808756599336557,1.3299569227369532,0.5336428678317113,1.0806523677415791,1.2265986230560872,0.05704512187024984,0.1554627890593845,2.220446049250313e-16,0.060889545367229084,0.18279417563404837,0.9765125444378393
E2a_h0.03_e0.2_L3_learned_abs_attn_s1,swap4,0.03,0.2,3,0,learned_abs,1,0.0,-1.3448381163179874,0.19667942044426318,-1.3886682910652046,-15.863001088259658,0.7824282963272005,0.0172010642954619,-0.13528424990338772,0.19336080317978036,0.008006078257209896,-493.5824689237822,4.103414970250688,1.6635651380225431,-350.0729564999469,3.2284135154607876,1.9475057726295293,-49.87891222486542,1.091209624523455,1.4669023350783792,0.05704512187024984,0.1554627890593845,4.440892098500626e-16,0.07072557558920788,0.5,0.3668533956937271
E2a_h0.03_e0.2_L3_learned_abs_attn_s2,sp4,0.03,0.2,3,0,learned_abs,2,0.0,-0.6646968296429675,1.8030369424521802,-0.20421121949863255,0.9241277203077584,0.3516559368355826,1.7332875753270787,0.9740302798924575,0.23364519735999564,1.779470751666028,0.7073060729641109,0.8332477493302618,1.516380926394598,0.8339603731794614,0.6213931737464289,1.646559133547185,0.6220446037927929,0.9637823315163907,1.4220517091068896,0.055599763942537996,0.1860682309302724,,,,
E2a_h0.03_e0.2_L3_learned_abs_attn_s2,sp2,0.03,0.2,3,0,learned_abs,2,0.0,-0.621237755886146,1.928483149702598,-0.19206990994029532,0.9156068399195064,0.4420768731556369,1.764664321080179,0.9577310820746965,0.3114365624770966,1.8647309742335285,0.6345941254723382,1.0118031666072975,1.7066762336981782,0.7868918045345061,0.7566059056259833,1.7875102700897463,0.4204165388252439,1.238130908424488,1.839392615769218,0.055599763942537996,0.1860682309302724,8.881784197001252e-16,0.0628927950028189,0.21025834764896179,0.9628737543905164
E2a_h0.03_e0.2_L3_learned_abs_attn_s2,sp8,0.03,0.2,3,0,learned_abs,2,0.0,-0.6875999571223345,1.7309089764780297,-0.2286100814529808,0.9342877725844756,0.3231550968996834,1.6763996407126205,0.9727509716340106,0.22392929010543564,1.642755248321571,0.6858940925524972,0.8362696164944643,1.220106969310905,0.7914299699800743,0.6333463284301155,1.4335930308515672,0.525066707266862,1.092874754318758,1.1395765332500933,0.055599763942537996,0.1860682309302724,2.220446049250313e-16,0.04706766261304359,0.17767484157572797,0.978204711223688
E2a_h0.03_e0.2_L3_learned_abs_attn_s2,swap4,0.03,0.2,3,0,learned_abs,2,0.0,-1.2772862533373492,0.1502088505593923,-1.3886682910652046,-21.932132434116326,0.7021546567123761,0.018094059712166658,-0.13107902656014625,0.13240190385868308,0.013913438802211905,-877.0798820672502,4.179404330961603,1.6319801048163818,-573.6848237927824,3.1472878376566666,1.987259732860905,-93.22625127493781,1.1209745094632602,1.4220517091068896,0.055599763942537996,0.1860682309302724,4.440892098500626e-16,0.00010000000000000009,0.0010000000000000005,0.37154312578722337
E2a_h0.03_e0.2_L3_rope_attn_s0,sp4,0.03,0.2,3,0,rope,0,0.0,-0.6094450269592926,2.01106204572575,-0.20421121949863255,0.9292457376767511,0.37246072129219915,1.9386113836473484,0.9539340782339188,0.34918278247000467,1.9641952262947708,0.6368257689909826,1.0329885965050658,1.6048549420473845,0.7730900399017239,0.8219606058348562,1.7682372036729497,0.5540453542318478,1.17255171012115,1.4969184023853128,0.054000191836443216,0.21010348092605993,,,,
E2a_h0.03_e0.2_L3_rope_attn_s0,sp2,0.03,0.2,3,0,rope,0,0.0,-0.3584400513874633,2.0576875887435917,-0.19206990994029532,0.914289010618457,0.4382770151341229,1.9737049926737043,0.9213223853502059,0.4412046398411916,2.04318380291763,0.558492931739104,1.1721137022547594,1.7805636589497253,0.7341290532558002,0.9037937504272736,1.8740441220570536,0.38599897829290997,1.3704604613670954,1.9090999959404131,0.054000191836443216,0.21010348092605993,8.881784197001252e-16,0.05357842480457968,0.24758274876189698,0.9508770912966732
E2a_h0.03_e0.2_L3_rope_attn_s0,sp8,0.03,0.2,3,0,rope,0,0.0,-0.7022957606241107,1.8379220871324464,-0.2286100814529808,0.9358818079419845,0.30676690108484717,1.8749845514899874,0.9611126301579387,0.2924812935165622,1.8284311437934082,0.6725222836333162,0.9089454463780927,1.324561341688212,0.7764108630000567,0.717818208527033,1.6095201371559595,0.5387743251679442,1.1193557875639115,1.199946969417751,0.054000191836443216,0.21010348092605993,2.220446049250313e-16,0.044495305023705224,0.1791077306566967,0.9717849455910901
E2a_h0.03_e0.2_L3_rope_attn_s0,swap4,0.03,0.2,3,0,rope,0,0.0,-1.3696497710687774,0.04881615756869238,-1.3886682910652046,-211.6832781906308,0.7102828294130682,0.02023746701569817,-0.3320438438050921,0.04596512182645342,0.02223386101709404,-9741.98748316274,4.486988246099456,1.7308236168547046,-6343.725608615687,3.3975302329567407,2.1692063064612537,-1213.5676920838946,1.285531301444657,1.4969184023853128,0.054000191836443216,0.21010348092605993,4.440892098500626e-16,0.19939845950610377,0.4999999999999991,0.1774261143897462
E2a_h0.03_e0.2_L3_rope_attn_s1,sp4,0.03,0.2,3,0,rope,1,0.0,-0.3546093532183607,1.7459845623783101,-0.20421121949863255,0.9627922758026661,0.23754969259794706,1.713194605208602,0.9845814521907229,0.16266829648621353,1.732472000683182,0.6233363770022351,0.9046256868844614,1.378480678830816,0.8744457117613507,0.48144915455678844,1.6305739135992785,0.5208371076788209,1.016970999863213,1.2600603855652353,0.04785296459509042,0.23980154709763596,,,,
E2a_h0.03_e0.2_L3_rope_attn_s1,sp2,0.03,0.2,3,0,rope,1,0.0,-0.195245724038354,1.7107583483669089,-0.19206990994029532,0.9500591698950518,0.28189384911834914,1.7442076190433484,0.971661012533167,0.21648425537903535,1.7823904012748453,0.6024331801372145,0.9284297796700776,1.5071950731314205,0.8832023092228822,0.4774435049006004,1.623880105735742,0.35993620477163235,1.1259001814152463,1.6673033434119082,0.04785296459509042,0.23980154709763596,8.881784197001252e-16,0.04457071405366082,0.25185358505211924,0.9850110276832631
E2a_h0.03_e0.2_L3_rope_attn_s1,sp8,0.03,0.2,3,0,rope,1,0.0,-0.4237114446836391,1.676926563982435,-0.2286100814529808,0.9456355900278791,0.2759965770462428,1.6569661385246715,0.975731959638212,0.19684390279051125,1.6395891040924455,0.6057411833511419,0.8935050538718138,1.172686488451366,0.8404129848610314,0.508232778576156,1.6839619874606675,0.40783314985326324,1.1522638959676121,0.9602578581591616,0.04785296459509042,0.23980154709763596,2.220446049250313e-16,0.05115471544134409,0.24714986735388156,0.9774129576595745
E2a_h0.03_e0.2_L3_rope_attn_s1,swap4,0.03,0.2,3,0,rope,1,0.0,-1.3727071519408907,0.02608854307247171,-1.3886682910652046,-116.65895616770801,0.28140523692218233,0.017884306058881604,-7.543070917933548,0.07068381615889471,0.03030995920521429,-28875.9313824753,4.192082916283767,1.4602833250661256,-13792.628455499194,2.797007773021833,2.0687389351889798,-3801.071775851658,1.201466692814663,1.2600603855652353,0.04785296459509042,0.23980154709763596,4.440892098500626e-16,0.00010000000000000009,0.49,0.4453235688663004
E2a_h0.03_e0.2_L3_rope_attn_s2,sp4,0.03,0.2,3,0,rope,2,0.0,-0.7268161433083671,2.011852229525545,-0.20421121949863255,0.9542778535471033,0.2807474457948818,1.9653210290699068,0.9775369970202983,0.24545351438954238,1.9891277684679605,0.6786567110901189,0.9538534330162038,1.6573813387288088,0.8129121664738002,0.7305598175213674,1.8139190003138213,0.6060995198657171,1.0845240766905377,1.5662759971650675,0.049479768786374036,0.1920890972139346,,,,
E2a_h0.03_e0.2_L3_rope_attn_s2,sp2,0.03,0.2,3,0,rope,2,0.0,-0.588313756743446,2.0383731574944544,-0.19206990994029532,0.9560736768182448,0.3137886099807879,2.0008981480258945,0.9644645676971797,0.3165496286371556,2.0695620745063326,0.620233167365986,1.0718493252659236,1.8578798670802912,0.7783733073589368,0.8050307213741164,1.933047667128157,0.446559016103948,1.263452425175903,1.9585234603311172,0.049479768786374036,0.1920890972139346,8.881784197001252e-16,0.05099910015043159,0.21108082179115573,0.9737093477698173
E2a_h0.03_e0.2_L3_rope_attn_s2,sp8,0.03,0.2,3,0,rope,2,0.0,-0.6141867681622638,1.8097257184765132,-0.2286100814529808,0.9571423271269632,0.2410689202404679,1.9008175642152354,0.9796726429157893,0.21133354956939218,1.8566435225595328,0.659136516033642,0.9096715723447301,1.3400058412158442,0.7782110175331997,0.7202039122882538,1.6339900661209028,0.44187247588371326,1.2033340326242208,1.2899323077465532,0.049479768786374036,0.1920890972139346,2.220446049250313e-16,0.046549407410387926,0.20187925131839998,0.9873572312784769
E2a_h0.03_e0.2_L3_rope_attn_s2,swap4,0.03,0.2,3,0,rope,2,0.0,-1.3665576353669167,0.02292404003543435,-1.3886682910652046,-1378.4810515353938,0.8510060479628951,0.02051629317590725,-44.681653885748126,0.1528783791950837,0.017172619502760725,-44777.04025011978,4.505117031818732,1.7992203981840116,-29738.194444063407,3.423484561261646,2.2395136859314073,-5467.908832769075,1.3018164597792077,1.5662759971650675,0.049479768786374036,0.1920890972139346,4.440892098500626e-16,0.030667301912555095,0.39945911019582847,0.2037978325711266
E2b_h0.003_e0.05_L2_alibi_learn_attn_s0,sp4,0.003,0.05,2,0,alibi_learn,0,0.0,0.12340572902134486,2.9062717586675,-0.7397920270824814,0.6332908110952505,1.3012604140433823,2.312798595890322,0.949500083390547,0.4852632002517132,2.8319378965595656,0.6275367273126495,1.5356534084886841,2.302279616666333,0.828018027160685,0.9555517534920018,2.640810536039097,0.5302425748959676,1.6733565852546626,2.116280705515382,0.041230071958914795,0.21099476990517133,,,,
E2b_h0.003_e0.05_L2_alibi_learn_attn_s0,sp2,0.003,0.05,2,0,alibi_learn,0,0.0,0.3442905194658254,2.9009846025395043,-0.7368157134068761,0.5669534934898222,1.4423105030982077,2.3213471561234247,0.9313237087101001,0.5748661303262882,2.9124731499665213,0.6146263631414212,1.5704317065636175,2.532357932719438,0.8226459630343125,0.9967632928506724,2.6476252220385192,0.44162209902904936,1.8028828937339323,2.6475519560050245,0.041230071958914795,0.21099476990517133,8.881784197001252e-16,0.04333429631518133,0.23388131160004064,0.9414353390576333
E2b_h0.003_e0.05_L2_alibi_learn_attn_s0,sp8,0.003,0.05,2,0,alibi_learn,0,0.0,-0.17993315109716995,2.8947489796959958,-0.7459185201911429,0.7156219976400526,1.0843988757388001,2.2972179968682434,0.9285031187316996,0.6090679205111013,2.6899636057735377,0.6141683034696621,1.460142111833982,1.9272526851163536,0.810587111270965,0.9253365606374316,2.692745445289313,0.5307893010081006,1.637026329501955,1.6185632038087348,0.041230071958914795,0.21099476990517133,4.440892098500626e-16,0.034423226690792445,0.17889217266766347,0.9483284461434373
E2b_h0.003_e0.05_L2_alibi_learn_attn_s0,swap4,0.003,0.05,2,0,alibi_learn,0,0.0,-2.8110178815467015,0.07576280320910542,-2.9412503714898257,-253.90772160221246,1.207233417926736,0.0006500984802186911,-315.77904602598505,1.345177521208096,0.03312756127321689,-12922.860976819917,8.239488530666156,2.4984179975351224,-7589.766804300194,5.986077180361262,3.4156723448996553,-2273.516710769763,2.9487873463611196,2.116280705515382,0.041230071958914795,0.21099476990517133,4.440892098500626e-16,0.27447231194694616,0.32073131493466317,0.3037803410479697
E2b_h0.003_e0.05_L2_alibi_learn_attn_s1,sp4,0.003,0.05,2,0,alibi_learn,1,0.0,0.4640000207083566,2.9867453595099858,-0.7397920270824814,0.526610931416746,1.5452064354107264,2.16742027978156,0.9342888408881609,0.5619454182921405,2.886946784033351,0.5541797003012539,1.6935028315602085,2.2234365060510903,0.5990238932750613,1.613017952446374,2.311390459170436,0.44972709846745507,1.8280196621541056,2.002952511113933,0.04052915335819712,0.2530478489528758,,,,
E2b_h0.003_e0.05_L2_alibi_learn_attn_s1,sp2,0.003,0.05,2,0,alibi_learn,1,0.0,0.6339958178411637,2.9509369568236106,-0.7368157134068761,0.47133453356173527,1.6363109907458582,2.175431493055853,0.9269975331329964,0.6116511152555583,2.94792701908061,0.5411970288302467,1.7191959606991847,2.4044821116726336,0.5769336440926163,1.6455275278751682,2.4575875398583227,0.3493578915166846,1.9563637531571327,2.499160158375038,0.04052915335819712,0.2530478489528758,8.881784197001252e-16,0.04054708439077957,0.27365929674350564,0.933989638042795
E2b_h0.003_e0.05_L2_alibi_learn_attn_s1,sp8,0.003,0.05,2,0,alibi_learn,1,0.0,0.1584984359464475,2.9687956635103543,-0.7459185201911429,0.6103037198034342,1.3413231797270464,2.1528190488954797,0.9135615200134806,0.6480865387631265,2.7694820920260406,0.5528571754034519,1.6341145175123486,1.9221229788499326,0.5360009926981573,1.5700524663553879,1.9456435604657467,0.44343915038053516,1.8981353568784713,1.5975859623416693,0.04052915335819712,0.2530478489528758,4.440892098500626e-16,0.036245492235368895,0.21646257406820615,0.9321478952120199
E2b_h0.003_e0.05_L2_alibi_learn_attn_s1,swap4,0.003,0.05,2,0,alibi_learn,1,0.0,-2.7551404578345164,0.07760548589937505,-2.9412503714898257,-425.34031578891944,1.600518322155104,0.0006092344713391328,-235.29753459195297,1.188012692944568,0.062158483025037015,-12368.870687055569,8.291942252901316,2.3830435477262557,-9696.327928833633,7.256675996873068,2.3902569991400293,-2389.8869191895815,3.2191467815852826,2.002952511113933,0.04052915335819712,0.2530478489528758,4.440892098500626e-16,0.6059955049943772,0.36650913802028,0.24455311915388922
E2b_h0.003_e0.05_L2_alibi_learn_attn_s2,sp4,0.003,0.05,2,0,alibi_learn,2,0.0,0.14922646113804408,3.0930665819570864,-0.7397920270824814,0.5814614411481984,1.5146045702490178,2.358575207001334,0.9307492163488412,0.6156184790352458,2.984046648432073,0.5630321051824458,1.7664559346979065,2.3208859675492124,0.7878321226749997,1.0976611071342892,2.739959038052931,0.47222059212012524,1.8831167375817575,2.1255058904883293,0.046673721274337845,0.22999173814384377,,,,
E2b_h0.003_e0.05_L2_alibi_learn_attn_s2,sp2,0.003,0.05,2,0,alibi_learn,2,0.0,0.3440778737089464,3.0427125153737915,-0.7368157134068761,0.5197143100849493,1.6014927754508206,2.367292966626916,0.92419092759148,0.6286789563368533,3.0726626937348587,0.5483339570885286,1.7750777247835354,2.561083843999034,0.7866172655605627,1.1273289468727508,2.7358900077939463,0.35700220959002804,2.0242350376622964,2.6874019475760695,0.046673721274337845,0.22999173814384377,8.881784197001252e-16,0.04942372959298456,0.2544125182953345,0.9334508804662524
E2b_h0.003_e0.05_L2_alibi_learn_attn_s2,sp8,0.003,0.05,2,0,alibi_learn,2,0.0,-0.09356470751975264,3.068488767179736,-0.7459185201911429,0.6695341507354802,1.302954760489046,2.342686225302278,0.9025621193822131,0.741166971226586,2.822493902001542,0.5507235283928089,1.7004807678821907,1.93375514312274,0.7650228883635919,1.1151590125199926,2.8192896493212207,0.45904492932637675,1.9478246069866054,1.7110062635715082,0.046673721274337845,0.22999173814384377,4.440892098500626e-16,0.036704730734923474,0.19147833837922623,0.9191438221820026
E2b_h0.003_e0.05_L2_alibi_learn_attn_s2,swap4,0.003,0.05,2,0,alibi_learn,2,0.0,-2.7633271983691623,0.09247098958087802,-2.9412503714898257,-154.98168770419116,1.1511776480471763,0.0006629657075534592,-200.31858213919858,1.3069093415012307,0.04552448361108089,-8744.780755012209,8.278280982823246,2.505314502606716,-4714.003000528962,5.789929824971959,3.54988407925369,-1508.3796801565686,2.918149045959139,2.1255058904883293,0.046673721274337845,0.22999173814384377,4.440892098500626e-16,0.41132139729265177,0.2861137462723979,0.25538004927354896
E2b_h0.003_e0.1_L2_alibi_learn_attn_s0,sp4,0.003,0.1,2,0,alibi_learn,0,0.0,0.5609485081263951,2.1610624430963172,0.4883739054450548,0.6818501566982371,0.8359660340584728,1.7844804244815708,0.9383268882125773,0.3879660018471978,2.0933622877816433,0.5428150832224133,1.1949678418355296,1.5921791235144518,0.5940277840753717,1.1276288354514035,1.6654634072633632,0.4492019526074721,1.291149249603848,1.4483979078254348,0.024464975427600063,0.24636500358639637,,,,
E2b_h0.003_e0.1_L2_alibi_learn_attn_s0,sp2,0.003,0.1,2,0,alibi_learn,0,0.0,0.6664365252612957,2.1269133366870583,0.5007118813643888,0.634021169506015,0.885076668042294,1.7839572836012227,0.9299655830591098,0.4314128076167537,2.1124219268606605,0.5331284715409129,1.2254955891102635,1.7217626370568362,0.576862857149469,1.166368255593754,1.7684007368618218,0.37829659876696764,1.3501691245928362,1.7234285843919175,0.024464975427600063,0.24636500358639637,4.440892098500626e-16,0.024683317451161986,0.26172684474359637,0.9345096296105765
E2b_h0.003_e0.1_L2_alibi_learn_attn_s0,sp8,0.003,0.1,2,0,alibi_learn,0,0.0,0.3849108022903757,2.160158902946391,0.4650366157785926,0.7446508895288664,0.7376175687591804,1.7859403456144052,0.9328603710300304,0.40417273248653884,2.0565780650717045,0.5342027647888219,1.1504963281693612,1.3731150560064334,0.5203556063841666,1.1163614081598672,1.4205862608440576,0.44283496002418365,1.330721409994858,1.214116788269197,0.024464975427600063,0.24636500358639637,4.440892098500626e-16,0.022160661448953903,0.22533557654986144,0.9416435342514043
E2b_h0.003_e0.1_L2_alibi_learn_attn_s0,swap4,0.003,0.1,2,0,alibi_learn,0,0.0,-2.08292349002191,0.06402229167722367,-2.1970934105190123,-2.440065561774525,0.10121519555004653,0.003482496030597573,-2.044088256811877,0.09861216127123204,0.04796392681235685,-10396.438556608604,6.285220048372605,1.7378819971126032,-8334.516856086322,5.581645821991091,1.7125672890584804,-2225.8266573155433,2.6438725839253583,1.4483979078254348,0.024464975427600063,0.24636500358639637,4.440892098500626e-16,0.5181164916532902,0.3703444096088825,0.20811302878291538
E2b_h0.003_e0.1_L2_alibi_learn_attn_s1,sp4,0.003,0.1,2,0,alibi_learn,1,0.0,0.6875479561941964,2.196177779579744,0.4883739054450548,0.6139399684983764,0.9457702104698552,1.7208001963378157,0.9319229506712452,0.39981296902616276,2.120105593204635,0.4839170753059917,1.2642525078408882,1.5277441267582659,0.5331455805284999,1.2083134575081824,1.603525761145401,0.3903959491576354,1.3604733380208511,1.3722092707839315,0.024321365745006738,0.2718577472739978,,,,
E2b_h0.003_e0.1_L2_alibi_learn_attn_s1,sp2,0.003,0.1,2,0,alibi_learn,1,0.0,0.7738340417189258,2.167091693555369,0.5007118813643888,0.5654957566349061,0.9788214273758017,1.720295724045901,0.9261076113428991,0.4327362179621969,2.1366408961284202,0.47508198783376043,1.2955267428265955,1.6409686561333092,0.5159778814920652,1.255348917747835,1.6868103625123763,0.3206592887165134,1.415447419677993,1.6605637315288209,0.024321365745006738,0.2718577472739978,4.440892098500626e-16,0.02485618394871857,0.28807741401024867,0.9298726309350592
E2b_h0.003_e0.1_L2_alibi_learn_attn_s1,sp8,0.003,0.1,2,0,alibi_learn,1,0.0,0.5230608904468161,2.2112822487234327,0.4650366157785926,0.6625046771104701,0.8726588920272625,1.7222080193307459,0.9140899073812961,0.4483660492623032,2.087628369813446,0.47018144659119354,1.2416207906076626,1.3350684784257594,0.47864992348440716,1.1624281558170446,1.3861503092483975,0.3699833204045113,1.4269992483045406,1.1199041076249159,0.024321365745006738,0.2718577472739978,4.440892098500626e-16,0.022945126717431298,0.2528232046930546,0.9205635329551257
E2b_h0.003_e0.1_L2_alibi_learn_attn_s1,swap4,0.003,0.1,2,0,alibi_learn,1,0.0,-2.076750122010708,0.05630253402500374,-2.1970934105190123,-4.399468969503192,0.11858617598667906,0.0033582211219486693,-13.911932067161203,0.19713695749833082,0.07124737800477429,-13193.884965815832,6.245366451625657,1.6505718005153125,-10568.89915047506,5.539613534607533,1.654013674685073,-3022.553645508142,2.764296923574523,1.3722092707839315,0.024321365745006738,0.2718577472739978,4.440892098500626e-16,0.5758407685630301,0.4057388649178352,0.25236829324721877
E2b_h0.003_e0.1_L2_alibi_learn_attn_s2,sp4,0.003,0.1,2,0,alibi_learn,2,0.0,0.5344505310058594,2.2739925857488847,0.4883739054450548,0.6493818509799391,0.9414308759660902,1.832479469819098,0.935217627477856,0.41992136445229145,2.1991020624542856,0.5213576931128958,1.2851914186678983,1.6419282594757831,0.5702782178904793,1.2141971982252937,1.717165144831316,0.42633759650816505,1.387947319313262,1.4847938467698711,0.025690260746449246,0.25651132426009793,,,,
E2b_h0.003_e0.1_L2_alibi_learn_attn_s2,sp2,0.003,0.1,2,0,alibi_learn,2,0.0,0.6543255691150469,2.219884197353622,0.5007118813643888,0.6076915776141438,0.9697593536029717,1.8319422574687079,0.9330414541681737,0.4327455085185277,2.2197791527421797,0.5132258152210989,1.295402277229965,1.7698791295710714,0.552853725027741,1.2526712090547345,1.81622787703851,0.351094651344632,1.4358825741353793,1.7962845157006653,0.025690260746449246,0.25651132426009793,4.440892098500626e-16,0.025651299010662647,0.27074713796408084,0.9379380953009223
E2b_h0.003_e0.1_L2_alibi_learn_attn_s2,sp8,0.003,0.1,2,0,alibi_learn,2,0.0,0.39132098614105154,2.2528609401819275,0.4650366157785926,0.7160158082375488,0.833178350400046,1.833978659984914,0.9331103919023098,0.41923025560784566,2.1587462275010796,0.5092951117828244,1.238963267789669,1.4253474534657746,0.5122352929959133,1.1808256882606778,1.4700447386997673,0.405307939053262,1.4352688614521019,1.2171034780713648,0.025690260746449246,0.25651132426009793,4.440892098500626e-16,0.02294045103662632,0.23630007966301655,0.9396230791087565
E2b_h0.003_e0.1_L2_alibi_learn_attn_s2,swap4,0.003,0.1,2,0,alibi_learn,2,0.0,-2.0895552965147153,0.05561393739315304,-2.1970934105190123,-12.133922159164277,0.19374781317411882,0.0035761683861847623,-2.242963521554567,0.07031446756016978,0.05742970342823781,-14170.718142325073,6.3710594487876,1.7790899444757924,-11268.10621981702,5.626469227832253,1.7705885352553172,-2949.18224432492,2.6240050175832463,1.4847938467698711,0.025690260746449246,0.25651132426009793,4.440892098500626e-16,0.5312090045628576,0.3622181141396034,0.184006237263742
E2b_h0.003_e0.2_L2_alibi_learn_attn_s0,sp4,0.003,0.2,2,0,alibi_learn,0,0.0,0.8058493477957589,1.1837303913089587,1.0347737558691594,0.7075714509009158,0.3711726478282032,0.9957216468840296,0.8733394505950052,0.273532872959147,1.1062250647512588,0.34777336851356233,0.6386097193116741,0.6980762254573405,0.40176055641454533,0.6206075668181025,0.7502505939380782,0.2784064486845227,0.6601154102103448,0.6245865553783585,0.015053892506082134,0.33259869339569836,,,,
E2b_h0.003_e0.2_L2_alibi_learn_attn_s0,sp2,0.003,0.2,2,0,alibi_learn,0,0.0,0.8528013274605785,1.1313730500168648,1.0408086433175445,0.6786006896367172,0.39113933574280274,0.9942663207105286,0.8642156510382343,0.28986863584283995,1.1081630812457852,0.33594419997053904,0.6398487338890148,0.7392347906146158,0.3906132706986236,0.6137408781685385,0.75296324786709,0.23495807957006953,0.6679652904591473,0.7315442575442481,0.015053892506082134,0.33259869339569836,4.440892098500626e-16,0.014782621960968512,0.341583598953571,0.8682445311406689
E2b_h0.003_e0.2_L2_alibi_learn_attn_s0,sp8,0.003,0.2,2,0,alibi_learn,0,0.0,0.758888967135655,1.2110721244455398,1.0228820815153998,0.7196081611148353,0.37264096413214426,0.9992694676842613,0.8588220806216667,0.2777217208985519,1.1028138340119695,0.3242997282294967,0.6494032831098416,0.6257958691145615,0.38496660358522083,0.645739670974654,0.7106625420496292,0.24682928231593515,0.7115103419940804,0.517256885300539,0.015053892506082134,0.33259869339569836,4.440892098500626e-16,0.014915502157825462,0.3226176174480073,0.8602289509919491
E2b_h0.003_e0.2_L2_alibi_learn_attn_s0,swap4,0.003,0.2,2,0,alibi_learn,0,0.0,-1.2920655767832483,0.03738972179836405,-1.3913278580554438,-4579.181847667325,2.5301543824851285,0.02525912529470927,-2486.909830073122,1.8609424763543234,0.12657778121577304,-10161.458618228553,3.689460286332625,0.7538831332444742,-8335.25015758734,3.300857787596932,0.8539550791515718,-3440.121678273279,2.0979149221513405,0.6245865553783585,0.015053892506082134,0.33259869339569836,2.220446049250313e-16,0.00020844083832648758,0.17205466796626037,0.15842476845533437
E2b_h0.003_e0.2_L2_alibi_learn_attn_s1,sp4,0.003,0.2,2,0,alibi_learn,1,0.0,0.7944093431745257,1.2525948135148544,1.0347737558691594,0.7409514327319762,0.3676072461310155,1.0782152751147769,0.8785300510192247,0.284201728593005,1.1740577108183194,0.33821817245751284,0.6804171456472196,0.7284640783171017,0.3871377032093881,0.6653651943102306,0.7792979256701341,0.27806416766264763,0.687700819680319,0.6605156056789314,0.012165101682674482,0.3251121668565372,,,,
E2b_h0.003_e0.2_L2_alibi_learn_attn_s1,sp2,0.003,0.2,2,0,alibi_learn,1,0.0,0.8208546418630119,1.2343772598359777,1.0408086433175445,0.7285439970576015,0.3901640075388535,1.07663937795973,0.881754049457258,0.2922650386419023,1.1747038722851013,0.3400650574532571,0.6852309937474274,0.7764262217678235,0.38498434441361185,0.6659319899666681,0.7912454805631122,0.2496920826495833,0.6983757312725902,0.7621020708242404,0.012165101682674482,0.3251121668565372,4.440892098500626e-16,0.012533137921494695,0.3314203496657842,0.8824164979731279
E2b_h0.003_e0.2_L2_alibi_learn_attn_s1,sp8,0.003,0.2,2,0,alibi_learn,1,0.0,0.75322552437761,1.2528272747591231,1.0228820815153998,0.7541006982845931,0.37207212924777977,1.082057026062093,0.871513065585864,0.28983520017917275,1.1734276381523625,0.31771918716066305,0.6650144802178757,0.6447389380492945,0.37093939626396144,0.6761496246234265,0.7246328163684482,0.24981104175503066,0.7313347469912849,0.5616647929260623,0.012165101682674482,0.3251121668565372,4.440892098500626e-16,0.012417827558135804,0.3170007248061951,0.8722204644419483
E2b_h0.003_e0.2_L2_alibi_learn_attn_s1,swap4,0.003,0.2,2,0,alibi_learn,1,0.0,-1.3275665044784546,0.034082721928263275,-1.3913278580554438,-7187.763666571486,2.889520122914784,0.027351795367732447,-8722.893774441856,3.180314473856843,0.14271930946464956,-12937.141394552966,3.790597859708487,0.7991930684526756,-10542.835963744361,3.377606574573626,0.9033794300409533,-4260.699249887231,2.1219758513192,0.6605156056789314,0.012165101682674482,0.3251121668565372,2.220446049250313e-16,1.047551183027347e-05,0.10155746964567716,0.11030083643415445
E2b_h0.003_e0.2_L2_alibi_learn_attn_s2,sp4,0.003,0.2,2,0,alibi_learn,2,0.0,0.8360306876046317,1.183379222967378,1.0347737558691594,0.6957007463464258,0.39226530156118894,0.9870409583507556,0.86661873861799,0.28963873954085667,1.1016324212601776,0.3255118913912174,0.6409336215145125,0.6751635227409648,0.3812062146371443,0.6236302748431448,0.7305647740994528,0.26031999014450546,0.6549672486408594,0.6037779972451088,0.01387358558745104,0.3368935300179672,,,,
E2b_h0.003_e0.2_L2_alibi_learn_attn_s2,sp2,0.003,0.2,2,0,alibi_learn,2,0.0,0.8679150353584971,1.1448454594797972,1.0408086433175445,0.6739343391168757,0.40553798309868483,0.98559831969215,0.8611419802499625,0.30548417563345637,1.1028704743007531,0.3162515380338047,0.6458875939558392,0.7141615121560423,0.3701340559954974,0.6208028796346048,0.7312889341010576,0.2216438399471795,0.6612755688437673,0.7022603575449133,0.01387358558745104,0.3368935300179672,4.440892098500626e-16,0.013498382640108605,0.3435843291464797,0.8631278558735483
E2b_h0.003_e0.2_L2_alibi_learn_attn_s2,sp8,0.003,0.2,2,0,alibi_learn,2,0.0,0.7838421996150698,1.2170896814136796,1.0228820815153998,0.7177109585670779,0.3856383024203377,0.9905578492948021,0.8688076359679939,0.28067463412880805,1.0996800509026414,0.30776666960387133,0.648566031008975,0.6064091759315029,0.36862684447097316,0.6487824058187874,0.6960423775689584,0.23439553551866665,0.7012124086282024,0.5038379693204393,0.01387358558745104,0.3368935300179672,4.440892098500626e-16,0.01366490447489022,0.3297092993273578,0.8704481489833
E2b_h0.003_e0.2_L2_alibi_learn_attn_s2,swap4,0.003,0.2,2,0,alibi_learn,2,0.0,-1.2895769966500146,0.03907734685697846,-1.3913278580554438,-3969.685333915909,2.4621141740111727,0.02503891656469676,-3811.3164409150436,2.408893911624973,0.14381568034338957,-9174.521119016077,3.6674570948878498,0.7309047952360812,-7535.085254123667,3.283053582748185,0.8382307787217496,-3210.284336452189,2.125607209857074,0.6037779972451088,0.01387358558745104,0.3368935300179672,2.220446049250313e-16,0.0012091534943864482,0.20587614936739107,0.16723754295061133
E2b_h0.003_e0.3_L2_alibi_learn_attn_s0,sp4,0.003,0.3,2,0,alibi_learn,0,0.0,0.5673555646623883,0.6040633513461885,0.7855404139991017,0.8231593261431428,0.14341457570487295,0.548055372309803,0.8542219683608535,0.14925285007813185,0.5583010140417538,0.3391156791612868,0.3089178803362057,0.35176846382315763,0.39475811460824917,0.29934555466716933,0.3795165018017665,0.2770712519911861,0.32070725301345177,0.31796419581666585,0.012102925090677357,0.331896850810378,,,,
E2b_h0.003_e0.3_L2_alibi_learn_attn_s0,sp2,0.003,0.3,2,0,alibi_learn,0,0.0,0.5826131491256612,0.5832485345858748,0.7872339766001951,0.8357900626429444,0.14669512536443507,0.5453632682733116,0.8685979512779696,0.14859215844782137,0.5585063033747513,0.347768976076272,0.308695803084614,0.3720917633794775,0.40419524258621053,0.2932801172615971,0.3816672784863427,0.2568622453392313,0.3240285997005054,0.36439994865658015,0.012102925090677357,0.331896850810378,2.220446049250313e-16,0.011682307162307481,0.3386920915396943,0.8700292160765442
E2b_h0.003_e0.3_L2_alibi_learn_attn_s0,sp8,0.003,0.3,2,0,alibi_learn,0,0.0,0.5336334551019328,0.6241547970903637,0.78214031546582,0.8201027669110226,0.13819721179177916,0.5538119279717693,0.8508551884353521,0.14332819337091748,0.5582046405238832,0.32322628269382514,0.30941433621500875,0.315819776954018,0.3859836876775099,0.3069090447394169,0.36006367429273217,0.25533208613070935,0.3398160976356867,0.27031652417557384,0.012102925090677357,0.331896850810378,4.440892098500626e-16,0.012709669348187227,0.3251995821177109,0.8530064989440417
E2b_h0.003_e0.3_L2_alibi_learn_attn_s0,swap4,0.003,0.3,2,0,alibi_learn,0,0.0,-0.7922992892563343,0.036752493398815464,-0.8561396537073594,-43137.31618732125,7.6324959531803644,0.12447495172323716,-1269.8983989626329,1.3081434297149597,0.07570001095588676,-3591.8591832395505,2.165742332653355,0.38344055099756635,-3042.979099615124,1.9762655061510017,0.43699345351376473,-1451.4972806554308,1.3596548533822932,0.31796419581666585,0.012102925090677357,0.331896850810378,2.220446049250313e-16,0.00013361775317194407,0.14752692082417626,0.16055796498258978
E2b_h0.003_e0.3_L2_alibi_learn_attn_s1,sp4,0.003,0.3,2,0,alibi_learn,1,0.0,0.5257399422781808,0.7136084305960249,0.7855404139991017,0.8515715044329024,0.15249306087218664,0.6585223698369942,0.8793200249356876,0.1620354324767017,0.6691659090078473,0.329645921216444,0.37006032482437284,0.4097175169761422,0.3784637462462104,0.3626241701884457,0.43898544252245253,0.26972216578074926,0.38105845326137266,0.37061098542669524,0.011137504183083537,0.331400375801984,,,,
E2b_h0.003_e0.3_L2_alibi_learn_attn_s1,sp2,0.003,0.3,2,0,alibi_learn,1,0.0,0.5352115077631814,0.7142505404832069,0.7872339766001951,0.8398234713349917,0.1633788603624222,0.655287640611576,0.879104035346308,0.16778150592617888,0.669081204552541,0.3300846955914475,0.3877945274968061,0.43512605191977216,0.37624187916272434,0.3766100123524684,0.4465374225095516,0.24242353276840178,0.39703097635384765,0.42337654372416017,0.011137504183083537,0.331400375801984,2.220446049250313e-16,0.012576921818328177,0.33696796476473095,0.8800413333638717
E2b_h0.003_e0.3_L2_alibi_learn_attn_s1,sp8,0.003,0.3,2,0,alibi_learn,1,0.0,0.5043137865806264,0.7108088191761892,0.78214031546582,0.8392852063922415,0.15615968492883228,0.6654392269068193,0.8666623321620652,0.16759631589724483,0.6697398332078887,0.3090691984019056,0.36617951929310205,0.3650252550486444,0.3631686506673103,0.36757264914376375,0.40821327858145473,0.24254022491095795,0.4007142460921516,0.3181935984262642,0.011137504183083537,0.331400375801984,4.440892098500626e-16,0.011546846306879245,0.3255566075860995,0.8672415316478744
E2b_h0.003_e0.3_L2_alibi_learn_attn_s1,swap4,0.003,0.3,2,0,alibi_learn,1,0.0,-0.8078799359500408,0.03144893201556448,-0.8561396537073594,-90714.91576556515,9.471004542231299,0.14956434027581456,-4973.412512182617,2.2160098477114043,0.09644856051689639,-5441.3419143616475,2.2735531985200317,0.44967196642691476,-4540.286388095044,2.0560658560067933,0.5024509345221034,-1942.7028006514197,1.3336198774556867,0.37061098542669524,0.011137504183083537,0.331400375801984,2.220446049250313e-16,2.2975325661374654e-05,0.11831734858656465,0.09870012015828811
E2b_h0.003_e0.3_L2_alibi_learn_attn_s2,sp4,0.003,0.3,2,0,alibi_learn,2,0.0,0.5665283203125,0.5547347861748977,0.7855404139991017,0.8436221883423052,0.12983017715329326,0.509517842873253,0.8777100005217875,0.12800702474535017,0.5197093285206794,0.37659498474732134,0.28128853040591434,0.34042622289489033,0.4336493051218724,0.273554554327959,0.36529141433495715,0.3083456516813522,0.2951781610584005,0.30803803172145533,0.012360218554097503,0.33017779187190105,,,,
E2b_h0.003_e0.3_L2_alibi_learn_attn_s2,sp2,0.003,0.3,2,0,alibi_learn,2,0.0,0.5739898426192147,0.5450589137605304,0.7872339766001951,0.8283809733482438,0.1441123411930337,0.5070150391224522,0.8742587898158177,0.13959393792492444,0.5199877514388999,0.3779351009756604,0.2911760235817079,0.3607632676139822,0.4413995858520757,0.2767605195097295,0.3708940669455557,0.27404668307777,0.3051738793887538,0.3513825878795462,0.012360218554097503,0.33017779187190105,2.220446049250313e-16,0.013265627065994415,0.3385784425612336,0.8756068019789535
E2b_h0.003_e0.3_L2_alibi_learn_attn_s2,sp8,0.003,0.3,2,0,alibi_learn,2,0.0,0.5174843893120331,0.5947699425325819,0.78214031546582,0.8361942462271351,0.13219767305074795,0.5148696156528962,0.8742749441394848,0.12870681422591593,0.5194394574897048,0.3590570868591769,0.2851292689429864,0.30454459458724165,0.42451737411446866,0.2768532254294725,0.34062615978873284,0.28998546424725,0.31862757816676945,0.2639494210332017,0.012360218554097503,0.33017779187190105,4.440892098500626e-16,0.01338422858903187,0.3242203168625514,0.8823216679576856
E2b_h0.003_e0.3_L2_alibi_learn_attn_s2,swap4,0.003,0.3,2,0,alibi_learn,2,0.0,-0.7896136561674731,0.05225989882555215,-0.8561396537073594,-17963.564768397966,7.003709077829555,0.11572226475306766,-388.5710992765715,1.0296035500880831,0.06744505701732897,-1723.6736738817458,2.1366865554471213,0.37230924785167935,-1466.7073072727435,1.9561591360600776,0.41387823817868524,-709.663565333577,1.3561419741897451,0.30803803172145533,0.012360218554097503,0.33017779187190105,2.220446049250313e-16,0.022596664777027837,0.3252641924407297,0.25441819965834245
E2b_h0.01_e0.05_L2_alibi_learn_attn_s0,sp4,0.01,0.05,2,0,alibi_learn,0,0.0,-1.2952282769339425,2.894006249383826,-1.7251941072264454,0.7346699780733286,1.1702584901639972,2.4805364384693003,0.9543783117411252,0.4633294482710207,2.827220915495122,0.776460966708933,1.180258519484694,2.5501121346107745,0.8602017443227581,0.913491860909135,2.6841057590087454,0.686421357393242,1.3772653305898008,2.3977000495064194,0.07028071272826898,0.15567385730479813,,,,
E2b_h0.01_e0.05_L2_alibi_learn_attn_s0,sp2,0.01,0.05,2,0,alibi_learn,0,0.0,-0.9967783414758742,2.9579351234576854,-1.7648307053633485,0.6311469210555989,1.4469147942292675,2.5418487763163746,0.9058663852674862,0.7417829350870452,3.0276556403748347,0.7372592836616981,1.2383317376489418,2.9096691644816746,0.8274558322939329,1.0268109686509141,3.029742994650807,0.45607447053869155,1.7078973119503225,3.3119010660607,0.07028071272826898,0.15567385730479813,8.881784197001252e-16,0.0794399695450431,0.19019970490277818,0.9349803007033124
E2b_h0.01_e0.05_L2_alibi_learn_attn_s0,sp8,0.01,0.05,2,0,alibi_learn,0,0.0,-1.5444344676299286,2.7716971940164035,-1.6717979376869874,0.7957716530374767,0.8675760994312885,2.396176063605082,0.9361353053729426,0.5540083760373202,2.535112483964137,0.7452377253114595,1.2213991001110922,2.0146025286120754,0.7995611369291887,1.015489681202563,2.1724820171611574,0.6371226444469872,1.4601740416504119,1.740617781250586,0.07028071272826898,0.15567385730479813,8.881784197001252e-16,0.05796666087155421,0.12910479885240336,0.964484875923606
E2b_h0.01_e0.05_L2_alibi_learn_attn_s0,swap4,0.01,0.05,2,0,alibi_learn,0,0.0,-2.756411294851984,0.17540197803672972,-2.9327387664093765,-7.901314677021864,0.4929625075762082,0.0005749721854305433,-35.246038992046294,1.0403207221704953,0.013047355633849884,-2114.8309794163742,7.629430517332957,2.7063064904180476,-1485.932162980314,6.055103290334126,3.0894496365899493,-238.047153834261,1.9848751448177364,2.3977000495064194,0.07028071272826898,0.15567385730479813,4.440892098500626e-16,0.45510881946516013,0.05765522327012239,0.33089720512909804
E2b_h0.01_e0.05_L2_alibi_learn_attn_s1,sp4,0.01,0.05,2,0,alibi_learn,1,0.0,-1.7224676779338293,2.716849014901647,-1.7251941072264454,0.6696000501294029,1.241133208223096,2.2231729137289236,0.9290574630057279,0.5703720147876011,2.6187062880900243,0.8693968141524825,0.8021076149263998,2.5332294324320963,0.8795734341501941,0.7773701629275461,2.547889504568298,0.740415473856266,1.1729080633566338,2.33777789058927,0.07193844604574692,0.17061970536896354,,,,
E2b_h0.01_e0.05_L2_alibi_learn_attn_s1,sp2,0.01,0.05,2,0,alibi_learn,1,0.0,-1.5488950948097877,2.789659372609056,-1.7648307053633485,0.6004079324134434,1.4325196724004705,2.2781239020172173,0.8929881726564145,0.7391466154292782,2.7969929049349886,0.8367032691335188,0.9164132309711803,2.7742021084842694,0.8478727581703424,0.8643383633720764,2.7950325899577573,0.46097336720224624,1.5562052691560295,3.2063318877896196,0.07193844604574692,0.17061970536896354,8.881784197001252e-16,0.0727558594387981,0.1939717586470633,0.9073017648788593
E2b_h0.01_e0.05_L2_alibi_learn_attn_s1,sp8,0.01,0.05,2,0,alibi_learn,1,0.0,-1.9329099564680032,2.5136545079288037,-1.6717979376869874,0.7284514907177195,0.9533720498909316,2.147565195381565,0.9284772090406037,0.4908394995768832,2.349428457038895,0.8939066053943604,0.6722106034531373,2.1618112708008654,0.8746317884668685,0.7664907274746228,2.077494970526889,0.6526351513149029,1.2826910160739797,1.718553882195163,0.07193844604574692,0.17061970536896354,8.881784197001252e-16,0.07481410381830476,0.14844883206786613,0.9527431885355294
E2b_h0.01_e0.05_L2_alibi_learn_attn_s1,swap4,0.01,0.05,2,0,alibi_learn,1,0.0,-2.758665131671088,0.17276909064409193,-2.9327387664093765,-0.9529977831926404,0.21386351017947838,0.0005153169971514505,-11.422336181506685,0.5823151690836672,0.01581914272130683,-1799.3588928192166,6.900554133640987,2.6389901316971742,-1529.063922577526,6.2917553205113155,2.6312694702817985,-193.9612606811104,1.750311331955586,2.33777789058927,0.07193844604574692,0.17061970536896354,4.440892098500626e-16,0.11833710361446113,0.5,0.49132534273990414
E2b_h0.01_e0.05_L2_alibi_learn_attn_s2,sp4,0.01,0.05,2,0,alibi_learn,2,0.0,-1.4470961775098528,3.017057044352314,-1.7251941072264454,0.7455877742750281,1.189183153564248,2.6051510578559065,0.9493793251136492,0.5174841843548872,2.939702666509483,0.7559188278402877,1.2505486785168702,2.6231377832048355,0.8790036753924639,0.887844996863657,2.8286477370299776,0.6764392640562953,1.4315751353722759,2.481406557822584,0.06882784954397135,0.14499904681757292,,,,
E2b_h0.01_e0.05_L2_alibi_learn_attn_s2,sp2,0.01,0.05,2,0,alibi_learn,2,0.0,-1.2278900550279235,3.0860297196463766,-1.7648307053633485,0.6650737576764132,1.4520021738685254,2.6695435414029296,0.911799106174841,0.7701188460817802,3.15305540581554,0.7289746413736907,1.2750922193044478,3.0201350682567667,0.8670458563685775,0.9591686969932632,2.8620204697980767,0.4405909932685792,1.8120977361742565,3.3852352569342297,0.06882784954397135,0.14499904681757292,8.881784197001252e-16,0.08101540019231313,0.17226141094242647,0.9320212773126414
E2b_h0.01_e0.05_L2_alibi_learn_attn_s2,sp8,0.01,0.05,2,0,alibi_learn,2,0.0,-1.6484667949844152,2.8455606884182716,-1.6717979376869874,0.7957592945743939,0.8722533611396612,2.5165526738893096,0.9327660518806163,0.5673825323019454,2.6360299886384397,0.7171280431377623,1.323493924810709,2.0362904053799675,0.8770802552314039,0.8315246413085396,2.777762746728244,0.6045316228712032,1.5073914175267684,1.9312998166001263,0.06882784954397135,0.14499904681757292,8.881784197001252e-16,0.05614828663448597,0.12279529125873412,0.9547785493043545
E2b_h0.01_e0.05_L2_alibi_learn_attn_s2,swap4,0.01,0.05,2,0,alibi_learn,2,0.0,-2.7603553405829837,0.16969112522728505,-2.9327387664093765,-3.053304483484025,0.3028148732051957,0.0006038570423244406,-29.747450070326426,0.9245975543561534,0.011013962372320737,-2326.7911086666018,7.714984576328876,2.7853571184038297,-18907.982739518913,22.989110843251193,3.9885141734366942,-259.5384914418664,1.9943430933211694,2.481406557822584,0.06882784954397135,0.14499904681757292,4.440892098500626e-16,0.48064060666519454,0.1923660337873456,0.33277723179175367
E2b_h0.01_e0.2_L2_alibi_learn_attn_s0,sp4,0.01,0.2,2,0,alibi_learn,0,0.0,0.08232334681919642,1.8195359764449217,0.5974396572893192,0.8211639772505314,0.5172359143493741,1.6488289030514696,0.9353489396953021,0.3556112918068557,1.7597358231028197,0.5401312493555278,1.0433466704386278,1.3372428926264974,0.5878853940562321,0.9881353096845006,1.3950857589391228,0.43105496638713503,1.1408224355779066,1.1946115162961803,0.04805973722204002,0.279090459449414,,,,
E2b_h0.01_e0.2_L2_alibi_learn_attn_s0,sp2,0.01,0.2,2,0,alibi_learn,0,0.0,0.15783261747232505,1.813378102027057,0.6100068957403779,0.790641599238528,0.5709022064778411,1.6521076289688907,0.9330753621901957,0.3684673438105502,1.7996608294127097,0.5382449556830647,1.0522009152038845,1.4397508942745627,0.5770886932207631,1.010347801574764,1.4744978928925827,0.3464940004653596,1.2382917934263673,1.571875672848487,0.04805973722204002,0.279090459449414,4.440892098500626e-16,0.050569341126541954,0.3036589228658218,0.937872257766553
E2b_h0.01_e0.2_L2_alibi_learn_attn_s0,sp8,0.01,0.2,2,0,alibi_learn,0,0.0,-0.017901643911110505,1.7460671418567,0.5729784710597343,0.83197982845743,0.4427307641851366,1.6440583701344014,0.9280688552088714,0.36658844752052283,1.679891147012904,0.5295683567593699,1.009958522126675,1.166627559337339,0.5393941768803736,0.938726590321466,1.1778534144470019,0.3938605603915196,1.1256375881179441,0.7964603140077243,0.04805973722204002,0.279090459449414,4.440892098500626e-16,0.04257107760879395,0.25705499499108597,0.9325718791901244
E2b_h0.01_e0.2_L2_alibi_learn_attn_s0,swap4,0.01,0.2,2,0,alibi_learn,0,0.0,-1.2805205711296626,0.05080036218870722,-1.3912904297601538,-1681.1004575357356,2.0827446301700667,0.025061971775401544,-21.61847246579977,0.22836186142165577,0.05280696342745388,-8314.424950398045,4.402062527208601,1.4204869948039964,-6117.590043380506,3.696258393516023,1.4408174769177058,-1288.2189366253065,1.4023052687319624,1.1946115162961803,0.04805973722204002,0.279090459449414,4.440892098500626e-16,0.5638823161353578,0.39836641547974355,0.30866632013584727
E2b_h0.01_e0.2_L2_alibi_learn_attn_s1,sp4,0.01,0.2,2,0,alibi_learn,1,0.0,-0.14401122501918248,1.7120658900850818,0.5974396572893192,0.7306945217360287,0.5987690919058739,1.4634854210965942,0.955521506777888,0.2764666736645952,1.6735577677451314,0.627803300711473,0.886133596976859,1.3565421844751886,0.9067104677455169,0.3864331090966479,1.6266937370166166,0.45387351401254783,1.0847435050174394,1.1534215540666901,0.04797060214942001,0.3368865742819848,,,,
E2b_h0.01_e0.2_L2_alibi_learn_attn_s1,sp2,0.01,0.2,2,0,alibi_learn,1,0.0,-0.13444277311542205,1.783069429969142,0.6100068957403779,0.7348118196497362,0.624227414955383,1.4663955881679243,0.9537435420021971,0.29254092585422803,1.70076456844402,0.6219585338902591,0.9234426605047972,1.416420797405144,0.892757975576708,0.39140065543994595,1.6185750281605131,0.363477455459738,1.2112312458381294,1.5472153020516644,0.04797060214942001,0.3368865742819848,4.440892098500626e-16,0.04781694865830706,0.33995686280884413,0.9543367924881017
E2b_h0.01_e0.2_L2_alibi_learn_attn_s1,sp8,0.01,0.2,2,0,alibi_learn,1,0.0,-0.13868686530206883,1.5693848841216882,0.5729784710597343,0.707383133797838,0.5713588757348625,1.4592511398063583,0.9514448267079647,0.24733336465795572,1.6154828634535514,0.6062772478147349,0.8540348209640207,1.2572706377433416,0.8462882373252798,0.5120230246173891,1.666802641820502,0.3982701145687476,1.0692493166105153,0.7343310679279461,0.04797060214942001,0.3368865742819848,4.440892098500626e-16,0.048916271450050425,0.3340742464371265,0.9549075938271263
E2b_h0.01_e0.2_L2_alibi_learn_attn_s1,swap4,0.01,0.2,2,0,alibi_learn,1,0.0,-1.3351433809314455,0.05418641349006713,-1.3912904297601538,-1187.4176367782034,1.8671406569534035,0.02224477642850343,-6.105980513095407,0.10424259020613835,0.10935424315162483,-2488.82221386528,2.3381181927700303,1.3565427459263686,-762.2288685245769,1.183204488908819,1.5056388077422247,-939.8674288856065,1.237409290367215,1.1534215540666901,0.04797060214942001,0.3368865742819848,4.440892098500626e-16,0.025654669696491116,0.4973191164888593,0.19890014886958085
E2b_h0.01_e0.2_L2_alibi_learn_attn_s2,sp4,0.01,0.2,2,0,alibi_learn,2,0.0,0.12462588718959264,1.7654543818425155,0.5974396572893192,0.8123329100364081,0.5134492773595587,1.591195435293813,0.9265402023353093,0.3712951654468365,1.6993726874885071,0.5121077534552152,1.0366837993455391,1.2633867876830935,0.5630756798373919,0.9798810378609576,1.3247489444791016,0.4044182936311286,1.1241956902395611,1.122721860335666,0.046589724751877705,0.2866809973269107,,,,
E2b_h0.01_e0.2_L2_alibi_learn_attn_s2,sp2,0.01,0.2,2,0,alibi_learn,2,0.0,0.1842088810434299,1.7629450057671185,0.6100068957403779,0.7936884378105464,0.5537629151736057,1.5943595560244266,0.9264868880227349,0.37721075190124537,1.734729849017718,0.5125055044043972,1.0373312889343536,1.3549651916836554,0.5553063553665452,0.9927745637095153,1.3906253708641492,0.32976606709601297,1.198241227744204,1.4509942112693164,0.046589724751877705,0.2866809973269107,4.440892098500626e-16,0.049078638387225815,0.30368074446684035,0.9289509022880185
E2b_h0.01_e0.2_L2_alibi_learn_attn_s2,sp8,0.01,0.2,2,0,alibi_learn,2,0.0,0.05812834522553852,1.7097560951220616,0.5729784710597343,0.8263994239256914,0.4642381196600856,1.5865916524589112,0.9188991232060435,0.3704553236791184,1.6278971689056378,0.49662606846972,1.01894804186201,1.10978582646786,0.5271922039579207,0.9217804967989911,1.1323591421575698,0.36382073821797944,1.1483237250018345,0.7869901851244844,0.046589724751877705,0.2866809973269107,4.440892098500626e-16,0.04150314951721681,0.2659559552568126,0.9217055681669026
E2b_h0.01_e0.2_L2_alibi_learn_attn_s2,swap4,0.01,0.2,2,0,alibi_learn,2,0.0,-1.2656875103712082,0.06874431672256805,-1.3912904297601538,-792.3090806491507,1.934837416766189,0.02418595101934388,-11.808879996971552,0.22941886739549736,0.05671671869265956,-4230.378731034381,4.254391086020824,1.3399057480187524,-3106.726853787855,3.5680539154289193,1.3677093909602127,-690.4323122553262,1.4107850763079894,1.122721860335666,0.046589724751877705,0.2866809973269107,4.440892098500626e-16,0.5111668622737492,0.42825510703154696,0.32612976509312475
E2b_h0.01_e0.3_L2_alibi_learn_attn_s0,sp4,0.01,0.3,2,0,alibi_learn,0,0.0,0.1582183837890625,1.088012225361334,0.6350579590184393,0.8565561674674573,0.2380187150243016,1.0069587928354573,0.92110567528531,0.21446377342880735,1.0442115733572697,0.46215148788735183,0.6434645436733584,0.7396517284200239,0.816427669005684,0.3330552248189206,0.9810507041718287,0.36019006729402003,0.6832486508788457,0.6529794896435922,0.029462272968006006,0.28781792755888813,,,,
E2b_h0.01_e0.3_L2_alibi_learn_attn_s0,sp2,0.01,0.3,2,0,alibi_learn,0,0.0,0.18795813294127584,1.0941884525877377,0.6398498316426637,0.8510772413593403,0.2592599898132142,1.0069680731147113,0.9194320844904136,0.21756632030902237,1.0547048818766298,0.46318760794374214,0.6573335824914519,0.7905885305920948,0.8027195781342553,0.353909829324056,0.9789354250394143,0.3119951582269037,0.7488512783501893,0.8487892583409821,0.029462272968006006,0.28781792755888813,4.440892098500626e-16,0.03198978573146916,0.2950679962263248,0.9202360460632539
E2b_h0.01_e0.3_L2_alibi_learn_attn_s0,sp8,0.01,0.3,2,0,alibi_learn,0,0.0,0.1461584576671677,1.0192655732340836,0.6253381226023216,0.8704640030778278,0.2052014258313979,1.0076042941688954,0.9276573961478258,0.19730816188742378,1.0230686355889245,0.4458905709102755,0.6080230993594264,0.6530185039498912,0.7815088101761766,0.3573421433840754,1.0128419864926315,0.3262821365659643,0.6178820714197059,0.4266203633870912,0.029462272968006006,0.28781792755888813,2.220446049250313e-16,0.026327980987546466,0.2882455001378958,0.9304506087353163
E2b_h0.01_e0.3_L2_alibi_learn_attn_s0,swap4,0.01,0.3,2,0,alibi_learn,0,0.0,-0.783190405262368,0.05174466585637749,-0.8618284307979129,-5317.878173504042,3.7723978764416657,0.0949558456264245,-31.05253093465457,0.28603215818131433,0.04022652455944883,-2809.1629200983957,2.6183192199001986,0.7885142703544457,-1506.4438096080867,1.8492919173504834,1.2793690688469948,-502.78886101263157,0.9414088782810018,0.6529794896435922,0.029462272968006006,0.28781792755888813,4.440892098500626e-16,0.5642242234009063,0.44105164200905006,0.14829479612697538
E2b_h0.01_e0.3_L2_alibi_learn_attn_s1,sp4,0.01,0.3,2,0,alibi_learn,1,0.0,0.1358898707798549,0.9653019732140592,0.6350579590184393,0.69065103587412,0.3136422875413191,0.8022182315424631,0.9507075991919485,0.17706600186226057,0.9412103084135067,0.481281242712444,0.5437708880535431,0.6696737240117169,0.8492895731852371,0.26914783911888035,0.8881283622681727,0.30899394285985815,0.6186511709318504,0.5365844961770053,0.026201249236698764,0.45433721612170547,,,,
E2b_h0.01_e0.3_L2_alibi_learn_attn_s1,sp2,0.01,0.3,2,0,alibi_learn,1,0.0,0.15827989265588777,0.9827421171201322,0.6398498316426637,0.7060049497622475,0.32280146514562075,0.8022256249028115,0.9493246184269695,0.1779141608626221,0.9446842754256272,0.4689457746229342,0.5559842404913108,0.6940889032973883,0.843208618681724,0.29571886749144966,0.8855823429072358,0.24198570831979382,0.7267785691015486,0.7197560983243598,0.026201249236698764,0.45433721612170547,4.440892098500626e-16,0.02594610043193306,0.4473325351926731,0.9503152995197053
E2b_h0.01_e0.3_L2_alibi_learn_attn_s1,sp8,0.01,0.3,2,0,alibi_learn,1,0.0,0.11820824946542936,0.9071720056011479,0.6253381226023216,0.6754177667058857,0.2996891215015657,0.802732485891155,0.9377040566453386,0.1872505997995975,0.9339359997154866,0.4706816047870981,0.534302266042668,0.6279359380611842,0.7966322486286466,0.29319425497007295,0.9097494489111854,0.2865370194411103,0.5079727386774922,0.3266420973148856,0.026201249236698764,0.45433721612170547,2.220446049250313e-16,0.025538087468542768,0.4589369718259667,0.941434323951552
E2b_h0.01_e0.3_L2_alibi_learn_attn_s1,swap4,0.01,0.3,2,0,alibi_learn,1,0.0,-0.8018668895321233,0.05363508784589087,-0.8618284307979129,-2760.9420785551256,2.8176120531195616,0.07564888562971898,-142.17588640819662,0.489388313994436,0.44175548531780956,-395.8234794299389,0.838261244738135,0.6696736692771744,-614.3223381540853,1.2130856762461872,0.9032777989489361,-410.45089050873355,0.9377567926862909,0.5365844961770053,0.026201249236698764,0.45433721612170547,4.440892098500626e-16,0.023943564428769753,0.4842090424338459,0.3102037531103411
E2b_h0.01_e0.3_L2_alibi_learn_attn_s2,sp4,0.01,0.3,2,0,alibi_learn,2,0.0,0.18342317853655135,1.1266217999406014,0.6350579590184393,0.8554510745751506,0.24731732232118234,1.042019241629406,0.9153342192734725,0.2247845597578027,1.077873990138224,0.4491397666170961,0.6707033641620447,0.7550381759659381,0.7752767949934889,0.3808709131415191,0.9883179487567532,0.3503046402219214,0.7092590500172099,0.6668082978177121,0.02787578262340825,0.291644611222775,,,,
E2b_h0.01_e0.3_L2_alibi_learn_attn_s2,sp2,0.01,0.3,2,0,alibi_learn,2,0.0,0.2141352851342942,1.145091402449988,0.6398498316426637,0.8448634154144313,0.2731027067898432,1.042028845030875,0.9078939526298261,0.23387743306484782,1.0874795103222155,0.45252004032092275,0.6925270306856276,0.806328623397643,0.7640609674014889,0.387467101252859,0.9788171119572542,0.31157461267362285,0.7703446386953274,0.8570337384315552,0.02787578262340825,0.291644611222775,4.440892098500626e-16,0.030002961474574874,0.2949681387182267,0.9084745803790464
E2b_h0.01_e0.3_L2_alibi_learn_attn_s2,sp8,0.01,0.3,2,0,alibi_learn,2,0.0,0.17442811490868085,1.0252581347864307,0.6253381226023216,0.849589349990002,0.22155851990145542,1.0426872181292643,0.9080661772905481,0.22505631292572525,1.0585342164396465,0.4275137388055005,0.6296989267037544,0.6675885166533638,0.729155306567422,0.41991521356274,1.0210287209524929,0.316171477128776,0.6370410154325777,0.44901632685793347,0.02787578262340825,0.291644611222775,2.220446049250313e-16,0.026166290203852745,0.29851691495729593,0.9150561806591796
E2b_h0.01_e0.3_L2_alibi_learn_attn_s2,swap4,0.01,0.3,2,0,alibi_learn,2,0.0,-0.7751621763621058,0.04126413551582221,-0.8618284307979129,-9027.227842158349,3.919347368578126,0.09826203311588161,-105.42951004971226,0.42098683258808417,0.044936125085628276,-4563.076237899002,2.670165105686837,0.8051866709538359,-606.0705703831236,0.8854321559647429,0.9254107503152104,-795.5141235834642,0.9585854476726408,0.6668082978177121,0.02787578262340825,0.291644611222775,4.440892098500626e-16,0.018897413389628304,0.5,0.19440155462964415
E2b_h0.03_e0.05_L2_alibi_learn_attn_s0,sp4,0.03,0.05,2,0,alibi_learn,0,0.0,-2.5111878514289856,2.3718852828300485,-2.5915730035519267,0.8488223865346793,0.7340436447766147,2.1852548503489695,0.9629330500221764,0.3230749664464549,2.3275109139301913,0.880378180518551,0.5466708219770501,2.225503673406676,0.8967082109878783,0.5835899959882881,2.2460491427942144,0.822822824509221,0.7058075653341574,2.1515272231947917,0.12202030031150748,0.09662199157929693,,,,
E2b_h0.03_e0.05_L2_alibi_learn_attn_s0,sp2,0.03,0.05,2,0,alibi_learn,0,0.0,-2.3904821014397646,2.53910946082443,-2.7454795259764615,0.7953999020074731,0.9706924995553103,2.3265426216858827,0.8997875286158625,0.688904656362718,2.6467483001297487,0.8190048880647587,0.8096783121764172,2.7580549300027437,0.8300975376076793,0.8205433948662335,2.807877433991662,0.454604636889407,1.267820628627834,3.585960943493115,0.12202030031150748,0.09662199157929693,8.881784197001252e-16,0.13912957415666338,0.12115182463861766,0.9423018399633333
E2b_h0.03_e0.05_L2_alibi_learn_attn_s0,sp8,0.03,0.05,2,0,alibi_learn,0,0.0,-2.4272876008014594,2.0482502361824224,-2.398269754543507,0.8358315667308567,0.6264657807566448,2.0140225543309804,0.9278847282274421,0.46701050828682217,1.8998046583572434,0.6502378390250636,1.1325123505790973,1.5105482782695798,0.5996763349232073,1.1719642884779609,1.4841472830510796,0.6391754851395817,1.1133990287413424,1.051448659516187,0.12202030031150748,0.09662199157929693,8.881784197001252e-16,0.11469163593150285,0.09136398360354141,0.9652162363009373
E2b_h0.03_e0.05_L2_alibi_learn_attn_s0,swap4,0.03,0.05,2,0,alibi_learn,0,0.0,-2.781557613185474,0.15630769519896512,-2.9070382642937402,-0.03567253352873401,0.12934391303203516,0.00022611658480501624,-12.548621940302253,0.5535770751919213,0.0008275315229074205,-1978.3610446357015,6.596454640773509,2.307733782172574,-1642.5570256585609,5.912779599199035,2.381517024071337,-170.3314730469132,1.5273933452140795,2.1515272231947917,0.12202030031150748,0.09662199157929693,4.440892098500626e-16,0.5,0.0010000000000000005,0.5756912791949712
E2b_h0.03_e0.05_L2_alibi_learn_attn_s1,sp4,0.03,0.05,2,0,alibi_learn,1,0.0,-2.515723373208727,2.2196642858681583,-2.5915730035519267,0.7709820198472163,0.8240550591072054,1.9489891406223292,0.9370646625057817,0.4352712696263717,2.1486816402851527,0.9317780022952894,0.3857886016625037,2.1426119414223956,0.9484823676561411,0.3814872119978205,2.1573876649509054,0.8506985719911748,0.6050392709776834,2.0472701097876507,0.14676381055634707,0.13864990380630732,,,,
E2b_h0.03_e0.05_L2_alibi_learn_attn_s1,sp2,0.03,0.05,2,0,alibi_learn,1,0.0,-2.3870433628825203,2.448254077517614,-2.7454795259764615,0.6998152369493517,1.0764760532285682,2.075001139632147,0.8597309525371094,0.7682446309757588,2.4651165143340057,0.9020740726875994,0.5063201909036462,2.5403788881351086,0.9418725523430866,0.44789036405043336,2.4180375982473605,0.41011012976912076,1.08684170853148,3.46126099447664,0.14676381055634707,0.13864990380630732,8.881784197001252e-16,0.13959383014719026,0.15862455161384595,0.896561241784965
E2b_h0.03_e0.05_L2_alibi_learn_attn_s1,sp8,0.03,0.05,2,0,alibi_learn,1,0.0,-2.54142110671715,1.8316235906137164,-2.398269754543507,0.77872739069278,0.6173872490840955,1.7962701635155651,0.8904354883327897,0.4920438957868129,1.6922529342246349,0.9254224481039878,0.4368479597266076,1.6300106033491633,0.9512044835039913,0.27436941709114115,1.6696629636768432,0.7324514373197938,0.7111870052419196,1.0379217119981958,0.14676381055634707,0.13864990380630732,8.881784197001252e-16,0.14544228966433162,0.10218419560526273,0.9668563961869073
E2b_h0.03_e0.05_L2_alibi_learn_attn_s1,swap4,0.03,0.05,2,0,alibi_learn,1,0.0,-2.8233288334948674,0.1782197392501928,-2.9070382642937402,-0.2686174309011935,0.17656842676650544,0.00020166927817559307,-10.310221279309186,0.5733240192184434,0.00568403184900808,-1329.343787798861,6.169172444281986,2.2139187692077957,-656.4006901521274,4.1461858596431815,2.26533350977835,-114.06338771303817,1.3733123125242805,2.0472701097876507,0.14676381055634707,0.13864990380630732,4.440892098500626e-16,0.5663141826313633,0.4999999999999999,0.6360993438603548
E2b_h0.03_e0.05_L2_alibi_learn_attn_s2,sp4,0.03,0.05,2,0,alibi_learn,2,0.0,-2.4888235330581665,2.357713305254556,-2.5915730035519267,0.8547619324089719,0.7126309464677723,2.1797846023100944,0.9688432005108144,0.29598548911413713,2.3206932630040433,0.8889636712217118,0.5304492121272251,2.2229669244504398,0.9092990800481996,0.5570662208995079,2.248248797562723,0.8248759993371956,0.698682427888161,2.141338512044783,0.1221346251548375,0.10479828707773958,,,,
E2b_h0.03_e0.05_L2_alibi_learn_attn_s2,sp2,0.03,0.05,2,0,alibi_learn,2,0.0,-2.439713586720505,2.5088085162947116,-2.7454795259764615,0.7985420682665475,0.9359746561359763,2.320718694462198,0.9162856171449568,0.6168755390660475,2.6323351619519473,0.8247888831529812,0.7534277574083614,2.7408410132062557,0.8406295411668195,0.7586818035042052,2.7948173727204377,0.41969235234710034,1.3204100515368502,3.6276922460148664,0.1221346251548375,0.10479828707773958,8.881784197001252e-16,0.14006889902838895,0.12442216361202056,0.9455789546785547
E2b_h0.03_e0.05_L2_alibi_learn_attn_s2,sp8,0.03,0.05,2,0,alibi_learn,2,0.0,-2.384871231791164,2.096419100502316,-2.398269754543507,0.8569155206426862,0.5920308144899751,2.008980944229385,0.9413266338262531,0.42497330060222344,1.8980020621439029,0.695087203937983,1.0614597962555163,1.5260254321674214,0.6515347995888887,1.0972525835730824,1.504855547353249,0.5822843562586023,1.2534810920592423,0.9933179908179888,0.1221346251548375,0.10479828707773958,8.881784197001252e-16,0.11226251850578374,0.099277578364141,0.972997867676842
E2b_h0.03_e0.05_L2_alibi_learn_attn_s2,swap4,0.03,0.05,2,0,alibi_learn,2,0.0,-2.8749417939356396,0.18458011862587367,-2.9070382642937402,-0.6206451000178714,0.21198529582755452,0.0002255505575499192,-12.393404208333056,0.6494836944024959,0.0017521194591815356,-1435.0085211650412,6.641888602295272,2.3077662130966137,-1169.8268033160684,5.886884392137847,2.39452965672403,-120.31329100571324,1.4930170958006166,2.141338512044783,0.1221346251548375,0.10479828707773958,4.440892098500626e-16,0.5,0.0010000000000000005,0.6516973534753301
E2b_h0.03_e0.1_L2_alibi_learn_attn_s0,sp4,0.03,0.1,2,0,alibi_learn,0,0.0,-1.6810518119933218,2.414074211759057,-1.4169023563772254,0.8388739195996077,0.7807996660170773,2.2110520328576393,0.9591039724522729,0.3850405086273447,2.3641959086443722,0.8010821969472727,0.8471809187328202,2.160673554204344,0.8355487127944353,0.7683783939200683,2.206643576311409,0.7293207872836851,1.0362417600853762,2.061626142771073,0.1095096087569004,0.1527738198493898,,,,
E2b_h0.03_e0.1_L2_alibi_learn_attn_s0,sp2,0.03,0.1,2,0,alibi_learn,0,0.0,-1.558387801383755,2.5772224342805345,-1.458011702189071,0.8033777698061572,0.9806365238373882,2.3010885151715477,0.9253143420867603,0.6052896040161233,2.6194274887224513,0.7622215750607902,0.9223055416917596,2.5492244512170252,0.5268949221825616,1.5387718484060997,2.5281564154874605,0.3560889969491413,1.570632841713883,3.0670239471811893,0.1095096087569004,0.1527738198493898,8.881784197001252e-16,0.11855481451721454,0.17667888411804603,0.9441296130416345
E2b_h0.03_e0.1_L2_alibi_learn_attn_s0,sp8,0.03,0.1,2,0,alibi_learn,0,0.0,-1.7358966731366567,2.074146026660431,-1.3649347639599831,0.8268620355958524,0.6490412886380581,2.0872690710805117,0.938614619225574,0.38910155547444875,1.9938471872832295,0.7664926875613313,0.9142082788954903,1.6222406998052472,-0.7950735710588903,2.5943615658320005,1.773176807575741,0.5790263010675161,1.1169321612169523,1.4892472792344567,0.1095096087569004,0.1527738198493898,8.881784197001252e-16,0.09816125305252836,0.1326591936268273,0.9622340906927792
E2b_h0.03_e0.1_L2_alibi_learn_attn_s0,swap4,0.03,0.1,2,0,alibi_learn,0,0.0,-2.125012687274388,0.08570297458871019,-2.181326157519197,-8.490517028423477,0.2491339424433845,0.0030693980005409133,-30.910668251832952,0.4753449711409022,0.010001797322077524,-5654.274779819162,6.056714418699191,2.2614193247878456,-1910.326776312127,2.961009922103694,2.356653277412064,-566.9623006620656,1.492944677483689,2.061626142771073,0.1095096087569004,0.1527738198493898,4.440892098500626e-16,0.43195929018382917,0.0990475778592145,0.5004358374522293
E2b_h0.03_e0.1_L2_alibi_learn_attn_s1,sp4,0.03,0.1,2,0,alibi_learn,1,0.0,-1.7854246497154236,2.2162081624746532,-1.4169023563772254,0.7924704837055396,0.8414447535243842,1.9728864854038066,0.948358279961889,0.40536920636984525,2.158225249875026,0.8875458787766829,0.5502615006016648,2.087882027898462,0.9140607972765681,0.5032535949345968,2.1182271685895873,0.7997488637521327,0.7927365765780225,1.981925683702874,0.13355420659958667,0.1846516779544831,,,,
E2b_h0.03_e0.1_L2_alibi_learn_attn_s1,sp2,0.03,0.1,2,0,alibi_learn,1,0.0,-1.5857891849508243,2.425977754914758,-1.458011702189071,0.7253696263866276,1.0845873564591764,2.053224603417625,0.8809042267194762,0.6808066031812618,2.4182830083115516,0.8501524595244329,0.6927247876077909,2.4038699372709496,0.9000170422505084,0.5885145828029142,2.41441419483894,0.4008741057293964,1.3245455207041308,3.0510068679471076,0.13355420659958667,0.1846516779544831,8.881784197001252e-16,0.13204118324849093,0.22862142756089512,0.9184680540987786
E2b_h0.03_e0.1_L2_alibi_learn_attn_s1,sp8,0.03,0.1,2,0,alibi_learn,1,0.0,-1.9849432177974708,1.7906634651110704,-1.3649347639599831,0.7403743078390086,0.7166716008032095,1.8624369216738543,0.882160326147028,0.46733753575057496,1.7532852302946478,0.912667747193656,0.44994403496115065,1.6554966901101782,0.9213801727060227,0.4110909472137388,1.6324731486597943,0.6840854412561079,0.7842137160663213,1.3219749418367228,0.13355420659958667,0.1846516779544831,8.881784197001252e-16,0.13338006671893934,0.13463270217571371,0.9736003082649116
E2b_h0.03_e0.1_L2_alibi_learn_attn_s1,swap4,0.03,0.1,2,0,alibi_learn,1,0.0,-2.1186031252145767,0.08954915430450411,-2.181326157519197,-10.173944942835664,0.2852589826300948,0.0027387749105868965,-20.206431852598943,0.4009615648384383,0.016568244534608523,-4498.697947858186,5.633473526629521,2.1684489552504322,-871.0293302994783,2.298047316025015,2.1542432054295726,-462.5981493085301,1.392834259454587,1.981925683702874,0.13355420659958667,0.1846516779544831,4.440892098500626e-16,0.22035830878490947,0.5,0.45658283191895443
E2b_h0.03_e0.1_L2_alibi_learn_attn_s2,sp4,0.03,0.1,2,0,alibi_learn,2,0.0,-1.6746587327548437,2.1781626800801352,-1.4169023563772254,0.7916718897075505,0.8287028108955041,1.9380408415109547,0.9303831471768796,0.46938747526755187,2.100976669993342,0.8974200064073738,0.5374926417716439,2.0634226152599138,0.9210175986712722,0.4957350256683024,2.090375358822546,0.7909617854795743,0.8262841114852417,1.9371714571075613,0.11346368623918339,0.1777383768492697,,,,
E2b_h0.03_e0.1_L2_alibi_learn_attn_s2,sp2,0.03,0.1,2,0,alibi_learn,2,0.0,-1.618156516192747,2.407790208368445,-1.458011702189071,0.766545246469782,0.9869341705488587,2.016960006395922,0.8988788473388295,0.662518718037093,2.3192293195896254,0.8665273790172697,0.6987106485508386,2.337657091269836,0.8964618094030439,0.6259504715690236,2.37944268660519,0.43084161451385117,1.2985134323267,2.9483403867637983,0.11346368623918339,0.1777383768492697,8.881784197001252e-16,0.10849566221852697,0.18822316790246715,0.9062582625438423
E2b_h0.03_e0.1_L2_alibi_learn_attn_s2,sp8,0.03,0.1,2,0,alibi_learn,2,0.0,-1.7468534234379018,1.7972587698111955,-1.3649347639599831,0.7761757190673403,0.6437465777122853,1.8295420672432086,0.9261844039050737,0.362636162953761,1.7672027758368498,0.9137634132736391,0.3930471977699698,1.6795018864410216,0.9122686468759362,0.4598406306883448,1.671568550520671,0.6546558219902974,0.8463638548715009,1.228510466465797,0.11346368623918339,0.1777383768492697,8.881784197001252e-16,0.12278633214137204,0.1554115974246193,0.9585622492061108
E2b_h0.03_e0.1_L2_alibi_learn_attn_s2,swap4,0.03,0.1,2,0,alibi_learn,2,0.0,-2.108262822031975,0.10282853711524284,-2.181326157519197,-2.8761103128469396,0.17391036258925907,0.002690401942378598,-15.245781636059949,0.4004586121994179,0.014348974386276058,-3273.828002366253,5.517473080545313,2.1397613864384297,-2649.481150765152,4.837326985698778,2.2442323685962076,-339.35165710277346,1.3603492204036094,1.9371714571075613,0.11346368623918339,0.1777383768492697,4.440892098500626e-16,0.18934339218497379,0.5,0.5963390466684195
E2b_h0.03_e0.3_L2_alibi_learn_attn_s0,sp4,0.03,0.3,2,0,alibi_learn,0,0.0,-0.4232262202671596,1.1877289168287835,0.18036299785587892,0.7113359379055302,0.5295718171228454,1.001739284087954,0.96618176311978,0.16298115702006907,1.1674727375588547,0.6986019603745628,0.5465700865673034,0.9927324768127327,0.8239420469173748,0.41500196670289263,1.0781164285318465,0.5695265137834777,0.6891658369592226,0.8963430386415523,0.09665972602040797,0.277745027479097,,,,
E2b_h0.03_e0.3_L2_alibi_learn_attn_s0,sp2,0.03,0.3,2,0,alibi_learn,0,0.0,-0.3262815303917575,1.252028387430017,0.1895046860922366,0.7234277140939762,0.5733135844997085,1.0114334813701131,0.9435323782097191,0.23844645929418892,1.2324760642639916,0.6529192881150689,0.6316777312411052,1.0902087489753063,0.7929863561828587,0.48238778734776366,1.177073668867067,0.28597519106254154,0.883324925074815,1.3268465570031769,0.09665972602040797,0.277745027479097,4.440892098500626e-16,0.10532663820645552,0.3462527891007109,0.9627445740502505
E2b_h0.03_e0.3_L2_alibi_learn_attn_s0,sp8,0.03,0.3,2,0,alibi_learn,0,0.0,-0.5461910090276173,1.0210689990468398,0.16129251407134282,0.6223050748334197,0.5070754509099137,0.9820202616716212,0.9335174379948825,0.22507839512330394,1.037525857713353,0.7577986530238433,0.4335103372496109,0.8491336011620366,0.8146884420589613,0.3613047217021906,0.9317799218448369,0.523751959792533,0.641029329606864,0.5864884574740276,0.09665972602040797,0.277745027479097,4.440892098500626e-16,0.08482914236571552,0.22005835080614156,0.9694846502860985
E2b_h0.03_e0.3_L2_alibi_learn_attn_s0,swap4,0.03,0.3,2,0,alibi_learn,0,0.0,-0.8421727706279073,0.06184284826549674,-0.8702119156799633,-161.2037032629517,0.7843208364123136,0.04532859363798745,-4.809342101416459,0.13288355603608712,0.033699837292784876,-2226.2394722880076,2.737637298677839,1.0200948740513898,-1389.4570831228523,2.011842281924724,1.2118323124377428,-252.29837046746164,0.6687410041735236,0.8963430386415523,0.09665972602040797,0.277745027479097,2.220446049250313e-16,0.09570268498852018,0.5,0.2028191304830096
E2b_h0.03_e0.3_L2_alibi_learn_attn_s1,sp4,0.03,0.3,2,0,alibi_learn,1,0.0,-0.3930462428501674,1.1746494735576227,0.18036299785587892,0.7241755107673824,0.5064640782513983,0.9996091102365895,0.9631750663496655,0.17413748962258144,1.1528184109808337,0.711836893744509,0.5415101006429792,0.9910561511835358,0.8342396630782113,0.3803670142614847,1.0728081776348364,0.5647742279182889,0.6928347752585996,0.8827662453500126,0.10810785486397402,0.3659135357240978,,,,
E2b_h0.03_e0.3_L2_alibi_learn_attn_s1,sp2,0.03,0.3,2,0,alibi_learn,1,0.0,-0.3321989660616964,1.2630776389388114,0.1895046860922366,0.7508541048710802,0.5471594299017176,1.0092826930476098,0.9497459444293171,0.22215379830245233,1.2007909335131246,0.684090631030801,0.6101381292047691,1.0670574717106043,0.8240561383281965,0.4297119962002092,1.1933743547882731,0.281622356791021,0.8902332006540542,1.3354141723989688,0.10810785486397402,0.3659135357240978,4.440892098500626e-16,0.09983917418043932,0.4020574161959874,0.9640246873752721
E2b_h0.03_e0.3_L2_alibi_learn_attn_s1,sp8,0.03,0.3,2,0,alibi_learn,1,0.0,-0.5199434299221528,0.980370738551534,0.16129251407134282,0.5751482150686016,0.5037045683959878,0.9799320198344972,0.8829783808204247,0.26137565680729996,1.0386573030128021,0.7688405788439399,0.38921751757657486,0.8816188971763259,0.8099413333776885,0.34966437586245647,0.8766576465190171,0.520173045699361,0.6160708785935969,0.5232308854491178,0.10810785486397402,0.3659135357240978,4.440892098500626e-16,0.10695106240280486,0.26080774757066516,0.9595367514247408
E2b_h0.03_e0.3_L2_alibi_learn_attn_s1,swap4,0.03,0.3,2,0,alibi_learn,1,0.0,-0.8543648623994419,0.07578923685868132,-0.8702119156799633,-94.93028645588628,0.7393900488384563,0.045232203502928815,-2.618231103819506,0.12468715265606597,0.10894193717010738,-483.7672809138048,1.3503446194705464,0.9910566493538847,-437.78835203072913,1.3075494374778842,1.1136052925734528,-170.78739944543284,0.6635194532366313,0.8827662453500126,0.10810785486397402,0.3659135357240978,2.220446049250313e-16,0.08152065826587229,0.4409930662557309,0.48216912525816835
E2b_h0.03_e0.3_L2_alibi_learn_attn_s2,sp4,0.03,0.3,2,0,alibi_learn,2,0.0,-0.43696893964494976,1.2501832391369248,0.18036299785587892,0.7068741794686597,0.5603533977066444,1.0511016823745456,0.9633079185479823,0.18202162429823357,1.2270329832173463,0.6741453293033062,0.6006936902721856,1.0264798695770656,0.814166687747769,0.4353962593286291,1.1278550616136764,0.5418402083348521,0.7502883223000507,0.9202573323462935,0.10495046502255247,0.3169288629766363,,,,
E2b_h0.03_e0.3_L2_alibi_learn_attn_s2,sp2,0.03,0.3,2,0,alibi_learn,2,0.0,-0.3454206653072366,1.3320001986542325,0.1895046860922366,0.7139050127220512,0.6211383338362007,1.061273577631529,0.947669513559489,0.23873220351502275,1.2890926616766194,0.6437360376699028,0.6812010863487779,1.1194466926249906,0.8038748905080755,0.4654925413937991,1.2621694255000142,0.2693949486657591,0.9545752276689117,1.3911146040245435,0.10495046502255247,0.3169288629766363,4.440892098500626e-16,0.11105114761886398,0.37898201684285443,0.962818375309731
E2b_h0.03_e0.3_L2_alibi_learn_attn_s2,sp8,0.03,0.3,2,0,alibi_learn,2,0.0,-0.549402205273509,1.053476996750397,0.16129251407134282,0.6141349447169815,0.5109431574424573,1.030410971761694,0.9279596607319326,0.24015407680117304,1.091228645828244,0.728656493468211,0.46004442286118463,0.8918864539429758,0.7786775514117954,0.4102619629219046,0.9137941486967281,0.47412692505015597,0.6905058109298798,0.5799679377837362,0.10495046502255247,0.3169288629766363,4.440892098500626e-16,0.09575965945209776,0.24964023371109,0.964703245564359
E2b_h0.03_e0.3_L2_alibi_learn_attn_s2,swap4,0.03,0.3,2,0,alibi_learn,2,0.0,-0.8322506323456764,0.07384648287413878,-0.8702119156799633,-137.95820018028817,0.867278730628484,0.04756223679092278,-1.0930276995757047,0.08583757522495136,0.05940286553173736,-1594.7392163331958,2.7714064631252433,1.041989047268748,-391.18236689423145,1.1776169458639725,1.171033917580591,-174.16720944055027,0.6626436456201122,0.9202573323462935,0.10495046502255247,0.3169288629766363,2.220446049250313e-16,0.12216167582301095,0.4999999999998346,0.5102696226599526
E2c_h0.01_e0.1_L2_alibi_learn_attn_cf0.2_s0,sp4,0.01,0.1,2,0,alibi_learn,0,0.2,-0.44257164001464844,1.5989462026169383,-0.3764293525620546,0.8005429846524779,0.5421734598806347,1.4306262186110128,0.9209860778292132,0.35144568727143877,1.534477127058749,0.8482712214948076,0.5193499908103393,1.4726556863530873,0.8580382500673099,0.4903436387331547,1.4811067979826646,0.7511125593957415,0.6520415097129463,1.3857547115846063,0.03930412780429505,0.15469603284103253,,,,
E2c_h0.01_e0.1_L2_alibi_learn_attn_cf0.2_s0,sp2,0.01,0.1,2,0,alibi_learn,0,0.2,-0.22824576430554902,1.6167723303509378,-0.36613205118627196,0.7445889524000509,0.6492574533441907,1.4390604708049484,0.8830217304880909,0.44702847666476814,1.5935835861225343,0.8333708643653491,0.5719568363277935,1.6055507410967083,0.7211546061678574,0.7333531765201461,1.7742450216488763,0.6311924807047639,0.8392448808718577,1.8501212916924652,0.03930412780429505,0.15469603284103253,4.440892098500626e-16,0.041677444325493855,0.16785333663489604,0.9052175584663834
E2c_h0.01_e0.1_L2_alibi_learn_attn_cf0.2_s0,sp8,0.01,0.1,2,0,alibi_learn,0,0.2,-0.5895023695775308,1.5056715764048505,-0.39606243579986977,0.7756761552737987,0.5342342820844281,1.4153385697056895,0.9094510981339722,0.37432929597659015,1.4443733067365512,0.8179964209923659,0.49536319826915953,1.253365382186227,0.7069206550084939,0.634236864916052,1.1791555221608059,0.6301912633697242,0.6346245089374525,0.8789563568653359,0.03930412780429505,0.15469603284103253,1.7763568394002505e-15,0.03941782805776439,0.1670443631346649,0.9218189108018793
E2c_h0.01_e0.1_L2_alibi_learn_attn_cf0.2_s0,swap4,0.01,0.1,2,0,alibi_learn,0,0.2,-2.2074196434446742,0.25311670006947395,-2.193320974716503,-5.043057095893887,0.5892064907572542,0.002318383680688721,-20.665218567453454,1.1500925368759147,0.007124483342341749,-440.8114188845805,5.141685387854736,1.5912802240663346,-477.4281476070151,5.3776611071332425,1.5464511960462248,-68.79773143787301,1.769850956114132,1.3857547115846063,0.03930412780429505,0.15469603284103253,4.440892098500626e-16,0.5627223234440459,0.5,0.4560194716750733
E2c_h0.01_e0.1_L2_alibi_learn_attn_cf0.2_s1,sp4,0.01,0.1,2,0,alibi_learn,1,0.2,-0.608447756086077,1.6481435807937321,-0.3764293525620546,0.8061513861834559,0.5544252188961013,1.4798011001122404,0.9203005856841103,0.3659135006141692,1.5811020155919364,0.8641178481940903,0.5093970641185008,1.5320803098750468,0.8738235406929942,0.47776649568266916,1.5406603924217837,0.7725488741401421,0.6444997398229846,1.4486318381850105,0.04017853009228862,0.14561067083192805,,,,
E2c_h0.01_e0.1_L2_alibi_learn_attn_cf0.2_s1,sp2,0.01,0.1,2,0,alibi_learn,1,0.2,-0.4009068851758327,1.6700382670143605,-0.36613205118627196,0.7527990360852039,0.6645332611391109,1.4885252626592738,0.8761203763552269,0.47409420361161997,1.6473451916530373,0.8539765176437503,0.5518610577268084,1.6778489081586216,0.7462305149794174,0.7281844961075696,1.8519793625176824,0.6626972921309613,0.8235749897510936,1.923854718351189,0.04017853009228862,0.14561067083192805,4.440892098500626e-16,0.04254520358561677,0.1541469393566076,0.8965060016106663
E2c_h0.01_e0.1_L2_alibi_learn_attn_cf0.2_s1,sp8,0.01,0.1,2,0,alibi_learn,1,0.2,-0.7440172512350338,1.5396317759286062,-0.39606243579986977,0.7838829888382748,0.5355668268882158,1.4639879692091935,0.9091523794539426,0.38648683239508486,1.4829024901597379,0.837764734478036,0.4764735263901242,1.2929827855156322,0.7296407374379579,0.6300669978270914,1.2177076892428476,0.6654267278129217,0.6272951114171832,0.9319059184969527,0.04017853009228862,0.14561067083192805,1.7763568394002505e-15,0.03993630024283724,0.15292787493614304,0.919759895593605
E2c_h0.01_e0.1_L2_alibi_learn_attn_cf0.2_s1,swap4,0.01,0.1,2,0,alibi_learn,1,0.2,-2.1659963024514064,0.2670256225851157,-2.193320974716503,-1.4400943002631865,0.3844976084946339,0.002398073428639051,-13.792596638695052,0.9927088719398637,0.006165607602088896,-389.02261970399843,5.079379874644354,1.659862191808995,-421.18656956809923,5.312957771835307,1.6166178175785686,-53.792329847538234,1.6054277948166662,1.4486318381850105,0.04017853009228862,0.14561067083192805,4.440892098500626e-16,0.5453052519004031,0.5,0.4138112973261825
E2c_h0.01_e0.1_L2_alibi_learn_attn_cf0.2_s2,sp4,0.01,0.1,2,0,alibi_learn,2,0.2,-0.6760625839233398,1.6843562547872641,-0.3764293525620546,0.8029974542825401,0.5694427995940002,1.5093537491485989,0.9183357139143029,0.37779120783489006,1.6141169033194955,0.8595391127650248,0.5297178567392532,1.5615891251056273,0.8709541306921068,0.496061197961773,1.5719253472721135,0.7653117963077372,0.6704854608834253,1.473510235866951,0.03976254270834599,0.14611677123507175,,,,
E2c_h0.01_e0.1_L2_alibi_learn_attn_cf0.2_s2,sp2,0.01,0.1,2,0,alibi_learn,2,0.2,-0.44003551992188605,1.696288971134664,-0.36613205118627196,0.7459654323295235,0.6911550178347406,1.5182521392413943,0.8744813080490167,0.4787835388150806,1.6806996109769887,0.8441139363426045,0.5811231809443365,1.7070463240265705,0.7074807699040668,0.7842605225964788,1.9028600856975548,0.6373927307230554,0.871837880837561,1.9755045184989408,0.03976254270834599,0.14611677123507175,4.440892098500626e-16,0.04230948653906805,0.15893871394282816,0.900010931585076
E2c_h0.01_e0.1_L2_alibi_learn_attn_cf0.2_s2,sp8,0.01,0.1,2,0,alibi_learn,2,0.2,-0.8036144802213779,1.5695279734404133,-0.39606243579986977,0.7776187635991201,0.5509511114089852,1.4932248191103112,0.9087402184746247,0.39522287316300375,1.5151403966052541,0.8326068370698687,0.49202294841742955,1.3223091933085225,0.7125397304516596,0.6627403573706024,1.2395083618515008,0.6383523387780361,0.6502852350290788,0.9225984756472533,0.03976254270834599,0.14611677123507175,1.7763568394002505e-15,0.03989191589289598,0.1581359518130106,0.9187982376032704
E2c_h0.01_e0.1_L2_alibi_learn_attn_cf0.2_s2,swap4,0.01,0.1,2,0,alibi_learn,2,0.2,-2.1367123520800044,0.27318375743787515,-2.193320974716503,-0.5329477921182955,0.3059020544544416,0.0024459646096867045,-10.19287922251591,0.8761652494085796,0.006361727700736821,-368.32102781842246,5.046624140490276,1.6909304670344378,-402.97344557538554,5.311515966972861,1.6414519934504184,-48.10617446958308,1.5341048863417637,1.473510235866951,0.03976254270834599,0.14611677123507175,4.440892098500626e-16,0.5533226142136456,0.5,0.4525839136693398
E2c_h0.01_e0.1_L3_alibi_learn_attn_cf0.2_s0,sp4,0.01,0.1,3,0,alibi_learn,0,0.2,-0.3042994907924107,1.9200393342025954,-0.3764293525620546,0.9264714808594263,0.40261425948394,1.8481029207862336,0.967404405655091,0.26901613369835214,1.8884876811342448,0.8285783637913808,0.6419507124484262,1.7477403792680823,0.8398863829094223,0.5879144804268863,1.7595613747190293,0.7907259614358757,0.6935549247561171,1.7073522274294421,0.02762374783464434,0.10606366793299779,,,,
E2c_h0.01_e0.1_L3_alibi_learn_attn_cf0.2_s0,sp2,0.01,0.1,3,0,alibi_learn,0,0.2,-0.2071561824663409,1.9789939543149264,-0.36613205118627196,0.9095922937500609,0.47681277569707375,1.8589984055127706,0.9590106225733923,0.31581866329029723,1.9543268925659525,0.7786918397457054,0.786524114684644,2.043449785748088,0.627016288415484,0.9903608226831524,2.293489833494498,0.6995267126420286,0.8347464015693795,1.9857057264950895,0.02762374783464434,0.10606366793299779,4.440892098500626e-16,0.03411513186903466,0.12258340712396483,0.9679501930733037
E2c_h0.01_e0.1_L3_alibi_learn_attn_cf0.2_s0,sp8,0.01,0.1,3,0,alibi_learn,0,0.2,-0.40877963110272375,1.7338546709365215,-0.39606243579986977,0.8847516100653933,0.48109521148395984,1.8283541225143038,0.9359824521596841,0.349614269575545,1.7950501870900601,0.7319441007691472,0.655215570179732,1.2958063537654987,0.5197608348276772,0.9993815346857379,1.1985804678014067,0.7690821209031186,0.6956956399199884,1.47294146018974,0.02762374783464434,0.10606366793299779,1.7763568394002505e-15,0.02670677222085184,0.09893489584846481,0.9462972826404368
E2c_h0.01_e0.1_L3_alibi_learn_attn_cf0.2_s0,swap4,0.01,0.1,3,0,alibi_learn,0,0.2,-1.9939936165298735,0.2360272104194634,-2.193320974716503,-0.37974866397512774,0.242503644666555,0.002994920403418768,-17.23224942779987,0.9795412176766808,0.003130899436629269,-646.2459976996848,5.747952344725756,1.9477058643127036,-695.6792307076569,5.997476533429362,1.8883485417993058,-94.36952859713993,1.8519038007300768,1.7073522274294421,0.02762374783464434,0.10606366793299779,4.440892098500626e-16,0.06229247549768247,0.5,0.34702155596914497
E2c_h0.01_e0.1_L3_alibi_learn_attn_cf0.2_s1,sp4,0.01,0.1,3,0,alibi_learn,1,0.2,-0.4783033643450056,1.962165607929524,-0.3764293525620546,0.9174900071137154,0.4506013011255662,1.8794740367649443,0.9619749864303775,0.29942844891114684,1.9244983764070815,0.8541794025184326,0.6068148536097953,1.8134692969576225,0.8664589790324654,0.5479612354204746,1.8263724924108877,0.8162725576377305,0.6661530941813513,1.7727735249696008,0.027699973274938963,0.09611327773774636,,,,
E2c_h0.01_e0.1_L3_alibi_learn_attn_cf0.2_s1,sp2,0.01,0.1,3,0,alibi_learn,1,0.2,-0.3344287602480368,2.0317509461738066,-0.36613205118627196,0.9016075843158333,0.5292712650176808,1.8905544698031562,0.9460052235775408,0.37203415273884144,1.998299272844645,0.791544613945705,0.7827556740819278,2.1287371217591344,0.5911531054233439,1.0965152147263173,2.4174042534046625,0.7314764544391557,0.8431923137379407,2.154954621373162,0.027699973274938963,0.09611327773774636,4.440892098500626e-16,0.03422668290257043,0.1146366841683461,0.9597031848187224
E2c_h0.01_e0.1_L3_alibi_learn_attn_cf0.2_s1,sp8,0.01,0.1,3,0,alibi_learn,1,0.2,-0.5104503881385816,1.761393929812457,-0.39606243579986977,0.8798426235413431,0.4987877037561694,1.8593900072490936,0.9377905392174455,0.3488381260025382,1.8227512862352646,0.7588469004616534,0.6180362503351292,1.3339804068544963,0.5184995991789378,1.0228754123212855,1.2222582977075886,0.7831293949939415,0.5948883503311231,1.324524596000807,0.027699973274938963,0.09611327773774636,1.7763568394002505e-15,0.026644081389018862,0.09370447359511375,0.9435644785877507
E2c_h0.01_e0.1_L3_alibi_learn_attn_cf0.2_s1,swap4,0.01,0.1,3,0,alibi_learn,1,0.2,-2.0152666281376566,0.2077747671932387,-2.193320974716503,-0.04055843495867917,0.16906597186660927,0.0030457584786503606,-18.936747848869025,0.9039776219808714,0.0024136878778721668,-841.033424376031,5.743762316890958,2.0241867989213436,-912.8229911476,6.029932430818894,1.9412969942528395,-116.29118963054316,1.7853084407993791,1.7727735249696008,0.027699973274938963,0.09611327773774636,4.440892098500626e-16,0.0893889084773276,0.5,0.38121570704803853
E2c_h0.01_e0.1_L3_alibi_learn_attn_cf0.2_s2,sp4,0.01,0.1,3,0,alibi_learn,2,0.2,-0.456507819039481,1.9648508254073607,-0.3764293525620546,0.9340784438665203,0.40184230588219105,1.898983794289245,0.9708207536496494,0.26068017689673634,1.9359721680181068,0.8458886569457622,0.6145538656750029,1.8071166377997125,0.855947980222129,0.5652094918379138,1.8177546233883461,0.8155235595530897,0.662970519423757,1.774384924610893,0.0255325403419204,0.0946711114456459,,,,
E2c_h0.01_e0.1_L3_alibi_learn_attn_cf0.2_s2,sp2,0.01,0.1,3,0,alibi_learn,2,0.2,-0.35641790247921434,2.004451989239908,-0.36613205118627196,0.9221613090764191,0.4537967572394147,1.910179247039148,0.9600494926849953,0.3070849323447686,2.004093672000499,0.7816719831313006,0.7872965058743444,2.152549312478843,0.6031382524603095,1.046190780366136,2.4109082313759145,0.7381022378627151,0.7914255402000254,2.0805555427377285,0.0255325403419204,0.0946711114456459,4.440892098500626e-16,0.03207374441363699,0.1098449566619748,0.9694523892122635
E2c_h0.01_e0.1_L3_alibi_learn_attn_cf0.2_s2,sp8,0.01,0.1,3,0,alibi_learn,2,0.2,-0.5748260800194528,1.7454473790925986,-0.39606243579986977,0.8830970725620041,0.49909151342242364,1.8786912838163283,0.9352798246126249,0.363908356937045,1.8410470706872362,0.6884582106144534,0.738965303096907,1.2913693768494023,0.44578393445636566,1.100976704122788,1.1933419711302669,0.806400819217914,0.6034789791539493,1.4579679104988892,0.0255325403419204,0.0946711114456459,1.7763568394002505e-15,0.024829507587973833,0.0873053966232696,0.9500672430455701
E2c_h0.01_e0.1_L3_alibi_learn_attn_cf0.2_s2,swap4,0.01,0.1,3,0,alibi_learn,2,0.2,-1.883217875446592,0.29929375226539773,-2.193320974716503,-0.3005103465600374,0.25310560434760093,0.0030773747756747834,-6.0867150586270675,0.7426615243114956,0.0023536116846084223,-385.27326976046857,5.620793776403976,2.009801241768613,-414.7356497756825,5.8672201581411105,1.9450017996478772,-50.281755755825294,1.7195995796052048,1.774384924610893,0.0255325403419204,0.0946711114456459,4.440892098500626e-16,0.08652529277179845,0.5,0.4128975724363185
E2c_h0.03_e0.2_L2_alibi_learn_attn_cf0.2_s0,sp4,0.03,0.2,2,0,alibi_learn,0,0.2,-0.3417995997671304,1.3314795943320232,-0.20421121949863255,0.7919382617823115,0.4756826809053525,1.1848958489944394,0.9260411786627922,0.2939010789288464,1.2812965690316651,0.8159054036454878,0.48675681288993644,1.2026895230531756,0.8969483315627134,0.34912032895017175,1.2609906019532846,0.6502161881272226,0.7009147372983966,1.0736516704371393,0.0907421057760336,0.3184593743882914,,,,
E2c_h0.03_e0.2_L2_alibi_learn_attn_cf0.2_s0,sp2,0.03,0.2,2,0,alibi_learn,0,0.2,-0.1583752944466791,1.4065840628052715,-0.19206990994029532,0.7488103245599758,0.5883493764552102,1.2063453628125875,0.8840950393071277,0.4001151187545854,1.3343146090182285,0.8029203455699447,0.5350443410775089,1.2865375787437543,0.8915468165966167,0.3824383316440887,1.3520871621602395,0.40543667042909326,0.8731027979656462,1.5917376026570365,0.0907421057760336,0.3184593743882914,8.881784197001252e-16,0.09285928425029374,0.4205002463129156,0.9237763678391248
E2c_h0.03_e0.2_L2_alibi_learn_attn_cf0.2_s0,sp8,0.03,0.2,2,0,alibi_learn,0,0.2,-0.6263472125865519,1.1180697029430486,-0.2286100814529808,0.7076512364728517,0.4459171247783406,1.1460065852957606,0.8302935059820749,0.3790674345227968,1.1659700380314373,0.8449107879539602,0.36353481209655,1.0781583176421283,0.8826636699374122,0.3108775732907822,1.1020079201872164,0.6178513881956522,0.6324212669128675,0.6601600283193968,0.0907421057760336,0.3184593743882914,2.220446049250313e-16,0.09163784919015895,0.2326534503083442,0.9438722627069975
E2c_h0.03_e0.2_L2_alibi_learn_attn_cf0.2_s0,swap4,0.03,0.2,2,0,alibi_learn,0,0.2,-1.3787674329110555,0.09033439667640876,-1.3886682910652046,-2.4319474356180772,0.15372658625049226,0.012369312830479439,-45.57412494640428,0.6066245785283312,0.06296180182775966,-292.8552100546694,1.1730057988408458,1.20268954085087,-405.3477616260566,1.5142644700670027,1.250698196974352,-250.2214670997014,1.054918726952494,1.0736516704371393,0.0907421057760336,0.3184593743882914,4.440892098500626e-16,0.19877926169601795,0.5,0.3942084564484566
E2c_h0.03_e0.2_L2_alibi_learn_attn_cf0.2_s1,sp4,0.03,0.2,2,0,alibi_learn,1,0.2,-0.35336221967424664,1.3235133349969495,-0.20421121949863255,0.7896614036188501,0.47812273084518114,1.1761122598578855,0.927242444110292,0.2895869261947575,1.2744563686518728,0.8169738321535727,0.4819812255560123,1.1962755130733054,0.8933596448955891,0.3637233074348548,1.2509544222486206,0.6531877216554448,0.6938241862707377,1.0696638715252922,0.09197602137416382,0.3121933315450115,,,,
E2c_h0.03_e0.2_L2_alibi_learn_attn_cf0.2_s1,sp2,0.03,0.2,2,0,alibi_learn,1,0.2,-0.1653171690580036,1.4004507701079982,-0.19206990994029532,0.739535650954359,0.6002075436022245,1.1974027692228426,0.8788278500490372,0.40409958884120806,1.329931298909785,0.8021765382107563,0.5339703686311414,1.2817673308145519,0.8845617640918716,0.4103135328148642,1.3351278000390914,0.3997378027676195,0.8697418714248916,1.5927739218766637,0.09197602137416382,0.3121933315450115,8.881784197001252e-16,0.09499066118542082,0.426048377123275,0.9257253636639032
E2c_h0.03_e0.2_L2_alibi_learn_attn_cf0.2_s1,sp8,0.03,0.2,2,0,alibi_learn,1,0.2,-0.638246769950326,1.1058664447293045,-0.2286100814529808,0.689411569479984,0.4599386296590688,1.1375112808337136,0.8246761274871516,0.38455323058797564,1.1550761129986467,0.8502413736302374,0.35025467018222345,1.0702809945117582,0.8858382562753837,0.29718368252261357,1.1194564610859477,0.6233870142503837,0.6194724577433225,0.6568205197808421,0.09197602137416382,0.3121933315450115,2.220446049250313e-16,0.09569865226727226,0.23075552173241673,0.9432012984891353
E2c_h0.03_e0.2_L2_alibi_learn_attn_cf0.2_s1,swap4,0.03,0.2,2,0,alibi_learn,1,0.2,-1.34106948067035,0.09429838427742465,-1.3886682910652046,-1.096848254469661,0.12347645149899453,0.01227761957161906,-37.99739084989031,0.5788337610000275,0.05766992803478495,-260.33843992029205,1.1504702240470315,1.1962755430845038,-1162.4358736735605,2.9639374719328306,1.3256204960942861,-216.8760243894849,1.014009469225537,1.0696638715252922,0.09197602137416382,0.3121933315450115,4.440892098500626e-16,0.20381274057394771,0.5,0.397663867556298
E2c_h0.03_e0.2_L2_alibi_learn_attn_cf0.2_s2,sp4,0.03,0.2,2,0,alibi_learn,2,0.2,-0.44144957406180246,1.3213997419127388,-0.20421121949863255,0.7860261195136036,0.48711039291048575,1.17152809085496,0.9240274665861373,0.29762380527956384,1.2702133014197925,0.8251106932061574,0.46811711772914366,1.2003003813801563,0.849733086755756,0.4242692257059633,1.217846655214407,0.6623368273114594,0.6836501816272691,1.075409005984241,0.09355995246182854,0.3070873375580024,,,,
E2c_h0.03_e0.2_L2_alibi_learn_attn_cf0.2_s2,sp2,0.03,0.2,2,0,alibi_learn,2,0.2,-0.25678833674672724,1.4071014888378368,-0.19206990994029532,0.7417427661163521,0.6050789423431989,1.1927356155453936,0.8761916148045416,0.4199937263447258,1.328293652587659,0.8150060404595324,0.5164101292112241,1.287102378140631,0.8233074189954629,0.48719201749396074,1.177966514964507,0.41535445165418694,0.8569709480792268,1.6072420890343484,0.09355995246182854,0.3070873375580024,8.881784197001252e-16,0.09759091205317343,0.4190730549489509,0.9174266659368152
E2c_h0.03_e0.2_L2_alibi_learn_attn_cf0.2_s2,sp8,0.03,0.2,2,0,alibi_learn,2,0.2,-0.7186645038891584,1.0925448030395166,-0.2286100814529808,0.6837439243056629,0.4647534926323581,1.1330775680564096,0.8218608699031964,0.380638834912805,1.1463594858170076,0.8601469503432647,0.3331636326126017,1.072857124593371,0.824673104741342,0.3309045298230519,1.282341896787219,0.6335453738100482,0.5997129898390917,0.6585091319176046,0.09355995246182854,0.3070873375580024,2.220446049250313e-16,0.09578175326667014,0.2236311096665404,0.9425109792658166
E2c_h0.03_e0.2_L2_alibi_learn_attn_cf0.2_s2,swap4,0.03,0.2,2,0,alibi_learn,2,0.2,-1.3416331240109034,0.10614514623165826,-1.3886682910652046,-0.08062100157785146,0.08481570717429857,0.01222976471541961,-23.52329607710464,0.5121486434050879,0.05377234695629653,-205.79880746269058,1.1493038408803875,1.2003004682448566,-1369.273145253054,3.626077012930671,1.5999092425398016,-154.90328652789836,0.943425438065806,1.075409005984241,0.09355995246182854,0.3070873375580024,4.440892098500626e-16,0.20030664527539796,0.5,0.46782736141670334
E2c_h0.03_e0.2_L3_alibi_learn_attn_cf0.2_s0,sp4,0.03,0.2,3,0,alibi_learn,0,0.2,-0.2633301871163504,1.4280619551527243,-0.20421121949863255,0.9195777541813146,0.3234872599905036,1.3694345403491446,0.9585612895008423,0.22584160352094587,1.3981603837396652,0.7500884791746678,0.5883607136796918,1.2368108776140474,0.7556110339225703,0.592814339426924,1.2413188109082685,0.6098072714742431,0.7606323308187583,1.115175832010907,0.054816293613469055,0.22973937499411337,,,,
E2c_h0.03_e0.2_L3_alibi_learn_attn_cf0.2_s0,sp2,0.03,0.2,3,0,alibi_learn,0,0.2,-0.17205762400824046,1.5504395345472006,-0.19206990994029532,0.8993031377045249,0.41983039366107217,1.3942246559708644,0.9466003588330376,0.2988944467797773,1.4489308278263433,0.7238763278091902,0.6803901960784849,1.3283991393336159,-63.03408481633761,12.250789123254927,1.6889617344805028,0.435122490699256,0.9377687955071968,1.5326206509645728,0.054816293613469055,0.22973937499411337,8.881784197001252e-16,0.060001404158484796,0.248714397977382,0.9537072681237166
E2c_h0.03_e0.2_L3_alibi_learn_attn_cf0.2_s0,sp8,0.03,0.2,3,0,alibi_learn,0,0.2,-0.4754539321376277,1.2534689210601715,-0.2286100814529808,0.8782571165422883,0.3572248834225814,1.324488563871201,0.9241119156482652,0.2859905652477729,1.306416830109025,0.8047055277886381,0.45056489678212336,1.0895725057852472,-7.885626831320739,3.692466506011382,1.1405931158631146,0.5862648083713383,0.7244627996941583,0.8020681269250843,0.054816293613469055,0.22973937499411337,2.220446049250313e-16,0.05640120028085046,0.2084466842636277,0.9602428278020222
E2c_h0.03_e0.2_L3_alibi_learn_attn_cf0.2_s0,swap4,0.03,0.2,3,0,alibi_learn,0,0.2,-1.3463018579142434,0.06060695583024819,-1.3886682910652046,-0.7256507282809803,0.06753507743257661,0.014295741051686201,-59.192697789880796,0.46515234931355603,0.021024245791769366,-4499.456297838803,3.876012813128081,1.279520027382447,-943.9997189618308,1.425973776547112,1.3122916947268402,-625.6462401737837,1.1439505949124995,1.115175832010907,0.054816293613469055,0.22973937499411337,4.440892098500626e-16,0.21086726667371716,0.4999999999999991,0.46109731795771447
E2c_h0.03_e0.2_L3_alibi_learn_attn_cf0.2_s1,sp4,0.03,0.2,3,0,alibi_learn,1,0.2,-0.27705492292131695,1.4361892830367546,-0.20421121949863255,0.9315558305620594,0.2969651721320644,1.386168820366545,0.9642539765703416,0.20647303279557355,1.4102866698925511,0.7510368398751258,0.5974945060864566,1.2446358361804792,0.7576324108563872,0.590933169546398,1.2500632544185728,0.6188341830671453,0.7556126391921528,1.1297928703690665,0.05241796432660567,0.2157667741222818,,,,
E2c_h0.03_e0.2_L3_alibi_learn_attn_cf0.2_s1,sp2,0.03,0.2,3,0,alibi_learn,1,0.2,-0.2645530116611293,1.5956584060330148,-0.19206990994029532,0.9022831848821414,0.42196098688489403,1.4112618673984598,0.9466987542290441,0.3024069496347791,1.463153535518846,0.7441421770542237,0.6859231388679579,1.3461925265363044,0.7524145073033225,0.6717978071159745,1.3511904745504706,0.4710273526384411,0.9328410249069755,1.5230673136459116,0.05241796432660567,0.2157667741222818,8.881784197001252e-16,0.0592833874331581,0.23647952244140005,0.9531436918198705
E2c_h0.03_e0.2_L3_alibi_learn_attn_cf0.2_s1,sp8,0.03,0.2,3,0,alibi_learn,1,0.2,-0.5321725083382002,1.249192660751609,-0.2286100814529808,0.8675099568054533,0.3845228975766443,1.3406736109505701,0.9108620337863846,0.3112905430260086,1.3178616553055216,0.7985089148018002,0.4508968080472245,1.0812281602216736,0.7755055752510323,0.47163083243934883,1.0640563593749388,0.6141321209663144,0.6839285558663926,0.8404082302779787,0.05241796432660567,0.2157667741222818,2.220446049250313e-16,0.053072774037783176,0.19332168342807599,0.9626807723418253
E2c_h0.03_e0.2_L3_alibi_learn_attn_cf0.2_s1,swap4,0.03,0.2,3,0,alibi_learn,1,0.2,-1.3641334612454687,0.06645476872977803,-1.3886682910652046,-0.4718231176905403,0.06778751177440692,0.014470432814429508,-52.058656832822344,0.47845870883959346,0.01737497844537594,-3834.703192704075,3.9222331061074813,1.3024764299486802,-3555.1607545423167,3.7632929954850782,1.2972146791708545,-527.7917038324284,1.1611773696446972,1.1297928703690665,0.05241796432660567,0.2157667741222818,4.440892098500626e-16,0.2043187303649436,0.5,0.3882966365367506
E2c_h0.03_e0.2_L3_alibi_learn_attn_cf0.2_s2,sp4,0.03,0.2,3,0,alibi_learn,2,0.2,-0.3446344648047151,1.4239499285282253,-0.20421121949863255,0.9237923274766985,0.31487137009675487,1.3686168846286484,0.961048997443407,0.21836220334471396,1.3959423493799594,0.7578645095924733,0.5816845851738898,1.2396255017823794,0.7632554135500724,0.5866409170671991,1.2439882746460098,0.6248713919780129,0.7464613721124994,1.125615432600442,0.05432704501756319,0.21806206172401787,,,,
E2c_h0.03_e0.2_L3_alibi_learn_attn_cf0.2_s2,sp2,0.03,0.2,3,0,alibi_learn,2,0.2,-0.2574413075261483,1.5731278846114243,-0.19206990994029532,0.9061827020031802,0.415478524529656,1.393392198681361,0.9510134780002771,0.2931843497001752,1.4498117723685198,0.7252104818449531,0.6901351989166987,1.3379827513405727,-70.43684659251355,13.141701216658573,1.7024093386276677,0.46176443601709016,0.934389444755624,1.524165685710475,0.05432704501756319,0.21806206172401787,8.881784197001252e-16,0.060365668823300266,0.23786404078013998,0.9599168635751131
E2c_h0.03_e0.2_L3_alibi_learn_attn_cf0.2_s2,sp8,0.03,0.2,3,0,alibi_learn,2,0.2,-0.5279006568182792,1.2461183139497847,-0.2286100814529808,0.88343176714529,0.3490517297330878,1.3236977442890505,0.9340203431392844,0.2652851930848198,1.3014078028205442,0.806083992591362,0.45209000027746027,1.0813078441040174,-8.873580163457323,3.8739523980271704,1.13268021441896,0.5887210298229122,0.7230959643780546,0.8302389017670202,0.05432704501756319,0.21806206172401787,2.220446049250313e-16,0.055992350020289704,0.20456200787067733,0.9618160660239737
E2c_h0.03_e0.2_L3_alibi_learn_attn_cf0.2_s2,swap4,0.03,0.2,3,0,alibi_learn,2,0.2,-1.3006549796887807,0.0736879713569923,-1.3886682910652046,-1.3376130470872654,0.0845163345568,0.014287205415914477,-25.704529226840144,0.37280124970919787,0.017756140040926155,-2898.470157244997,3.773015283973963,1.2932874021432232,-535.4686894428087,1.2954477750714903,1.3255950284067881,-375.5393187516731,1.0681607126564239,1.125615432600442,0.05432704501756319,0.21806206172401787,4.440892098500626e-16,0.1912551337622748,0.5,0.6205476535764642
