run,h,eps,layers,mlp,pe,conflict_frac,seed,head,share,mass_on_copies,cw_part,prop1_gamma,prop1_r2,kern_exp_r2,kern_exp_coef,kern_pow_r2,kern_pow_coef,kern_exp_w_r2,kern_exp_w_coef,kern_exp_w_wbonus,kern_pow_w_r2,kern_pow_w_coef,kern_pow_w_wbonus,alibi_slope_per_pair
E1_h0.01_e0.1_L2_alibi_learn_attn_s0,0.01,0.1,2,0,alibi_learn,0.0,0,L1H0,0.5042309312971385,0.999999998740343,0.9999999963853501,3.2869458166568273,0.9866854944983147,0.6923770166504635,0.16872287464475355,0.53375946368621,4.633129163971136,0.6944421622476306,0.1784140156771163,-0.8711489756497182,0.5482392152741737,5.949421258122701,-3.169179090864762,0.1729295253753662
E1_h0.01_e0.1_L2_alibi_learn_attn_s0,0.01,0.1,2,0,alibi_learn,0.0,0,L1H1,0.5371077342992375,0.9999998958471085,1.0000000200769026,3.615402101531471,0.9865553416311291,0.703052848706731,0.15222544599592533,0.538093396837479,4.165058152280674,0.7068111822626493,0.1639308891726901,-1.052217153677984,0.5571361635360578,5.516593364206917,-3.2540324090945485,0.1507883369922638
E1_h0.01_e0.1_L2_alibi_learn_attn_s0,0.01,0.1,2,0,alibi_learn,0.0,0,L1H2,-0.04122339168196956,1.0000000020404993,1.0000000293377191,1.1101709918882574,0.03963914946045033,0.9869877242907044,0.6252701220151627,0.8300932737906179,17.73771556942673,0.9886412781587847,0.5982374866061851,2.3925655295235124,0.8359554318518296,20.30415985627469,-6.166642504907983,0.7252985239028931
E1_h0.01_e0.1_L2_alibi_learn_attn_s0,0.01,0.1,2,0,alibi_learn,0.0,0,L1H3,0.0006758882208698994,0.6009354725056575,0.9349827930836752,-0.4979022571820774,0.6550020908272934,0.9981286419325109,0.2682504314071329,0.8028677851235246,7.5243355572673085,0.9981963023575846,0.2659276333063798,0.2087992713505003,0.8110954264634449,8.838210162086593,-3.163358607190742,0.2921815812587738
E1_h0.01_e0.1_L2_alibi_learn_attn_s1,0.01,0.1,2,0,alibi_learn,0.0,1,L1H0,0.5364463189712554,0.9999999978363933,0.9999999971567607,3.0582621824658425,0.9809741919301501,0.5925758670577517,0.09744460881297361,0.44903313663127087,2.652919065189463,0.599713160781522,0.10869194178357469,-1.0110370454222635,0.4745211627700102,3.7431613215934574,-2.624928751243347,0.10667749494314194
E1_h0.01_e0.1_L2_alibi_learn_attn_s1,0.01,0.1,2,0,alibi_learn,0.0,1,L1H1,0.46420282713647415,1.0000000021078514,1.000000006199468,3.0197376716787567,0.9743124005036677,0.6622568857499324,0.1126814181141278,0.4984237749431173,3.0572954280372797,0.6715400136467523,0.1267122415987009,-1.2612485429002058,0.5287986391368282,4.3591584989301,-3.1344389606031036,0.1179962009191513
E1_h0.01_e0.1_L2_alibi_learn_attn_s1,0.01,0.1,2,0,alibi_learn,0.0,1,L1H2,0.02317463653603156,1.0000000008284575,0.9999999939644735,1.873477900812509,0.23832836218102305,0.9934350113989053,0.7675002079691291,0.8339431992506097,18.04597695439086,0.9936001758912814,0.7566302446666747,0.7416166138964149,0.8384488639899571,20.229918145804834,-5.023243922363708,0.7647891640663147
E1_h0.01_e0.1_L2_alibi_learn_attn_s1,0.01,0.1,2,0,alibi_learn,0.0,1,L1H3,-0.02318873624153473,0.7746925828634664,0.9987236467003887,-0.4276278995825721,0.6450591548889157,0.9949839408935683,0.13634787969761578,0.7945518180660383,3.8106620511345994,0.995097192394583,0.13481799300226963,0.13752345807994865,0.8012164373467247,4.412662892668498,-1.4494111817194755,0.1367584466934204
E1_h0.01_e0.1_L2_alibi_learn_attn_s2,0.01,0.1,2,0,alibi_learn,0.0,2,L1H0,0.5062626115039778,1.0000000019960658,0.999999997402053,3.355914291806693,0.9851900266986474,0.6858745868596259,0.16954169799567226,0.5346098108481073,4.681355298890638,0.6881967730259797,0.1799169730915394,-0.9326466555037949,0.5517095313891592,6.125523411968609,-3.4770606068331547,0.1750178188085556
E1_h0.01_e0.1_L2_alibi_learn_attn_s2,0.01,0.1,2,0,alibi_learn,0.0,2,L1H1,0.5408923081816872,0.9999998527936402,1.000000004827546,3.6140440013546584,0.9830158402916256,0.6454671194636807,0.14554813836817368,0.5186953408789174,4.080606674336517,0.6460583205332433,0.1501808378600597,-0.41643924109373115,0.5318826572709869,5.2029271302559,-2.7021620337559846,0.1683153212070465
E1_h0.01_e0.1_L2_alibi_learn_attn_s2,0.01,0.1,2,0,alibi_learn,0.0,2,L1H2,-0.04359098998608266,1.000000001175953,0.9999999439667213,0.6578612780136331,0.05430722201772609,0.992375836748061,0.6952497254509425,0.8247918340091437,18.71017723788638,0.9926936361356751,0.6820164507931337,1.099640281151896,0.8326491688943782,21.81655067225207,-7.390246323217935,0.7291454672813416
E1_h0.01_e0.1_L2_alibi_learn_attn_s2,0.01,0.1,2,0,alibi_learn,0.0,2,L1H3,-0.002988357396716599,0.6539220868450106,0.9693686381848396,-0.48880076373244963,0.7567101642604326,0.9990271098814056,0.27030051022564416,0.8019114553294203,7.5739146450078785,0.9990489076033997,0.26897262446245,0.11936533773717178,0.8107517057143138,8.945616052528715,-3.3025856790751553,0.27992913126945496
E1_h0.01_e0.1_L2_alibi_learn_mlp_s0,0.01,0.1,2,1,alibi_learn,0.0,0,L1H0,0.04553010403254452,0.958366905704939,1.0022335410125525,0.402235495842274,0.9263138015116916,0.78648646185225,0.04025203312349869,0.6212646460198632,1.1188696277204127,0.787761896868539,0.03854725330654605,0.15324482290446728,0.6221117553877114,1.1901354024325423,-0.17158349891749364,0.04839435964822769
E1_h0.01_e0.1_L2_alibi_learn_mlp_s0,0.01,0.1,2,1,alibi_learn,0.0,0,L1H1,0.03028807121563056,0.9787750750633027,0.9990704081590118,0.3091539313120904,0.8864926452469424,0.7082901175458121,0.06333199619284023,0.5964657875488641,1.8176460791489415,0.709976096070378,0.06008231665110168,0.2921178212680742,0.6000318819281962,2.0600742445423244,-0.583683725075193,0.08873648941516876
E1_h0.01_e0.1_L2_alibi_learn_mlp_s0,0.01,0.1,2,1,alibi_learn,0.0,0,L1H2,0.0002652950598279248,1.000000002085393,0.9999999804197439,0.35115316994375034,0.2688556908059022,0.9947379703511974,0.8192734831968156,0.8463700745649176,17.94632916006378,0.9951025299106792,0.8013288656304361,1.085973199012541,0.8478959164184185,19.187165248342033,-2.793981160365845,0.8675515055656433
E1_h0.01_e0.1_L2_alibi_learn_mlp_s0,0.01,0.1,2,1,alibi_learn,0.0,0,L1H3,0.00115460922968662,0.8042082321746806,0.9576654562350303,0.11090350231425562,0.5422816908398038,0.995201944808624,0.2747664153232835,0.8147279991169898,7.775231519774319,0.995574519540876,0.2691751298035108,0.5026077565943418,0.8226455187496571,9.097353991714483,-3.18321663728897,0.3035995066165924
E1_h0.01_e0.1_L2_alibi_learn_mlp_s1,0.01,0.1,2,1,alibi_learn,0.0,1,L1H0,0.047034433683883006,0.9593572313273658,0.9996084621192408,0.4389097595209845,0.9449218880781911,0.8775711628001394,0.03968958063568497,0.6966462492650878,1.105962646055203,0.8793588258500855,0.037805605783865645,0.16935289217560057,0.6974322126375814,1.1700401468409662,-0.15427660516035002,0.046178188174963
E1_h0.01_e0.1_L2_alibi_learn_mlp_s1,0.01,0.1,2,1,alibi_learn,0.0,1,L1H1,0.027050505340371196,0.946885036669852,0.9906648484280433,0.31334421090886994,0.9125399921070447,0.6295976202045145,0.16421340287726474,0.523194336481116,4.681742764805409,0.6297960944190081,0.1611470224153067,0.2756408341872883,0.5298873285273545,5.595132841390098,-2.1991294678263453,0.18098531663417816
E1_h0.01_e0.1_L2_alibi_learn_mlp_s1,0.01,0.1,2,1,alibi_learn,0.0,1,L1H2,-0.0023931275199623077,1.00000000052585,1.0000000343762065,0.19602498515980768,0.0740367179782383,0.9971407991846212,0.7854509778857833,0.8381818798083231,17.614261729194034,0.9972167726029576,0.7777427591836825,0.4888815665930241,0.8412684959783779,19.36111979921394,-3.9678166672998936,0.7962188124656677
E1_h0.01_e0.1_L2_alibi_learn_mlp_s1,0.01,0.1,2,1,alibi_learn,0.0,1,L1H3,0.0006725631180336103,0.7168802276363943,0.9717762588766014,0.07192491962521495,0.4723810269672316,0.9992933697092661,0.2797847957688516,0.8058458999602349,7.857829053354578,0.9993006322755434,0.2789915283946533,0.07130781175731857,0.8159113516249402,9.372657017185725,-3.6471852490501457,0.2832503914833069
E1_h0.01_e0.1_L2_alibi_learn_mlp_s2,0.01,0.1,2,1,alibi_learn,0.0,2,L1H0,0.03863793476630072,0.994829481992513,1.0002007584734272,0.35090933680402525,0.9617688792059713,0.8101995222606868,0.041153445040429594,0.6595182735939485,1.1612416149102935,0.8126418766804266,0.038777089164272166,0.21361364780273484,0.6605635959582166,1.2409867869003677,-0.1919989740812473,0.04917721822857857
E1_h0.01_e0.1_L2_alibi_learn_mlp_s2,0.01,0.1,2,1,alibi_learn,0.0,2,L1H1,0.020740380347746997,0.9995475108246085,0.9997460649415126,0.18301104109680127,0.9214701538037925,0.6230908692360376,0.08427310666809588,0.5192207691597117,2.405959473644247,0.6245862762587837,0.0799311053614514,0.3903080120206398,0.5216443903863941,2.689499749128661,-0.6826675602442459,0.1092563197016716
E1_h0.01_e0.1_L2_alibi_learn_mlp_s2,0.01,0.1,2,1,alibi_learn,0.0,2,L1H2,-0.002827384327981362,1.0000000017332307,0.999999993524339,0.19751675048396672,0.05828554502629468,0.9978876883653607,0.8208577777493686,0.8429356505950297,17.623037527442815,0.9979527746322485,0.8131610412379966,0.4522607449762549,0.8444544721292063,18.84213674124545,-2.726143881649685,0.834371030330658
E1_h0.01_e0.1_L2_alibi_learn_mlp_s2,0.01,0.1,2,1,alibi_learn,0.0,2,L1H3,0.004331048254733156,0.9228854433240353,0.9980388564358059,0.18033948969067332,0.8349442501832217,0.9995600038897837,0.22360744086124815,0.8044184106155892,6.2736716664253995,0.9995680736358814,0.22293923745873717,0.060065652504624235,0.8141328042171244,7.462882171102423,-2.8632102880541894,0.22627900540828705
E1_h0.01_e0.1_L3_alibi_learn_attn_s0,0.01,0.1,3,0,alibi_learn,0.0,0,L1H0,0.00045536762112147297,0.5924733215942979,1.0036867228697686,-0.021009194397546272,0.0488862423755434,0.18484278177908853,0.00638529651339794,0.11006659954640974,0.15410139323381897,0.20486048946807134,0.00417533900052118,0.1986558875929016,0.16928041844898178,-0.04086530172526862,0.46941281181029565,0.008058370091021061
E1_h0.01_e0.1_L3_alibi_learn_attn_s0,0.01,0.1,3,0,alibi_learn,0.0,0,L1H1,0.010729137392435795,0.8727270471541227,1.003304228917317,0.05352351725702762,0.3061860588434848,0.9914611270294581,0.05468887020290183,0.7925334069705272,1.529216107476763,0.9919090314768265,0.0534663649761637,0.10989254747639632,0.7971276755377465,1.7300506300342349,-0.48354052450888596,0.05557604879140854
E1_h0.01_e0.1_L3_alibi_learn_attn_s0,0.01,0.1,3,0,alibi_learn,0.0,0,L1H2,0.00414231519638765,0.9961719205419348,1.0001640134089613,0.024583238943318184,0.032047500011713526,0.999646450510738,0.34358525179745647,0.8029846137590186,9.630833627336145,0.9996793842986779,0.3415111547500397,0.18644321780290032,0.8116593359168769,11.357498918539802,-4.157216747040998,0.3443204462528229
E1_h0.01_e0.1_L3_alibi_learn_attn_s0,0.01,0.1,3,0,alibi_learn,0.0,0,L1H3,-0.00010105146280603528,0.0025330838667766875,-0.0008996298083261491,0.540776689224523,0.0451611291325561,0.9999707730879391,2.6328964681097577,0.8874880904091512,34.47939693223805,0.9999754743689345,2.625491876358617,0.20933190338177868,0.8943839827390334,30.592692875601173,7.946737047581746,2.6333184242248535
E1_h0.01_e0.1_L3_alibi_learn_attn_s0,0.01,0.1,3,0,alibi_learn,0.0,0,L2H0,0.698903003938905,0.9998616774348486,1.0000057786162726,2.503782985665678,0.9858124848938351,0.2485214460280245,0.05620090795771061,0.2170241238715972,1.6425340102942627,0.34487883226304483,0.09300540038273156,-3.308402567695186,0.47683822924674235,4.742534991188406,-7.4637372160488935,0.1136864647269249
E1_h0.01_e0.1_L3_alibi_learn_attn_s0,0.01,0.1,3,0,alibi_learn,0.0,0,L2H1,0.19409629716902158,0.9994213727351368,0.9999346420084049,0.7788129533338845,0.9323407696531364,0.6822997851129933,0.15541841944169144,0.6534269916350864,4.756772432330071,0.6839487408191995,0.1634539821941019,-0.7223269413947147,0.7192698096315987,7.361355112844483,-6.270940172162359,0.17523100972175598
E1_h0.01_e0.1_L3_alibi_learn_attn_s0,0.01,0.1,3,0,alibi_learn,0.0,0,L2H2,0.07528931363175688,0.4547328793429675,0.6391386872486498,-0.8154709096823034,0.9892971702910055,0.9532647537992901,0.26597480134691226,0.8311329963325399,7.767262033356748,0.9813356890723641,0.21797282727029596,4.314958414738286,0.8358103302561508,6.762178897539288,2.4198948491494248,0.22960790991783142
E1_h0.01_e0.1_L3_alibi_learn_attn_s0,0.01,0.1,3,0,alibi_learn,0.0,0,L2H3,0.016148972470626185,0.5479684787550073,0.5540809361170578,0.10416708225250843,0.03087607245172841,0.9995765887434297,0.462976395729569,0.81113215488537,13.04354346559004,0.9998605503556014,0.4547695256260746,0.7377259767528802,0.8184841137441914,15.185553092481289,-5.15722319699135,0.4538330137729645
E1_h0.01_e0.1_L3_alibi_learn_attn_s1,0.01,0.1,3,0,alibi_learn,0.0,1,L1H0,-0.0002237833187130699,0.5201763483762208,0.9897893185557505,-0.027908404953862244,0.1620768845565943,0.6055168427141342,0.01099877352184077,0.46478225801722406,0.3013733775964816,0.6250153458803378,0.008923005995114218,0.18659337930963257,0.4844518177103504,0.1944315658525084,0.2574791379694867,0.012730127200484276
E1_h0.01_e0.1_L3_alibi_learn_attn_s1,0.01,0.1,3,0,alibi_learn,0.0,1,L1H1,0.015757322177882116,0.8218960473842734,1.00058684939287,0.11594028915649134,0.6990357365148839,0.9896313798010453,0.05620258842048125,0.7902420749452875,1.5707194888350078,0.990144516350449,0.05485662581334415,0.12099028819772367,0.7944466161142174,1.7683472569182221,-0.4758197615608225,0.056937187910079956
E1_h0.01_e0.1_L3_alibi_learn_attn_s1,0.01,0.1,3,0,alibi_learn,0.0,1,L1H2,0.004213230502782174,0.9936907329532961,0.9998147915999881,0.009857091713775622,0.003907757936870038,0.999552952863196,0.3270153742557568,0.8022629236970973,9.162681652994795,0.9995930707118065,0.32483650577420203,0.1958612550826984,0.8106706101458885,10.780659585098347,-3.8955349307999074,0.3272593319416046
E1_h0.01_e0.1_L3_alibi_learn_attn_s1,0.01,0.1,3,0,alibi_learn,0.0,1,L1H3,1.5993592510031935e-05,0.002793544668198225,0.004282140311004112,0.06921839246854666,0.001597359424534539,0.9999645158621036,2.5658531862927063,0.8857329920133129,33.77446498733252,0.999969943069529,2.5581395792823387,0.2202393647091057,0.8923385217648538,30.038451709839418,7.648198355835205,2.5660388469696045
E1_h0.01_e0.1_L3_alibi_learn_attn_s1,0.01,0.1,3,0,alibi_learn,0.0,1,L2H0,0.6862439179125613,0.9999557219369909,1.0000021180355578,2.4731847588437574,0.9840591429628776,0.25343118793111996,0.052076349637550715,0.16568956300871185,1.3169128937971013,0.48857283839450616,0.10483239304289076,-4.7423077446113275,0.5764933928475657,4.89373070132874,-8.611748302544138,0.11081738770008087
E1_h0.01_e0.1_L3_alibi_learn_attn_s1,0.01,0.1,3,0,alibi_learn,0.0,1,L2H1,0.19507787735332718,0.9998537263619119,0.9999800335723833,0.7338772695953216,0.9439613317897126,0.732526187095344,0.1496783286399529,0.6348657974427836,4.358000562478059,0.7537576779032289,0.17647831196931418,-2.4090845388420385,0.7490429998116699,7.5459110536811265,-7.675393111573191,0.17476075887680054
E1_h0.01_e0.1_L3_alibi_learn_attn_s1,0.01,0.1,3,0,alibi_learn,0.0,1,L2H2,0.07859551124587315,0.45436908977646223,0.5724868551731253,-0.9815024017058365,0.9852632786390323,0.964956084067151,0.2867130046159097,0.8395317534824078,8.363944650818823,0.9875587797265387,0.24056311489450863,4.148472199805014,0.8415980869228252,7.6481921200109815,1.7232861649388285,0.25427043437957764
E1_h0.01_e0.1_L3_alibi_learn_attn_s1,0.01,0.1,3,0,alibi_learn,0.0,1,L2H3,0.020047409262552853,0.5633700774514007,0.6622568253079055,0.1212657919302665,0.035470506676674174,0.9994941450128679,0.4665764312682389,0.8085140681727405,13.124278249874177,0.9997109526017316,0.4593492850579539,0.6496573516922356,0.8159472511852269,15.294925014560905,-5.226171585215273,0.4559307396411896
E1_h0.01_e0.1_L3_alibi_learn_attn_s2,0.01,0.1,3,0,alibi_learn,0.0,2,L1H0,0.00466376006031895,0.6123121398767191,0.9922801975628777,0.0649712405492784,0.9622631772417537,0.9074214640541985,0.012477605555616614,0.7566484410031306,0.3563467222769381,0.9200276784887469,0.010930870227754477,0.13903800305544012,0.7575628750830236,0.33497832236724384,0.05144776489954493,0.01233820989727974
E1_h0.01_e0.1_L3_alibi_learn_attn_s2,0.01,0.1,3,0,alibi_learn,0.0,2,L1H1,0.018123265172565253,0.6682337090543504,1.0007138218088734,0.13095550089207394,0.40003301536980074,0.995464407669605,0.04632545620848514,0.8010917708769305,1.29971143786311,0.9958885312123605,0.045319799029761486,0.09039980103213162,0.8065575264519012,1.4848943939206614,-0.4458569301826588,0.04612194001674652
E1_h0.01_e0.1_L3_alibi_learn_attn_s2,0.01,0.1,3,0,alibi_learn,0.0,2,L1H2,-0.00038183987215588096,0.9948369005629463,1.0000521769848754,-0.09999092744517579,0.48011131004800245,0.9997001459626422,0.3713397726997398,0.8034117840960351,10.411292723953732,0.9997359569085894,0.36900232761054147,0.21011590774427844,0.8120930448610562,12.27808958914148,-4.494605428636476,0.3708820939064026
E1_h0.01_e0.1_L3_alibi_learn_attn_s2,0.01,0.1,3,0,alibi_learn,0.0,2,L1H3,-2.4406754433547813e-05,0.0009378395676704494,-0.0002615296593034327,0.7853781032340831,0.00448929800454323,0.9999506132753271,3.0640129249951076,0.8956886421543184,35.506602049288304,0.9999598959630056,3.0520289703530046,0.2848289204955208,0.9092163575879739,30.483674131192092,10.188865201379754,3.0643699169158936
E1_h0.01_e0.1_L3_alibi_learn_attn_s2,0.01,0.1,3,0,alibi_learn,0.0,2,L2H0,0.6971195677389178,0.9985090772855639,1.0000376279674155,2.4119697051422166,0.9857403029307914,0.23971245484270653,0.052606044098690574,0.1723735995719171,1.3951621623766166,0.47020543712516005,0.10685809116195723,-4.876785413424416,0.6190059083482655,5.268937997502393,-9.326721199591272,0.11427469551563263
E1_h0.01_e0.1_L3_alibi_learn_attn_s2,0.01,0.1,3,0,alibi_learn,0.0,2,L2H1,0.20222267371735136,0.9998271986782851,1.000036799366242,0.7716036308313466,0.9654964892097926,0.8059039476143501,0.13483070698549324,0.6660451095374986,3.8335220106653183,0.8348940021001101,0.1617255254543571,-2.4176093899774576,0.7847385430893876,6.624970315150956,-6.720848388524264,0.1596374362707138
E1_h0.01_e0.1_L3_alibi_learn_attn_s2,0.01,0.1,3,0,alibi_learn,0.0,2,L2H2,0.06395803464310322,0.29716565562615443,0.5329079905742293,-1.330927902102847,0.9729496560407823,0.9655843681100449,0.2935728623118445,0.8475365118022273,8.601990753851561,0.984828154842401,0.24998525868132898,3.9181450488593765,0.8480399587335427,8.240358868403199,0.870685325122814,0.25471240282058716
E1_h0.01_e0.1_L3_alibi_learn_attn_s2,0.01,0.1,3,0,alibi_learn,0.0,2,L2H3,0.014719796529262688,0.5109692539654719,0.6226068371061325,0.23915300577818305,0.15526877898551128,0.99971021906283,0.48174376315328094,0.8102013355093656,13.563584628817456,0.9998429840541152,0.4759050417664538,0.5248500809402279,0.8186794174365926,15.956883369042481,-5.762241040126441,0.47136256098747253
E1_h0.03_e0.2_L2_alibi_learn_attn_s0,0.03,0.2,2,0,alibi_learn,0.0,0,L1H0,0.4836800130125007,0.9999833958894033,0.9999990296064881,2.1902900422991634,0.977063978159599,0.8824674709066265,0.23713694186434747,0.6906973615604396,6.561342821031171,0.8838787267510817,0.24711048958765477,-0.8965348717698366,0.7070314326236437,8.301811270850543,-4.190450010286416,0.24141502380371094
E1_h0.03_e0.2_L2_alibi_learn_attn_s0,0.03,0.2,2,0,alibi_learn,0.0,0,L1H1,0.5002740050590553,0.9998952343638304,0.9999693791646204,2.120879764761591,0.9808982062641219,0.8737680228285042,0.23710731222611253,0.6714310479490454,6.500496863016977,0.877595491497232,0.2536117079281202,-1.4836010910901207,0.6932646007255436,8.522482898462187,-4.868247628338057,0.24270522594451904
E1_h0.03_e0.2_L2_alibi_learn_attn_s0,0.03,0.2,2,0,alibi_learn,0.0,0,L1H2,0.08971539409529415,0.9999999970262688,0.9999999736652045,1.3471389254709831,0.24090146913106725,0.9943038131902024,0.7979920514644432,0.8409376383083975,17.39935478428107,0.9943040608535141,0.7975348696511083,0.02754326198318478,0.8441330074209314,19.148388702478123,-3.93107501302132,0.7956253290176392
E1_h0.03_e0.2_L2_alibi_learn_attn_s0,0.03,0.2,2,0,alibi_learn,0.0,0,L1H3,-0.07127606115681341,0.5735110212930458,1.000778561213156,-1.1827320112401456,0.971820606793362,0.9993320662622861,0.2233902998445156,0.7960763897688294,6.235707571146583,0.999371915887201,0.2248739053960262,-0.13336318728110574,0.8067388790628449,7.480531064730546,-2.997107256977314,0.22385761141777039
E1_h0.03_e0.2_L2_alibi_learn_attn_s1,0.03,0.2,2,0,alibi_learn,0.0,1,L1H0,0.48318350105627067,0.9999802714961656,0.9999987256948843,2.2111186288611124,0.9756453602723413,0.8782128471954939,0.19807548426031718,0.683811833879613,5.466358474368313,0.879900603845766,0.2072078370152303,-0.8209187876997435,0.7003877594129463,6.934401551963247,-3.5345433180630423,0.20152612030506134
E1_h0.03_e0.2_L2_alibi_learn_attn_s1,0.03,0.2,2,0,alibi_learn,0.0,1,L1H1,0.5155028635667446,0.9999680964769306,0.9999991947375458,2.1828264053764825,0.9780699171750167,0.8751671053131793,0.21543112098903852,0.6669707242535299,5.88186839865708,0.8801105432514114,0.23245954371597993,-1.5307065459028588,0.6905569718293738,7.78979405258909,-4.593629420271799,0.22168615460395813
E1_h0.03_e0.2_L2_alibi_learn_attn_s1,0.03,0.2,2,0,alibi_learn,0.0,1,L1H2,0.06678074025079693,1.0000000039031476,1.000000038979667,1.7031961882072695,0.16787181667675677,0.9964184521985286,0.8624647358742898,0.8462983419611771,17.603295011295813,0.9964459457798641,0.8569348895118709,0.2950246954096793,0.846607704636421,18.15324334212345,-1.201488933701323,0.8522312641143799
E1_h0.03_e0.2_L2_alibi_learn_attn_s1,0.03,0.2,2,0,alibi_learn,0.0,1,L1H3,-0.06619631856724112,0.6604174353397675,1.0051943096496694,-1.0112217768214964,0.9400896928453406,0.9991881834370611,0.20241567400193358,0.7980649580305228,5.657682661287266,0.9992010198744715,0.20317870060386786,-0.06858943033113703,0.80837407865007,6.766858440437407,-2.6705141685455573,0.20265939831733704
E1_h0.03_e0.2_L2_alibi_learn_attn_s2,0.03,0.2,2,0,alibi_learn,0.0,2,L1H0,0.5098621498395459,0.9999681567854094,0.9999961493481926,2.18823106340811,0.9784840571698457,0.8674977525708123,0.22363948095582667,0.6534498357935938,6.070429113904789,0.8724101243459703,0.24133881155884324,-1.5910153069709776,0.6744337030456574,7.946832181108974,-4.517733862445641,0.22687019407749176
E1_h0.03_e0.2_L2_alibi_learn_attn_s2,0.03,0.2,2,0,alibi_learn,0.0,2,L1H1,0.49545004142631266,0.9998633348889214,0.9999648424973294,2.199733394363233,0.9731125844845817,0.8698956895205465,0.2358487611676138,0.6652587492705887,6.450513321910614,0.87273890288014,0.2500295916928734,-1.2747328663042148,0.6828168420048581,8.258135877445625,-4.35213402301074,0.24691256880760193
E1_h0.03_e0.2_L2_alibi_learn_attn_s2,0.03,0.2,2,0,alibi_learn,0.0,2,L1H2,0.0651648306194368,0.999999995600562,1.0000000113677092,1.4113522942678889,0.24594847314764035,0.9972852578960488,0.7977691051780721,0.8367264469285248,17.141927871902386,0.9972853580849813,0.7980618648024214,-0.01732038473779467,0.8388676663820015,18.55581328059772,-3.1657260503401905,0.798683762550354
E1_h0.03_e0.2_L2_alibi_learn_attn_s2,0.03,0.2,2,0,alibi_learn,0.0,2,L1H3,-0.07051323262626828,0.61715357733558,1.0057826804635202,-1.0853832612488754,0.9620398148561701,0.9989005070574752,0.1902251132743359,0.7952299327068892,5.308258489367595,0.9989303976571231,0.19131950041095616,-0.09837584963908948,0.80555072611991,6.351373871612951,-2.511463430844506,0.19084341824054718
E1_h0.03_e0.2_L2_alibi_learn_mlp_s0,0.03,0.2,2,1,alibi_learn,0.0,0,L1H0,0.05437405108924353,0.9655285601086234,0.999718282495885,0.33274737950846967,0.9705249212785224,0.8498385665493824,0.08772207308043571,0.6753459441863578,2.445697759164814,0.8498499197021424,0.08738486665568622,0.030311913790347325,0.6818864146671368,2.8608565478643206,-0.9995597165561347,0.08928711712360382
E1_h0.03_e0.2_L2_alibi_learn_mlp_s0,0.03,0.2,2,1,alibi_learn,0.0,0,L1H1,0.04327265937811174,0.9679250507235905,0.9961854634483078,0.31774835989275596,0.9391511496593816,0.8679902791620586,0.10625029600332575,0.6962906739567496,2.9762333313839475,0.8679911551684157,0.10613803645820606,0.010091153086245992,0.7047325372198873,3.5415098524061266,-1.3609916362332752,0.10574299842119217
E1_h0.03_e0.2_L2_alibi_learn_mlp_s0,0.03,0.2,2,1,alibi_learn,0.0,0,L1H2,0.003286601853348603,0.9999976699675158,1.0000001179119549,0.24559980401983778,0.1418985189625369,0.996966244336277,0.9286891361054853,0.8459423778604396,18.94577106664623,0.9969692210876684,0.9267303890237331,0.10450177514981528,0.84638915917601,19.657222246938055,-1.5543291470726865,0.9205751419067383
E1_h0.03_e0.2_L2_alibi_learn_mlp_s0,0.03,0.2,2,1,alibi_learn,0.0,0,L1H3,0.0020928750337304786,0.5724140268206559,0.9047901397561926,0.10783511044285518,0.6051343307091821,0.9991400716214147,0.404384420149189,0.8067433082420055,11.364435846711713,0.9991436123208329,0.4035838070573259,0.07196812764764914,0.8172325026410054,13.599661464738812,-5.381655275064707,0.40455707907676697
E1_h0.03_e0.2_L2_alibi_learn_mlp_s1,0.03,0.2,2,1,alibi_learn,0.0,1,L1H0,0.06108091646735175,0.9623534181117951,0.9995311021759562,0.38202060744267413,0.9704530701055373,0.8271326787766773,0.09020737561070546,0.6610008475559683,2.522054316808071,0.827141451902785,0.08989839688641477,0.02777448994546307,0.668092546966256,2.972662101854469,-1.0849087196488894,0.0925595685839653
E1_h0.03_e0.2_L2_alibi_learn_mlp_s1,0.03,0.2,2,1,alibi_learn,0.0,1,L1H1,0.0460112387192219,0.9592751214626308,0.9957006575273148,0.34020494748874647,0.9414214070296951,0.8489394428654723,0.11168305095490809,0.6700207631710073,3.1030731475155684,0.8490304257752086,0.1128990290618852,-0.109305816391292,0.6788027412345421,3.715866661767669,-1.4753962293126697,0.11121010035276413
E1_h0.03_e0.2_L2_alibi_learn_mlp_s1,0.03,0.2,2,1,alibi_learn,0.0,1,L1H2,0.001501745835371835,0.999962516743439,1.000015572409255,0.27506453571319855,0.12976282385704585,0.9973144434904437,0.9792922442362183,0.8456931868027615,19.967229236492106,0.9973229908856451,0.975792207463012,0.18666858801854877,0.8460571195534559,20.644035197603188,-1.4785936344746164,0.9717404246330261
E1_h0.03_e0.2_L2_alibi_learn_mlp_s1,0.03,0.2,2,1,alibi_learn,0.0,1,L1H3,0.001937680406619932,0.5420044638865821,0.9342521038588447,0.15074698146130505,0.7962112376945673,0.9995111992600868,0.41198807381886965,0.8061776635521367,11.571913046540374,0.9995159698751168,0.4110414554461772,0.08509272777566242,0.8164170215538407,13.821466143603383,-5.416150921727906,0.41204923391342163
E1_h0.03_e0.2_L2_alibi_learn_mlp_s2,0.03,0.2,2,1,alibi_learn,0.0,2,L1H0,0.06269698900936094,0.9646156692768305,0.9992417191214776,0.36224291885396903,0.9690183984825479,0.8432612211166106,0.08472910823074471,0.6680499744039721,2.3586039195202497,0.843264998166567,0.08491770092580588,-0.0169528368815278,0.6753874928245285,2.784982368969584,-1.0265728046183764,0.08593829721212387
E1_h0.03_e0.2_L2_alibi_learn_mlp_s2,0.03,0.2,2,1,alibi_learn,0.0,2,L1H1,0.04104034884138155,0.9715531640995536,0.9969468212445053,0.2908816471607178,0.9450524276586412,0.85342856723196,0.10822062180833789,0.6821158695207812,3.0258993825046914,0.8534285672992178,0.10821961140570431,9.082637599883672e-05,0.6901741359769287,3.593204003845471,-1.3658746049546149,0.10815571248531342
E1_h0.03_e0.2_L2_alibi_learn_mlp_s2,0.03,0.2,2,1,alibi_learn,0.0,2,L1H2,0.004148517976562602,0.9999992857110441,1.0000002000316648,0.23424140772435312,0.1241230645099316,0.9962322748142061,0.913115691626597,0.8461866576037963,18.63761538447222,0.9962422788749815,0.9095837736862104,0.1884325433805971,0.8465928253988674,19.304830243856685,-1.4576847042068126,0.9039098620414734
E1_h0.03_e0.2_L2_alibi_learn_mlp_s2,0.03,0.2,2,1,alibi_learn,0.0,2,L1H3,0.004533736763521008,0.6026729795570736,0.9485234592648462,0.14711487701867346,0.833023023806541,0.9989504840200718,0.35773446894637295,0.8059389007174202,10.049369976719355,0.9989507382871584,0.35754465382284556,0.0170627225289234,0.8166871199682947,12.051195112845711,-4.819707109969658,0.3582138121128082
E1_h0.03_e0.2_L3_alibi_learn_attn_s0,0.03,0.2,3,0,alibi_learn,0.0,0,L1H0,-0.002312033323494673,0.5611152598950346,1.0051541889948765,-0.02634043741780431,0.31104255886343035,0.8724910926747089,0.025936200230921077,0.6453074620877652,0.6976027147434223,0.873634525913627,0.024948720506813505,0.0887658065503842,0.6454171768368897,0.6819125526883608,0.03777651916175274,0.026713691651821136
E1_h0.03_e0.2_L3_alibi_learn_attn_s0,0.03,0.2,3,0,alibi_learn,0.0,0,L1H1,0.0012952859275468954,0.8573668376817035,1.0050640219941283,0.0081181075929348,0.16192201892807134,0.9292017962822349,0.044843329098492424,0.7056228080409342,1.222160097470891,0.9299850598557248,0.04347404450332365,0.12308673132202105,0.7059350336704027,1.2665052521081936,-0.1067678955773792,0.04560421034693718
E1_h0.03_e0.2_L3_alibi_learn_attn_s0,0.03,0.2,3,0,alibi_learn,0.0,0,L1H2,-0.0017739331564376054,0.9587599614134442,1.000774899370089,0.03389123652196836,0.05319041243890055,0.9988450298548883,0.2512957584904432,0.7972791396746579,7.021667682284169,0.9988716852745722,0.24993046570409053,0.12272790255775097,0.8052014757170919,8.229013840531097,-2.906874710524161,0.25170594453811646
E1_h0.03_e0.2_L3_alibi_learn_attn_s0,0.03,0.2,3,0,alibi_learn,0.0,0,L1H3,-4.448348118109417e-05,0.0033433114930879423,0.03273951029156075,0.4011949518256447,0.13055959187405652,0.9999700746699044,2.3645651221781816,0.8813792796630334,32.873983449722054,0.9999735446961269,2.358803872008421,0.1762886047501052,0.8864693113226416,29.51989575526321,6.865153245598189,2.3673059940338135
E1_h0.03_e0.2_L3_alibi_learn_attn_s0,0.03,0.2,3,0,alibi_learn,0.0,0,L2H0,0.5221271368684931,0.4892885223824643,0.9751082498203303,2.1501681136643693,0.9389251886060317,0.24685778318878548,0.036398799254940654,0.14451712716313736,0.8710082602739591,0.5249618966100551,0.07703043274341807,-3.6524291385564998,0.5832274141181628,3.4887188288607174,-6.302547615959179,0.04885962978005409
E1_h0.03_e0.2_L3_alibi_learn_attn_s0,0.03,0.2,3,0,alibi_learn,0.0,0,L2H1,0.45208293797453053,0.9956175690084744,0.9998191121616582,1.1750339105130365,0.9828258844126521,0.718401817649748,0.13752907051106247,0.5225601488955061,3.6684103411080997,0.7995972029314234,0.1861556141727722,-4.371101767978015,0.6937107842922469,7.289748885121684,-8.71893893887431,0.22215722501277924
E1_h0.03_e0.2_L3_alibi_learn_attn_s0,0.03,0.2,3,0,alibi_learn,0.0,0,L2H2,0.01603640220021614,0.9333469844458061,0.9409029333079841,-1.031780085214515,0.6407563312022558,0.9420957349930412,0.3226556973436693,0.9030328605052459,9.879672886037985,0.9848164178627804,0.2503940523811202,6.495691041712277,0.9052678080427223,9.031870648432772,2.0412164872407286,0.25250327587127686
E1_h0.03_e0.2_L3_alibi_learn_attn_s0,0.03,0.2,3,0,alibi_learn,0.0,0,L2H3,0.012396396264165246,0.5052325295072889,0.33080883830330077,-0.028002932419943435,0.007083478730874004,0.9994243834744234,0.4459538771060214,0.8144417858392814,12.590528671685387,0.9997637528216823,0.43731120152212966,0.7769010848813097,0.8219867209776875,14.680843981872531,-5.032761044295081,0.4358569085597992
E1_h0.03_e0.2_L3_alibi_learn_attn_s1,0.03,0.2,3,0,alibi_learn,0.0,1,L1H0,-0.0023473796375451488,0.5068556448012325,1.0021890597068235,-0.03738418343114447,0.2167269799928031,0.9593499939097048,0.028268178821853864,0.7377292564389877,0.775276756888693,0.9594656580910912,0.02794173709474538,0.02934426144766975,0.740384330995318,0.8555030497326126,-0.19315734778641544,0.028551235795021057
E1_h0.03_e0.2_L3_alibi_learn_attn_s1,0.03,0.2,3,0,alibi_learn,0.0,1,L1H1,0.007022915006188559,0.9350311838653786,0.9996278252759372,0.04025168035275906,0.6853283305179779,0.9752239378381717,0.04577318450295509,0.7606236488202733,1.2642787330900984,0.9754507877568583,0.045038966216704404,0.06599981424629682,0.7638456871854518,1.4062149997294953,-0.3417337614254387,0.0459870807826519
E1_h0.03_e0.2_L3_alibi_learn_attn_s1,0.03,0.2,3,0,alibi_learn,0.0,1,L1H2,-0.0053670031108928404,0.9517100987377475,1.0016835543857965,-0.07554836055623888,0.3018750316096299,0.9989483807533205,0.22428826268832533,0.7984910695886618,6.271465305294007,0.9989749271161106,0.2230722601898645,0.10930800897275629,0.8066122312838596,7.362436225726537,-2.6266831238584847,0.22431160509586334
E1_h0.03_e0.2_L3_alibi_learn_attn_s1,0.03,0.2,3,0,alibi_learn,0.0,1,L1H3,-2.0390831218100497e-05,0.002389024612137066,0.0008336015617490924,3.0257770011189677,0.061097058606669585,0.9999940986115564,2.56630368847202,0.8861978214045698,33.80237201370687,0.9999942843001683,2.564877134662247,0.04075757498303554,0.8924204266764284,30.173825068846778,7.428813963278556,2.5652220249176025
E1_h0.03_e0.2_L3_alibi_learn_attn_s1,0.03,0.2,3,0,alibi_learn,0.0,1,L2H0,0.5619879265833874,0.6206714511775188,0.9915467100886842,2.090459391944098,0.9514563473637415,0.24852733548119565,0.03182960809417067,0.10949987995152533,0.6607695176605543,0.5674069739363274,0.06974840375725827,-3.4085687009877774,0.5017275232312206,2.81792963074224,-5.19370036210121,0.0508817620575428
E1_h0.03_e0.2_L3_alibi_learn_attn_s1,0.03,0.2,3,0,alibi_learn,0.0,1,L2H1,0.4097097573785615,0.9996087291729078,1.0001303464140001,1.1053946652375268,0.9877996449201263,0.7905164841954874,0.13888277113358802,0.504125999913954,3.4686575504645645,0.905091204081947,0.1944903826610447,-4.998638824747477,0.6682093585028142,6.882113080359583,-8.218428068515289,0.23734481632709503
E1_h0.03_e0.2_L3_alibi_learn_attn_s1,0.03,0.2,3,0,alibi_learn,0.0,1,L2H2,0.02043879466407624,0.7799714860413042,0.8143121643649137,-0.02643241363192402,0.0026749923374272955,0.9963253818225192,0.313875434579924,0.8166172931046801,8.887200643180247,0.9979958952621134,0.30035848642129825,1.2150556372025605,0.8202578510501757,9.910752325630074,-2.4643607637332883,0.301409512758255
E1_h0.03_e0.2_L3_alibi_learn_attn_s1,0.03,0.2,3,0,alibi_learn,0.0,1,L2H3,0.007440908164079416,0.3902827812127052,0.404747743962874,-0.030772435637514157,0.011489346978897363,0.999725053363356,0.4873123815028548,0.8077783882942662,13.699737380457142,0.9998600618568148,0.4813565193863771,0.5353800099033141,0.8158082058999594,16.05581216304495,-5.672618540115045,0.4802221357822418
E1_h0.03_e0.2_L3_alibi_learn_attn_s2,0.03,0.2,3,0,alibi_learn,0.0,2,L1H0,-0.003248597258503225,0.32505252596872325,1.0170537422608084,-0.055272030700571975,0.7728653190660257,0.9817429077950233,0.03537142042854683,0.7637599625144844,0.9757330760439893,0.9817435171336156,0.035400728003736205,-0.002634495155908355,0.7696682398396388,1.1237642293783419,-0.3564081544121214,0.03569292277097702
E1_h0.03_e0.2_L3_alibi_learn_attn_s2,0.03,0.2,3,0,alibi_learn,0.0,2,L1H1,0.005327817393749853,0.964737268326376,1.001068991115822,0.034149608752162434,0.7143054568019144,0.9947022528213821,0.07845628586572229,0.7961141797861082,2.195168401747856,0.994949535433414,0.07715529300013191,0.11694790101618917,0.8019462986202157,2.519256773450037,-0.7802934437990278,0.07823888957500458
E1_h0.03_e0.2_L3_alibi_learn_attn_s2,0.03,0.2,3,0,alibi_learn,0.0,2,L1H2,-0.0003150651087945193,0.9481372305347159,1.0011474061031316,0.014890480696013671,0.01552116009055382,0.9991416756925664,0.2479982374991647,0.8039424398838562,6.957392488248152,0.9992155030819725,0.24575621098485423,0.20153861086107794,0.8121334550853306,8.168751838053453,-2.916537096882729,0.24727830290794373
E1_h0.03_e0.2_L3_alibi_learn_attn_s2,0.03,0.2,3,0,alibi_learn,0.0,2,L1H3,-1.8400461563635152e-05,0.002021801327924171,0.0008450619995884692,0.8458102699236264,0.04641214745255273,0.9999918886867208,2.789675110813923,0.8907859677211739,34.57419012949431,0.9999923373798639,2.7872674320013195,0.0630213165428216,0.8999263943951803,30.30398370927246,8.696631822668822,2.789414405822754
E1_h0.03_e0.2_L3_alibi_learn_attn_s2,0.03,0.2,3,0,alibi_learn,0.0,2,L2H0,0.5349646823296064,0.7308243482620388,0.9944446018040426,1.928735178694523,0.9183478343919413,0.43116483733685607,0.037991559044617575,0.24061248378778488,0.8876126748504,0.6960220330502385,0.06930770204589104,-2.8150478675067303,0.6058970047807477,2.7740837702324592,-4.5419742149702245,0.07490678876638412
E1_h0.03_e0.2_L3_alibi_learn_attn_s2,0.03,0.2,3,0,alibi_learn,0.0,2,L2H1,0.42533650189937255,0.9992747586614295,1.0001668951115925,1.1356869272811891,0.9966905230944751,0.7956829853376459,0.12786802935143085,0.487434417019841,3.13003360909602,0.9234349357286458,0.18175361872415127,-4.843844066200982,0.6526355367892764,6.273200943586519,-7.567666963750239,0.21847335994243622
E1_h0.03_e0.2_L3_alibi_learn_attn_s2,0.03,0.2,3,0,alibi_learn,0.0,2,L2H2,0.03664635920682445,0.8044225148852605,0.9159576503923863,-0.2443240924560652,0.07158602553456728,0.9975355019635995,0.3656952762067612,0.8237710609936231,10.393394321716622,0.9995259303831255,0.3485151882397381,1.5443399269565268,0.8275082581318196,11.600922423157481,-2.907312767220305,0.3548450171947479
E1_h0.03_e0.2_L3_alibi_learn_attn_s2,0.03,0.2,3,0,alibi_learn,0.0,2,L2H3,0.0014959724231668108,0.339853112033808,0.8778237630528279,-0.15030324886330013,0.5008313291650274,0.9998792235474743,0.5147583183187532,0.8061450781748877,14.455568422898981,0.9999225353117042,0.5111952063525737,0.32029265997648826,0.8151418930827732,17.08973397957882,-6.342165573429813,0.5099068284034729
E2a_h0.01_e0.1_L2_learned_abs_attn_s0,0.01,0.1,2,0,learned_abs,0.0,0,L1H0,0.3503939139989198,0.9999984612969846,0.9999980110747604,2.8331190970692326,0.969625903757466,0.5379598569783288,0.15260211782545016,0.602728669956876,5.05179269031914,0.5734158067071299,0.1113992809496725,3.7037753364987904,0.6031556833176068,5.28373257165707,-0.5584315407953665,
E2a_h0.01_e0.1_L2_learned_abs_attn_s0,0.01,0.1,2,0,learned_abs,0.0,0,L1H1,0.3327295550712324,0.9999950282986642,0.9999950786810123,2.6910870693254765,0.9689326658811,0.5387007446812533,0.15172418126262055,0.5371274762185037,4.738257602929697,0.5487239654273116,0.12995803247715704,1.9565867584607053,0.5414979668816287,5.4755082895415494,-1.7750463374483612,
E2a_h0.01_e0.1_L2_learned_abs_attn_s0,0.01,0.1,2,0,learned_abs,0.0,0,L1H2,0.2914630383062472,0.9999998977464797,0.9999998888043672,2.4156771525363228,0.9445894363311791,0.6563930560279031,0.18344809233856213,0.6556220473881268,5.733990311623803,0.6687777646867166,0.156946556729097,2.3822566942565384,0.6609704349910384,6.627319903289157,-2.1508307128300728,
E2a_h0.01_e0.1_L2_learned_abs_attn_s0,0.01,0.1,2,0,learned_abs,0.0,0,L1H3,0.023758394564639622,0.65223157039468,0.9713209736632373,0.4321272289415054,0.2386971881968788,0.8641988993509161,0.129901251375628,0.9561892883037483,4.273437793390971,0.938227377640047,0.08991572451762127,3.5943497929546404,0.9571091675045513,4.044803720683739,0.5504722894731463,
E2a_h0.01_e0.1_L2_learned_abs_attn_s1,0.01,0.1,2,0,learned_abs,0.0,1,L1H0,0.29485643410596307,0.9999991408930994,0.9999991385674072,2.4860787679327103,0.9315084552397426,0.5624312384643115,0.19166570541708408,0.5972585252825282,6.177174111248673,0.5779727008585309,0.15815739214670546,3.0121048371662944,0.6033675148565021,7.254788692935754,-2.5945256493354254,
E2a_h0.01_e0.1_L2_learned_abs_attn_s1,0.01,0.1,2,0,learned_abs,0.0,1,L1H1,0.3910950309797469,0.9999979930648156,1.000000202805699,2.8657533201373404,0.9580969069544534,0.48542426808729366,0.13627513258409196,0.4885717186667332,4.275815940312786,0.49532015285009545,0.11581162310754448,1.8394908565629078,0.49245294473989387,4.933185233702376,-1.5827193894449902,
E2a_h0.01_e0.1_L2_learned_abs_attn_s1,0.01,0.1,2,0,learned_abs,0.0,1,L1H2,0.03632122210231831,0.6871651641951176,0.9846763951547549,0.5920405035531223,0.18067762373422913,0.8086796738602867,0.10769715009674508,0.9634342757295126,3.6764271356917635,0.9109536929325261,0.06741658634781851,3.620871033791543,0.9655183415518211,3.3814823411261123,0.7101257236520587,
E2a_h0.01_e0.1_L2_learned_abs_attn_s1,0.01,0.1,2,0,learned_abs,0.0,1,L1H3,0.2751397788694181,0.9999999923434852,0.999999984103909,2.3128105776689227,0.9427327413011586,0.7134879576385333,0.18770836454662893,0.7093229787439379,5.853441546239272,0.7264800773598298,0.1610687927115085,2.3946649458938434,0.715045986073527,6.760366863907932,-2.183564549617702,
E2a_h0.01_e0.1_L2_learned_abs_attn_s2,0.01,0.1,2,0,learned_abs,0.0,2,L1H0,0.3874704165735316,0.9999990647796386,1.0000001927760966,2.8679483305169264,0.9767708480781909,0.605263445317671,0.13185907080159592,0.6235909210934532,4.185878796422583,0.616177286957527,0.11323718995781036,1.673944519800266,0.6325157931179817,5.049668174952844,-2.0797080294808468,
E2a_h0.01_e0.1_L2_learned_abs_attn_s2,0.01,0.1,2,0,learned_abs,0.0,2,L1H1,0.2630494949193586,0.9999998424786829,0.9999998763274547,2.6129514983406734,0.9501163495097369,0.6665932376383292,0.18023847773724808,0.6867735262195194,5.721669931046299,0.6815642373160015,0.15183056071408546,2.55362374073686,0.6934418776383849,6.694182831614024,-2.341476913649679,
E2a_h0.01_e0.1_L2_learned_abs_attn_s2,0.01,0.1,2,0,learned_abs,0.0,2,L1H2,0.31786587099816355,0.9999764370451832,0.9999944520576315,2.8994867228779198,0.9596320018442196,0.5339818052445305,0.159829759191038,0.5690165928666358,5.1600730512337085,0.5459878287370139,0.1346245131478605,2.2657315787881074,0.5779959560254415,6.27818749145093,-2.6920353931126484,
E2a_h0.01_e0.1_L2_learned_abs_attn_s2,0.01,0.1,2,0,learned_abs,0.0,2,L1H3,0.03084747576243965,0.45370969367939196,0.9215536569955953,0.42697908413981384,0.15821357788958512,0.6395275363362478,0.093506695096443,0.9292825505500085,3.525217710939541,0.840076282233323,0.038436072077948184,4.950368245673707,0.9409380511195733,2.844216913028468,1.639615932657484,
E2a_h0.01_e0.1_L2_rope_attn_s0,0.01,0.1,2,0,rope,0.0,0,L1H0,0.005838504115535259,0.5904767790201626,0.8251758936632874,0.1755243781879064,0.3173221468807833,0.728438993674512,0.10602935853142481,0.8877538746209506,3.6607898478596286,0.8258537780670172,0.06525013903705794,3.6656958320677746,0.88910788088904,3.4141808313803748,0.5937497779689477,
E2a_h0.01_e0.1_L2_rope_attn_s0,0.01,0.1,2,0,rope,0.0,0,L1H1,0.41628269098001974,0.9910104133453258,0.9998894415211208,3.936697691352987,0.9594761757831081,0.4704304463688538,0.08336237344921607,0.5817512541638357,2.899278890569146,0.5459036815701251,0.048245505465513636,3.156699863294694,0.5845431892936848,2.5528260754121836,0.8341393393192044,
E2a_h0.01_e0.1_L2_rope_attn_s0,0.01,0.1,2,0,rope,0.0,0,L1H2,0.43390474122763767,0.9908339110884948,0.9999497996086958,4.031593225858868,0.9623888713867457,0.42600647833179583,0.07586701170815506,0.5641686934996528,2.7305387045216394,0.5228742119034255,0.037819051652280396,3.4201794523008755,0.5698060476363931,2.2597222766201104,1.133564188048184,
E2a_h0.01_e0.1_L2_rope_attn_s0,0.01,0.1,2,0,rope,0.0,0,L1H3,0.14364860525600676,0.9989385911966175,0.9999999326112966,2.673171308126934,0.9398983479863856,0.3839775940361835,0.1391018530991554,0.6467607987262046,5.646128883801145,0.6093487021870658,0.027022394224684543,10.074964904939208,0.6724824718512739,3.7039078452051126,4.67620092280782,
E2a_h0.01_e0.1_L2_rope_attn_s1,0.01,0.1,2,0,rope,0.0,1,L1H0,0.501047549148819,0.9928229986947892,0.9998810698611933,3.842479172034053,0.976454866983586,0.4941061224002059,0.0748816286418643,0.5431704253788663,2.4554561944404747,0.5373639904656111,0.05157955067220161,2.094653383537915,0.5440797051121669,2.282162407542309,0.4172318959101821,
E2a_h0.01_e0.1_L2_rope_attn_s1,0.01,0.1,2,0,rope,0.0,1,L1H1,0.006680694346798397,0.9513256411342671,0.9998502107268616,0.7872087197719589,0.23499741753265468,0.5584951197178604,0.2012499461404385,0.8137589173647615,7.597538875361941,0.7388076374432762,0.08098586107975772,10.810691347716446,0.8252496859691392,6.04024816200374,3.7494209599077037,
E2a_h0.01_e0.1_L2_rope_attn_s1,0.01,0.1,2,0,rope,0.0,1,L1H2,0.4826521432492141,0.9993650489483018,1.0000013452808985,3.1830983324030977,0.980981683082766,0.5331214738300383,0.09752079073130786,0.5895164531520913,3.2072370508810013,0.5770382426239586,0.06808360778875511,2.6461457614518182,0.5898599862431704,3.073689020508156,0.3215377706546193,
E2a_h0.01_e0.1_L2_rope_attn_s1,0.01,0.1,2,0,rope,0.0,1,L1H3,0.009349073727840393,0.6735808072329478,0.9302524962719448,0.20654955691180568,0.22958844197160277,0.6255799975255059,0.13429137819831463,0.7478665717839565,4.592167638180067,0.7044993859974824,0.08412699336470486,4.509340264057994,0.7492431257628309,4.2523292779271324,0.8182140046063002,
E2a_h0.01_e0.1_L2_rope_attn_s2,0.01,0.1,2,0,rope,0.0,2,L1H0,0.40313555842660387,0.9921745914346373,0.9999455368652078,4.000144355890156,0.9643946286448294,0.47956128413033317,0.10007172708408771,0.5820585886587604,3.448034939015861,0.5538493510126596,0.058648321813021535,3.7236025096845498,0.5855499482207535,2.98740124809375,1.1090476561428946,
E2a_h0.01_e0.1_L2_rope_attn_s2,0.01,0.1,2,0,rope,0.0,2,L1H1,0.2867289956054771,0.9998609479927316,1.0000049706247336,3.252622033248362,0.9515769783154249,0.3672932430296565,0.12004170575747851,0.5685138734696933,4.670842156372119,0.5268481969355223,0.036831275759387556,7.47989123408074,0.5838629110189473,3.3470026555098524,3.1873506529702276,
E2a_h0.01_e0.1_L2_rope_attn_s2,0.01,0.1,2,0,rope,0.0,2,L1H2,0.2932751675752043,0.9921694347487703,0.9999747442541083,3.4254229366724576,0.9497008921111957,0.4525633231198789,0.1172497206069125,0.6094810477869796,4.255506036934283,0.5643529013182034,0.055962527833245776,5.509183596331416,0.6166659936608699,3.4585158718556066,1.9188784753890369,
E2a_h0.01_e0.1_L2_rope_attn_s2,0.01,0.1,2,0,rope,0.0,2,L1H3,0.017174799638658658,0.6273240945685392,0.9521627067077872,0.27656840850125586,0.19288990480730728,0.7438925945585042,0.11473630415719363,0.896287793746502,3.938840989916824,0.8396458928236186,0.07144311875731629,3.891679420180911,0.8977580495873586,3.663664537064563,0.6625303491166459,
E2a_h0.01_e0.1_L3_learned_abs_attn_s0,0.01,0.1,3,0,learned_abs,0.0,0,L1H0,0.003752597726937586,0.8276322555559792,0.9949845001450903,0.05312596168204568,0.2475961649400048,0.1954281286476114,-0.11790831579434032,0.37720399785260217,-5.1231610898012,0.4835611775837573,0.03266373583322617,-13.535112955099807,0.47759108202359146,-0.5642734151544435,-10.9762351079106,
E2a_h0.01_e0.1_L3_learned_abs_attn_s0,0.01,0.1,3,0,learned_abs,0.0,0,L1H1,0.01265635202017007,0.7563721528059162,0.9668080710452274,0.10963682421185758,0.5512650570108014,0.10156123076455725,-0.046804408820796034,0.26245758075136427,-2.3531592346954127,0.4002063850988382,0.03760628189730297,-7.587784194595487,0.36977560232855755,0.24238352542874403,-6.2491751499373,
E2a_h0.01_e0.1_L3_learned_abs_attn_s0,0.01,0.1,3,0,learned_abs,0.0,0,L1H2,0.005928948783527846,0.21400512985282408,0.7485131443461172,0.06395487132968611,0.3464534216361367,0.04032581003415325,-0.010786507075011085,0.19760574337130776,-0.7467720128577235,0.38679994976832877,0.02246578806567434,-2.989091042331889,0.30788036498916416,0.21549620827773958,-2.316811245601078,
E2a_h0.01_e0.1_L3_learned_abs_attn_s0,0.01,0.1,3,0,learned_abs,0.0,0,L1H3,0.0015826807241665296,0.8324485812438732,0.9169337697567753,0.0783581041693462,0.5914444556648166,0.2544044949866737,-0.12001033530455543,0.4532350033277579,-5.009760330539394,0.5407637705688295,0.013898372057967788,-12.037223775805506,0.5448820305966804,-1.1239238354430405,-9.355759124813652,
E2a_h0.01_e0.1_L3_learned_abs_attn_s0,0.01,0.1,3,0,learned_abs,0.0,0,L2H0,0.015501247961409849,0.40866746026754114,0.7047894651002619,0.015566567679852377,0.004188269137503364,0.6760665168793047,0.14975733231694724,0.8953441336056241,5.389982395894208,0.8091211967181896,0.07988497589643362,6.28091486014861,0.8985981067214543,4.829490375036487,1.3494722037693039,
E2a_h0.01_e0.1_L3_learned_abs_attn_s0,0.01,0.1,3,0,learned_abs,0.0,0,L2H1,0.3650622264469895,0.9925530900114349,1.001778240875726,1.635322200035998,0.7466595634325583,0.3909032905845684,0.06132839106387094,0.4210770332481151,1.9907038406032604,0.40482339934452993,0.04915686163126551,1.0941142391691752,0.42397304825425874,2.2754752499917448,-0.6856317076733544,
E2a_h0.01_e0.1_L3_learned_abs_attn_s0,0.01,0.1,3,0,learned_abs,0.0,0,L2H2,0.058672188568100914,0.7995245123581428,1.0134638197378028,0.08076045497316472,0.02378033072847885,0.5183161278219086,0.0622808437771595,0.4932353014419052,1.900129373165316,0.5219834867756024,0.0567711080602159,0.49527714124555866,0.5009727321549245,2.3106401715814955,-0.9883689529817642,
E2a_h0.01_e0.1_L3_learned_abs_attn_s0,0.01,0.1,3,0,learned_abs,0.0,0,L2H3,0.5378663034210184,0.9998997892783207,0.9999403346751844,1.8729001646013193,0.9305462170942764,0.4031166428911811,0.07097501566823833,0.3952999305164855,2.1981254310182896,0.40335846378282847,0.0691467724414319,0.16434310562114476,0.41653991095180876,3.077018949227383,-2.11607360811521,
E2a_h0.01_e0.1_L3_learned_abs_attn_s1,0.01,0.1,3,0,learned_abs,0.0,1,L1H0,0.01766571437184087,0.6318708028058089,0.9924190860992245,0.14891633608194108,0.8899216411816603,0.19482561864187264,-0.056495005945867656,0.36818978505464817,-2.428968392343501,0.47727665822851173,0.015046083064452457,-6.430919352023058,0.47141129373199153,-0.21056152726138994,-5.341161496818607,
E2a_h0.01_e0.1_L3_learned_abs_attn_s1,0.01,0.1,3,0,learned_abs,0.0,1,L1H1,0.007433540806938517,0.7365303852222626,1.0050635509980501,0.06870655668098671,0.7279928507258913,0.12592921252357858,-0.04612101149598508,0.28709277905910047,-2.177938856962217,0.43583230257674044,0.029972121228225228,-6.840108342795737,0.4119467499474586,0.2995164687907025,-5.964861182265549,
E2a_h0.01_e0.1_L3_learned_abs_attn_s1,0.01,0.1,3,0,learned_abs,0.0,1,L1H2,-0.0016159511294943924,0.8627319430930918,0.9869231357646697,-0.08216806435195075,0.6510942845630043,0.1429540600162127,-0.17920503851908873,0.2965468876552053,-8.072306124775052,0.4420032650956377,0.09339143074687661,-24.5040428339408,0.42492704134549397,1.0892656269409497,-22.057916904614025,
E2a_h0.01_e0.1_L3_learned_abs_attn_s1,0.01,0.1,3,0,learned_abs,0.0,1,L1H3,-0.012403348285478502,0.14684842654891586,0.9216715785474493,-0.25252042901282185,0.8544533156160907,0.0007642811175226916,-0.001515311593510295,0.08114087216625798,-0.4883083894800977,0.3724506073015502,0.03362945023120817,-3.159207276090244,0.23029019567841602,0.6536626692162486,-2.7494739333870317,
E2a_h0.01_e0.1_L3_learned_abs_attn_s1,0.01,0.1,3,0,learned_abs,0.0,1,L2H0,-0.010013907405273388,0.46400030107038087,0.6433130383648727,-0.12979003420567983,0.2844090004477269,0.7416736771015042,0.170020613952334,0.9047497990653197,5.872977864770934,0.8449844334360974,0.10328389532154961,5.999048396807586,0.9067975130006298,5.391031329109148,1.16036166328153,
E2a_h0.01_e0.1_L3_learned_abs_attn_s1,0.01,0.1,3,0,learned_abs,0.0,1,L2H1,0.4405858238835077,0.9975049071612635,0.9997703578692846,2.2162550652108757,0.9036117703790747,0.3311094615984761,0.058360369233940466,0.35189595585896827,1.8816478228556632,0.33441934815745666,0.05222365752671127,0.5516368093042852,0.36460986324768296,2.498584840661991,-1.4853723621826636,
E2a_h0.01_e0.1_L3_learned_abs_attn_s1,0.01,0.1,3,0,learned_abs,0.0,1,L2H2,0.4570785963952706,0.9960381971406085,0.9996720532622292,2.3273566406924306,0.9334690684154249,0.2912277165184912,0.05195410872453241,0.32691827042262334,1.7215597952712607,0.2981507288939593,0.043529533129127385,0.7572957999179483,0.33541545679624163,2.2003113430345755,-1.1526692302050212,
E2a_h0.01_e0.1_L3_learned_abs_attn_s1,0.01,0.1,3,0,learned_abs,0.0,1,L2H3,0.10037804835242753,0.8710516666095438,1.0082266530143467,0.1835735484637119,0.0578965643441558,0.61316248017323,0.07732724284975324,0.6617164522989809,2.5123472988326676,0.6481226257089221,0.05790817914107045,1.745604299989371,0.6619362946849358,2.591336828220506,-0.19017964633035425,
E2a_h0.01_e0.1_L3_learned_abs_attn_s2,0.01,0.1,3,0,learned_abs,0.0,2,L1H0,-0.003475345366232421,0.8108760106602436,0.9295891759694452,0.02757837094065281,0.14369426136801766,0.21667275767657657,-0.0654215113832838,0.42902169481625274,-2.8791017521769566,0.5260415668877799,0.016793971481129977,-7.390454172600144,0.5232282317872858,-0.5519322862295938,-5.603024469377445,
E2a_h0.01_e0.1_L3_learned_abs_attn_s2,0.01,0.1,3,0,learned_abs,0.0,2,L1H1,-0.012984361860116967,0.6879831720375683,0.7759743696797765,0.07931153972107488,0.3520573400512971,0.260375841661465,-0.1547705472334276,0.44203589063483106,-6.306896590348184,0.5036793178379456,0.002576668699543155,-14.144141079321892,0.5139413881250643,-1.919184778316,-10.564102445966364,
E2a_h0.01_e0.1_L3_learned_abs_attn_s2,0.01,0.1,3,0,learned_abs,0.0,2,L1H2,0.015339311616993057,0.6280722734889943,0.9874539062125889,0.1656293337320532,0.9381003855405118,0.24468668697913798,-0.04038533431365662,0.47137034053442906,-1.7530673741644682,0.5365432349036517,0.006002079875279864,-4.169823575860126,0.5457333756178875,-0.5520034066942872,-2.8917493536653303,
E2a_h0.01_e0.1_L3_learned_abs_attn_s2,0.01,0.1,3,0,learned_abs,0.0,2,L1H3,-0.034883025916909324,0.1535974316424407,0.9874619936181472,-0.763552705871084,0.9794276290133573,0.18088065896686867,-0.030730515066104476,0.36112579552370183,-1.3580069684589837,0.46682248315990016,0.009905353473775639,-3.652809832705826,0.4588568044151733,-0.1394129632062928,-2.9339556614060216,
E2a_h0.01_e0.1_L3_learned_abs_attn_s2,0.01,0.1,3,0,learned_abs,0.0,2,L2H0,-0.02548568227865045,0.6045314446983164,0.958193742385222,-0.33922246544287693,0.9073667944349092,0.8773778644976646,0.15542071525601767,0.8727533325656187,4.847974129074839,0.9055911883235491,0.1261091085555146,2.6348575535656487,0.8734951759240743,5.091778083636166,-0.5869961526768348,
E2a_h0.01_e0.1_L3_learned_abs_attn_s2,0.01,0.1,3,0,learned_abs,0.0,2,L2H1,0.44393542250829165,0.9978090888221881,0.9993196296064054,2.3547954122966157,0.9026089304190607,0.41051922556992837,0.07241087298077198,0.43023455866831595,2.318401494205043,0.4151180144370533,0.06435048958293606,0.7245581007355242,0.4428812585024995,3.0040392281811434,-1.6507800814723685,
E2a_h0.01_e0.1_L3_learned_abs_attn_s2,0.01,0.1,3,0,learned_abs,0.0,2,L2H2,0.29005507371174033,0.9938041517244918,0.9997285114881999,1.8751739613063376,0.6957435429815092,0.33313480771213644,0.054339458119335785,0.37335996584475417,1.7991531773741838,0.3411906410004798,0.045452411397932324,0.7988679167962115,0.38270918134185494,2.2902441544219787,-1.1823783361514368,
E2a_h0.01_e0.1_L3_learned_abs_attn_s2,0.01,0.1,3,0,learned_abs,0.0,2,L2H3,0.32805633679375074,0.9998250604705845,0.9999817324044621,2.1075545445319097,0.8844428013549651,0.5458467187974197,0.1356686820674997,0.6157483333883605,4.5065567633827035,0.5762532278719847,0.1019923745563147,3.027206052833754,0.6179048873510776,4.966594535609161,-1.1076128886786596,
E2a_h0.01_e0.1_L3_rope_attn_s0,0.01,0.1,3,0,rope,0.0,0,L1H0,0.006482437226843607,0.9999722145364804,0.9999982513652642,0.18154760479949394,0.5485053403604052,0.8836669321713304,0.17422927727492513,0.9232002677406362,5.56959688825286,0.9371150866291628,0.12916419984941585,4.05095704475954,0.9235441584178501,5.384177088726027,0.4464271678783723,
E2a_h0.01_e0.1_L3_rope_attn_s0,0.01,0.1,3,0,rope,0.0,0,L1H1,-0.008636793830771133,0.9541911623333154,1.0006722906907302,-0.28251799052824533,0.9360425706978165,0.8426142400215375,0.133195187734221,0.9148802883104432,4.3406547245627936,0.9023357774626426,0.09590139454383115,3.3523864349315016,0.9150297746218065,4.244947676215306,0.2304296879232907,
E2a_h0.01_e0.1_L3_rope_attn_s0,0.01,0.1,3,0,rope,0.0,0,L1H2,0.12602207463943352,0.9919376345476069,1.0002222760958737,1.0886321697112777,0.9112081826808682,0.42947645437504167,0.06748679964440936,0.40908820130406254,2.0599496250417912,0.44847163280594926,0.05255996320644013,1.3417922852638149,0.4101782548301003,1.8765315468578727,0.4416077106667942,
E2a_h0.01_e0.1_L3_rope_attn_s0,0.01,0.1,3,0,rope,0.0,0,L1H3,0.1272039194000024,0.9937504307682892,1.000450446801799,1.1340845381900089,0.8915554841813418,0.4286425515697915,0.06751899233309738,0.41653918451356675,2.0816380212162273,0.44427218087142695,0.05395930793116252,1.2188972523908492,0.4165594570360659,2.056588393282542,0.060310897128457025,
E2a_h0.01_e0.1_L3_rope_attn_s0,0.01,0.1,3,0,rope,0.0,0,L2H0,0.3840184892009898,0.9998643991296247,0.9999472579636778,1.803072589349085,0.95255588453941,0.32997944323286144,0.04733241730045879,0.25745246349053197,1.3075633436058178,0.3656111689524858,0.06369043228442545,-1.4704427424343374,0.3501969749445232,2.661282029257581,-3.2592894635941656,
E2a_h0.01_e0.1_L3_rope_attn_s0,0.01,0.1,3,0,rope,0.0,0,L2H1,0.002377145009088005,0.34424999249067917,0.95237085885913,0.013455862861392012,0.004724311440169715,0.5244326075243448,0.08247369041560686,0.718742524845994,3.0196473325446824,0.6234855854662726,0.04477716826445895,3.388588252700661,0.7190118936328269,2.9188118705218846,0.24277714595431044,
E2a_h0.01_e0.1_L3_rope_attn_s0,0.01,0.1,3,0,rope,0.0,0,L2H2,0.35064632138627744,0.9999017403128424,0.9999989311271225,1.5217766699222064,0.9338913833210416,0.3721292477983522,0.044026089921420965,0.2671366513623964,1.1666186679257542,0.44908862487241374,0.06508281936316185,-1.892816152654189,0.42019546585621737,2.689834548823197,-3.667380471296424,
E2a_h0.01_e0.1_L3_rope_attn_s0,0.01,0.1,3,0,rope,0.0,0,L2H3,0.013218372458546812,0.45982189452215383,0.245977030228914,-0.3657176530182756,0.14061203703307024,0.5401262225113719,0.10616095395340149,0.7816413254929726,3.994108943897449,0.6900275922459667,0.04734205193801579,5.287305805212534,0.7863799145492598,3.4576817606551815,1.2915323433577668,
E2a_h0.01_e0.1_L3_rope_attn_s1,0.01,0.1,3,0,rope,0.0,1,L1H0,0.0009159290116152782,0.9989886587145744,0.9999452376397207,0.011977021419169846,0.030083012107221085,0.8690735501343793,0.15811758145108754,0.905720491926911,5.048332630099047,0.9176171483745627,0.11881556707242304,3.5329079880903462,0.9057864801036158,4.974004358586083,0.17895693895421758,
E2a_h0.01_e0.1_L3_rope_attn_s1,0.01,0.1,3,0,rope,0.0,1,L1H1,0.0008524084069110885,0.4477379490087315,0.9642506156680829,0.0026564022450229962,0.0007147847409938457,0.7728736973433494,0.11371735658545815,0.8851427926570978,3.806081904175005,0.8495756147676842,0.07604068464629173,3.3868038919348518,0.8859232367838699,3.6111367371026186,0.4693609800559998,
E2a_h0.01_e0.1_L3_rope_attn_s1,0.01,0.1,3,0,rope,0.0,1,L1H2,0.04258653269181361,0.9935958861356734,1.0001068383147036,0.37994049417791365,0.9157155929937895,0.4709996403825695,0.04853554485122474,0.4622623242989107,1.5038095548373567,0.49734059776939454,0.03646401449892207,1.0851251948367526,0.4640138063842524,1.3441402097495398,0.3844289213258112,
E2a_h0.01_e0.1_L3_rope_attn_s1,0.01,0.1,3,0,rope,0.0,1,L1H3,0.022702070010329443,0.9985571175764757,1.0000445858111682,0.2249535787705244,0.9409661081382998,0.8573241965596887,0.07511843662280442,0.7706373874905623,2.227398930108142,0.872450072486245,0.06462467490828173,0.9432975681388897,0.7706919570038522,2.2597298538301236,-0.07784175556724936,
E2a_h0.01_e0.1_L3_rope_attn_s1,0.01,0.1,3,0,rope,0.0,1,L2H0,0.3303424605411601,0.9999373023498005,0.999980628293237,1.9880242089534927,0.9659579827425053,0.2756353940328252,0.062145523936234126,0.3671738525564683,2.243247559792011,0.29759303730834885,0.04369825175272279,1.6582487255661789,0.3740680562744352,2.773464367431787,-1.2765798927631913,
E2a_h0.01_e0.1_L3_rope_attn_s1,0.01,0.1,3,0,rope,0.0,1,L2H1,0.23193898958212628,0.999968420298371,1.0000400436477852,1.56383920305913,0.9306232409753573,0.3892594096258738,0.07951141293917065,0.4867277982470014,2.7806860336824086,0.4181472896828696,0.05673083810606069,2.0477748042572186,0.4914061133390677,3.250930526746827,-1.1321871654745748,
E2a_h0.01_e0.1_L3_rope_attn_s1,0.01,0.1,3,0,rope,0.0,1,L2H2,0.005449128144495337,0.6567603606407866,0.9284441138603399,-0.09179293622117912,0.05865713242917758,0.5931027683064602,0.10354595283323567,0.8661999829663996,3.9135979491958466,0.7396067717393309,0.0494219596244615,4.865274489809074,0.8673064771146587,3.672323247871807,0.5809065799211138,
E2a_h0.01_e0.1_L3_rope_attn_s1,0.01,0.1,3,0,rope,0.0,1,L2H3,0.36511422184951026,0.7257220900958471,1.001513258569757,1.9138267631311914,0.9323317476068951,0.10224626304563977,0.01743709568323362,0.0313685088118294,0.3020621675979853,0.3140782595240913,0.04383340078988934,-2.3727973907108084,0.2577600030489937,1.7018091961008033,-3.3701098980546047,
E2a_h0.01_e0.1_L3_rope_attn_s2,0.01,0.1,3,0,rope,0.0,2,L1H0,-0.002041638973613978,0.8906818670344155,1.0011139161869254,-0.12282506773828182,0.6243291281919966,0.8280876572629582,0.12620049096611433,0.8980088634110688,4.110192565714362,0.8715252332269,0.09580195900186719,2.7325626459749355,0.8991232045791249,4.359940007889933,-0.6013060286971829,
E2a_h0.01_e0.1_L3_rope_attn_s2,0.01,0.1,3,0,rope,0.0,2,L1H1,0.10457547989246611,0.9368593576509738,1.0000875508475595,0.6883750620351443,0.8838974078728846,0.6298745996754096,0.056473302682044264,0.5342034082728431,1.6265538112661442,0.6350623935735404,0.051083108293502426,0.48453141941185063,0.5344289110775463,1.6841987505166398,-0.1387892071817035,
E2a_h0.01_e0.1_L3_rope_attn_s2,0.01,0.1,3,0,rope,0.0,2,L1H2,0.022112400946446217,0.9896819576768264,1.0010285598518336,0.21948672410599676,0.8645973466497527,0.678368276219842,0.09470497968588458,0.6889549120567425,2.984931847860708,0.7131895493749598,0.0721387343947892,2.0285084495159187,0.6891714550883351,2.893650671314354,0.21977370933516258,
E2a_h0.01_e0.1_L3_rope_attn_s2,0.01,0.1,3,0,rope,0.0,2,L1H3,0.004434785344268868,0.9999992819389575,1.0000000794219783,0.12518804291105728,0.30978607157712157,0.7449158698195837,0.2048765878191063,0.9115866087234746,7.088211317949736,0.8650341623555041,0.11835186325764596,7.7778173817076315,0.917415823323446,6.110495112204784,2.3540046846849347,
E2a_h0.01_e0.1_L3_rope_attn_s2,0.01,0.1,3,0,rope,0.0,2,L2H0,0.05471482246362165,0.7756133756129137,0.8052302621081502,-0.0637650551433193,0.001923863975342055,0.5761087783571341,0.10614815520031683,0.8572233120082485,4.049544352857719,0.7792705576731004,0.03985355749167514,5.959305585599723,0.8713694518486932,3.1522224875090665,2.1604427361327496,
E2a_h0.01_e0.1_L3_rope_attn_s2,0.01,0.1,3,0,rope,0.0,2,L2H1,-0.004335525734783968,0.05493174457355009,0.12117998827625762,-0.10659815521964894,0.06946487931200429,0.5004136803509448,0.08008060173331404,0.6915429142559552,2.9442269098052414,0.5763819058337116,0.04726535582316927,2.9498041319234507,0.6926729977934638,3.149526029737428,-0.4942897409722688,
E2a_h0.01_e0.1_L3_rope_attn_s2,0.01,0.1,3,0,rope,0.0,2,L2H2,0.3376345281120909,0.9990308524242469,0.9996585705308489,2.1822399431807304,0.9245333997355908,0.32873104525785013,0.051999340784102024,0.39602895109344294,1.7850069624854257,0.34408786205185726,0.04017913573382727,1.0625332442413236,0.40356391614824594,2.2097117645498496,-1.022543236772983,
E2a_h0.01_e0.1_L3_rope_attn_s2,0.01,0.1,3,0,rope,0.0,2,L2H3,0.4833595064454204,0.996715532050335,0.9988628905178599,2.432103393661859,0.9530803172912218,0.20935004736011675,0.026044064043232656,0.18767635219159606,0.7712158893224785,0.26347391366783135,0.03997125596848588,-1.2519329704155049,0.35232480736546035,2.0172218664483186,-2.999954271050299,
E2a_h0.03_e0.2_L2_learned_abs_attn_s0,0.03,0.2,2,0,learned_abs,0.0,0,L1H0,0.08883689253376806,0.9999999260841227,1.0000001205174733,1.0959872518748148,0.47892882768775125,0.8581296327235406,0.22430483983976648,0.9292835702294114,7.300208992038093,0.8961188522156266,0.17466969293398293,4.4617663945661405,0.9324783813676312,8.038544682732683,-1.7776586544772304,
E2a_h0.03_e0.2_L2_learned_abs_attn_s0,0.03,0.2,2,0,learned_abs,0.0,0,L1H1,0.4381105062548717,0.9987203345011378,0.9992336944635851,1.4341002802247294,0.9548970827199357,0.7631959189100038,0.1467018722718114,0.6858003172945257,4.349260761718011,0.7654566306222149,0.13830462077837688,0.7548396016887985,0.6959679380015058,5.2627351556754425,-2.199332475088858,
E2a_h0.03_e0.2_L2_learned_abs_attn_s0,0.03,0.2,2,0,learned_abs,0.0,0,L1H2,-0.011018510656802809,0.3314804653409394,0.3537139492800018,-0.5050105069164924,0.25838755222903786,0.5100559198789091,0.12126194342979917,0.8664436355579451,4.9429333560587825,0.758963549614632,0.03217138853862473,8.00846312878293,0.8789358531859278,3.919158470900879,2.4648981591629213,
E2a_h0.03_e0.2_L2_learned_abs_attn_s0,0.03,0.2,2,0,learned_abs,0.0,0,L1H3,0.48067900556380644,0.999847096698111,0.9999851171021401,1.4444395007830313,0.9136823471774529,0.8593809939279536,0.1766021142911223,0.693891430780297,4.9630397952391325,0.8601846583820782,0.18228197045307998,-0.5105694841096307,0.7124757861966089,6.364064683408644,-3.373186545065354,
E2a_h0.03_e0.2_L2_learned_abs_attn_s1,0.03,0.2,2,0,learned_abs,0.0,1,L1H0,0.3199714489440961,0.9998967750550751,0.9999850413615212,1.7026912821433517,0.8911714537232527,0.7463325070316382,0.18816181991423664,0.7658192777882445,5.961114204744388,0.7728370902456992,0.1508692127087623,3.352279825241185,0.7672291921323333,6.402309388660663,-1.0622464102535993,
E2a_h0.03_e0.2_L2_learned_abs_attn_s1,0.03,0.2,2,0,learned_abs,0.0,1,L1H1,0.40070479566970124,0.9985690904529838,1.0003451544868267,1.901784499690687,0.9649462337301608,0.5827695953983958,0.13287048556732883,0.598572843377817,4.211507255128938,0.6094148564833938,0.10299004471496107,2.685990777925574,0.598624954502758,4.279289254686152,-0.16319576535342545,
E2a_h0.03_e0.2_L2_learned_abs_attn_s1,0.03,0.2,2,0,learned_abs,0.0,1,L1H2,-0.02053657100707011,0.5630383805661723,0.8752054762487678,-0.3780045910731414,0.7400081527320157,0.8101768665336049,0.1378034022173869,0.9127712165502174,4.57456663515694,0.8898416587898974,0.09235693111947209,4.085241006361772,0.914401542608829,4.241081616566844,0.8029173408608823,
E2a_h0.03_e0.2_L2_learned_abs_attn_s1,0.03,0.2,2,0,learned_abs,0.0,1,L1H3,0.29743399900315876,0.999949092142043,1.0000426189949334,1.8526618181076795,0.9194350503866074,0.7066984678938008,0.20654006775656622,0.759866235925559,6.698148673749469,0.7446500710105017,0.1562016878123046,4.524980905537292,0.7603195161418239,6.980337423308309,-0.6794135501934957,
E2a_h0.03_e0.2_L2_learned_abs_attn_s2,0.03,0.2,2,0,learned_abs,0.0,2,L1H0,0.0057983882997869095,0.259991678709929,0.4372269746605877,-0.3830229368482971,0.23800527881511702,0.28077876610026686,0.09066566740348374,0.6963255106172808,4.465456411090291,0.6850116543525177,-0.023746835355803464,10.284685182831819,0.7362326856929757,2.6214802678013203,4.439660971398309,
E2a_h0.03_e0.2_L2_learned_abs_attn_s2,0.03,0.2,2,0,learned_abs,0.0,2,L1H1,0.03711149249530961,0.999999841225151,1.0000000286896866,1.176599800791358,0.6232694318523538,0.7848758239358332,0.20609251185370586,0.9217718031619034,6.985096575387428,0.8502306813816989,0.14354679080233265,5.622314301610495,0.9223842159479022,7.295661878352705,-0.7477345407441959,
E2a_h0.03_e0.2_L2_learned_abs_attn_s2,0.03,0.2,2,0,learned_abs,0.0,2,L1H2,0.5060264452201961,0.99856755390413,0.9997853447630992,1.4427188660083883,0.9601876236566563,0.5874638401239455,0.11771908248243489,0.5549726294365112,3.5784178374499707,0.5921017599564955,0.106718521102663,0.9888544337099455,0.5620222202674658,4.274094326875451,-1.674949955324711,
E2a_h0.03_e0.2_L2_learned_abs_attn_s2,0.03,0.2,2,0,learned_abs,0.0,2,L1H3,0.44799412157879887,0.9914796819955102,0.9950550828774526,1.4696374779708266,0.9780370589058824,0.5591039144930745,0.1311691264339044,0.5709166654799587,4.145440529067481,0.5772096467862166,0.10634406462865398,2.231556334787184,0.5723645337617991,4.505537078221458,-0.8669887628603611,
E2a_h0.03_e0.2_L2_rope_attn_s0,0.03,0.2,2,0,rope,0.0,0,L1H0,0.41244103761377343,0.955464877830969,1.000281978972962,2.7005442281555885,0.9602440753601306,0.7389072534133243,0.1725909323820547,0.6393933133113936,5.021182703787606,0.741383234364484,0.1620835728971599,0.9445198889875164,0.6441359202182504,5.76711712365122,-1.7959537834281787,
E2a_h0.03_e0.2_L2_rope_attn_s0,0.03,0.2,2,0,rope,0.0,0,L1H1,0.022731812540383537,0.4988311051113014,0.8763511021274837,0.2832279898931985,0.18916167491119185,0.6606711363756379,0.11235742009033829,0.8821892768486159,4.060588198291943,0.81841603917049,0.05461650127405185,5.190404526351052,0.892187884257757,3.3149160490911487,1.795322325787089,
E2a_h0.03_e0.2_L2_rope_attn_s0,0.03,0.2,2,0,rope,0.0,0,L1H2,0.4058259304012404,0.9622484558289975,1.0000434322750344,2.7628774892608243,0.9620511822516363,0.6914308914037759,0.1526116668311063,0.658615208671821,4.658307924529611,0.7042884621333725,0.13072449040444367,1.9674660868394622,0.6604289093460418,5.079970664225231,-1.0152189958274083,
E2a_h0.03_e0.2_L2_rope_attn_s0,0.03,0.2,2,0,rope,0.0,0,L1H3,0.15740270316092342,0.9958283293837606,0.9998606767294334,1.8438569354320047,0.9232623202649676,0.7409623512509803,0.24236319441931042,0.7964136423819353,7.858450312466273,0.7845453109683732,0.18054392214556508,5.557012898361988,0.7964903274895724,7.991463035827994,-0.3202489353008379,
E2a_h0.03_e0.2_L2_rope_attn_s1,0.03,0.2,2,0,rope,0.0,1,L1H0,0.007710658738480443,0.7727803519177,0.9747135790712151,0.3456966669195291,0.10809146291803873,0.570860111204885,0.2162242138587146,0.8049730641542466,8.030251017864616,0.7140814855549077,0.10231985925352471,10.239007099885564,0.8090756680951869,7.04138296385729,2.3808545035774498,
E2a_h0.03_e0.2_L2_rope_attn_s1,0.03,0.2,2,0,rope,0.0,1,L1H1,0.49527660752718083,0.9657875840015151,0.9993893054843151,2.564040510058022,0.9735871159675846,0.739501424027677,0.13403662100007738,0.6090873666167824,3.8044574264030397,0.7397514351763212,0.1314446473474579,0.23299580357464728,0.615798688711493,4.493311256397902,-1.6585233356498867,
E2a_h0.03_e0.2_L2_rope_attn_s1,0.03,0.2,2,0,rope,0.0,1,L1H2,0.488499804908907,0.9616414685805791,0.9993651626585205,2.4777999656578866,0.9700673933840769,0.7069310742256112,0.13075570623048682,0.5757456320170309,3.6905101968054135,0.7069900690455526,0.1294994564874661,0.11292588490232654,0.5827013035790183,4.390208338978657,-1.684632713320111,
E2a_h0.03_e0.2_L2_rope_attn_s1,0.03,0.2,2,0,rope,0.0,1,L1H3,0.009228013014928253,0.6221730800312665,0.9767015988829019,0.2929600400635422,0.26802356860324217,0.5638267483786639,0.1696449702603524,0.7221566001304691,6.004582438629809,0.6603906383089215,0.09580823977328028,6.637277479951782,0.7242786191355195,5.443131441445247,1.351781089264522,
E2a_h0.03_e0.2_L2_rope_attn_s2,0.03,0.2,2,0,rope,0.0,2,L1H0,0.5006158152341796,0.9599214294468662,0.999666209821436,2.7227030744216205,0.9823330080683902,0.751177510677165,0.1368906159039968,0.6060134815234133,3.8454086667860796,0.7511778201775543,0.13679820357406558,0.008307061705964743,0.6140612814598093,4.609789955268402,-1.8403675048036177,
E2a_h0.03_e0.2_L2_rope_attn_s2,0.03,0.2,2,0,rope,0.0,2,L1H1,0.4641956666693612,0.9648031396709893,0.9993369951749661,2.6261246140758914,0.9768564201055396,0.7426147731236739,0.13473659948698935,0.6093943507082228,3.8172620175497953,0.7430688350824263,0.13123264641981391,0.3149747914101355,0.614592296926717,4.42538127078768,-1.4641422148448195,
E2a_h0.03_e0.2_L2_rope_attn_s2,0.03,0.2,2,0,rope,0.0,2,L1H2,0.019315462777937293,0.9371251933680443,1.0022519117882682,1.0346059252091457,0.37236151882618307,0.6290603632229352,0.21957461267733264,0.8540884032410045,8.001775200044648,0.7511338913757013,0.11784587762597111,9.144525194524999,0.8551072148335965,7.525067709296877,1.147747843240092,
E2a_h0.03_e0.2_L2_rope_attn_s2,0.03,0.2,2,0,rope,0.0,2,L1H3,0.015355338387991791,0.5928085018970941,0.9765653273225128,0.2661997043647182,0.33513388526900856,0.6055318240285698,0.1492136391734227,0.7837656245252913,5.309236984760645,0.7101430153489181,0.08398684387488602,5.863319470791061,0.7855013516483229,4.878264212135985,1.037634356236451,
E2a_h0.03_e0.2_L3_learned_abs_attn_s0,0.03,0.2,3,0,learned_abs,0.0,0,L1H0,-0.03124786381280825,0.8542045639101646,1.0000473366283171,-0.4966507277283772,0.9288656215465885,0.9936661928911965,0.2471184996874156,0.8125131228349503,6.988744484301482,0.9940398673309926,0.2420785218253776,0.4530500110513164,0.8202458968955109,8.164783512656843,-2.8314978987297383,
E2a_h0.03_e0.2_L3_learned_abs_attn_s0,0.03,0.2,3,0,learned_abs,0.0,0,L1H1,-0.0009818308462806497,0.05016267143287027,0.05356952398613442,-0.03216951847259828,0.0017048844252320894,0.9215530170092461,0.3677124578289493,0.9277454776743519,11.538824636698855,0.9571366171929141,0.29172007626658925,6.831051692897841,0.927975933428976,11.852522118409933,-0.7552757509620088,
E2a_h0.03_e0.2_L3_learned_abs_attn_s0,0.03,0.2,3,0,learned_abs,0.0,0,L1H2,0.281715111094022,0.7034173643050922,0.998704103902803,1.6229590525633562,0.8526199908303067,0.9169935184240694,0.06695508610935781,0.6009876684812867,1.6952438965244525,0.9306484105615942,0.07554802074398641,-0.772429807778442,0.6140074742452386,2.1256434035222678,-1.0362541295784147,
E2a_h0.03_e0.2_L3_learned_abs_attn_s0,0.03,0.2,3,0,learned_abs,0.0,0,L1H3,0.00266943802929807,0.9956210866364429,0.9979182956220094,0.012655282592688227,0.020729147580287433,0.9617630062843923,0.22350663111646063,0.7778715203857473,6.286505258485886,0.9628437254326868,0.21562693021209106,0.7083163219217258,0.7813682707566303,7.013544355415496,-1.7504603381483286,
E2a_h0.03_e0.2_L3_learned_abs_attn_s0,0.03,0.2,3,0,learned_abs,0.0,0,L2H0,0.21551321717138494,0.9998971974651282,0.9999732037306185,1.1237326532660319,0.8216703225589053,0.6117655564805066,0.20474919147527965,0.5797165119334771,6.233564949173483,0.6295389402499555,0.1680453369343269,3.2993561004809857,0.5797165125263124,6.233908796607976,-0.0008278664778731972,
E2a_h0.03_e0.2_L3_learned_abs_attn_s0,0.03,0.2,3,0,learned_abs,0.0,0,L2H1,0.19643750977342986,0.9997379092863736,1.0000324929527755,0.9230982069077381,0.7342961513382533,0.7347932537082225,0.2660055841344918,0.6533950179489356,7.845038006389434,0.7390072545551324,0.24481941602215584,1.9044515591478073,0.6578208215867072,8.958751077684358,-2.681438409037682,
E2a_h0.03_e0.2_L3_learned_abs_attn_s0,0.03,0.2,3,0,learned_abs,0.0,0,L2H2,0.152758846970472,0.9997646227761001,1.0002112912213688,0.8113850643515892,0.7233877260752684,0.6890385745975647,0.2469212228325889,0.6285128039023788,7.375520678138983,0.6970014972271756,0.21900415315843197,2.5095008491332056,0.6305821848005282,8.105525858054703,-1.7576016468465379,
E2a_h0.03_e0.2_L3_learned_abs_attn_s0,0.03,0.2,3,0,learned_abs,0.0,0,L2H3,0.18483308863447606,0.999687535263612,0.9998584990174536,0.9911518311456972,0.7534755523986276,0.6653758742227182,0.2385764442593165,0.6039765217259727,7.108910295553832,0.6710001284178126,0.21550772741037932,2.0736762560152058,0.607442334092309,8.03780317299091,-2.2364548855885085,
E2a_h0.03_e0.2_L3_learned_abs_attn_s1,0.03,0.2,3,0,learned_abs,0.0,1,L1H0,-0.006037927733950093,0.1106677362231233,0.9490552319257006,-0.15408646669545265,0.7954501001989567,0.8769124366613543,0.16522431967360898,0.6553882555368999,4.467290079830352,0.8773917473712063,0.1692868943346529,-0.36518999596129204,0.6607798160590574,5.166201557422851,-1.682738695303975,
E2a_h0.03_e0.2_L3_learned_abs_attn_s1,0.03,0.2,3,0,learned_abs,0.0,1,L1H1,0.005079958346236415,0.39840696674197523,0.7913087566936563,0.025545074754262827,0.4578665751572254,0.5607626147543237,0.11057981089806995,0.21000561718319222,2.1164145645291534,0.6741890489858456,0.16288447144082593,-4.701732365814047,0.23930025591543536,3.4798967334084474,-3.2827965765185536,
E2a_h0.03_e0.2_L3_learned_abs_attn_s1,0.03,0.2,3,0,learned_abs,0.0,1,L1H2,0.05898852225472654,0.7745573613795785,0.9931170313139841,0.1855707306705189,0.744760038052834,0.2793687847159312,0.06408778864617298,0.03532805776724435,0.712763082176635,0.4866396175154658,0.1221444924154775,-5.218790836841073,0.0699159151401183,1.9292774694708807,-2.9289486559091613,
E2a_h0.03_e0.2_L3_learned_abs_attn_s1,0.03,0.2,3,0,learned_abs,0.0,1,L1H3,0.05051716160908409,0.747210887737029,0.987698338661323,0.16004020772044766,0.8874242955408759,0.3702660899904352,0.054684781510396026,0.11812979127239409,0.9660246281963033,0.46148036188532116,0.08323029373551713,-2.565992348193925,0.13465776747318559,1.5893121369457959,-1.5006621623746008,
E2a_h0.03_e0.2_L3_learned_abs_attn_s1,0.03,0.2,3,0,learned_abs,0.0,1,L2H0,0.12403820534714166,0.8819912175332968,1.0465493352736115,1.0156199618410664,0.3873808093946747,0.8115595285734485,0.20083617519338048,0.7554756973635213,6.060255989579407,0.8349940945446247,0.1649433916567146,3.2264478978034887,0.7556378238352635,5.907119816515248,0.3686992878604181,
E2a_h0.03_e0.2_L3_learned_abs_attn_s1,0.03,0.2,3,0,learned_abs,0.0,1,L2H1,0.41803748525062423,0.9967135090041696,0.999681860388827,1.9714387166836915,0.9453627569271561,0.64844788863519,0.20219034183390416,0.6002943873997244,6.084206934032019,0.6562508062089694,0.1788639102220592,2.096842563364071,0.602950949094093,6.782361997191468,-1.680917509249681,
E2a_h0.03_e0.2_L3_learned_abs_attn_s1,0.03,0.2,3,0,learned_abs,0.0,1,L2H2,0.3407397747063704,0.9976224393000402,0.9996211925371781,1.8936776086424123,0.9394567605238328,0.6875754380630914,0.21569989748978152,0.6541458613214748,6.580002061416509,0.7037702967091773,0.1808841860836073,3.1296285160562505,0.6546356657960201,6.890579717742365,-0.7477642833919126,
E2a_h0.03_e0.2_L3_learned_abs_attn_s1,0.03,0.2,3,0,learned_abs,0.0,1,L2H3,0.003606313135950726,0.1601318205353953,0.27488321139076827,-0.14111192996954625,0.2183652612254946,0.7984490927367276,0.2955840334409672,0.9372664633542998,10.015851182626104,0.8886482961608915,0.1910986267233285,9.392325911722331,0.9384093329413586,9.412563073014605,1.452510480951005,
E2a_h0.03_e0.2_L3_learned_abs_attn_s2,0.03,0.2,3,0,learned_abs,0.0,2,L1H0,0.09481710158441609,0.9093091654392226,0.9989198383557512,0.46773070584676435,0.7138365035112422,0.8945959109166925,0.14578212866199966,0.589947425921105,3.702511851242243,0.9078631909707622,0.16445360732045006,-1.6784029303522672,0.6035132373085739,4.670974315365158,-2.3317248544017324,
E2a_h0.03_e0.2_L3_learned_abs_attn_s2,0.03,0.2,3,0,learned_abs,0.0,2,L1H1,0.08095014630343626,0.947262567597703,1.0004587173097523,0.4364548209093429,0.8306664194293191,0.9235833833480822,0.14646654515301422,0.6550935828511961,3.8579005123826566,0.9289345108788559,0.1581917371851653,-1.0539924033707297,0.6667567071363707,4.745826785485493,-2.1378213782866986,
E2a_h0.03_e0.2_L3_learned_abs_attn_s2,0.03,0.2,3,0,learned_abs,0.0,2,L1H2,0.14228898709174212,0.7413990432654313,0.9994905460577523,0.8929920737184376,0.7454026594209253,0.8818065915109019,0.101551553616816,0.566267274245293,2.5451278450114465,0.8981030427159424,0.11607077586584619,-1.3051513281289622,0.5798516088225105,3.2250953504379956,-1.637128119389251,
E2a_h0.03_e0.2_L3_learned_abs_attn_s2,0.03,0.2,3,0,learned_abs,0.0,2,L1H3,-0.012240874565079172,0.8049439904519253,1.0004170120952638,-0.29558241503473104,0.8344142698875121,0.9609100706575294,0.25345610819967374,0.8509408337121427,7.459505539842133,0.9703521276510281,0.22703252990680625,2.3752490120577536,0.8526445765981708,8.035253608636925,-1.3862035252945317,
E2a_h0.03_e0.2_L3_learned_abs_attn_s2,0.03,0.2,3,0,learned_abs,0.0,2,L2H0,-0.006358804221055701,0.10762986802147777,0.10426856274870926,0.020239630592756155,0.0005705670569670085,0.913965797230639,0.4030058583200228,0.927152791388864,12.694658185683975,0.9535632876938951,0.314783807298191,7.930392212922873,0.9271905554329362,12.834409116118627,-0.33647222271578364,
E2a_h0.03_e0.2_L3_learned_abs_attn_s2,0.03,0.2,3,0,learned_abs,0.0,2,L2H1,0.30711738821757145,0.9991771364883393,1.0007230705939492,1.4882766753254122,0.9223353100819556,0.6914327823900447,0.22446747133111686,0.5916726784108199,6.494087824630862,0.6920492570136136,0.21741838281260842,0.6336515196359531,0.5999923203452504,7.822398983760998,-3.19811686963824,
E2a_h0.03_e0.2_L3_learned_abs_attn_s2,0.03,0.2,3,0,learned_abs,0.0,2,L2H2,0.25508532515568716,0.9996325964752503,1.000829333332715,1.5064782115575546,0.8809946676048611,0.7420303129756561,0.31620844601963316,0.6426857620809718,9.203668139038495,0.7444657597559536,0.29715608091236806,1.7126412969817422,0.6476353150158254,10.59687210347914,-3.354356447959325,
E2a_h0.03_e0.2_L3_learned_abs_attn_s2,0.03,0.2,3,0,learned_abs,0.0,2,L2H3,0.13538283802210357,0.9978346495672336,0.9986262044997584,1.1553954397723298,0.6360379555131119,0.7359559198235717,0.20216299991129116,0.6963662173123223,6.1502615901901265,0.7625099517195677,0.1617763397885257,3.6304081715838112,0.6969435341589189,5.8448032693668335,0.7354386824816499,
E2a_h0.03_e0.2_L3_rope_attn_s0,0.03,0.2,3,0,rope,0.0,0,L1H0,0.01620138161841279,1.000000000555111,1.0000000125355426,1.4985098297514736,0.16236757700204452,0.632758311518168,0.5744389745427358,0.8739689117659584,21.114068699350725,0.8035980240241495,0.2605209040868884,28.218494045471267,0.8849264685039312,17.036034104328674,9.818506111059932,
E2a_h0.03_e0.2_L3_rope_attn_s0,0.03,0.2,3,0,rope,0.0,0,L1H1,0.1872157407173175,0.9683847057057049,0.9999285549665355,1.0837646929099176,0.969932548752339,0.666525485581616,0.1366253373746465,0.5887444963971538,4.015921977606767,0.6695363345192711,0.12696784704677755,0.8681240710846482,0.593435274498976,4.634243529864878,-1.4887058454229496,
E2a_h0.03_e0.2_L3_rope_attn_s0,0.03,0.2,3,0,rope,0.0,0,L1H2,0.12619756370876548,0.9757628547434359,0.9983434500830614,0.9948679024760403,0.8416316116877718,0.7006131958610986,0.1487615670474483,0.7224819817340296,4.724589358387431,0.7332246551829096,0.11500691495579254,3.034248546673942,0.7225563002783917,4.80724438273114,-0.19900489873704186,
E2a_h0.03_e0.2_L3_rope_attn_s0,0.03,0.2,3,0,rope,0.0,0,L1H3,0.16173720800221533,0.9693458513125671,0.9993818294493061,1.1644163232327445,0.9235457271154399,0.7061097300737637,0.14797611503231037,0.6805827483026601,4.54354632413005,0.7239735917633079,0.12322241474950522,2.225141556901754,0.6812184950464018,4.783080048970468,-0.5767149067399913,
E2a_h0.03_e0.2_L3_rope_attn_s0,0.03,0.2,3,0,rope,0.0,0,L2H0,0.006650284550710247,0.9823897540509601,1.003188444516971,0.03796025392030064,0.07829486944125796,0.7465849050101256,0.14039166270384204,0.881859402748367,4.771999166629593,0.8599413908953359,0.08285802509704371,5.171771755172304,0.8901813990567145,3.972377511232469,1.9252141999080006,
E2a_h0.03_e0.2_L3_rope_attn_s0,0.03,0.2,3,0,rope,0.0,0,L2H1,-0.0015321027822523118,0.26278346635703315,0.15067429829870196,-0.055349162243561824,0.017150527333596566,0.5305192716698222,0.10363146615314524,0.7431378366795367,3.835965708120421,0.6391519238479657,0.05431202093027401,4.433387569331672,0.7434721173612313,3.695630781355527,0.3378782852205812,
E2a_h0.03_e0.2_L3_rope_attn_s0,0.03,0.2,3,0,rope,0.0,0,L2H2,0.5017366832211154,0.6370847386320487,1.0039623836871092,2.0090055349955884,0.9526766005055003,0.2507687829693338,0.0314084798580512,0.031165352344724728,0.3462941627496702,0.6575296766823999,0.07347888642596208,-3.7817622779830433,0.2401703907482442,1.8931777508425163,-3.72436417810865,
E2a_h0.03_e0.2_L3_rope_attn_s0,0.03,0.2,3,0,rope,0.0,0,L2H3,0.0015422113497649578,0.6823242299480177,0.9221747543180889,0.05861608453263344,0.1284617539729238,0.6286147705721861,0.12809794843960984,0.8500848174719469,4.658863460235268,0.7670621959150374,0.06487288747613944,5.683381029105757,0.8544982638438787,4.079824370343602,1.3941271733162353,
E2a_h0.03_e0.2_L3_rope_attn_s1,0.03,0.2,3,0,rope,0.0,1,L1H0,0.003442176254565686,1.0000000007916805,1.000000006432318,0.41579133904415705,0.014171977553455672,0.8945727727710133,0.6791045480588158,0.9443443488220883,21.55651591255358,0.9454765682568761,0.5096042881242416,14.97968093578742,0.9443443495064797,21.55551998971009,0.002383666224077001,
E2a_h0.03_e0.2_L3_rope_attn_s1,0.03,0.2,3,0,rope,0.0,1,L1H1,-0.0029612072648735658,0.8796933383576889,0.9993220828082642,-0.16215819240327894,0.6737889172840095,0.7932713217783692,0.16024243690826206,0.8925161122994556,5.315861600552949,0.8642068386703692,0.1098465069053231,4.530154153403343,0.893057253845848,5.090078633574965,0.5436078065038062,
E2a_h0.03_e0.2_L3_rope_attn_s1,0.03,0.2,3,0,rope,0.0,1,L1H2,0.04786932719867382,0.9641959604503073,1.0064327094920578,0.47316387169654756,0.67342914576799,0.44987423003511473,0.14862026480968976,0.3841494862600805,4.295181990883471,0.45044277128361854,0.1430636487045476,0.49949127888125006,0.38866456436802943,5.098401371929922,-1.9338762871097528,
E2a_h0.03_e0.2_L3_rope_attn_s1,0.03,0.2,3,0,rope,0.0,1,L1H3,0.035107984125055676,0.9689820349955818,1.005064488651197,0.31990873680597975,0.6453881002025809,0.6705054106935479,0.1495094757675192,0.5937232553719252,4.400059754079133,0.6747026219664047,0.13706877277535598,1.1183105923021788,0.5969648987583935,4.96087429569984,-1.3502487229499391,
E2a_h0.03_e0.2_L3_rope_attn_s1,0.03,0.2,3,0,rope,0.0,1,L2H0,0.37028207387088363,0.9322238599696513,1.0053202198346374,1.700705557795016,0.8998368648268644,0.4876146683884973,0.07284780690574952,0.4354992776479216,2.1531326646021647,0.48970357456508307,0.06783322765486846,0.45076689763686034,0.43992705813339816,2.5276226554292327,-0.9016432248894324,
E2a_h0.03_e0.2_L3_rope_attn_s1,0.03,0.2,3,0,rope,0.0,1,L2H1,0.06383174548973858,0.9678595651992765,0.9977771065822824,0.2327590317531803,0.22923377592312377,0.7823538192319082,0.10845189949590692,0.8651150589427772,3.5667400991687304,0.8333956221837946,0.0793182095464096,2.618864390854258,0.865369034884035,3.6721547370766516,-0.2538022281021143,
E2a_h0.03_e0.2_L3_rope_attn_s1,0.03,0.2,3,0,rope,0.0,1,L2H2,-0.0019058612839047383,0.14310707178190846,0.5121123809216729,-0.13908583881178282,0.39013658558005115,0.5294211473001263,0.06982353440672248,0.6907466989923656,2.4943624746475312,0.5764948122755551,0.047926408094840486,1.9683604946586934,0.6978317692500691,2.9301174349138366,-1.0491482209400593,
E2a_h0.03_e0.2_L3_rope_attn_s1,0.03,0.2,3,0,rope,0.0,1,L2H3,0.48510669369728515,0.934164717440061,1.0070246363452777,2.090253481750229,0.9226238178013346,0.41093022806349533,0.06137666054136047,0.3241799499270067,1.704948460093557,0.4157548217283462,0.06837099688637903,-0.6287297772228386,0.34706911900109794,2.4864022409114224,-1.8814722003185016,
E2a_h0.03_e0.2_L3_rope_attn_s2,0.03,0.2,3,0,rope,0.0,2,L1H0,0.04286232898093086,0.9939475504673457,0.9990651481816117,0.3161956153431753,0.8796224708909632,0.795559630642761,0.13224199539673348,0.786521077636972,4.112322602818253,0.8282104424381003,0.10406615049253576,2.5327624832195017,0.7865740433147761,4.054112366186515,0.1401502490421807,
E2a_h0.03_e0.2_L3_rope_attn_s2,0.03,0.2,3,0,rope,0.0,2,L1H1,0.1039994687601111,0.9707881050477626,1.00037270437611,0.7612329419033439,0.8755046330473963,0.6869883102126835,0.1490559116092935,0.6278597111135933,4.45661182602532,0.6983642798392244,0.12888313521493083,1.8133564905592532,0.628371757810378,4.676144106314295,-0.5285583006636007,
E2a_h0.03_e0.2_L3_rope_attn_s2,0.03,0.2,3,0,rope,0.0,2,L1H2,0.010174620243851755,1.000000001193722,1.0000000040736623,0.14172128399921816,0.0003500339896842508,0.6781457640174043,0.6578774405744497,0.8679175498111366,23.24486544457685,0.8173035943095329,0.344643392363952,28.113753547482425,0.8770353001087826,19.138213644803013,9.88467481568864,
E2a_h0.03_e0.2_L3_rope_attn_s2,0.03,0.2,3,0,rope,0.0,2,L1H3,0.07390653029781222,0.967249847875548,0.9988755345326003,0.5612103947286439,0.8723900616145477,0.6769821019522961,0.12485181300115909,0.6623265295011911,3.862258203728382,0.7038783704823036,0.09867907202739813,2.352700926866884,0.6624343854256867,3.7772428560481703,0.20468774633519815,
E2a_h0.03_e0.2_L3_rope_attn_s2,0.03,0.2,3,0,rope,0.0,2,L2H0,0.006829322846810182,0.2235587795131977,0.18194587222346542,-0.34676115774926647,0.26202197490717194,0.6325758183093182,0.10658703037408818,0.8400365499614535,3.841458359037768,0.7172773761233889,0.06556749850590056,3.6872978165596724,0.8410534014529446,4.071998156412585,-0.555060619674544,
E2a_h0.03_e0.2_L3_rope_attn_s2,0.03,0.2,3,0,rope,0.0,2,L2H1,0.3539777973870914,0.8963804655546223,0.9967889377108407,1.5937666839598714,0.9428243944835645,0.46305144046194513,0.06838403576981636,0.42777052831314866,2.0556279164167273,0.46374126417999495,0.06560812117391163,0.2495304885810736,0.439617909120693,2.645720769306732,-1.4207408365945895,
E2a_h0.03_e0.2_L3_rope_attn_s2,0.03,0.2,3,0,rope,0.0,2,L2H2,0.003982834499196099,0.9479663583941118,1.0013822832709054,-0.08579947186208006,0.23776823603558783,0.6801640829725197,0.10452215268885807,0.9030454730586795,3.76665008859684,0.8422422577089115,0.05086091341521853,4.823676950858375,0.9141963926343557,3.0446688489979614,1.7382827555522236,
E2a_h0.03_e0.2_L3_rope_attn_s2,0.03,0.2,3,0,rope,0.0,2,L2H3,0.40464303172511895,0.7480997080430305,0.9993394100556067,1.9313736026428072,0.9463601001903307,0.3836092145162022,0.05310215569687309,0.22362215435729804,1.2680139137772448,0.44473027758605277,0.07539471945101221,-2.003906868569198,0.29144150607144503,2.472532556447387,-2.900067024536477,
E2b_h0.003_e0.05_L2_alibi_learn_attn_s0,0.003,0.05,2,0,alibi_learn,0.0,0,L1H0,0.48694703222394925,0.9999999992196535,0.9999999943020126,3.1734639524040795,0.9760975993254432,0.39096445802954194,0.07620431543038582,0.3221307151288012,2.1633458974647617,0.39099961488195056,0.07544431672739191,0.06831724864981077,0.3266720799143863,2.6064167629966613,-1.0667624071085284,0.08893630653619766
E2b_h0.003_e0.05_L2_alibi_learn_attn_s0,0.003,0.05,2,0,alibi_learn,0.0,0,L1H1,0.5343749533198322,0.9995815500020139,0.999982050486728,4.156707484844159,0.9753862171453036,0.5249085140513612,0.08387131603179072,0.42674452728796997,2.3651277204389896,0.5249167849129762,0.08422145782981534,-0.03147469092263276,0.4337857045021306,2.889166418682274,-1.2617051281061438,0.08769332617521286
E2b_h0.003_e0.05_L2_alibi_learn_attn_s0,0.003,0.05,2,0,alibi_learn,0.0,0,L1H2,-0.018590492170926273,1.000000001959583,1.0000000005976772,1.1406666881101044,0.2100664955057162,0.9968481149145729,0.5525747610481135,0.8090755494524903,15.569334740103375,0.9968697443766412,0.5498677106631957,0.24334019719437153,0.819583391592364,18.62990526261466,-7.3688022203854,0.5570792555809021
E2b_h0.003_e0.05_L2_alibi_learn_attn_s0,0.003,0.05,2,0,alibi_learn,0.0,0,L1H3,-0.002881130589352082,0.7423761484769206,0.9890674349844735,-0.5907148331337918,0.691485225221493,0.9986048245919596,0.20351302372536503,0.8073298971023086,5.7229488431667095,0.9986480178091335,0.2021053562223976,0.1265370196523322,0.81672390211798,6.78780229601661,-2.5638012357601143,0.20945517718791962
E2b_h0.003_e0.05_L2_alibi_learn_attn_s1,0.003,0.05,2,0,alibi_learn,0.0,1,L1H0,0.5204696592835204,0.99999999749811,1.0000000048097424,3.8012718057608734,0.972028656939456,0.41440270539760593,0.08963401498178375,0.35705984037259264,2.6021422338102127,0.4150766785515565,0.08583229794141362,0.34174117313626223,0.3612709554052387,3.089591234454756,-1.1736097083385904,0.122837595641613
E2b_h0.003_e0.05_L2_alibi_learn_attn_s1,0.003,0.05,2,0,alibi_learn,0.0,1,L1H1,0.5353693294024444,0.9999969284159046,0.9999998843715614,4.511374856733821,0.9720936758429931,0.46258103621839775,0.08883748115340134,0.37475542914035453,2.500778688597194,0.46305155810806087,0.091817295258285,-0.26785927440611096,0.38536654320090646,3.226637056826239,-1.747617549130267,0.08807364851236343
E2b_h0.003_e0.05_L2_alibi_learn_attn_s1,0.003,0.05,2,0,alibi_learn,0.0,1,L1H2,-0.05560919853103014,1.0000000000576048,1.0000000041487442,0.9159489460574973,0.07830334901433533,0.9941573717280824,0.5470437346157924,0.8174634836976747,15.514137265809913,0.9944292105868378,0.5375300843930677,0.8551941013488771,0.8267209478837784,18.36193783632744,-6.856525282752072,0.559562623500824
E2b_h0.003_e0.05_L2_alibi_learn_attn_s1,0.003,0.05,2,0,alibi_learn,0.0,1,L1H3,-0.0005700279886837911,0.7555808808830969,0.989018612333048,-0.4542804573728038,0.6342035398205965,0.997145983203303,0.2029910640223043,0.8140648665113881,5.7362229525796025,0.9973877224748212,0.19966700991986328,0.298803444989164,0.8225467901384648,6.746205337734502,-2.4316905581946537,0.2161656767129898
E2b_h0.003_e0.05_L2_alibi_learn_attn_s2,0.003,0.05,2,0,alibi_learn,0.0,2,L1H0,0.5325681315558157,0.9999999994557486,0.9999999979238064,4.318870615038205,0.9843797504182967,0.5674319600242562,0.11850220109690594,0.45636570055769077,3.323724265079997,0.5677293710059083,0.12135548477445543,-0.256485293592848,0.4664714485416207,4.176869216098189,-2.0540799054076584,0.11954247206449509
E2b_h0.003_e0.05_L2_alibi_learn_attn_s2,0.003,0.05,2,0,alibi_learn,0.0,2,L1H1,0.5681787078466228,0.9999987811573712,1.0000000295898985,4.846631481775392,0.9797556905569644,0.5194879876942937,0.10383701633260833,0.44022768192900263,2.9895243058662535,0.5198658415663853,0.10089175852770972,0.26475296471217336,0.44605492878489095,3.5828118443938917,-1.428432541930859,0.11155255883932114
E2b_h0.003_e0.05_L2_alibi_learn_attn_s2,0.003,0.05,2,0,alibi_learn,0.0,2,L1H2,-0.09601971918297965,1.000000003241286,0.9999999857197791,0.9250836073969471,0.03708429550364467,0.996512695533346,0.5234380361191464,0.8153139023557473,14.807619727285484,0.9967333937798188,0.5152454647680011,0.7364406437440651,0.8242819733734313,17.486433060630958,-6.449662078871887,0.5223859548568726
E2b_h0.003_e0.05_L2_alibi_learn_attn_s2,0.003,0.05,2,0,alibi_learn,0.0,2,L1H3,-0.005151993940269879,0.7546807580880186,0.9941969780558051,-0.6051451668238875,0.7718223321336561,0.9989799612450042,0.22183473486757446,0.8043929706179997,6.225643715394772,0.9990022995626744,0.22073148642454285,0.09917240372673977,0.813679331195616,7.379476845142365,-2.7780337247258964,0.22372208535671234
E2b_h0.003_e0.1_L2_alibi_learn_attn_s0,0.003,0.1,2,0,alibi_learn,0.0,0,L1H0,0.49114970158454957,0.9999999990840089,0.9999999917592327,2.8878770824447675,0.9701798368881867,0.3715561426288726,0.08266943794178114,0.30102119658246695,2.327181576531255,0.3717458958209757,0.0846342645856008,-0.17662076244446542,0.3081700073425838,2.9457941390023263,-1.4894064980259984,0.09933644533157349
E2b_h0.003_e0.1_L2_alibi_learn_attn_s0,0.003,0.1,2,0,alibi_learn,0.0,0,L1H1,0.5267159740481361,0.9999985250308653,1.0000001069028879,3.4474201121875994,0.9632317759450657,0.40149218768848827,0.07925045821050059,0.31794805071050436,2.2056687227422462,0.40245599738170745,0.08333417681374478,-0.3670906517795801,0.32789379155837484,2.878569258964733,-1.6201132857236762,0.08729545772075653
E2b_h0.003_e0.1_L2_alibi_learn_attn_s0,0.003,0.1,2,0,alibi_learn,0.0,0,L1H2,-0.0136933191075214,1.0000000031211935,0.9999999927147302,0.7055701892849431,0.13674261955600742,0.9972983647588026,0.5762579583975019,0.8077109547620844,16.21927130321397,0.9973109145551387,0.5741080514999997,0.19325786150953125,0.8181957989596563,19.40680251557785,-7.674479938446889,0.5804876089096069
E2b_h0.003_e0.1_L2_alibi_learn_attn_s0,0.003,0.1,2,0,alibi_learn,0.0,0,L1H3,-0.0033452757832866165,0.7490806153456739,0.9886839084383413,-0.34561890962685804,0.7278593557306234,0.9961481654351652,0.19026839716150018,0.7948158970668654,5.315411985997615,0.9961525237445092,0.19068695998062005,-0.037625143407117416,0.8045257569215105,6.328810453921083,-2.439915311751184,0.19507339596748352
E2b_h0.003_e0.1_L2_alibi_learn_attn_s1,0.003,0.1,2,0,alibi_learn,0.0,1,L1H0,0.5259221541231948,1.0000000060632115,1.000000003718242,3.1521385283529386,0.9650147619741811,0.3203568709949707,0.09218996099385703,0.26471210664035394,2.620912250774962,0.32037177990593524,0.09152852701498759,0.059457140415958905,0.26885198202327387,3.1862777679738503,-1.3612059084481203,0.11235278844833374
E2b_h0.003_e0.1_L2_alibi_learn_attn_s1,0.003,0.1,2,0,alibi_learn,0.0,1,L1H1,0.5155455853700347,0.9999988767698856,1.0000000718483195,3.6343345802680824,0.9534713346558307,0.38896339057656193,0.09814714418683511,0.31368283371380945,2.756561264237994,0.3894084654021941,0.10163884279821056,-0.31387322281447005,0.3225024605282172,3.5538534010526575,-1.9196055195732058,0.09498705714941025
E2b_h0.003_e0.1_L2_alibi_learn_attn_s1,0.003,0.1,2,0,alibi_learn,0.0,1,L1H2,-0.04309829137636031,1.0000000002911353,0.9999999908158886,0.6392741019991443,0.08645770624084104,0.9970969730680672,0.556778736749277,0.8085304350695741,15.680542997033134,0.9971188274584868,0.5540372874251784,0.24643236152576517,0.8188879344300148,18.74187528898479,-7.370636299457375,0.5610361695289612
E2b_h0.003_e0.1_L2_alibi_learn_attn_s1,0.003,0.1,2,0,alibi_learn,0.0,1,L1H3,-0.0002575050589251312,0.8010836463718932,0.9813791472859729,-0.22064689962531342,0.466439174411848,0.9973604340659223,0.1932592989386014,0.8057682875740032,5.432733313685951,0.9974275714998724,0.19159169223458283,0.1499032845710539,0.8146221688895974,6.415047130502467,-2.3650741524274483,0.2010783553123474
E2b_h0.003_e0.1_L2_alibi_learn_attn_s2,0.003,0.1,2,0,alibi_learn,0.0,2,L1H0,0.533302633782953,1.0000000010615102,1.000000012091081,3.250414777728447,0.9728753767404057,0.4136221194582994,0.10035042752090607,0.32206024197330596,2.7693948210175496,0.41587699664576494,0.10814290807067035,-0.7004759734718775,0.3352524524908711,3.7362138917099097,-2.327768127683307,0.11151160299777985
E2b_h0.003_e0.1_L2_alibi_learn_attn_s2,0.003,0.1,2,0,alibi_learn,0.0,2,L1H1,0.5040307116594547,0.9999784043414236,0.99999999858881,3.780266991931988,0.9604294879287897,0.38610954742487036,0.09628010096126051,0.3263579731520536,2.768390494407684,0.38632492382167327,0.09388856315086223,0.21497837115349133,0.33090113259287457,3.3318066923366243,-1.3565126174231366,0.10557202994823456
E2b_h0.003_e0.1_L2_alibi_learn_attn_s2,0.003,0.1,2,0,alibi_learn,0.0,2,L1H2,-0.031877312158176525,1.0000000013253811,1.000000028776277,0.8169610219508798,0.1441229840945295,0.9971714220200807,0.5207188538464534,0.8085368435763715,14.664500248407611,0.9972064302698562,0.5174739597927542,0.29168764767042216,0.818540413500344,17.47811718497008,-6.77422283752622,0.5228230953216553
E2b_h0.003_e0.1_L2_alibi_learn_attn_s2,0.003,0.1,2,0,alibi_learn,0.0,2,L1H3,-0.005565734475373589,0.7400824042138036,0.9928430208438179,-0.3305737449747226,0.768307531154468,0.9976413824039714,0.20190013351610941,0.799757045165457,5.653630024658714,0.9976433930181957,0.20159868671121706,0.027097436144824454,0.809246632731807,6.715917643839488,-2.5576235898933963,0.2061966210603714
E2b_h0.003_e0.2_L2_alibi_learn_attn_s0,0.003,0.2,2,0,alibi_learn,0.0,0,L1H0,0.46743394177093756,0.9999999956593716,1.0000000066974823,2.241548307823248,0.9329675087537455,0.19889599311612827,0.0918173986691203,0.16191033058162696,2.5908854741011313,0.1989543891232486,0.09016277026622249,0.14873664860018881,0.1634448133958032,3.0259583958762497,-1.0475061065985403,0.10801856219768524
E2b_h0.003_e0.2_L2_alibi_learn_attn_s0,0.003,0.2,2,0,alibi_learn,0.0,0,L1H1,0.5014445957486795,0.9999853295490279,1.0000014368921557,2.536256961691162,0.9317781554511342,0.22354566952935795,0.07668016805635544,0.18168006535790293,2.161984286723527,0.22387398730885588,0.07977077700421839,-0.2778187635567029,0.1876020352590616,2.835274180873803,-1.621050725832217,0.09201300144195557
E2b_h0.003_e0.2_L2_alibi_learn_attn_s0,0.003,0.2,2,0,alibi_learn,0.0,0,L1H2,0.02404415101964732,1.0000000020565838,1.0000000293962412,0.33515976651573026,0.09937309632633251,0.9952912172658981,0.510327835252894,0.817212360652809,14.46240781392452,0.9954609443450594,0.5033189867744426,0.630034291328297,0.8271939491943954,17.219447868327318,-6.638005144839766,0.5190706849098206
E2b_h0.003_e0.2_L2_alibi_learn_attn_s0,0.003,0.2,2,0,alibi_learn,0.0,0,L1H3,0.007427094012567127,0.8181718539172927,0.9735168858279927,-0.048900731229754364,0.06968283518465435,0.9926930763712506,0.17278857293275987,0.8001877060437645,4.851794834062412,0.9928758333356056,0.1703228662030652,0.2216455095074101,0.807376774250606,5.645049976187693,-1.909885823453805,0.18395039439201355
E2b_h0.003_e0.2_L2_alibi_learn_attn_s1,0.003,0.2,2,0,alibi_learn,0.0,1,L1H0,0.5148686058465738,1.0000000000831537,0.9999999916719461,2.271926470255961,0.9341807851663178,0.17968496355371832,0.0883446203021857,0.14739245788973054,2.5024236750629427,0.17970528223003757,0.08735659315417026,0.08881501518072238,0.14928829609407235,2.991970173564605,-1.1786597624880075,0.12061946094036102
E2b_h0.003_e0.2_L2_alibi_learn_attn_s1,0.003,0.2,2,0,alibi_learn,0.0,1,L1H1,0.4532518362052247,0.9999950242345221,0.9999969467711932,2.6214567026845708,0.9170298143164956,0.28541174486338217,0.09315783512065968,0.24427302655025473,2.6953811877006,0.28629556081979013,0.08770576644748002,0.4900933774414912,0.24585269567082746,3.0692640890000287,-0.90018156190002,0.11727896332740784
E2b_h0.003_e0.2_L2_alibi_learn_attn_s1,0.003,0.2,2,0,alibi_learn,0.0,1,L1H2,0.021094047201979757,1.0000000036829593,0.9999999992313011,0.4297143668759821,0.13824850181930115,0.9922186763381635,0.48397979104590183,0.8160960089742242,13.727552871205928,0.9924119622417644,0.4768755031713687,0.6386134598550633,0.8260695018620389,16.345230990347115,-6.302469488843724,0.4984999895095825
E2b_h0.003_e0.2_L2_alibi_learn_attn_s1,0.003,0.2,2,0,alibi_learn,0.0,1,L1H3,0.009446323279816368,0.715472727137195,0.9585572734675688,-0.01223272621769034,0.003633531478026586,0.995489182454512,0.2024895484745953,0.7990611453473675,5.673790753313256,0.9955169844118525,0.2013641172585147,0.10116644136938317,0.8077110327055106,6.69205064589218,-2.451619951958588,0.21845878660678864
E2b_h0.003_e0.2_L2_alibi_learn_attn_s2,0.003,0.2,2,0,alibi_learn,0.0,2,L1H0,0.48572426846664424,0.9999999961582944,1.000000015292865,2.3150248667910107,0.9350163962067614,0.22147454244933695,0.09909688723337162,0.1769014867014247,2.769891877848583,0.221502125743548,0.10025999003951704,-0.10455278844516329,0.179680299245371,3.3687125774761175,-1.441754492690944,0.11600510030984879
E2b_h0.003_e0.2_L2_alibi_learn_attn_s2,0.003,0.2,2,0,alibi_learn,0.0,2,L1H1,0.4865547003236014,0.9999985483633022,1.0000002395834346,2.4482905969556685,0.926325799332255,0.2144777158743315,0.07775262825444593,0.1765902555491412,2.206512168945632,0.21448015991423142,0.07802867019224867,-0.02481376037663142,0.17993522086080938,2.7303403658734666,-1.261198313265816,0.0974097028374672
E2b_h0.003_e0.2_L2_alibi_learn_attn_s2,0.003,0.2,2,0,alibi_learn,0.0,2,L1H2,0.023103758178832666,1.000000002767434,1.0000000272106513,0.49176769209243354,0.18016757462372635,0.9959187307432704,0.4945669355851492,0.8156450787392526,13.997894211633247,0.9960959649928209,0.48762814333862686,0.623736847665158,0.8251642030183787,16.60633329599227,-6.280225067577724,0.5006282925605774
E2b_h0.003_e0.2_L2_alibi_learn_attn_s2,0.003,0.2,2,0,alibi_learn,0.0,2,L1H3,0.0009103772776662987,0.8256676446818147,0.9734434884206361,-0.0881962340030654,0.2693662398323786,0.9956167062939727,0.18730022213555325,0.7991625665691489,5.248180222419247,0.9957138611900125,0.18535431781774636,0.17491981052685507,0.8066816183155165,6.126277871074584,-2.1141574276868487,0.19390366971492767
E2b_h0.003_e0.3_L2_alibi_learn_attn_s0,0.003,0.3,2,0,alibi_learn,0.0,0,L1H0,0.5178900422991755,0.9999999989356313,0.9999999928056154,1.4494195269062224,0.9082363486306495,0.16476629139826238,0.09617357787940732,0.13246701029135888,2.6969595088796905,0.16492507558791802,0.09303363209386535,0.2822537145560162,0.1330418159674721,3.0034035539985005,-0.7378119678949656,0.11170703172683716
E2b_h0.003_e0.3_L2_alibi_learn_attn_s0,0.003,0.3,2,0,alibi_learn,0.0,0,L1H1,0.4260321849546107,0.9999948493205011,1.0000094481419894,1.5201056489922051,0.8749871855507781,0.1997985409592109,0.07831117911582577,0.17583059624158281,2.2975967081326587,0.20232747476141866,0.06904515835678113,0.832934374356418,0.17590018488207249,2.3764402009455163,-0.18982804043528817,0.09049386531114578
E2b_h0.003_e0.3_L2_alibi_learn_attn_s0,0.003,0.3,2,0,alibi_learn,0.0,0,L1H2,0.058417956484585115,1.0000000037300514,0.9999999720523091,0.35937003072097246,0.17460798233503194,0.9963781446873257,0.4814342105234388,0.8135456051462391,13.60550831633666,0.9965085203536919,0.4756423238818238,0.5206400462105654,0.8231163809803068,16.150975463451125,-6.128610279558103,0.4842150807380676
E2b_h0.003_e0.3_L2_alibi_learn_attn_s0,0.003,0.3,2,0,alibi_learn,0.0,0,L1H3,-0.0002844296431776308,0.7855333922739564,0.9678537137047043,-0.07822424140135666,0.4169870839660996,0.9972368742621335,0.17375758761382362,0.797646992608886,4.860141896285518,0.9972457170414726,0.17321341593021203,0.04891628376605274,0.8063955008860347,5.738113945582164,-2.1138550275864754,0.17898568511009216
E2b_h0.003_e0.3_L2_alibi_learn_attn_s1,0.003,0.3,2,0,alibi_learn,0.0,1,L1H0,0.5104135722517006,0.9999999978380012,0.999999994951996,1.4431174140489749,0.9480018450871267,0.16790690031859012,0.08983720707913963,0.13231412912839458,2.4941585073208574,0.16798983544399737,0.08773735765351424,0.1887581317869101,0.13283624145324957,2.764413057585618,-0.6506800988288226,0.11004401743412018
E2b_h0.003_e0.3_L2_alibi_learn_attn_s1,0.003,0.3,2,0,alibi_learn,0.0,1,L1H1,0.42935616774889296,0.9995641418000949,0.9986262462195887,1.7613565478877744,0.9277517052248572,0.2666193435647145,0.09608055961425865,0.22492303785791723,2.759978098802218,0.268484119216305,0.08762971876776453,0.7596568166965776,0.22508291062633967,2.8869027611852065,-0.3055909762935347,0.09950863569974899
E2b_h0.003_e0.3_L2_alibi_learn_attn_s1,0.003,0.3,2,0,alibi_learn,0.0,1,L1H2,0.05469772593843865,0.9999999992752114,0.9999999872702745,0.20260802638318237,0.05485715362043242,0.9969955443621721,0.4776684272714135,0.812727552990304,13.488118986286803,0.9970998200075668,0.47253073246652527,0.46183391114970634,0.8223823755982355,16.023954908533174,-6.105421599319882,0.48163533210754395
E2b_h0.003_e0.3_L2_alibi_learn_attn_s1,0.003,0.3,2,0,alibi_learn,0.0,1,L1H3,0.004226306770957574,0.7605989608847652,0.97510851576206,-0.05543737173310339,0.2990736268035382,0.9989164784170377,0.21315655905524322,0.8036551435121894,5.979542341874816,0.9989352415722919,0.2121849669449119,0.08733764876995317,0.8129180979269144,7.086874591084086,-2.6660755818762687,0.21839481592178345
E2b_h0.003_e0.3_L2_alibi_learn_attn_s2,0.003,0.3,2,0,alibi_learn,0.0,2,L1H0,0.525905129400247,0.9999999993347696,1.0000000055177154,1.4356040903681069,0.9051967504729354,0.08968494202152344,0.07037306318349777,0.06694240134980001,1.9014998791067546,0.09126903168282186,0.08020940246969396,-0.8842010310961087,0.071601302946251,2.7667816030591883,-2.0833010844944817,0.08958150446414948
E2b_h0.003_e0.3_L2_alibi_learn_attn_s2,0.003,0.3,2,0,alibi_learn,0.0,2,L1H1,0.37785345387524616,0.9999982024476465,1.0000009014703337,1.4067260118539913,0.9028358135389281,0.22476085296261283,0.06920232370835713,0.18537523372827258,1.9655548461283885,0.22941931594050957,0.05872431880507544,0.941881168364471,0.18668033940613726,1.6810745089496475,0.6849309058033524,0.07785826176404953
E2b_h0.003_e0.3_L2_alibi_learn_attn_s2,0.003,0.3,2,0,alibi_learn,0.0,2,L1H2,0.10515326773070746,1.0000000005086116,0.9999999970913844,0.3271266217695722,0.17467134253837346,0.997110830789018,0.4823671456120626,0.811497210017222,13.609697983082286,0.9971561969028462,0.47894523450415327,0.3075999354941882,0.8218551182357197,16.26192750593786,-6.385657397286062,0.4896989166736603
E2b_h0.003_e0.3_L2_alibi_learn_attn_s2,0.003,0.3,2,0,alibi_learn,0.0,2,L1H3,-0.009936548375942107,0.7850763081874376,0.9855355110814873,-0.11382615708843499,0.6027887328121471,0.9973930875783386,0.18715457052287593,0.7978942306860385,5.235267678463056,0.9974095440213022,0.18635504528685956,0.07187033890394427,0.8063897809807432,6.167087814013161,-2.24350271733238,0.1926523894071579
E2b_h0.01_e0.05_L2_alibi_learn_attn_s0,0.01,0.05,2,0,alibi_learn,0.0,0,L1H0,0.5066521166326614,0.9999966297726262,0.9999999591341969,3.621698844682375,0.9873989938403664,0.8250247413411504,0.12337417751584338,0.6523266125176197,3.431012508779536,0.8271978958775409,0.13003354560634725,-0.5986190553974904,0.673285366629123,4.491834680220521,-2.5540952952570195,0.13313613831996918
E2b_h0.01_e0.05_L2_alibi_learn_attn_s0,0.01,0.05,2,0,alibi_learn,0.0,0,L1H1,0.5332653026213711,0.9997379796828477,0.9999755669296454,3.807162527293772,0.9794891465959024,0.8129326616211362,0.13146452160669175,0.6352145054610155,3.6344646696995158,0.8156451133318784,0.13945107166173054,-0.7179211277793155,0.6558174897474401,4.763520498796296,-2.7183784981242014,0.13211454451084137
E2b_h0.01_e0.05_L2_alibi_learn_attn_s0,0.01,0.05,2,0,alibi_learn,0.0,0,L1H2,-0.024025890005593048,1.0000000012789583,1.0000000328449383,1.2602998436747554,0.04867001455946651,0.9972189728912847,0.806339056931392,0.8421712183484348,17.34087930975245,0.9973566234026513,0.7953508101624,0.6470882855754767,0.8434027837862469,18.422326003570063,-2.4177684871172453,0.8006225824356079
E2b_h0.01_e0.05_L2_alibi_learn_attn_s0,0.01,0.05,2,0,alibi_learn,0.0,0,L1H3,-0.01314377030009602,0.6091863179804946,0.9901982774521146,-0.9192436224537345,0.8289485493786345,0.9995236024621664,0.23489240214702434,0.8025254412564992,6.582650783416491,0.9995478030041718,0.2336768266981822,0.1092696209401581,0.811344661811887,7.772951285696417,-2.8658346277638613,0.23552070558071136
E2b_h0.01_e0.05_L2_alibi_learn_attn_s1,0.01,0.05,2,0,alibi_learn,0.0,1,L1H0,0.4778503240822359,1.0000000011020234,1.000000006940259,3.4358279602926514,0.9839527991005576,0.7309739303855325,0.10058473019096129,0.6490629721955401,2.9643091680219054,0.7326355683810108,0.09554106499944742,0.4533814697809946,0.6587262986911465,3.588207048691788,-1.5021317282379427,0.11517453193664551
E2b_h0.01_e0.05_L2_alibi_learn_attn_s1,0.01,0.05,2,0,alibi_learn,0.0,1,L1H1,0.4982991134426357,1.0000000025640605,0.9999999969914153,3.468549782703548,0.9822109925599714,0.7253575403504519,0.09593763048527389,0.6377945111007839,2.8135347308616505,0.7255358156932414,0.09435581619676595,0.14219129537999092,0.6543327487266271,3.595030460630797,-1.881573198979723,0.11172361671924591
E2b_h0.01_e0.05_L2_alibi_learn_attn_s1,0.01,0.05,2,0,alibi_learn,0.0,1,L1H2,0.02178349138664591,0.9999999986328124,0.9999999935183851,1.9512111060459925,0.2385816870048878,0.9867199505308273,0.6540910596810473,0.8436472380208085,18.729384042397392,0.9889924647065511,0.6209395880435937,2.938178313607084,0.8500734195499803,21.544738291605633,-6.765596027723531,0.6661749482154846
E2b_h0.01_e0.05_L2_alibi_learn_attn_s1,0.01,0.05,2,0,alibi_learn,0.0,1,L1H3,0.0019024567065483039,0.7106532139372514,0.9964908804025041,-0.24026118201127938,0.16023839337995727,0.9983927987045023,0.21054288111525277,0.8064852146063384,5.91816426997507,0.9985898825726106,0.20743179300048595,0.279659661879303,0.8138823988698115,6.895833918585652,-2.353892591102187,0.2083195298910141
E2b_h0.01_e0.05_L2_alibi_learn_attn_s2,0.01,0.05,2,0,alibi_learn,0.0,2,L1H0,0.5137051921407638,0.9999997984735235,0.9999999872436839,3.7396108739227754,0.9832732199250501,0.8136305088107543,0.15400951527540846,0.6389066746344068,4.268267436169608,0.8155653168692956,0.16190810974021558,-0.7100146880652372,0.65736101107814,5.519540890447882,-3.012636546152665,0.15527883172035217
E2b_h0.01_e0.05_L2_alibi_learn_attn_s2,0.01,0.05,2,0,alibi_learn,0.0,2,L1H1,0.5609850434063939,0.999928719206392,0.9999968513021291,3.9804224126067993,0.9824981785515269,0.7882090908475194,0.1466378833558621,0.6391784646293746,4.129861616616198,0.7883195941769265,0.14846392247157186,-0.16414497527532193,0.6514269450988495,5.1159949589764695,-2.374270257565565,0.15216507017612457
E2b_h0.01_e0.05_L2_alibi_learn_attn_s2,0.01,0.05,2,0,alibi_learn,0.0,2,L1H2,-0.06627898688539605,1.0000000020948825,1.000000003068,0.17825012347471883,0.0010972245711190487,0.9967568797314597,0.7439664105960815,0.8262985429222945,18.432126751321878,0.996838169749056,0.7367272925798205,0.5380768079950013,0.8327707294422819,21.14904422143249,-6.344861071491322,0.7461559176445007
E2b_h0.01_e0.05_L2_alibi_learn_attn_s2,0.01,0.05,2,0,alibi_learn,0.0,2,L1H3,-0.007205201793233791,0.6065003494386545,0.9950295844384408,-0.9759362293662556,0.7348967557718913,0.9997265798345796,0.2636416798526404,0.8055610338224123,7.401532408310061,0.9997610264463883,0.26201409500720024,0.14630566887361102,0.8146581821942894,8.75826782575325,-3.266552717212885,0.26402580738067627
E2b_h0.01_e0.2_L2_alibi_learn_attn_s0,0.01,0.2,2,0,alibi_learn,0.0,0,L1H0,0.4969471586225459,1.0000000007786736,1.0000000032032375,2.3962315248614265,0.975456032319816,0.5615355280282337,0.16592691969686504,0.4461292784969991,4.625488051757157,0.5616507936768058,0.16842712177515226,-0.2247463402032606,0.4532039978995518,5.630223936965452,-2.4190587889962543,0.1796225607395172
E2b_h0.01_e0.2_L2_alibi_learn_attn_s0,0.01,0.2,2,0,alibi_learn,0.0,0,L1H1,0.49638517921157144,0.9999998524601834,1.0000000695441187,2.417262738241558,0.9712055220739302,0.5407815406440428,0.15755763917658086,0.4153298249384554,4.3184118999936185,0.5429125854522378,0.16795975673096147,-0.9350595581908816,0.4279861996019997,5.618737968939611,-3.130738388021876,0.16479933261871338
E2b_h0.01_e0.2_L2_alibi_learn_attn_s0,0.01,0.2,2,0,alibi_learn,0.0,0,L1H2,0.009987101275495043,0.9999999991684022,0.9999999959848163,0.8043809927891827,0.18992018390481147,0.9958904083229945,0.6981284750295429,0.8195845534782064,18.892171566785322,0.9959930788029471,0.6905825409417222,0.6351137096238756,0.8282109779626327,22.202125226017937,-7.887991093181443,0.7087441682815552
E2b_h0.01_e0.2_L2_alibi_learn_attn_s0,0.01,0.2,2,0,alibi_learn,0.0,0,L1H3,-0.001536370129340211,0.7003997176210898,0.9723392259035837,-0.27362933457095234,0.5200787692062572,0.9989303357306816,0.24172680728656193,0.8017800361265103,6.773042537116484,0.9989314760719191,0.24145518114716882,0.024416818649310088,0.8115638647005786,8.063609979717317,-3.1072429688014314,0.25159960985183716
E2b_h0.01_e0.2_L2_alibi_learn_attn_s1,0.01,0.2,2,0,alibi_learn,0.0,1,L1H0,0.478279354393173,0.9999999997440422,1.0000000013480859,2.1292577236109946,0.9756165492160197,0.4140133577548579,0.1182033793281372,0.33844108089503155,3.3424369356245633,0.41402203083934097,0.11877237168907906,-0.05114744597480416,0.3444955628055375,4.113571698616913,-1.8566275509612755,0.12100213021039963
E2b_h0.01_e0.2_L2_alibi_learn_attn_s1,0.01,0.2,2,0,alibi_learn,0.0,1,L1H1,0.4453557448673351,0.9999987769937674,0.9999985149678984,2.1620435898095365,0.9755884767355774,0.45046354120825494,0.1718459976795625,0.3679856415716034,4.857625214565531,0.4513299747004248,0.17977236411068148,-0.7125111453888426,0.38168053854524786,6.47405950876946,-3.8918183811244296,0.16774389147758484
E2b_h0.01_e0.2_L2_alibi_learn_attn_s1,0.01,0.2,2,0,alibi_learn,0.0,1,L1H2,0.09938308745692986,0.9999999991052853,1.000000014690792,1.5222030235663986,0.21180946234851694,0.9958685907397234,0.6710187976727763,0.8164793911468056,18.61571786656626,0.9959113446271393,0.6663552214678666,0.4069662120526699,0.8265796719382728,22.176295643159115,-8.535818302447698,0.6702084541320801
E2b_h0.01_e0.2_L2_alibi_learn_attn_s1,0.01,0.2,2,0,alibi_learn,0.0,1,L1H3,-0.023095435152311522,0.706089386782163,0.999890035230338,-0.24019658352803727,0.32810237483711935,0.9891746791165338,0.09826468583866171,0.7753815465057605,2.7209319114192794,0.9891996962402347,0.09878441441205175,-0.04671906154421277,0.7832459900265096,3.1936084496366677,-1.1380426945635052,0.09971808642148972
E2b_h0.01_e0.2_L2_alibi_learn_attn_s2,0.01,0.2,2,0,alibi_learn,0.0,2,L1H0,0.5080217449175966,0.9999999938650305,1.000000005921545,2.3321199813027262,0.9827414244791898,0.5472399142303604,0.17318451452666112,0.4211114410882155,4.751356999258665,0.5499237217958078,0.18593987660425895,-1.146595697125204,0.43590695605425367,6.28758009088321,-3.6986973655100717,0.1803368628025055
E2b_h0.01_e0.2_L2_alibi_learn_attn_s2,0.01,0.2,2,0,alibi_learn,0.0,2,L1H1,0.48336376517494756,0.9999989679390374,1.000000018745163,2.3711294818824062,0.9784080837263115,0.5229619612157745,0.1619229325149464,0.4199666672729736,4.538158815368405,0.5231138591147231,0.16482525806368983,-0.26089372968018487,0.4280400134978849,5.623507218568181,-2.613146034232828,0.17384633421897888
E2b_h0.01_e0.2_L2_alibi_learn_attn_s2,0.01,0.2,2,0,alibi_learn,0.0,2,L1H2,0.01557947176811468,1.0000000023920756,0.9999999778367986,0.732314644068094,0.12122412808949712,0.9962065151700747,0.7496248522644611,0.8303603648454548,18.3225446855538,0.996335716702963,0.7403910019795147,0.6709376769475531,0.8363116428343481,20.895848405800006,-5.987822440709405,0.7568906545639038
E2b_h0.01_e0.2_L2_alibi_learn_attn_s2,0.01,0.2,2,0,alibi_learn,0.0,2,L1H3,-0.0072587845533583235,0.7056690990747553,0.9679780322710128,-0.30843378361481716,0.7958307600169927,0.9989442112565287,0.23114513203746095,0.8015392055222097,6.475532511988456,0.9989648832686383,0.2300392662027346,0.09940768439040149,0.8103548743727542,7.646947674002297,-2.82036521731836,0.23551058769226074
E2b_h0.01_e0.3_L2_alibi_learn_attn_s0,0.01,0.3,2,0,alibi_learn,0.0,0,L1H0,0.47351123016589525,0.9999999969584883,1.0000000033750729,1.5571477786635142,0.9804730039589238,0.4628241519214722,0.1688879480222779,0.3764993996829249,4.764000135454205,0.4636272704022737,0.16148887364090922,0.6651121933486125,0.37782944198154456,5.252419024136048,-1.1759448654833826,0.1780136376619339
E2b_h0.01_e0.3_L2_alibi_learn_attn_s0,0.01,0.3,2,0,alibi_learn,0.0,0,L1H1,0.5050068188950518,0.9999975692347068,1.0000012053260658,1.5944225278163286,0.9713918542497696,0.4173062307196166,0.1649779099589368,0.32453043992662556,4.550143056877693,0.4181158967694595,0.17262063540984135,-0.6870142974386443,0.3323323952902374,5.767083056349248,-2.929973383793753,0.17549340426921844
E2b_h0.01_e0.3_L2_alibi_learn_attn_s0,0.01,0.3,2,0,alibi_learn,0.0,0,L1H2,0.02049185165489103,1.0000000010643877,1.0000000222401506,0.5009236283695974,0.17192044963410935,0.9978433130777196,0.6915899131697233,0.8136675395073107,18.820327134993665,0.9978527264584176,0.6893294318600331,0.192812717650538,0.8231034957730147,22.29232554938071,-8.292249934746925,0.6999379992485046
E2b_h0.01_e0.3_L2_alibi_learn_attn_s0,0.01,0.3,2,0,alibi_learn,0.0,0,L1H3,0.002403744206585939,0.7101155869062798,0.9594383251551446,-0.15195386586688728,0.4840895282643247,0.9992180344628535,0.23355026031861076,0.8043391249787375,6.553431887632156,0.9992264737657192,0.23283642103928573,0.06416791943136516,0.8140697933856191,7.7967739698911425,-2.993540527512822,0.23793348670005798
E2b_h0.01_e0.3_L2_alibi_learn_attn_s1,0.01,0.3,2,0,alibi_learn,0.0,1,L1H0,0.4851656141398222,0.9998835172134152,0.9998089978601001,1.3517627198332198,0.9786368575946138,0.23824964601030973,0.18906826313634129,0.20037517705217922,5.422798049685919,0.2386235352700785,0.18119108024762023,0.7080899742970639,0.2019981571626881,6.264635368159783,-2.0268550114909614,0.20590603351593018
E2b_h0.01_e0.3_L2_alibi_learn_attn_s1,0.01,0.3,2,0,alibi_learn,0.0,1,L1H1,0.43033567310867304,0.9999587729913141,0.9999231910668358,1.3927523921706495,0.9896469790408337,0.2835833031270377,0.2779415731496356,0.22160902199992094,7.684327582071414,0.2837125783434803,0.28418276813640087,-0.5610289440009488,0.22499333917048014,9.322342241707135,-3.943776486170818,0.26353538036346436
E2b_h0.01_e0.3_L2_alibi_learn_attn_s1,0.01,0.3,2,0,alibi_learn,0.0,1,L1H2,0.0801891753210738,1.0000000031144582,0.9999999995901284,0.9184817239624956,0.16898328488682135,0.9963508988055859,0.6748689919549672,0.8142637068867472,18.662817627161196,0.9963837352638121,0.6707578137292671,0.3579648998259168,0.8240080414258444,22.172544571435786,-8.41094529478668,0.6761890053749084
E2b_h0.01_e0.3_L2_alibi_learn_attn_s1,0.01,0.3,2,0,alibi_learn,0.0,1,L1H3,0.00390561757494132,0.7104086038683155,0.9872890619078196,-0.06849921159567492,0.13654260782369187,0.9981146187356801,0.1328741271134776,0.7946851932684038,3.7080599414320425,0.9981251077885863,0.1333271449332101,-0.040722347171824824,0.8044013978184861,4.415301241067174,-1.7027940446944545,0.13491980731487274
E2b_h0.01_e0.3_L2_alibi_learn_attn_s2,0.01,0.3,2,0,alibi_learn,0.0,2,L1H0,0.49871653609590016,1.000000000350581,0.9999999960611776,1.5812213816887128,0.9813101712626809,0.49086183016406304,0.20827332791931139,0.3728839741996891,5.677273984673891,0.4912877702339088,0.21472578620452107,-0.5800196702134377,0.3776903536785233,6.7890879538909745,-2.6768660237568964,0.19326689839363098
E2b_h0.01_e0.3_L2_alibi_learn_attn_s2,0.01,0.3,2,0,alibi_learn,0.0,2,L1H1,0.45435288401498086,0.9999999945740105,1.0000000013574017,1.6340647273422155,0.9776801370146794,0.4520634735563348,0.2107309862487786,0.3712151333532425,5.972284615551904,0.45323316138732417,0.19945743851640962,1.0133935236516944,0.37226864266726944,6.5210882176914735,-1.321330507582402,0.22565293312072754
E2b_h0.01_e0.3_L2_alibi_learn_attn_s2,0.01,0.3,2,0,alibi_learn,0.0,2,L1H2,0.04106098262802159,0.9999999999239603,0.9999999550916832,0.6418594998115468,0.15130407979241056,0.9932397350549914,0.7076899454736977,0.8301658534221555,18.69316084208804,0.9937911083674654,0.6899373393851117,1.4342885585468828,0.8368407253633572,21.525602022004463,-6.708432713929542,0.7392169833183289
E2b_h0.01_e0.3_L2_alibi_learn_attn_s2,0.01,0.3,2,0,alibi_learn,0.0,2,L1H3,0.004578268686176751,0.5974250763928295,0.9738921932992216,-0.1543602118367622,0.40871016378175096,0.9993457621324283,0.29544961361162664,0.8034984587979532,8.285467762401224,0.9993711817008597,0.2938824780833897,0.14087180297645652,0.8124869351168957,9.797070433615907,-3.639419852625271,0.30745312571525574
E2b_h0.03_e0.05_L2_alibi_learn_attn_s0,0.03,0.05,2,0,alibi_learn,0.0,0,L1H0,0.5231445736785386,0.9999935097582412,1.000000095653807,3.1944636928474344,0.981627637942898,0.9629916396781925,0.2523887189225713,0.7614827808110595,7.01920123568991,0.9644730064101407,0.26279958609973625,-0.9358460728954385,0.7811278781087636,8.963911227356,-4.682193466607803,0.256357878446579
E2b_h0.03_e0.05_L2_alibi_learn_attn_s0,0.03,0.05,2,0,alibi_learn,0.0,0,L1H1,0.4692091680748523,0.9999999855603309,0.9999999893614183,3.047500133432431,0.9836085933707989,0.9633523307061254,0.3142042133467671,0.7616876839105187,8.737895851017377,0.9647484895936967,0.3267843043322863,-1.1308403560548863,0.7808850735625715,11.13071343118592,-5.7610825720347965,0.315976083278656
E2b_h0.03_e0.05_L2_alibi_learn_attn_s0,0.03,0.05,2,0,alibi_learn,0.0,0,L1H2,0.011598714989289906,0.9986957389818654,0.9999334425632014,0.783721629812886,0.18722569797188637,0.9985482558498195,0.558509721194874,0.8117245118375883,15.748873961119362,0.998824896109157,0.5487328289026837,0.8788572653041957,0.819355303440262,18.38277878173763,-6.341537810581246,0.5550057888031006
E2b_h0.03_e0.05_L2_alibi_learn_attn_s0,0.03,0.05,2,0,alibi_learn,0.0,0,L1H3,-0.0034012093999546164,0.5423180653087433,0.9965648916939616,-1.2083957430735885,0.9394501657393322,0.9994190741017523,0.3416010654651212,0.8027620800091354,9.574978193216815,0.9994873603844027,0.33863138948204285,0.2669479457611101,0.8107937507212464,11.227006253435801,-3.9775159398359468,0.34154635667800903
E2b_h0.03_e0.05_L2_alibi_learn_attn_s1,0.03,0.05,2,0,alibi_learn,0.0,1,L1H0,0.4901743748152027,0.9999632145510758,0.9999999981283573,2.8517648566245524,0.9793502706346007,0.9594305697953409,0.19157609969474446,0.7566175103251547,5.320736039181739,0.9606207611208897,0.19867252887142883,-0.6379070315244536,0.774170552214607,6.718647992364582,-3.3656916672074653,0.19276928901672363
E2b_h0.03_e0.05_L2_alibi_learn_attn_s1,0.03,0.05,2,0,alibi_learn,0.0,1,L1H1,0.4757199392353606,0.9999999977808186,1.0000000004769198,2.7599479578890365,0.9774199718282458,0.9558783217712138,0.2828586815621088,0.7540599166149803,7.857241529437104,0.9583501232700484,0.29798634777761995,-1.3598451290312588,0.7776160726535186,10.252704657483635,-5.76745214232702,0.2857789993286133
E2b_h0.03_e0.05_L2_alibi_learn_attn_s1,0.03,0.05,2,0,alibi_learn,0.0,1,L1H2,0.025598888061791336,0.9999932760039227,0.9999995971136593,1.14763495699309,0.2938808923266143,0.998946891343149,0.5613890169538176,0.8106526421744936,15.816452531611684,0.9991802495409084,0.5523649735758921,0.8111827202438358,0.8183796496325717,18.480042988925362,-6.413010623896844,0.5579248666763306
E2b_h0.03_e0.05_L2_alibi_learn_attn_s1,0.03,0.05,2,0,alibi_learn,0.0,1,L1H3,0.008033885536127211,0.5622565422905239,0.9684666677958759,-0.4466561681758559,0.3307740625116774,0.9994720656414956,0.32370592232790607,0.8034727774226345,9.077157422478152,0.9995451929245042,0.3207938512903204,0.2617697640495069,0.8115493446894294,10.646969965056394,-3.779569222227181,0.32319602370262146
E2b_h0.03_e0.05_L2_alibi_learn_attn_s2,0.03,0.05,2,0,alibi_learn,0.0,2,L1H0,0.5128261556363481,0.9999530366147422,1.0000003017471581,3.0139249215833566,0.9816476286128438,0.9582393259250349,0.21767729809317196,0.7483997493507664,6.016472400189514,0.960818092804175,0.2295535422148581,-1.0675706675430028,0.7701756425119611,7.786716698287445,-4.26214002209797,0.220916286110878
E2b_h0.03_e0.05_L2_alibi_learn_attn_s2,0.03,0.05,2,0,alibi_learn,0.0,2,L1H1,0.4975447629746197,0.9997475081665694,1.0000017379642518,3.0692972107129877,0.9802860702716523,0.9640134193151262,0.2298370387905528,0.7566044556044802,6.368129612858389,0.9657427713689695,0.24007508572528546,-0.9203110418125433,0.7758794823980748,8.121384449792755,-4.221235237116076,0.23238512873649597
E2b_h0.03_e0.05_L2_alibi_learn_attn_s2,0.03,0.05,2,0,alibi_learn,0.0,2,L1H2,-0.00035598858020710963,0.9998440611497345,0.9999608234908994,0.6991120572588956,0.07023089159837381,0.9989214944519748,0.7743989798817646,0.8320334053727787,17.61695997526678,0.9989920431763151,0.767151085734727,0.47354965999166904,0.8352020472444677,19.39827543373031,-4.070050346838527,0.7714724540710449
E2b_h0.03_e0.05_L2_alibi_learn_attn_s2,0.03,0.05,2,0,alibi_learn,0.0,2,L1H3,-0.008204747263338322,0.48450547521624715,0.9894893252671852,-1.3575861299686307,0.9751685842567872,0.9997191703892321,0.3644069826702655,0.8038578896410729,10.219656260827573,0.9997686517841189,0.361710699018912,0.242372361839956,0.812348783357681,12.031386174795513,-4.3620231308479465,0.3640161454677582
E2b_h0.03_e0.1_L2_alibi_learn_attn_s0,0.03,0.1,2,0,alibi_learn,0.0,0,L1H0,0.5208980980136231,0.9999954549994771,0.9999999902360807,3.0596352037173244,0.977174262905671,0.9419078097643654,0.24551961172154724,0.7345297950969445,6.780873886004094,0.9445855273508824,0.25928730894303165,-1.2375957889271905,0.7561697607100273,8.788483863938946,-4.833635021399735,0.25177204608917236
E2b_h0.03_e0.1_L2_alibi_learn_attn_s0,0.03,0.1,2,0,alibi_learn,0.0,0,L1H1,0.5100401518399087,0.9999986980716888,1.0000000119286798,2.9742831548947124,0.9758980149676263,0.9367414165903927,0.2589840252319582,0.7247359611224558,7.1244606177577685,0.9404103066265825,0.27603021795898597,-1.5323039137794379,0.748203682980992,9.335862394426707,-5.324295650835542,0.2616235911846161
E2b_h0.03_e0.1_L2_alibi_learn_attn_s0,0.03,0.1,2,0,alibi_learn,0.0,0,L1H2,0.02323516089665349,0.9999702262771386,0.9999959332575157,0.8634524562028395,0.16414928614158442,0.99817120756203,0.6973099170747113,0.8183212953781102,19.055232481390274,0.9982679342124327,0.6900012402523888,0.6244428923219053,0.8268036846930034,22.38112973688838,-7.945236838095661,0.6936836242675781
E2b_h0.03_e0.1_L2_alibi_learn_attn_s0,0.03,0.1,2,0,alibi_learn,0.0,0,L1H3,-0.05292620026941558,0.5782088572845373,0.9990723292023977,-1.6250910542565462,0.9734245414427257,0.9993146855209984,0.2604143948878066,0.8000780608602369,7.287507287183707,0.9993219460643509,0.2596761586749757,0.06636099076957322,0.8090575913741962,8.619217529888466,-3.2063006949765933,0.2602415680885315
E2b_h0.03_e0.1_L2_alibi_learn_attn_s1,0.03,0.1,2,0,alibi_learn,0.0,1,L1H0,0.46979422566847606,0.9999612748281461,1.0000000053494245,2.609442806149224,0.9702686809509644,0.9384299942237107,0.18837340235668867,0.7384339299047158,5.2260484619739165,0.9400276656742762,0.19654786682527436,-0.7348129930740712,0.7573241421654114,6.667852154424851,-3.4713678943672,0.18929573893547058
E2b_h0.03_e0.1_L2_alibi_learn_attn_s1,0.03,0.1,2,0,alibi_learn,0.0,1,L1H1,0.4820662069497883,0.9999999998628655,1.0000000009226455,2.6105745455919895,0.9702394703593371,0.9317780541496672,0.2387110836098764,0.7295914080015224,6.606252515335178,0.9350118039695244,0.2535010261100091,-1.3294867153292906,0.7541531416876982,8.697064241891702,-5.033956244346189,0.24131128191947937
E2b_h0.03_e0.1_L2_alibi_learn_attn_s1,0.03,0.1,2,0,alibi_learn,0.0,1,L1H2,0.05843610869210591,1.0000000006718957,0.9999999786363496,2.53038468625311,0.22981362176143383,0.9980261871378483,0.7453592278570192,0.8253272768712453,18.91022670830737,0.9983330857171825,0.7313226992799884,1.0787146599668054,0.8306288168067093,21.452631813755453,-5.966899041817495,0.7390623092651367
E2b_h0.03_e0.1_L2_alibi_learn_attn_s1,0.03,0.1,2,0,alibi_learn,0.0,1,L1H3,-0.011090178712043897,0.6278981060457566,0.9974687187114945,-0.6991852192572795,0.6801113102510137,0.9994095191394525,0.2944111398612883,0.8043273368029983,8.260339203741834,0.9994640427050564,0.29212411148212414,0.20558388564747695,0.8128541727446372,9.727391258763179,-3.53215727621659,0.29376325011253357
E2b_h0.03_e0.1_L2_alibi_learn_attn_s2,0.03,0.1,2,0,alibi_learn,0.0,2,L1H0,0.4943580379559901,0.999955121961919,1.000001015872766,2.677203353222549,0.979574138973851,0.9245637500811681,0.18869288607643356,0.7169912057458077,5.19688348157516,0.9276434252752622,0.20014634031469158,-1.0295655479566184,0.7387385592603545,6.758086477267732,-3.758840391526818,0.1908106654882431
E2b_h0.03_e0.1_L2_alibi_learn_attn_s2,0.03,0.1,2,0,alibi_learn,0.0,2,L1H1,0.45705439147224675,0.9999999992692523,1.0000000061003007,2.5055590879309113,0.9763332046977942,0.9281858911728725,0.253654600108077,0.7211192502448674,6.992424327496602,0.9310489454215748,0.2684708052072357,-1.3318474937105926,0.7424993170549357,9.069244354504294,-5.0002690393156035,0.261422336101532
E2b_h0.03_e0.1_L2_alibi_learn_attn_s2,0.03,0.1,2,0,alibi_learn,0.0,2,L1H2,0.07832266108326029,1.000000001493105,0.9999999684566611,2.7883193038163143,0.38979507773052735,0.9982421678606808,0.7912260484991834,0.8375986261492487,17.599001538574324,0.9983590358598061,0.7815454886377208,0.6063462136016309,0.8399052264936848,19.108355350059828,-3.419118347084599,0.7856590747833252
E2b_h0.03_e0.1_L2_alibi_learn_attn_s2,0.03,0.1,2,0,alibi_learn,0.0,2,L1H3,-0.030630213594669352,0.6124015711756526,0.994666858528702,-0.9545427358308339,0.9538838943286765,0.9992599985551457,0.2580678218573803,0.799473332296637,7.2193079053389075,0.999277325614589,0.25693762532883513,0.10159480135901952,0.8079741351736294,8.503392543619723,-3.0916346034602986,0.25831925868988037
E2b_h0.03_e0.3_L2_alibi_learn_attn_s0,0.03,0.3,2,0,alibi_learn,0.0,0,L1H0,0.46823809305913794,0.9997800479133555,0.9999780343598283,1.328827226296659,0.9839766609876461,0.8002705044098342,0.2038253379361426,0.6365893240534539,5.685496681712413,0.8002705183984389,0.20385367950555427,-0.002547659669663291,0.6436149990195923,6.715770978959299,-2.480546510305376,0.20961374044418335
E2b_h0.03_e0.3_L2_alibi_learn_attn_s0,0.03,0.3,2,0,alibi_learn,0.0,0,L1H1,0.4464198497391622,0.9999519268397814,0.9999912941857816,1.289830562846141,0.976651221640761,0.8179066798993948,0.2083440073744502,0.6413306423427279,5.769910812254587,0.8180028914852951,0.2107205179635058,-0.21362755514163617,0.6490892815324694,6.864600397471471,-2.635636390943251,0.20666511356830597
E2b_h0.03_e0.3_L2_alibi_learn_attn_s0,0.03,0.3,2,0,alibi_learn,0.0,0,L1H2,0.15877032966514606,0.9999998457341202,0.9999999985821993,1.4416958298897236,0.18574919819902325,0.9954274367503326,0.8774251424985696,0.8469486771385122,17.966759925171793,0.9954274442055336,0.8775175975291475,-0.004954042197747135,0.8476658242012116,18.820895833376294,-1.8679694362908035,0.8671495914459229
E2b_h0.03_e0.3_L2_alibi_learn_attn_s0,0.03,0.3,2,0,alibi_learn,0.0,0,L1H3,-0.07383800603266676,0.5090249531458496,0.9794166144894478,-0.8041258079080845,0.9475842860318364,0.9992666801111045,0.27175541416862004,0.796128159597943,7.586264207928858,0.9992955098253673,0.2732905775494985,-0.1379977860440941,0.8065445279828193,9.08306753583578,-3.603788118925833,0.2724890112876892
E2b_h0.03_e0.3_L2_alibi_learn_attn_s1,0.03,0.3,2,0,alibi_learn,0.0,1,L1H0,0.4831896277882672,0.9976443844034313,0.9988886062163524,1.293233903936404,0.9881813954310348,0.8018017040926361,0.17539279749830156,0.6186556120598135,4.81838740730059,0.8033441295377608,0.18348333340128103,-0.7272685477181071,0.6323104862015341,6.053171969326815,-2.972936959116552,0.17831191420555115
E2b_h0.03_e0.3_L2_alibi_learn_attn_s1,0.03,0.3,2,0,alibi_learn,0.0,1,L1H1,0.43643519882744114,0.9989026214704183,0.9992505835614872,1.2525178612437682,0.9896082021829217,0.8123923090498734,0.18372588823044564,0.6334348985605265,5.073847576972773,0.8132280933524221,0.18992360164508235,-0.5571203302584578,0.645580869593497,6.285763934214692,-2.917878179404934,0.18688659369945526
E2b_h0.03_e0.3_L2_alibi_learn_attn_s1,0.03,0.3,2,0,alibi_learn,0.0,1,L1H2,0.15807893146134847,1.0000000012462862,0.9999999946747572,1.1569874502304687,0.17870689553784624,0.9962082111660799,0.8063216000680891,0.839521189945027,17.203459267021646,0.9962145279118768,0.8086893267478709,-0.13794082146323744,0.8417880076280643,18.66020479242927,-3.2522485692240424,0.8056073188781738
E2b_h0.03_e0.3_L2_alibi_learn_attn_s1,0.03,0.3,2,0,alibi_learn,0.0,1,L1H3,-0.07901257241857522,0.6146311904038457,0.9941874381857803,-0.7283014006076102,0.9775782482011013,0.9984419003019552,0.1711132029930129,0.7924473963782845,4.767671367419217,0.9984642947085585,0.1719654958183428,-0.07661368452489459,0.8020944905432446,5.675051890952788,-2.1846605289337857,0.17186066508293152
E2b_h0.03_e0.3_L2_alibi_learn_attn_s2,0.03,0.3,2,0,alibi_learn,0.0,2,L1H0,0.42465282447353114,0.9999633022947243,0.9999999974538426,1.3712713814011674,0.9834940571231582,0.833517989715771,0.21073933043023949,0.6615523545158082,5.871772029720992,0.8335194331146989,0.2110309913409657,-0.02621776968962248,0.6688548265543257,6.935895767005717,-2.562044331406052,0.21039409935474396
E2b_h0.03_e0.3_L2_alibi_learn_attn_s2,0.03,0.3,2,0,alibi_learn,0.0,2,L1H1,0.4986487297629636,0.99998647788599,0.9999996803505469,1.338168241224155,0.9787372194599142,0.8123958521905125,0.19851918711197677,0.6255744013632081,5.4482508220403805,0.8136186734938678,0.20661941185898305,-0.7281394902130094,0.6376712218255611,6.755093562371954,-3.1464282936203216,0.20581768453121185
E2b_h0.03_e0.3_L2_alibi_learn_attn_s2,0.03,0.3,2,0,alibi_learn,0.0,2,L1H2,0.1363163361526152,0.9999999971512737,0.9999999962941536,1.3615482378773658,0.1678067968532383,0.9951780472721284,0.8986526151669741,0.8482630263653068,18.374624547740236,0.9951841633989822,0.8959333182347857,0.1450781263290629,0.8488207869539348,19.14452189897952,-1.6820182838046864,0.8868713974952698
E2b_h0.03_e0.3_L2_alibi_learn_attn_s2,0.03,0.3,2,0,alibi_learn,0.0,2,L1H3,-0.05891369557365536,0.5419601646808409,0.9966306974850577,-0.7775739171134431,0.9722376048511181,0.9995878466122227,0.23420882488806358,0.7987721023675037,6.547917286720439,0.9995955502703399,0.23489263922687376,-0.06146893939523487,0.808936470274105,7.822012934694081,-3.067584546971319,0.2345743030309677
E2c_h0.01_e0.1_L2_alibi_learn_attn_cf0.2_s0,0.01,0.1,2,0,alibi_learn,0.2,0,L1H0,0.29957604125898607,0.9998566564505121,0.9999879847101797,1.7971788477104262,0.9386958801071309,0.22543734239505653,0.02795752622371056,0.1939324196381712,0.8109797124412241,0.22567584412922925,0.02891390188396132,-0.08596982274652132,0.20291577279068584,1.1120543152044275,-0.7248841956181279,0.02836206927895546
E2c_h0.01_e0.1_L2_alibi_learn_attn_cf0.2_s0,0.01,0.1,2,0,alibi_learn,0.2,0,L1H1,0.33949405042725045,0.9999931738462432,0.9999991919589357,1.722047973717207,0.9579529297416759,0.43685832818151105,0.05414502448146835,0.36615499289793585,1.550314089647274,0.436861347254759,0.05429472455061026,-0.01345672934199898,0.3744584376320681,1.95301857520004,-0.9695740338195203,0.04746707156300545
E2c_h0.01_e0.1_L2_alibi_learn_attn_cf0.2_s0,0.01,0.1,2,0,alibi_learn,0.2,0,L1H2,0.1891240582789465,0.9999950118814631,1.000000000301956,1.3394304661727148,0.8387321706132841,0.9934108891044395,0.21492902412348527,0.7898959420951193,5.993969367829481,0.9934862265276593,0.21689751280020234,-0.17694994723257823,0.8008813146055912,7.213259546275988,-2.9356318072548535,0.21454836428165436
E2c_h0.01_e0.1_L2_alibi_learn_attn_cf0.2_s0,0.01,0.1,2,0,alibi_learn,0.2,0,L1H3,0.17212706235026984,0.8445336817060244,0.9957216249442161,1.0008018276558424,0.20613480557188946,0.9986248279095931,0.34451413774153244,0.7951686687594619,9.61467188447725,0.998633869586904,0.3456043907706528,-0.09800422946538283,0.804841626711866,11.443844081479567,-4.40401815530726,0.3458613157272339
E2c_h0.01_e0.1_L2_alibi_learn_attn_cf0.2_s1,0.01,0.1,2,0,alibi_learn,0.2,1,L1H0,0.31077548888715834,0.9999253066156858,0.9999956303919596,1.742624936098887,0.9441550351765396,0.2630693937212004,0.03178968065435802,0.22647232359285818,0.9224812343912033,0.2634896363392202,0.030453399076488512,0.12012004818144913,0.22913533435615696,1.0950278863364153,-0.41543305165556993,0.029827207326889038
E2c_h0.01_e0.1_L2_alibi_learn_attn_cf0.2_s1,0.01,0.1,2,0,alibi_learn,0.2,1,L1H1,0.3324551326338146,0.9999964073067531,0.9999994469594136,1.7179429198641423,0.9545866971660552,0.40461986596704536,0.05275072536365727,0.3502673284863874,1.5349831731383292,0.40472670360950835,0.053652221592443095,-0.08103664095241994,0.36371287150432385,2.0537391110255427,-1.2489860563006576,0.04717734083533287
E2c_h0.01_e0.1_L2_alibi_learn_attn_cf0.2_s1,0.01,0.1,2,0,alibi_learn,0.2,1,L1H2,0.19420063704466345,0.9999961708590279,0.9999999989817984,1.367251266090577,0.8100055790700169,0.9932122263681754,0.21411305874940506,0.7937698377311628,5.986436667969331,0.9932409390987075,0.21532381384651375,-0.1088363134007211,0.8046163836077992,7.193519098196095,-2.906239744067327,0.2133462280035019
E2c_h0.01_e0.1_L2_alibi_learn_attn_cf0.2_s1,0.01,0.1,2,0,alibi_learn,0.2,1,L1H3,0.16294146537605722,0.8397048105289594,0.9944761694471441,0.9643768722161332,0.2124372296064756,0.9985761504819933,0.3419253763413349,0.7951624647315134,9.54262029873072,0.9985828377095358,0.34285597135397833,-0.08365236759033053,0.8047277008433527,11.347954704508139,-4.346624944592093,0.3432829678058624
E2c_h0.01_e0.1_L2_alibi_learn_attn_cf0.2_s2,0.01,0.1,2,0,alibi_learn,0.2,2,L1H0,0.3092839648069856,0.9999091603759942,0.9999934418805437,1.7425000572168747,0.9300123820539589,0.3251661920149499,0.03390036054185217,0.26665425563674416,0.9601185336729335,0.3254708150720409,0.03499162482727754,-0.09809513257900175,0.2748915304902215,1.2511986071466532,-0.7008208031629117,0.02966199815273285
E2c_h0.01_e0.1_L2_alibi_learn_attn_cf0.2_s2,0.01,0.1,2,0,alibi_learn,0.2,2,L1H1,0.32681452900331975,0.9999954655691649,0.9999994153274167,1.735833944828929,0.9444692938051749,0.3902461982085692,0.050093025833685356,0.34517840344749506,1.4734272657154754,0.3903345384189385,0.04930037107514549,0.07125274295771485,0.3547571230183977,1.896807644771139,-1.0193544812334858,0.04619646444916725
E2c_h0.01_e0.1_L2_alibi_learn_attn_cf0.2_s2,0.01,0.1,2,0,alibi_learn,0.2,2,L1H2,0.1872612486234119,0.9999921311215006,0.9999999592145135,1.3928708392131486,0.8273136671584098,0.9931344370932406,0.2116224347268948,0.7874667763116707,5.893493038517476,0.9932435228772352,0.21395502626534602,-0.2096796159033398,0.7985079348093586,7.097236886991145,-2.8982015863270596,0.21027696132659912
E2c_h0.01_e0.1_L2_alibi_learn_attn_cf0.2_s2,0.01,0.1,2,0,alibi_learn,0.2,2,L1H3,0.17739280795055015,0.8541996730030893,0.9957961492813037,1.0976409079823162,0.21122297276402147,0.9985375109186923,0.35163933792086366,0.7947392691276377,9.811300262595433,0.9985449394646432,0.35264804274988004,-0.09067375818760111,0.804267439226449,11.664358571001024,-4.461527704409361,0.3529379069805145
E2c_h0.01_e0.1_L3_alibi_learn_attn_cf0.2_s0,0.01,0.1,3,0,alibi_learn,0.2,0,L1H0,0.061173193264269635,0.9195026401430368,1.0005645671317414,0.3612223860944324,0.991973921912729,0.9537568952931585,0.019076631791096234,0.809666901661357,0.5497117423029024,0.9588798967881643,0.01760620968082993,0.13217811100401516,0.8114862646150975,0.594659869181407,-0.10821964555573096,0.01857643760740757
E2c_h0.01_e0.1_L3_alibi_learn_attn_cf0.2_s0,0.01,0.1,3,0,alibi_learn,0.2,0,L1H1,0.019032801842650708,0.5703921337416042,0.9997129801898297,0.11276717002539913,0.2601422651403992,0.9967470083955422,0.04986092417531504,0.7967436342507147,1.3942033556090176,0.9967543190995012,0.04971890585111869,0.012766207532633288,0.8054645868651564,1.6458081367066821,-0.6057778626485532,0.049882326275110245
E2c_h0.01_e0.1_L3_alibi_learn_attn_cf0.2_s0,0.01,0.1,3,0,alibi_learn,0.2,0,L1H2,0.005986096233979032,0.9999998534682969,0.9999999584964854,0.09698164417080307,0.21481075669508132,0.9990963533737737,0.3908047752634089,0.8056190277759494,10.975391012067776,0.9991730173277124,0.3872043921738327,0.3236430085948764,0.8140690873263278,12.91428976920139,-4.668202010566808,0.3899485766887665
E2c_h0.01_e0.1_L3_alibi_learn_attn_cf0.2_s0,0.01,0.1,3,0,alibi_learn,0.2,0,L1H3,2.101319595123857e-05,0.07564063095004457,-0.036552890845714864,-0.08066258687594896,0.04815157830925021,0.9999152883535887,1.5009229091894079,0.862830397806781,24.544904510913625,0.9999187385494686,1.4973701386413234,0.13765273883693122,0.8639463823023721,23.24170514745679,2.72526012063679,1.502711534500122
E2c_h0.01_e0.1_L3_alibi_learn_attn_cf0.2_s0,0.01,0.1,3,0,alibi_learn,0.2,0,L2H0,0.3573542533458503,0.9949450974568858,1.0077892148019791,1.7717935560509321,0.9937320049851162,0.036683986275817926,-0.009758267056047126,0.11035241225852843,-0.5293273359990036,0.6715977790351879,0.03293788636365878,-3.8380114572217847,0.7479038499482137,1.6653017238365762,-5.283912711728444,0.03200553357601166
E2c_h0.01_e0.1_L3_alibi_learn_attn_cf0.2_s0,0.01,0.1,3,0,alibi_learn,0.2,0,L2H1,0.3029386610599629,0.9996390108970947,0.9999452637554486,0.8086585730897626,0.9701837382336994,0.5466309586254345,0.07528070365692334,0.46392650969650173,2.169002844179998,0.6145665562222442,0.10319214017563653,-2.5089944776359547,0.6798521432692726,4.721455712815219,-6.145429496718601,0.09917677938938141
E2c_h0.01_e0.1_L3_alibi_learn_attn_cf0.2_s0,0.01,0.1,3,0,alibi_learn,0.2,0,L2H2,0.21182935771314643,0.9548721936848764,0.9555656662040496,0.650095323164882,0.8958201028662757,0.9513456326439004,0.24331441978145266,0.6791920225938011,6.429747829435826,0.9892774722297779,0.29441167445694527,-4.593197118937799,0.7574823679150937,10.195240965397192,-9.066013665436065,0.2974875569343567
E2c_h0.01_e0.1_L3_alibi_learn_attn_cf0.2_s0,0.01,0.1,3,0,alibi_learn,0.2,0,L2H3,0.04122144632974988,0.7612419560798832,0.7623075091875727,-0.6678297011194373,0.4429327813434343,0.9997604771972024,0.6350430787523559,0.8082472934410346,17.785605462102577,0.9998604020553997,0.6283533316297596,0.597878223640733,0.8164764515197475,20.879400818780976,-7.443585848878779,0.6277928948402405
E2c_h0.01_e0.1_L3_alibi_learn_attn_cf0.2_s1,0.01,0.1,3,0,alibi_learn,0.2,1,L1H0,0.060310013874640925,0.9280672982567921,1.0012098782011982,0.358454786302515,0.9897092216543171,0.9448031181629166,0.019178897774945216,0.8013259498759213,0.5524036734311125,0.951185192717944,0.01752110266858965,0.1490213075958805,0.8022174042058416,0.5841849697373407,-0.076518441599542,0.018539192155003548
E2c_h0.01_e0.1_L3_alibi_learn_attn_cf0.2_s1,0.01,0.1,3,0,alibi_learn,0.2,1,L1H1,0.017572151084451527,0.5454257109002876,0.9999569546383442,0.07968479337164486,0.0728911056320296,0.9944654831279287,0.041616296524481414,0.797459031587483,1.165525371849594,0.9945367915245897,0.04124567056117519,0.03331603855575268,0.8051752797627107,1.3632864124643933,-0.4761406360250561,0.04152384027838707
E2c_h0.01_e0.1_L3_alibi_learn_attn_cf0.2_s1,0.01,0.1,3,0,alibi_learn,0.2,1,L1H2,0.006123835577770532,0.9999989825316815,0.9999999176453318,0.08979979697550662,0.19378364274627002,0.998962623723587,0.3666127661221715,0.803098940900935,10.280552606977292,0.9990276865094909,0.36350107684673194,0.27971370097568526,0.8112973244175192,12.072256148137765,-4.3138065060962845,0.3661216199398041
E2c_h0.01_e0.1_L3_alibi_learn_attn_cf0.2_s1,0.01,0.1,3,0,alibi_learn,0.2,1,L1H3,-0.0001211898563776717,0.07196857354245376,-0.008236085155865729,0.04765833632930549,0.008969864500053992,0.9998694503383967,1.6895337964566204,0.8634448610447921,26.598626769352418,0.9998783896014732,1.682955194395243,0.23797888993940888,0.8659942761176957,24.490962631106097,4.328102528485053,1.6928828954696655
E2c_h0.01_e0.1_L3_alibi_learn_attn_cf0.2_s1,0.01,0.1,3,0,alibi_learn,0.2,1,L2H0,0.40643028918004526,0.993503548416941,1.0076878875716022,1.82107675625655,0.9959336502529907,0.004509797480166777,-0.002533539847221848,0.06339699533443433,-0.29708623234340237,0.6525699990616736,0.0294078512543001,-2.871252213335512,0.6543333042769575,1.267460823391565,-3.766891739105404,0.03166777640581131
E2c_h0.01_e0.1_L3_alibi_learn_attn_cf0.2_s1,0.01,0.1,3,0,alibi_learn,0.2,1,L2H1,0.2766197212939262,0.9997161107199043,0.9999915481573767,0.8031906895481231,0.9771265524916211,0.7044993900909401,0.0828482529951903,0.597543788888534,2.3863101118843484,0.7292791882190985,0.09918963782685825,-1.4689478369230502,0.7110197260828968,4.1800687520909845,-4.318754478476952,0.10261987894773483
E2c_h0.01_e0.1_L3_alibi_learn_attn_cf0.2_s1,0.01,0.1,3,0,alibi_learn,0.2,1,L2H2,0.1848526740612722,0.9672025899699129,0.9814497262462708,0.6178576453019065,0.9082137287500199,0.9662353608108109,0.24801594743496733,0.7031699503279905,6.617093387511129,0.9932277750929515,0.29161288062551477,-3.9189836948596466,0.7665908581476492,10.044956283280339,-8.253116055236317,0.29842209815979004
E2c_h0.01_e0.1_L3_alibi_learn_attn_cf0.2_s1,0.01,0.1,3,0,alibi_learn,0.2,1,L2H3,0.047547047822743604,0.7625871998809627,0.8482685766907455,-0.7973686194126121,0.40417476669229624,0.9996667629770382,0.6017812343733249,0.811249819044986,16.954589916334754,0.9999033960345427,0.5920437751222246,0.8753125791586024,0.8189601198392559,19.805711563776796,-6.864521294879708,0.5923214554786682
E2c_h0.01_e0.1_L3_alibi_learn_attn_cf0.2_s2,0.01,0.1,3,0,alibi_learn,0.2,2,L1H0,0.05366538554202117,0.9081452451646328,1.0009576929100947,0.3275164854998002,0.9913567712791573,0.9643247468837085,0.020306437358750182,0.8195396719077073,0.5854718782525262,0.9686847064001036,0.018870418182402687,0.12908558758054703,0.8222343603577167,0.6433807939106136,-0.1394247716701167,0.01966680772602558
E2c_h0.01_e0.1_L3_alibi_learn_attn_cf0.2_s2,0.01,0.1,3,0,alibi_learn,0.2,2,L1H1,0.029470440888424442,0.5472528756280164,1.0000862190255808,0.20336104519782763,0.40549569422397935,0.9972027248296963,0.049138981629682874,0.7937477206465637,1.3711173871358588,0.9972079787996775,0.04925760633548825,-0.010663325464358907,0.8031611293862917,1.628676520118735,-0.6201138961004807,0.049358006566762924
E2c_h0.01_e0.1_L3_alibi_learn_attn_cf0.2_s2,0.01,0.1,3,0,alibi_learn,0.2,2,L1H2,0.007542993260623548,1.000000002361839,0.999999909583326,0.13809467822800378,0.2970034599624384,0.9992741278007935,0.4428903545925715,0.8045067550219247,12.428471395459868,0.9993252380837284,0.4395591218661507,0.2994487406159431,0.8131434682297046,14.649720278801926,-5.348004100284286,0.44197630882263184
E2c_h0.01_e0.1_L3_alibi_learn_attn_cf0.2_s2,0.01,0.1,3,0,alibi_learn,0.2,2,L1H3,-9.133455410941877e-05,0.03686139516008843,0.0028622248766247134,0.03342767906919033,0.02114590388717419,0.9998707761177223,1.643845426158376,0.8609758469542624,26.01593637890592,0.9998730350499297,1.6406480255658786,0.11690399998762271,0.8631921664664104,24.088774801266187,3.962329736254087,1.647159218788147
E2c_h0.01_e0.1_L3_alibi_learn_attn_cf0.2_s2,0.01,0.1,3,0,alibi_learn,0.2,2,L2H0,0.3381951403124602,0.9990815865166951,1.0014553885106983,1.6707851996063845,0.9944083356056025,0.027480233621194672,-0.007980041665457573,0.09037702868260755,-0.4526087515926371,0.6413168138203765,0.031685945110367465,-3.56562592913488,0.7261797414507489,1.6181295167189675,-4.985626254039475,0.031981661915779114
E2c_h0.01_e0.1_L3_alibi_learn_attn_cf0.2_s2,0.01,0.1,3,0,alibi_learn,0.2,2,L2H1,0.2944168458584221,0.9997611820586972,0.9999505935854618,0.8081998990519281,0.97300325460575,0.5222258014664599,0.06894515375788302,0.46559258706625783,2.035994401786549,0.5808005216121414,0.0932295116332619,-2.1829517718090523,0.6821161829195422,4.430943403934856,-5.76621430381537,0.08941745012998581
E2c_h0.01_e0.1_L3_alibi_learn_attn_cf0.2_s2,0.01,0.1,3,0,alibi_learn,0.2,2,L2H2,0.214673870919644,0.950516838946653,0.9390564753707357,0.6683526927521398,0.863612833077914,0.9591863104700642,0.24217869163747371,0.6912904639512174,6.430040298106852,0.9921811032173816,0.2894180593795485,-4.246406762776819,0.7634328924208031,10.013057507099543,-8.626674331176796,0.2950877249240875
E2c_h0.01_e0.1_L3_alibi_learn_attn_cf0.2_s2,0.01,0.1,3,0,alibi_learn,0.2,2,L2H3,0.06221425883531322,0.7345396963479806,0.673743264713768,-0.767169997245234,0.3397371898007271,0.9998084311487639,0.6952200196276188,0.8128647795148154,18.951587668831444,0.9999108122239071,0.6877280315593797,0.6415058734581721,0.8201766500734715,22.03490444823569,-7.368712605671203,0.6872215270996094
E2c_h0.03_e0.2_L2_alibi_learn_attn_cf0.2_s0,0.03,0.2,2,0,alibi_learn,0.2,0,L1H0,0.43425741326367967,0.9975621519130949,1.0000526456079317,1.5018235940198261,0.9844657305203329,0.7403953544363076,0.09155719422992462,0.5923738733480404,2.5612828975106363,0.7406801478716345,0.09344571841591091,-0.16976183760175384,0.6039262950255646,3.178255986842092,-1.4854592100211645,0.09351486712694168
E2c_h0.03_e0.2_L2_alibi_learn_attn_cf0.2_s0,0.03,0.2,2,0,alibi_learn,0.2,0,L1H1,0.4492927877222574,0.9992666496316508,1.000049644683315,1.4547485077908473,0.9844776340767679,0.799076053545369,0.11399590376284738,0.6109476185603893,3.117425942551431,0.8021356891412394,0.12141458945547619,-0.6668750790251549,0.6285341006086154,4.029759705424749,-2.1965862273538534,0.11512552201747894
E2c_h0.03_e0.2_L2_alibi_learn_attn_cf0.2_s0,0.03,0.2,2,0,alibi_learn,0.2,0,L1H2,0.08166786291037748,0.9999998789839649,1.0000000099282433,0.909238109541309,0.41796846439981383,0.9982440511360631,0.6213520853370379,0.8082059805188101,17.447302821185843,0.9982446002920088,0.6208668688256332,0.04347951617939453,0.819263277788204,20.9664182283201,-8.469674539142874,0.6205388903617859
E2c_h0.03_e0.2_L2_alibi_learn_attn_cf0.2_s0,0.03,0.2,2,0,alibi_learn,0.2,0,L1H3,0.03588705405737008,0.609285872553165,0.9876520570992354,0.1300104973297643,0.04070539043703625,0.9998063499885835,0.40357132711731414,0.7994627679339641,11.286530202670148,0.9998297358406594,0.405624076300692,-0.18452423119152264,0.8103115788524078,13.554422887887391,-5.460306348605958,0.4043843746185303
E2c_h0.03_e0.2_L2_alibi_learn_attn_cf0.2_s1,0.03,0.2,2,0,alibi_learn,0.2,1,L1H0,0.43711731277857896,0.9969184961883814,1.0002960141657002,1.4839331766233497,0.982103987909655,0.7409006634706506,0.09357253872549177,0.599549411304944,2.6325697106931,0.7409009098898371,0.09351578392364812,0.005101761219266057,0.6078681583583827,3.167462142129657,-1.2878371883432134,0.09419453144073486
E2c_h0.03_e0.2_L2_alibi_learn_attn_cf0.2_s1,0.03,0.2,2,0,alibi_learn,0.2,1,L1H1,0.4416892322640348,0.9983231964427272,1.00009689927736,1.4573022777799787,0.985101674665238,0.8142636455769414,0.11482505640151162,0.6251123556423102,3.1465320180000256,0.8167830136041511,0.12154238947263563,-0.6038296011239612,0.6417280611481153,4.0314084140603565,-2.1304783222919377,0.11814103275537491
E2c_h0.03_e0.2_L2_alibi_learn_attn_cf0.2_s1,0.03,0.2,2,0,alibi_learn,0.2,1,L1H2,0.08668413815382761,0.9999998244680205,0.9999999902340394,0.9140016343850391,0.3717432595493263,0.9983515421164779,0.6378414198282691,0.8085509741881165,17.83341876262048,0.9983534646362376,0.6369074365211427,0.08314724932119281,0.8191089704636502,21.34562752970041,-8.445525005320537,0.6365155577659607
E2c_h0.03_e0.2_L2_alibi_learn_attn_cf0.2_s1,0.03,0.2,2,0,alibi_learn,0.2,1,L1H3,0.03413638465320038,0.5983375709002984,0.9907945705209075,0.10403095446194277,0.02734855211652687,0.9998120732755909,0.40623962082851445,0.7997347653280789,11.363053374891164,0.9998269506014755,0.4078877166534077,-0.1481494268666175,0.8103584185468203,13.622120342677182,-5.439057053507104,0.4066122770309448
E2c_h0.03_e0.2_L2_alibi_learn_attn_cf0.2_s2,0.03,0.2,2,0,alibi_learn,0.2,2,L1H0,0.4457253886023432,0.9961318707121986,1.0001399794766126,1.487444790545941,0.9836223656667218,0.7683627733332462,0.09571305579239393,0.5959812805418114,2.6363514353465196,0.7699803541887099,0.10033173665409957,-0.41517908862243097,0.6104593818992599,3.34513380002146,-1.7065043998075213,0.09688330441713333
E2c_h0.03_e0.2_L2_alibi_learn_attn_cf0.2_s2,0.03,0.2,2,0,alibi_learn,0.2,2,L1H1,0.4287531251946098,0.9990508853304776,1.0000396689208797,1.3979762566991367,0.986617661414609,0.8281119437666892,0.11589974416563587,0.6414002344870657,3.1900793021295595,0.8298913733773734,0.12155009339515456,-0.5079170684773651,0.6569028904032339,4.045559733334401,-2.0597029392369604,0.11874359101057053
E2c_h0.03_e0.2_L2_alibi_learn_attn_cf0.2_s2,0.03,0.2,2,0,alibi_learn,0.2,2,L1H2,0.08338025158815501,0.9999998055046603,1.0000000236658768,0.8160000171968927,0.40560673634353184,0.9985551482494224,0.6142893045972883,0.8053210136277593,17.23873748832307,0.9985592657413063,0.615601747390625,-0.11783465110835037,0.8166649681705898,20.767511967562694,-8.494863984594906,0.6143797636032104
E2c_h0.03_e0.2_L2_alibi_learn_attn_cf0.2_s2,0.03,0.2,2,0,alibi_learn,0.2,2,L1H3,0.04212530796580041,0.5708083213349132,0.978699896954476,0.18786811970715292,0.06576921326946927,0.9997529120053539,0.4018727306795237,0.7981879984712466,11.230362237998014,0.9997842828039639,0.4042402957150204,-0.21282342797089712,0.8090075845060581,13.485725978235555,-5.4301409539821694,0.40292397141456604
E2c_h0.03_e0.2_L3_alibi_learn_attn_cf0.2_s0,0.03,0.2,3,0,alibi_learn,0.2,0,L1H0,-0.0055786164530006585,0.30801246920600533,0.9900222900977959,-0.07380004730231499,0.6096654391957208,0.9761282230051213,0.02098415425959212,0.7818293685783553,0.5873446192196787,0.9764384163610937,0.02059073898985856,0.03536459825410269,0.7872203723895401,0.6714728832359759,-0.20255195367032233,0.02082052268087864
E2c_h0.03_e0.2_L3_alibi_learn_attn_cf0.2_s0,0.03,0.2,3,0,alibi_learn,0.2,0,L1H1,0.05103656529257465,0.8550636094943391,0.9996310099094989,0.2358288492302822,0.9910402482753244,0.9839982331139961,0.051113594620867536,0.7814993950315807,1.4246315469501123,0.9842671172688208,0.05022496905989092,0.07987968027664023,0.7862641159908415,1.6165103821744253,-0.46197830654322686,0.051002416759729385
E2c_h0.03_e0.2_L3_alibi_learn_attn_cf0.2_s0,0.03,0.2,3,0,alibi_learn,0.2,0,L1H2,0.0038205497878049653,0.9993016996042016,0.9999447445047872,0.04199306739017634,0.06326304060152355,0.9992353723936859,0.47956637352653875,0.8029797470945941,13.445163521696609,0.9992751605164937,0.47638372646868743,0.28609218615674564,0.8115635578953302,15.843024303453696,-5.7732248686393595,0.47876638174057007
E2c_h0.03_e0.2_L3_alibi_learn_attn_cf0.2_s0,0.03,0.2,3,0,alibi_learn,0.2,0,L1H3,7.452777757621227e-05,0.004948392411203271,-0.015138184870412488,-0.13730093194808635,0.0210702472246308,0.999855295748955,3.1394265211356105,0.8955542237727732,36.379518957508836,0.999875121269486,3.1214810024069064,0.4265205334866063,0.9093958577679864,31.17334318549344,10.560578216670725,3.1396360397338867
E2c_h0.03_e0.2_L3_alibi_learn_attn_cf0.2_s0,0.03,0.2,3,0,alibi_learn,0.2,0,L2H0,0.3839901927659168,0.8457280427080279,1.0018826553595264,1.2588955824233756,0.952425230967278,0.0003293619615689636,0.0006906624166632491,0.0781337851593773,-0.3326959428169957,0.8769039075685839,0.03816383494389904,-3.3685110713416164,0.683297396411104,1.2644131388107833,-3.845289909294379,0.032528795301914215
E2c_h0.03_e0.2_L3_alibi_learn_attn_cf0.2_s0,0.03,0.2,3,0,alibi_learn,0.2,0,L2H1,0.41478133350610075,0.9993503894711466,1.0010111715699868,0.8148655168694793,0.9957683380831197,0.542575381149351,0.05191380431046995,0.2278642262676418,1.0521795501544928,0.9269823426330769,0.09787013722899558,-4.131073132967369,0.6010378136748595,3.3747951305988964,-5.592060277780234,0.10064668953418732
E2c_h0.03_e0.2_L3_alibi_learn_attn_cf0.2_s0,0.03,0.2,3,0,alibi_learn,0.2,0,L2H2,0.15121043204332113,0.9898694918171448,1.0009241089834455,0.4809077021944594,0.9725664912617198,0.9801983260574428,0.19934303887430282,0.7208302102916893,5.346376697940253,0.9968921921810749,0.22670325292723156,-2.459444390105524,0.7655423963094068,7.643192252533843,-5.529942680300569,0.234622061252594
E2c_h0.03_e0.2_L3_alibi_learn_attn_cf0.2_s0,0.03,0.2,3,0,alibi_learn,0.2,0,L2H3,0.0006309586037697997,0.6963366485344313,1.0012968490861955,-0.3249981986628848,0.6110067534542873,0.9998498246767692,0.6170676774299813,0.8051646799226038,17.31835898322312,0.9999026969455334,0.6123483912344632,0.4242226298528436,0.8138104328603148,20.413895231930265,-7.452987675003855,0.6117548942565918
E2c_h0.03_e0.2_L3_alibi_learn_attn_cf0.2_s1,0.03,0.2,3,0,alibi_learn,0.2,1,L1H0,-0.0009705105301447042,0.3134903185751422,1.0216708692079821,-0.02030743268201692,0.27695967419018797,0.9592235147755888,0.01324959995158533,0.7746243071301828,0.3723808910247773,0.9598487095023353,0.012893847876654442,0.03197900583908391,0.7793357088981475,0.42247503968854366,-0.12060949786544828,0.013209192082285881
E2c_h0.03_e0.2_L3_alibi_learn_attn_cf0.2_s1,0.03,0.2,3,0,alibi_learn,0.2,1,L1H1,0.052478321941764855,0.882034475333577,1.001418158563459,0.22351697052028036,0.9874875832755612,0.9927871138022553,0.04521945898988099,0.7976498867333844,1.26765892764987,0.9930149553900278,0.044498997574600414,0.06476319164285496,0.8040669603871733,1.4637847967158377,-0.4722037047728214,0.045005932450294495
E2c_h0.03_e0.2_L3_alibi_learn_attn_cf0.2_s1,0.03,0.2,3,0,alibi_learn,0.2,1,L1H2,0.0034797472402449126,0.9999882054755361,0.9999994653424675,0.04844305753539669,0.08734917278422083,0.9993607369389138,0.5450221871250741,0.8034654021677743,15.283949711160576,0.999399176550908,0.5414671882329856,0.31956336544242303,0.8121467473302821,18.024360226370952,-6.597966928296869,0.544045627117157
E2c_h0.03_e0.2_L3_alibi_learn_attn_cf0.2_s1,0.03,0.2,3,0,alibi_learn,0.2,1,L1H3,5.359642958866599e-06,0.004703628425234377,0.002140822380307919,0.04522099281084937,0.0007499427015542626,0.9999492063722144,2.980942692025649,0.8930781930518692,36.62707293397722,0.9999522429693687,2.9741817856895048,0.17394592936122985,0.9032073213322955,31.88067599498138,9.640367660863072,2.979337453842163
E2c_h0.03_e0.2_L3_alibi_learn_attn_cf0.2_s1,0.03,0.2,3,0,alibi_learn,0.2,1,L2H0,0.3898965862228689,0.8843371809385384,1.0096047440407576,1.2822325590958048,0.9779723402311953,0.001777133197887304,-0.0016821996060180928,0.09292409180735217,-0.3804351782601129,0.8643162845833294,0.03729439364169392,-3.5036554693273434,0.7507427983177963,1.365546649991474,-4.203724331179961,0.029335390776395798
E2c_h0.03_e0.2_L3_alibi_learn_attn_cf0.2_s1,0.03,0.2,3,0,alibi_learn,0.2,1,L2H1,0.42880426766700297,0.9990581276045499,1.000565935061469,0.8368976692322754,0.9926508666378616,0.5493570347007377,0.052930618907074636,0.275671767754054,1.1726671021789623,0.8945324236067907,0.09705681288034336,-3.9665596188070533,0.6876808254508968,3.6455416327908576,-5.953832201505905,0.09599759429693222
E2c_h0.03_e0.2_L3_alibi_learn_attn_cf0.2_s1,0.03,0.2,3,0,alibi_learn,0.2,1,L2H2,0.12725254580928336,0.9672390840907771,0.99202616889831,0.5452622281746051,0.9298825910769205,0.9902696507309329,0.18968312950851898,0.7565622798152225,5.185292778394478,0.9971801996327426,0.20634812403074976,-1.4980375230087881,0.787777870367498,7.002091527034652,-4.374227143110626,0.2126835733652115
E2c_h0.03_e0.2_L3_alibi_learn_attn_cf0.2_s1,0.03,0.2,3,0,alibi_learn,0.2,1,L2H3,-0.0011972138521861029,0.7329782955588521,1.0222744439166773,-0.4479952198949759,0.8473873346520664,0.9998063385278136,0.5975899081526668,0.8048935899614706,16.769245208158587,0.9998580776401566,0.5930687288597212,0.4064145487745908,0.8135167569129897,19.76321753379562,-7.208456645143442,0.5917525887489319
E2c_h0.03_e0.2_L3_alibi_learn_attn_cf0.2_s2,0.03,0.2,3,0,alibi_learn,0.2,2,L1H0,-0.007097145835457985,0.35176390962442383,0.991035449354664,-0.07698580051934924,0.42986571395398865,0.9837260394446805,0.025470214899042557,0.7862718593006003,0.7121653850019752,0.9839390089657007,0.025076074289499293,0.03542979997081656,0.7921016337408993,0.8179421970895187,-0.25467421908527643,0.025325890630483627
E2c_h0.03_e0.2_L3_alibi_learn_attn_cf0.2_s2,0.03,0.2,3,0,alibi_learn,0.2,2,L1H1,0.05630935799002791,0.8522362299936503,0.9996273215562255,0.2574694018047539,0.9922887635797095,0.9817688847601842,0.05197221529352933,0.7746570924244134,1.4438441469867493,0.9819573618708107,0.05121487190949377,0.06807855865625048,0.7792306839745069,1.6352099613733997,-0.4607431286377131,0.05205133184790611
E2c_h0.03_e0.2_L3_alibi_learn_attn_cf0.2_s2,0.03,0.2,3,0,alibi_learn,0.2,2,L1H2,0.005797588114556136,0.9997249599286854,0.9999893644276631,0.07284188965343912,0.1500091651979163,0.9991975213228493,0.5031782806206985,0.8009630390362041,14.089689409141709,0.9992216651217606,0.5005769476424937,0.23383712523834274,0.8095469438341784,16.60567257849529,-6.057622991667763,0.5029602646827698
E2c_h0.03_e0.2_L3_alibi_learn_attn_cf0.2_s2,0.03,0.2,3,0,alibi_learn,0.2,2,L1H3,3.8355672219248643e-05,0.009130788665410169,-0.007565460864956631,-0.0014728336701725084,1.0574383923267483e-05,0.9998663488257094,2.9547368988509817,0.8920240710779341,36.285151475407496,0.9998820452533397,2.9395000583012374,0.3920164336229387,0.9027156880699371,31.451415793969133,9.81776066001697,2.9603545665740967
E2c_h0.03_e0.2_L3_alibi_learn_attn_cf0.2_s2,0.03,0.2,3,0,alibi_learn,0.2,2,L2H0,0.3645287349496051,0.8130774913235135,1.0010299605207937,1.1720494524704874,0.9214672971303282,0.014377427136156862,0.004174169680034304,0.03558961691947238,-0.2053951277073844,0.8619193756408142,0.03788015630071895,-3.029873945680676,0.6225860831265809,1.233457543925936,-3.4642628501954364,0.03271346166729927
E2c_h0.03_e0.2_L3_alibi_learn_attn_cf0.2_s2,0.03,0.2,3,0,alibi_learn,0.2,2,L2H1,0.4201697113595507,0.9994277809277848,1.0009690470595163,0.8479870602899416,0.996859485681026,0.5068058950813995,0.04691528164766238,0.20422953345993589,0.9314332573733034,0.9151651851274297,0.09120589048080212,-3.9813390793762395,0.5996525421978969,3.167030368380601,-5.3825497025177675,0.09797229617834091
E2c_h0.03_e0.2_L3_alibi_learn_attn_cf0.2_s2,0.03,0.2,3,0,alibi_learn,0.2,2,L2H2,0.16259601140796504,0.9909387902693064,1.000472201893325,0.512675599809236,0.9772803168114199,0.9774355057540196,0.19730511528054384,0.719291912854227,5.293535709652559,0.9955397026295568,0.22554616611258604,-2.538623926888332,0.7673637291268284,7.654060835853522,-5.683333438418113,0.23587000370025635
E2c_h0.03_e0.2_L3_alibi_learn_attn_cf0.2_s2,0.03,0.2,3,0,alibi_learn,0.2,2,L2H3,-0.002093502742808993,0.729602679201682,0.9939890334388652,-0.3615138074450592,0.6960227352867758,0.9998427921864551,0.5401713197076461,0.806073503241401,15.168825434267958,0.9999111121343442,0.5354752303068129,0.4221374405174957,0.8146288125068225,17.864407703017967,-6.490035913597656,0.5350286960601807
