run,head,share,mass,n,r2_d,r2_d_rec_var,r2_full,b_d,b_recent,b_variant,b_lnsame,b_recent_sp4,b_d_sp4,b_recent_swap4,b_d_swap4
E1_h0.01_e0.1_L2_alibi_learn_attn_s0,L1H0,0.5042309312971385,0.999999998740343,20347,0.4344789541705859,0.45016868060956616,0.45019938957294436,0.10860871635978799,1.045859409971741,-0.8169786161481767,-0.05829147663182671,0.082479013995938,0.1135655374026512,2.0445051243521775,0.10379811958649761
E1_h0.01_e0.1_L2_alibi_learn_attn_s0,L1H1,0.5371077342992375,0.9999998958471084,20699,0.4789814527073244,0.4861784523618644,0.486368702530354,0.1086347568718403,0.9472804117727112,-0.3868804599403268,0.14505203932419014,0.3783528884259626,0.11215035846572709,1.4435681953584325,0.10404755450306663
E1_h0.01_e0.1_L2_alibi_learn_attn_s0,L1H2,-0.0412233916819695,1.000000002040499,13601,0.9657542285726928,0.9660773061487093,0.9672376114490264,0.7376637388976618,0.3952380779325779,-0.13938687091059723,0.5030061374549897,0.11288611655610879,0.734548446613792,0.46554238864300346,0.7289261977499057
E1_h0.01_e0.1_L2_alibi_learn_attn_s0,L1H3,0.0006758882208698,0.6009354725056575,18554,0.9933128316781737,0.9945030317309862,0.9953749400556604,0.2608924856484685,0.3418186218272646,-0.15476155109015244,-0.29899982899014904,0.21108468483998985,0.2644368068761676,0.5743037957559047,0.2621745627944743
E1_h0.01_e0.1_L2_alibi_learn_attn_s1,L1H0,0.5364463189712554,0.9999999978363932,21862,0.586648468352372,0.5977798831365263,0.5977826618555313,0.09300620148306324,0.08116163967302828,-0.7797575313152955,-0.014874532672805398,-0.8117391985580851,0.09575055835953103,0.9803316695635738,0.09041383346831881
E1_h0.01_e0.1_L2_alibi_learn_attn_s1,L1H1,0.4642028271364741,1.0000000021078514,21481,0.6096351326147099,0.6182157338445574,0.6182787363402757,0.10116681242255435,0.06123642602323595,-0.6807563489348794,0.07055612788080162,-0.7849117182250626,0.10459270072834079,0.8657449464743442,0.09753128646293002
E1_h0.01_e0.1_L2_alibi_learn_attn_s1,L1H2,0.0231746365360315,1.0000000008284575,12956,0.9624450334857468,0.9632951609644222,0.9647167265932963,0.8444932080261038,0.18091306396137707,-0.38901879991300103,0.5824434889548048,-0.4131743790540683,0.8428100006621763,0.47687588972149814,0.8335799789631462
E1_h0.01_e0.1_L2_alibi_learn_attn_s1,L1H3,-0.0231887362415347,0.7746925828634664,20635,0.9881929312759369,0.9894789238447282,0.9907190403872892,0.12965378280523307,0.25571188330060124,-0.06634765434902669,-0.2584824323459839,0.22610273117961505,0.13135640003762328,0.4101236970351059,0.1298159587343508
E1_h0.01_e0.1_L2_alibi_learn_attn_s2,L1H0,0.5062626115039778,1.0000000019960658,20290,0.4148334899770578,0.43455462104452036,0.43534552455929076,0.10010513110917701,1.215331076824013,-0.8617617475988346,-0.3014424024802489,0.299551920067578,0.10512692235801693,2.2851103681638003,0.09739238434354396
E1_h0.01_e0.1_L2_alibi_learn_attn_s2,L1H1,0.5408923081816872,0.9999998527936402,20533,0.4275119767323997,0.43732238463616613,0.4383931248062083,0.10378849417709164,1.206300331798625,-0.4222910826256237,0.34963042061013466,0.6048616240778475,0.10508940682208286,1.6265680594851073,0.10001874223677583
E1_h0.01_e0.1_L2_alibi_learn_attn_s2,L1H2,-0.0435909899860826,1.000000001175953,13362,0.9551372185866069,0.9560999505239957,0.9598886361489746,0.813699255328487,-0.11051662176177324,-0.3491350161775424,0.9469583777699995,-0.6637954544740637,0.8000671408088114,0.00830208609478751,0.802657320752439
E1_h0.01_e0.1_L2_alibi_learn_attn_s2,L1H3,-0.0029883573967165,0.6539220868450106,18577,0.9964370313483335,0.9969324560020791,0.9972403973779703,0.2641611118038701,0.23062865805645327,-0.0920037403532537,-0.1769791913309629,0.15521785369651658,0.2661991647371902,0.36263419704792565,0.26521262135675094
E1_h0.01_e0.1_L2_alibi_learn_mlp_s0,L1H0,0.0455301040325445,0.958366905704939,22400,0.7970228072322468,0.7993375431884288,0.8015683742066427,0.0383097633144334,0.13078814464409094,-0.06949306867005814,-0.16833708491109203,0.08620744049364447,0.03906588797793133,0.2744126439162791,0.03802332883886693
E1_h0.01_e0.1_L2_alibi_learn_mlp_s0,L1H1,0.0302880712156305,0.9787750750633027,22400,0.7072744124529712,0.7142133435070847,0.7142384188120319,0.05744467339353913,0.5789066936051306,-0.08164531288397633,-0.02991302769247975,0.462773998769475,0.05840331673700091,0.7126391929509424,0.05656949267868295
E1_h0.01_e0.1_L2_alibi_learn_mlp_s0,L1H2,0.0002652950598279,1.000000002085393,12722,0.988000090065588,0.9881175525003678,0.9884113473777799,0.8895751663220101,-0.06439274882020735,-0.1138467537534634,0.25915274371911595,-0.3412361023293595,0.8957347518679699,0.07791960457976602,0.878810158990193
E1_h0.01_e0.1_L2_alibi_learn_mlp_s0,L1H3,0.0011546092296866,0.8042082321746806,18579,0.9961025954687235,0.9961235092030758,0.9961923556067005,0.28911493790387316,0.07602898517590942,0.012723278991580024,0.0891147514312655,0.07428592008551459,0.2883350121543047,0.05026959860062891,0.2882765932591202
E1_h0.01_e0.1_L2_alibi_learn_mlp_s1,L1H0,0.047034433683883,0.9593572313273658,22400,0.8782244422820288,0.8837210067824668,0.885595481852667,0.036831464826706406,0.224647792826823,-0.09265174849661044,-0.14503233616778327,0.1420365449880481,0.03772487245920136,0.3925911170587242,0.03634272301854103
E1_h0.01_e0.1_L2_alibi_learn_mlp_s1,L1H1,0.0270505053403711,0.946885036669852,20052,0.3503045393544403,0.3702728510773109,0.3706327625820941,0.08048783378810802,1.7161002781998236,0.029475691329187977,-0.20189937884199244,1.6993889147299321,0.0838565156149656,1.856906223823173,0.07768529857481957
E1_h0.01_e0.1_L2_alibi_learn_mlp_s1,L1H2,-0.0023931275199623,1.00000000052585,12987,0.9850584596609481,0.9851852746832328,0.9862576144549916,0.8442198595310062,0.024367735735861068,-0.13179200218721251,0.48765838674751444,-0.2901021504131633,0.8444056826129291,0.10052035158612235,0.8336859049634624
E1_h0.01_e0.1_L2_alibi_learn_mlp_s1,L1H3,0.0006725631180336,0.7168802276363943,18527,0.998283881791759,0.9982848180971982,0.9984483346992202,0.28456579016235023,0.0134386171304147,-0.007198876410482563,0.13281387080665014,-0.010424765478988888,0.2831823956819721,-0.002455668826341109,0.28345719352592036
E1_h0.01_e0.1_L2_alibi_learn_mlp_s2,L1H0,0.0386379347663007,0.994829481992513,22400,0.8121055350139859,0.8206513023834313,0.8215358222059455,0.03690812237930826,0.34219142333395985,-0.09788651146134451,-0.10672540497850569,0.24817065364392765,0.03764017695626622,0.4990057785880926,0.03647385052531888
E1_h0.01_e0.1_L2_alibi_learn_mlp_s2,L1H1,0.0207403803477469,0.9995475108246084,22197,0.6268636407266038,0.6291935113586586,0.6296270133837067,0.07915218163981633,0.4113308335820351,-0.0853879907156996,-0.1706367915110063,0.3154022487209721,0.0807202172125529,0.6069040132713907,0.0780994570898878
E1_h0.01_e0.1_L2_alibi_learn_mlp_s2,L1H2,-0.0028273843279813,1.000000001733231,12818,0.9897484469338766,0.9898192867081179,0.9901039310292349,0.8656049009231973,0.04740327258850753,-0.11047680552307881,0.25184858025350887,-0.1986736223164815,0.8696714497935825,0.16539254901891498,0.8570361028424481
E1_h0.01_e0.1_L2_alibi_learn_mlp_s2,L1H3,0.0043310482547331,0.9228854433240352,19670,0.9990951016110023,0.999136242302294,0.9991453867692772,0.22351280442891963,0.08237831745318931,-0.027115832775402176,0.030577738888351316,0.0349638184111601,0.22383282436254384,0.11588979693889098,0.22292556563988875
E1_h0.01_e0.1_L3_alibi_learn_attn_s0,L1H0,0.0004553676211214,0.5924733215942979,22400,0.19262669421692813,0.2357583704888675,0.31200288376267293,0.0031411904098091,0.19203372426468168,-0.06562575502372325,-0.338540209741129,0.1892513942355649,0.00439190879547713,0.39400155873437437,0.0028350589808395547
E1_h0.01_e0.1_L3_alibi_learn_attn_s0,L1H1,0.0107291373924357,0.8727270471541227,22400,0.9907798748097353,0.9915293395649514,0.9924316988624635,0.05314319943526355,0.0999893741438356,-0.02433913130634864,-0.12991468143451948,0.10165784989603815,0.05358309709617506,0.17475826273177728,0.053065786672853575
E1_h0.01_e0.1_L3_alibi_learn_attn_s0,L1H2,0.0041423151963876,0.9961719205419348,18000,0.9976206400361242,0.9982067320232111,0.9984607682617479,0.33143162417764543,0.34869843163787534,-0.03187024979210745,-0.18442583386701084,0.35024002307021396,0.3328418088874279,0.4097103178035038,0.33303224912005636
E1_h0.01_e0.1_L3_alibi_learn_attn_s0,L1H3,-0.000101051462806,0.0025330838667766,6528,0.9998541020427907,0.9999013815839353,0.9999137281128632,2.6158983742732462,0.08170765999792332,-0.00925934707608208,-0.15850528087290494,0.2379761637020411,2.6156561682836412,0.25504162191655627,2.616140580262859
E1_h0.01_e0.1_L3_alibi_learn_attn_s0,L2H0,0.698903003938905,0.9998616774348486,16130,0.19663452734468723,0.4882053106589225,0.4882286530961176,0.10014129040872216,5.733666750226517,-9.401942119057788,-0.053029803807194575,-3.351130354174677,0.09382585224981964,10.570222242497847,0.5645311143455832
E1_h0.01_e0.1_L3_alibi_learn_attn_s0,L2H1,0.1940962971690215,0.9994213727351368,15197,0.4709010711691406,0.5925181526020699,0.6003465445110054,0.18878838764511396,7.434825570446296,-8.67601598619889,1.2586470050148544,-0.935643873032284,0.16649346255659603,9.417009576899359,0.7557621771787537
E1_h0.01_e0.1_L3_alibi_learn_attn_s0,L2H2,0.0752893136317568,0.4547328793429675,18940,0.6863701243445453,0.8822760407278887,0.9193323863044492,0.1667995705375685,1.2406405690914735,3.3524353689616624,-1.8598036367591388,5.330131858578275,0.16232595134627473,-1.8811871577351738,0.18057698198007036
E1_h0.01_e0.1_L3_alibi_learn_attn_s0,L2H3,0.0161489724706261,0.5479684787550073,16052,0.9964381889132053,0.9988412270176953,0.9988489805450664,0.45103102536767115,0.8377323932191965,-0.09772953235255974,-0.035768220673246975,0.6934278545539654,0.45440462429552253,0.9937724995758845,0.44842691002815627
E1_h0.01_e0.1_L3_alibi_learn_attn_s1,L1H0,-0.000223783318713,0.5201763483762208,22400,0.5993920534886119,0.6310134941922316,0.6679355876056025,0.008096807037796234,0.17567150528051112,-0.01555878286482652,-0.21531584178697827,0.21023206400798372,0.008677279444859227,0.26779543875318645,0.008117103844759714
E1_h0.01_e0.1_L3_alibi_learn_attn_s1,L1H1,0.0157573221778821,0.8218960473842734,22400,0.9892566998340449,0.9900820044901079,0.9913825259020808,0.054408642140204716,0.10342614606706446,-0.0215088918889933,-0.1601962172578457,0.12291998728776701,0.054761854192624485,0.17818629130302419,0.05450240581763963
E1_h0.01_e0.1_L3_alibi_learn_attn_s1,L1H2,0.0042132305027821,0.993690732953296,18104,0.997232184405573,0.9979651374031671,0.9983858728953312,0.3136145529511919,0.37092379889266563,-0.026409997935288382,-0.22903903291752714,0.3759302751505823,0.3158088132659776,0.4438077408142178,0.315140478337645
E1_h0.01_e0.1_L3_alibi_learn_attn_s1,L1H3,1.5993592510031935e-05,0.0027935446681982,6528,0.9998185713447535,0.9998898963965844,0.999908515672705,2.545524074818105,0.09658857228790188,-0.027547438794372027,-0.18948330521057627,0.2625436207236167,2.5466931551263574,0.32465298016185695,2.5443549945098582
E1_h0.01_e0.1_L3_alibi_learn_attn_s1,L2H0,0.6862439179125613,0.9999557219369908,16277,0.18872829983390182,0.6355024244021027,0.6355044356698515,0.10845079072918509,4.985170854354701,-9.89814699995685,-0.014668337536662357,-4.679722659298789,0.1036218789366067,11.418860828849983,0.42770075550832437
E1_h0.01_e0.1_L3_alibi_learn_attn_s1,L2H1,0.1950778773533271,0.999853726361912,15405,0.4913753290638436,0.657120047143185,0.6655673682900336,0.20504629479359882,6.292979835510077,-9.137431660007538,1.2184837882785455,-2.604051126539129,0.18519845561476428,9.486659698546259,0.6534605343718677
E1_h0.01_e0.1_L3_alibi_learn_attn_s1,L2H2,0.0785955112458731,0.4543690897764622,18742,0.6932703318900122,0.9148500163111666,0.9437440066625205,0.19810082425585696,0.4808210789739342,3.8167265246404503,-1.6667858990454685,4.906771694554864,0.19630850215347448,-3.0982719444065387,0.2094823245203029
E1_h0.01_e0.1_L3_alibi_learn_attn_s1,L2H3,0.0200474092625528,0.5633700774514007,16024,0.995360363156163,0.9981016434442326,0.9981073642757239,0.4458681253183529,0.887744386474733,-0.08438483068795441,-0.030346089382090435,0.7517428567797262,0.4494399644328336,1.0336246722634537,0.44295074754996666
E1_h0.01_e0.1_L3_alibi_learn_attn_s2,L1H0,0.0046637600603189,0.6123121398767191,22400,0.9011305524895079,0.9134678020337912,0.9231109888506641,0.010866526424743358,0.1088433809271237,-0.0023218142407137672,-0.10189408798259961,0.1351997266891673,0.01103615798911473,0.14243803871011274,0.010981197355920895
E1_h0.01_e0.1_L3_alibi_learn_attn_s2,L1H1,0.0181232651725652,0.6682337090543504,22400,0.995227967931093,0.9957459399857063,0.9962606834961223,0.04507081455736609,0.0751087590693465,-0.006384614192907699,-0.08260866711365275,0.08785686730093907,0.04529555794322802,0.11096477098873608,0.04507656393785968
E1_h0.01_e0.1_L3_alibi_learn_attn_s2,L1H2,-0.0003818398721558,0.9948369005629464,17748,0.9981411530393073,0.9985538866708927,0.998876002745144,0.3608833837395741,0.30263503292195215,-0.016897312753305145,-0.21805037262915075,0.3170262959462663,0.3629383279651726,0.3628424383438569,0.36237814133977064
E1_h0.01_e0.1_L3_alibi_learn_attn_s2,L1H3,-2.4406754433547813e-05,0.0009378395676704,3714,0.9978715879468641,0.9980304346418425,0.9985451045580641,3.0219956571604447,0.1311199063195399,-0.01993384817875132,-0.19197479004619505,0.31078623482945,3.021995657160446,1.278929049101569,2.5578580982031385
E1_h0.01_e0.1_L3_alibi_learn_attn_s2,L2H0,0.6971195677389178,0.998509077285564,16389,0.17119603414030948,0.6489136362291197,0.6489733677636587,0.11006185810050721,4.8792708257506945,-9.979752005077724,-0.08425125105729253,-4.8657102892356905,0.10573000211592218,11.969655325792308,0.3882666192020908
E1_h0.01_e0.1_L3_alibi_learn_attn_s2,L2H1,0.2022226737173513,0.9998271986782852,16101,0.4760376144373075,0.8175759678385512,0.8219223158682,0.1785324053557643,5.947749982415792,-8.593588273294,0.8212496734046513,-2.5183158836710446,0.16651405138244002,11.255556905436988,0.40331863498365683
E1_h0.01_e0.1_L3_alibi_learn_attn_s2,L2H2,0.0639580346431032,0.2971656556261544,18308,0.7211590622971976,0.8960480350315685,0.934344132720633,0.19869210021014408,0.809336359158415,3.273709792322289,-1.8725696238811627,4.411677378837607,0.21323022298316802,-2.0087051521044583,0.20537720622166686
E1_h0.01_e0.1_L3_alibi_learn_attn_s2,L2H3,0.0147197965292626,0.5109692539654719,15639,0.9968189624150904,0.9988712157346463,0.9989809297002786,0.47771765745831607,0.7116293925016048,-0.21480514372741433,0.13185213794520112,0.41065551764459435,0.48002981190307376,0.9769643672854724,0.47178743062028883
E1_h0.03_e0.2_L2_alibi_learn_attn_s0,L1H0,0.4836800130125007,0.9999833958894032,19094,0.6702468828214785,0.677050769526804,0.6773617339481698,0.18838154639891302,0.6295956337286494,-0.5890858117414788,-0.18881325983566,-0.015433813038084701,0.19293397255648534,1.3551311117064224,0.18588198849429527
E1_h0.03_e0.2_L2_alibi_learn_attn_s0,L1H1,0.5002740050590553,0.9998952343638304,19224,0.6502324503683077,0.6577820837554957,0.6577876025757026,0.18818862385286955,0.32450831604961305,-0.7228711526946261,-0.02458737246533424,-0.612668395464162,0.19623029584884993,1.2783019889912248,0.18007686219280175
E1_h0.03_e0.2_L2_alibi_learn_attn_s0,L1H2,0.0897153940952941,0.9999999970262688,12918,0.9696447129297345,0.9715333666042115,0.9749756332408319,0.8953892783140138,-0.34822265222052673,-0.433338330900764,0.9211380219595453,-1.0859032899934464,0.8895867234973757,-0.08835057044645268,0.8796162353987284
E1_h0.03_e0.2_L2_alibi_learn_attn_s0,L1H3,-0.0712760611568134,0.5735110212930458,19564,0.9978251723267317,0.9980449475928054,0.9981553053733443,0.220503037623603,0.04666642217024562,-0.1142288494021739,-0.1035368956801257,-0.09584646851867622,0.22273368615639563,0.23713520592546553,0.21913406819136497
E1_h0.03_e0.2_L2_alibi_learn_attn_s1,L1H0,0.4831835010562706,0.9999802714961656,19677,0.7200474722811531,0.7291864512966608,0.7302265800335448,0.1686194159522466,0.5132818744952536,-0.6885723999713126,-0.3192034294919527,-0.30859536325047804,0.17709109697415681,1.4746581248059334,0.1632811509343524
E1_h0.03_e0.2_L2_alibi_learn_attn_s1,L1H1,0.5155028635667446,0.9999680964769306,19460,0.6885100541492242,0.7023836501727063,0.7023963039818766,0.18041328560422792,0.3929376367479663,-0.9513768205772487,0.036074915967852506,-0.7873160153270707,0.1880286013135023,1.561274044670425,0.17226090909958364
E1_h0.03_e0.2_L2_alibi_learn_attn_s1,L1H2,0.0667807402507969,1.0000000039031476,12517,0.981242908368499,0.9817409819311336,0.9824023518477508,0.9158443476932233,0.26053771719095153,-0.2907662041294553,0.4029351144069391,-0.20561314127619046,0.9177206126024468,0.5026343785765466,0.9061463835264484
E1_h0.03_e0.2_L2_alibi_learn_attn_s1,L1H3,-0.0661963185672411,0.6604174353397675,20044,0.9973935947833579,0.9977521987786045,0.9978301506124627,0.19939767916822568,0.13057921624207153,-0.11866359129915327,-0.0849232643089742,-0.023741158545277374,0.2015327737668115,0.32484491949546307,0.19791779750130073
E1_h0.03_e0.2_L2_alibi_learn_attn_s2,L1H0,0.5098621498395459,0.9999681567854094,19442,0.653346514532732,0.6679690011349819,0.6694131990393899,0.1676993410860289,0.3927479649613442,-0.9356780581123596,-0.37626434024273636,-0.5316794430210848,0.17210632598853406,1.4880189802028276,0.16681188499490232
E1_h0.03_e0.2_L2_alibi_learn_attn_s2,L1H1,0.4954500414263126,0.9998633348889214,18980,0.6646223630335721,0.6785176772678152,0.678631242299192,0.18727949760167273,0.6705938178800672,-0.9239122399525076,-0.11201434939784172,-0.40641352763793404,0.19449079980775208,1.7978111727983261,0.18122025569332265
E1_h0.03_e0.2_L2_alibi_learn_attn_s2,L1H2,0.0651648306194368,0.999999995600562,13040,0.9813767477157159,0.9818995066791918,0.9827523317104436,0.8410555132578053,-0.10513722350724913,-0.2645066164287482,0.4354728911655088,-0.46438945973255147,0.8358832288905311,0.043529375567716105,0.8375160013888041
E1_h0.03_e0.2_L2_alibi_learn_attn_s2,L1H3,-0.0705132326262682,0.61715357733558,20216,0.9970408208924408,0.9971791969954285,0.9973433101805504,0.1880464348541708,0.03651112328218624,-0.08012637849165673,-0.1176688698165684,-0.0578004316488628,0.18984287605354225,0.185531374634495,0.1871818347071788
E1_h0.03_e0.2_L2_alibi_learn_mlp_s0,L1H0,0.0543740510892435,0.9655285601086234,22376,0.8553023129126356,0.8560147768520706,0.8560166769051281,0.08700998225326943,0.17883535044298599,-0.1150340144160128,0.010383891111537938,-0.008843555927746192,0.08847360591120948,0.3600574242208048,0.08552847494758821
E1_h0.03_e0.2_L2_alibi_learn_mlp_s0,L1H1,0.0432726593781117,0.9679250507235904,21909,0.8484301929099587,0.8502471682996813,0.8504865452235846,0.09636924289065242,0.36697821694922045,-0.07402496815590304,-0.12595697283773893,0.23778148110348674,0.09861343669416829,0.5709536952459792,0.0944636263365573
E1_h0.03_e0.2_L2_alibi_learn_mlp_s0,L1H2,0.0032866018533486,0.9999976699675158,12169,0.9878855035270019,0.9881319894421732,0.9901793519856521,1.0104806929445391,-0.058160248187033914,-0.09384728437592428,0.739843635861197,-0.44847842446829594,1.0086246604911027,-0.13499453839656733,0.9966098326877006
E1_h0.03_e0.2_L2_alibi_learn_mlp_s0,L1H3,0.0020928750337304,0.5724140268206559,16943,0.9966391305251222,0.9967331392192162,0.9972835011664251,0.42077893213544937,-0.10847137145095648,0.03570479443397985,0.2892746004349106,-0.11831596975711017,0.4176215523208598,-0.18544190375635883,0.4174058328376185
E1_h0.03_e0.2_L2_alibi_learn_mlp_s1,L1H0,0.0610809164673517,0.9623534181117952,22289,0.8330298355075084,0.8343297976937905,0.8344849787081892,0.08808330650871499,0.22461919277542278,-0.15392263878967635,-0.09668767119100369,0.06391793493578793,0.08896904148863338,0.4422486071283274,0.08746707899612993
E1_h0.03_e0.2_L2_alibi_learn_mlp_s1,L1H1,0.0460112387192219,0.9592751214626308,21544,0.7943730772030455,0.7968115686817934,0.7968322349160095,0.09418249649698317,0.4389970537432233,-0.056782559883564225,-0.03482764093484586,0.288590935120288,0.09676546579205733,0.6080902826839923,0.09176084835797613
E1_h0.03_e0.2_L2_alibi_learn_mlp_s1,L1H2,0.0015017458353718,0.999962516743439,11914,0.9860211470766366,0.9861580402697654,0.9878287367593306,1.0585950101433388,0.06036879458446534,-0.12927438024213508,0.6802894675083004,-0.32201699970225506,1.055581273892492,-0.003826402453616337,1.04936946545293
E1_h0.03_e0.2_L2_alibi_learn_mlp_s1,L1H3,0.0019376804066199,0.5420044638865821,16862,0.9978425758659546,0.99789345984976,0.9982450600709637,0.4244564568672449,-0.06851500656484211,0.036680085496111355,0.23124261764141746,-0.06452106904462135,0.4217650528258129,-0.14301453597216518,0.42202984126105636
E1_h0.03_e0.2_L2_alibi_learn_mlp_s2,L1H0,0.0626969890093609,0.9646156692768304,22389,0.8485826964868993,0.8490013462181812,0.8494812942978505,0.0835621064527535,0.07953927496564983,-0.08721633848399027,-0.15890056428570842,-0.009051228912674396,0.08480322200938385,0.2616200825954734,0.08276441315573328
E1_h0.03_e0.2_L2_alibi_learn_mlp_s2,L1H1,0.0410403488413815,0.9715531640995536,21708,0.8131557486122594,0.8156189443934365,0.8156202964826074,0.09472673839399347,0.45353081524357347,-0.08161231299602074,0.00905782324526766,0.2642555611702915,0.09718176639457445,0.6395729789793074,0.09215720357060765
E1_h0.03_e0.2_L2_alibi_learn_mlp_s2,L1H2,0.0041485179765626,0.999999285711044,12257,0.980598589314537,0.9807739136869515,0.9825896678418775,0.9882732826426682,-0.02838788760466132,-0.08786924970761459,0.6910550209694585,-0.3831571406541146,0.9864084210852558,-0.09596509221880162,0.976054243181138
E1_h0.03_e0.2_L2_alibi_learn_mlp_s2,L1H3,0.004533736763521,0.6026729795570736,17695,0.9960356288499016,0.9961064473874279,0.9966383461621612,0.3695113477805774,-0.09190122408103582,0.003234690288821905,0.2717903251589747,-0.12292985348777301,0.36664466555215325,-0.1505196976761973,0.3676357315181262
E1_h0.03_e0.2_L3_alibi_learn_attn_s0,L1H0,-0.0023120333234946,0.5611152598950346,22400,0.8691308328203462,0.8739508773983267,0.889017367113537,0.02389102203682873,0.09010789422398113,-0.04941940929659803,-0.270208496752493,0.08502173817603104,0.02501269301151942,0.25417550707120107,0.02352328047518083
E1_h0.03_e0.2_L3_alibi_learn_attn_s0,L1H1,0.0012952859275468,0.8573668376817035,22400,0.9265944251399352,0.929476669430129,0.9382589039503569,0.04211696625314875,0.11842150417589495,-0.06223483838509611,-0.3440690207626969,0.11479306821917958,0.04349959867376998,0.3244884082702602,0.04169434714812446
E1_h0.03_e0.2_L3_alibi_learn_attn_s0,L1H2,-0.0017739331564376,0.9587599614134442,19008,0.9947357760988756,0.9956408349352216,0.9965290476069625,0.23774938831873668,0.3331832276149972,-0.05725714040988323,-0.29778543333430696,0.3093788857862619,0.24068534628080723,0.4695360550588239,0.23891103308478187
E1_h0.03_e0.2_L3_alibi_learn_attn_s0,L1H3,-4.448348118109417e-05,0.0033433114930879,6528,0.9998348901244556,0.9998923135802223,0.9999133982048839,2.3397820349973477,0.044428490108092356,-0.05283447194976285,-0.18529545605451286,0.18152381473589063,2.3406906142722055,0.29264423428455555,2.3388734557224926
E1_h0.03_e0.2_L3_alibi_learn_attn_s0,L2H0,0.5221271368684931,0.4892885223824643,18216,0.15685034600574677,0.8543352087787033,0.8682851600171966,0.0857334453579844,5.267100698675607,-8.860454678404897,1.3712312582311244,-3.7247140222508777,0.07805825322348761,10.987838858844375,0.18846202053107255
E1_h0.03_e0.2_L3_alibi_learn_attn_s0,L2H1,0.4520829379745305,0.9956175690084744,14994,0.5021574840522012,0.6602581048343772,0.660265504821713,0.20149235862280782,5.998123664428775,-10.892380689851858,-0.029650630386686694,-4.605923789797373,0.1938804075859391,15.96404875742673,0.5159924393385695
E1_h0.03_e0.2_L3_alibi_learn_attn_s0,L2H2,0.0160364022002161,0.933346984445806,18227,0.8122752155452831,0.9524479331816303,0.9525134991364844,0.26410829410676956,2.5284293757746865,3.6557695467983007,-0.10575318679225076,5.153117928466297,0.31817703406430003,-0.6360544197468923,0.24884019609848462
E1_h0.03_e0.2_L3_alibi_learn_attn_s0,L2H3,0.0123963962641652,0.5052325295072889,15996,0.9946944151479445,0.99893498698853,0.9990767492725221,0.45180136044955904,0.9604778049562738,-0.39031202202369797,0.1523583657201768,0.5132169879052588,0.45186220637473873,1.3635259812818612,0.44788559836688885
E1_h0.03_e0.2_L3_alibi_learn_attn_s1,L1H0,-0.0023473796375451,0.5068556448012325,22400,0.9574677316579128,0.9590425705429539,0.9637558291196546,0.027117984674047364,0.0460970308019763,-0.039907926669282286,-0.1561291460833137,0.02933987934185389,0.027818319795809645,0.15471524285593885,0.0268532774354944
E1_h0.03_e0.2_L3_alibi_learn_attn_s1,L1H1,0.0070229150061885,0.9350311838653786,22400,0.9728239568262331,0.9746995740415314,0.9778185090089222,0.043757636227764976,0.1090462865695512,-0.060687933895659275,-0.20403429218207958,0.07228371132092792,0.044806911578143156,0.2658556752898739,0.04327765257618315
E1_h0.03_e0.2_L3_alibi_learn_attn_s1,L1H2,-0.0053670031108928,0.9517100987377476,19660,0.9964915785524607,0.9969999133807234,0.9974521007368923,0.2170840279131167,0.24043415349130698,-0.05846594754566479,-0.21425265250159065,0.21015229862654508,0.2186710287008462,0.3727029483856444,0.21711792095758406
E1_h0.03_e0.2_L3_alibi_learn_attn_s1,L1H3,-2.0390831218100497e-05,0.002389024612137,6528,0.999980560919164,0.9999808999663047,0.9999809786682563,2.5661616283110025,0.006956225237990275,-0.004863061200022124,-0.012395587383169406,0.015844147897562177,2.5658739502474894,0.023844201916506404,2.5664493063745213
E1_h0.03_e0.2_L3_alibi_learn_attn_s1,L2H0,0.5619879265833874,0.6206714511775188,19297,0.18504620554491769,0.9010767799827902,0.9117947275526834,0.07669123991339355,4.796294838679511,-8.101215840573325,1.2174909718983158,-3.423477979922831,0.06991734971169634,11.129508455827326,0.11470249072409702
E1_h0.03_e0.2_L3_alibi_learn_attn_s1,L2H1,0.4097097573785615,0.9996087291729078,15017,0.4848293217819213,0.7683497391670087,0.7683524823162855,0.196521884108766,5.467532652166422,-10.534213716703656,0.015469358122812138,-4.747256199303995,0.18712559327650277,14.385612667936275,0.5104178981354076
E1_h0.03_e0.2_L3_alibi_learn_attn_s1,L2H2,0.0204387946640762,0.7799714860413042,18171,0.9811823957531866,0.9896263389981953,0.9921180532903635,0.2763502439949359,1.1770011872597614,0.3111674247809415,-0.548605654113118,1.5265806683809386,0.28324048792846973,1.0127494288660783,0.27842812970447894
E1_h0.03_e0.2_L3_alibi_learn_attn_s1,L2H3,0.0074409081640794,0.3902827812127052,15452,0.9950018544175536,0.9990180537414654,0.9990744249027403,0.47451226223978543,0.9108172371455989,-0.35214627127316667,-0.09399547882231235,0.5815429536799763,0.4751389178992871,1.2693252621398012,0.47615082441268736
E1_h0.03_e0.2_L3_alibi_learn_attn_s2,L1H0,-0.0032485972585032,0.3250525259687232,22400,0.9811715868802116,0.9819255570890456,0.9839066139226356,0.03464745274560857,0.03507798971734857,-0.04092836024633219,-0.12560419609560744,0.006288665847576142,0.03534824090408001,0.13776853547827386,0.03429712247049832
E1_h0.03_e0.2_L3_alibi_learn_attn_s2,L1H1,0.0053278173937498,0.964737268326376,22400,0.9939456770996647,0.9946705352451863,0.9952787732676454,0.07624855199201475,0.14540958360539466,-0.04379493719619008,-0.152525676950758,0.11976810789145714,0.07702725853011996,0.260791961668298,0.07589541902202263
E1_h0.03_e0.2_L3_alibi_learn_attn_s2,L1H2,-0.0003150651087945,0.948137230534716,19100,0.9962388304632139,0.9970686049680331,0.9974400492097961,0.23946628897592503,0.33913070237184273,-0.06584792776907189,-0.19700878934509314,0.2841766594236643,0.24182763213362768,0.46795440660709675,0.2398435246087018
E1_h0.03_e0.2_L3_alibi_learn_attn_s2,L1H3,-1.8400461563635152e-05,0.0020218013279241,6528,0.9999714851636815,0.9999763085411973,0.9999774449372327,2.7856636437666253,0.030188772608764097,-0.008368282744425073,-0.05115030944809739,0.07477969038930597,2.785737923314331,0.09196193316437523,2.7855893642189247
E1_h0.03_e0.2_L3_alibi_learn_attn_s2,L2H0,0.5349646823296064,0.7308243482620388,21327,0.3456970195964648,0.8911372514637551,0.9001869624050116,0.06706237101427522,4.027681029895514,-6.354624001273745,1.0819590114907158,-2.8278179888861654,0.06942037967564978,10.4303806426509,0.05252145026741316
E1_h0.03_e0.2_L3_alibi_learn_attn_s2,L2H1,0.4253365018993725,0.9992747586614296,15229,0.4731702597688001,0.8551147263841918,0.8557230238156932,0.18066205238256286,5.486644027808108,-10.264874006158113,0.22357408174259397,-4.64378636682099,0.17447841206474446,14.268822540946859,0.3604237446150898
E1_h0.03_e0.2_L3_alibi_learn_attn_s2,L2H2,0.0366463592068244,0.8044225148852605,17654,0.9885134778583133,0.9970412062643523,0.9975770194238259,0.345306375180854,0.7707791790789457,0.779168492240192,-0.2786861511228585,1.5810259507877427,0.3483954172261933,0.055209297792522295,0.3468365373501758
E1_h0.03_e0.2_L3_alibi_learn_attn_s2,L2H3,0.0014959724231668,0.339853112033808,15077,0.9965264190535832,0.9993464948444405,0.9993592124264892,0.5119462990049194,0.6592326062635945,-0.3876870780549107,0.04451268149676518,0.24645557698002543,0.5125361121268316,1.0593999036614756,0.5101246352930117
E2a_h0.01_e0.1_L2_learned_abs_attn_s0,L1H0,0.3503939139989198,0.9999984612969846,19055,0.36295389625313634,0.41063039285435987,0.4162623534942067,0.07965442938945383,2.992677556862325,-0.18589678462422776,-0.9774301867282768,3.2219958940722617,0.07918935495221646,3.405986750075031,0.08476038026512814
E2a_h0.01_e0.1_L2_learned_abs_attn_s0,L1H1,0.3327295550712324,0.9999950282986642,19692,0.33900086127585494,0.370682842882853,0.37566231642439185,0.08055180162058936,2.236927506361754,-0.6457534669935311,-0.8811206807574105,1.7918396000725338,0.08487717521229406,3.210045392544531,0.08104873179035926
E2a_h0.01_e0.1_L2_learned_abs_attn_s0,L1H2,0.2914630383062472,0.9999998977464796,18873,0.4527867919114298,0.5043536721008487,0.5073758286239662,0.10868895338951283,3.13029151173554,-0.7856593987445674,-0.712232912655446,2.5701000989603866,0.10990579733531534,4.109889480991792,0.11096813308632235
E2a_h0.01_e0.1_L2_learned_abs_attn_s0,L1H3,0.0237583945646396,0.65223157039468,22339,0.8591830611147255,0.9400346230293979,0.943737950561871,0.08761994055594473,3.5690906175409434,-0.13483610842701405,-0.66891815284489,3.544622885287629,0.09038865073170727,3.9880709269890526,0.0866879872306559
E2a_h0.01_e0.1_L2_learned_abs_attn_s1,L1H0,0.294856434105963,0.9999991408930994,17894,0.28141824931648685,0.2932948586798293,0.30441153435331614,0.09927382161851948,0.882699132738157,-0.6935244435957911,-1.4164882547906055,0.7692996894301243,0.10005249337348998,2.0256449376545804,0.10346254360173363
E2a_h0.01_e0.1_L2_learned_abs_attn_s1,L1H1,0.3910950309797469,0.9999979930648156,19836,0.29767747397673294,0.31783854365308106,0.32537730511847485,0.0733141819018589,1.7542502542793907,-0.08943751969790999,-1.0701874629456294,1.7456102243540148,0.08236081099231686,2.4051540824085125,0.06968621482169607
E2a_h0.01_e0.1_L2_learned_abs_attn_s1,L1H2,0.0363212221023183,0.6871651641951176,22398,0.7985057802123943,0.9112630114960631,0.9182642572883604,0.06454209602189923,3.615915427384898,-0.1137705691503448,-0.7970189115638615,3.6514623535829656,0.06745778432993514,4.049299568311069,0.06385048158602474
E2a_h0.01_e0.1_L2_learned_abs_attn_s1,L1H3,0.2751397788694181,0.9999999923434852,19052,0.5489279778475583,0.6030239126214176,0.6065639049298548,0.12353258041050862,3.2425447602283173,-0.8200938596811731,-0.7666086494071583,2.6949239510426577,0.124162107118828,4.187203354262833,0.12873127388792358
E2a_h0.01_e0.1_L2_learned_abs_attn_s2,L1H0,0.3874704165735316,0.9999990647796386,20926,0.5463000210016153,0.5961208950988692,0.5967402106944418,0.09100087375667357,2.7703075613357724,-0.8431685893639289,-0.2897128427654392,1.8205772191352156,0.0964685893726688,3.88174182487498,0.08703555359965343
E2a_h0.01_e0.1_L2_learned_abs_attn_s2,L1H1,0.2630494949193586,0.9999998424786828,19155,0.5178735445947229,0.5735269151001772,0.5766009588091663,0.12065296296429162,3.1232704862729843,-1.1972279239426975,-0.7211219133411508,1.9615810051970786,0.12824735060476178,4.6868849318170644,0.11775214459274891
E2a_h0.01_e0.1_L2_learned_abs_attn_s2,L1H2,0.3178658709981635,0.9999764370451832,19253,0.3652581857224074,0.40179361653856194,0.4052064888680409,0.08895832193983233,2.4306595240882425,-0.7738120812303346,-0.7439406667341784,1.7140284112104927,0.09594240167987762,3.6304283250336145,0.08537342121894097
E2a_h0.01_e0.1_L2_learned_abs_attn_s2,L1H3,0.0308474757624396,0.4537096936793919,22400,0.6245987369336181,0.8501427542951051,0.8584815716264949,0.033646523327277876,5.095361200207417,-0.24224808274145887,-0.8551645789324116,4.950112691150248,0.038113769148290774,5.743759359241514,0.031565337666468025
E2a_h0.01_e0.1_L2_rope_attn_s0,L1H0,0.0058385041155352,0.5904767790201626,22376,0.7295912937283868,0.8327219054332357,0.835150118887606,0.06385014363241293,3.644217957606616,-0.08068479791528388,-0.48256438538500335,3.663070782043864,0.06542651545867825,3.9089418526924433,0.06363474344550259
E2a_h0.01_e0.1_L2_rope_attn_s0,L1H1,0.4162826909800197,0.9910104133453258,22345,0.489805850494201,0.5919352416995958,0.5933168078014244,0.04374941464644818,3.5421119465673017,-0.1775880775130633,-0.3530832682665783,3.332185864023008,0.04713073896555999,3.9592092312027605,0.041369479309608104
E2a_h0.01_e0.1_L2_rope_attn_s0,L1H2,0.4339047412276376,0.9908339110884948,22334,0.47616324734846394,0.5847660596141753,0.5909077383977208,0.03869009963911272,3.356917258967313,-0.2145866112809244,-0.7063811233072614,3.194171225317031,0.042967327958778695,3.9348505170562755,0.03637442662846876
E2a_h0.01_e0.1_L2_rope_attn_s0,L1H3,0.1436486052560067,0.9989385911966177,17877,0.3618134409031779,0.5461595976090878,0.5472366031023818,0.027105382096657173,6.470165832267761,-0.7571686490062942,-0.429979916638068,5.630538075084693,0.032255660484068596,7.573374371490818,0.023457208718153707
E2a_h0.01_e0.1_L2_rope_attn_s1,L1H0,0.501047549148819,0.9928229986947892,22383,0.5158360886243857,0.5850133464473519,0.5850716261968896,0.04704525582589893,2.603861749650863,-0.2813475655112986,0.06309237812400426,2.1743495830792643,0.04970776970405038,2.996248483410059,0.044206880160587936
E2a_h0.01_e0.1_L2_rope_attn_s1,L1H1,0.0066806943467983,0.9513256411342672,15500,0.3987533519481552,0.6164647658059426,0.6220214623350522,0.045845191877604975,6.852123397351721,-0.14066938997097583,-1.0336421547327252,6.979222321754986,0.05016700325301452,7.376344432125829,0.04671992944550567
E2a_h0.01_e0.1_L2_rope_attn_s1,L1H2,0.4826521432492141,0.9993650489483018,22024,0.5052366525617772,0.5999464512924175,0.6004220421816775,0.053305071754605034,3.528531921147125,-0.6327188071028987,-0.2205101049052416,2.7499669809430736,0.05844873684836241,4.4254158552291285,0.04926430815343213
E2a_h0.01_e0.1_L2_rope_attn_s1,L1H3,0.0093490737278403,0.6735808072329478,20564,0.6756327815187775,0.7912957356253301,0.7925180525677765,0.06385572562704553,3.903318481722514,-0.10482878639049929,-0.34809959585516603,3.8557468890989157,0.06538584938873081,4.152208379093811,0.06342691542518603
E2a_h0.01_e0.1_L2_rope_attn_s2,L1H0,0.4031355584266038,0.9921745914346372,21727,0.434849859340972,0.566839552139871,0.5683819016687568,0.03762611543531512,4.218181661939479,-0.27302228582927607,-0.3919775058542627,4.063658386487761,0.038220317459354614,4.588700409723594,0.03866798769444919
E2a_h0.01_e0.1_L2_rope_attn_s2,L1H1,0.2867289956054771,0.9998609479927316,19654,0.38613760229764893,0.5682114842861601,0.5710518665931559,0.030438520674918156,5.597832113013249,-1.0528655465397558,-0.6395033509813226,4.568583608297035,0.035538990820253996,6.9874289944197026,0.028448713155922505
E2a_h0.01_e0.1_L2_rope_attn_s2,L1H2,0.2932751675752043,0.9921694347487704,20388,0.42929216289268046,0.580964168293405,0.5814504111272552,0.03959458204532004,5.01813693681242,-0.4866791166228935,-0.24662432220276553,4.540366959051396,0.041528174181088104,5.624373433214394,0.03899495803598994
E2a_h0.01_e0.1_L2_rope_attn_s2,L1H3,0.0171747996386586,0.6273240945685392,22273,0.7190306716059625,0.8336957168036391,0.834087513137138,0.06515863058968899,4.118329803284465,-0.07533169775359572,-0.20376637323137614,4.0658789231347825,0.06626878534641242,4.287988666610031,0.06472827601889812
E2a_h0.01_e0.1_L3_learned_abs_attn_s0,L1H0,0.0037525977269375,0.8276322555559792,17128,0.39389130606404077,0.7358817034895457,0.7405276464805427,0.01300909897557586,-10.689441269625913,0.03666924866655881,0.9622464522495253,-10.68391309949224,0.008936853785673143,-11.030903292210274,0.012758449198678381
E2a_h0.01_e0.1_L3_learned_abs_attn_s0,L1H1,0.01265635202017,0.7563721528059162,22389,0.10362275288719469,0.4030803698912955,0.40324178488391005,0.03678163767953718,-7.588850585001582,-0.1361160930695905,-0.14548893105539307,-7.766911315028624,0.03877637464219742,-7.325480468664267,0.035195142582443585
E2a_h0.01_e0.1_L3_learned_abs_attn_s0,L1H2,0.0059289487835278,0.214005129852824,22400,0.040511574708798626,0.3602968953047394,0.3608939098456747,0.020416498137993202,-2.8258786679831385,-0.1284185057625159,-0.10050384290534287,-2.993547364576345,0.022014386574676553,-2.5990769405968526,0.019099033167636205
E2a_h0.01_e0.1_L3_learned_abs_attn_s0,L1H3,0.0015826807241665,0.8324485812438732,19690,0.3645060041988185,0.6232723482150802,0.6240662953194882,-0.008122479207437893,-10.169567779166075,0.056146179478446176,0.46006520074348867,-10.16340532109201,-0.009616634843367895,-10.341343117258493,-0.008566966026028643
E2a_h0.01_e0.1_L3_learned_abs_attn_s0,L2H0,0.0155012479614098,0.4086674602675411,19813,0.6531580436821292,0.8232223095223266,0.8406472131446363,0.06555325136717349,5.720408736194042,-0.08105129514840387,-1.674285660747971,6.041680127934533,0.06872877747383846,6.352994808945859,0.06535108988412776
E2a_h0.01_e0.1_L3_learned_abs_attn_s0,L2H1,0.3650622264469895,0.9925530900114348,22357,0.46500255981559735,0.6136580049139415,0.6294155616606936,0.04235530210951687,2.7888382873718927,-1.938077179376449,-1.135155372626667,1.1115444966391368,0.04548652509514199,5.134592705406251,0.042363844704674906
E2a_h0.01_e0.1_L3_learned_abs_attn_s0,L2H2,0.0586721885681009,0.7995245123581428,22377,0.5826360710186129,0.6276970010896714,0.6497349417267151,0.05111707407978304,1.1121161814891856,-0.7576886229700933,-1.0411926491979622,0.6806661659369074,0.052133403502068375,2.1572877911716084,0.0529681160961344
E2a_h0.01_e0.1_L3_learned_abs_attn_s0,L2H3,0.5378663034210184,0.9998997892783208,21791,0.5361558554419231,0.7310771502196318,0.744345258422664,0.06727451155530692,3.315632385804068,-3.392824950973724,-1.3337844648330586,-0.056848018795949945,0.07702927330295074,7.48499434331688,0.060562295280491604
E2a_h0.01_e0.1_L3_learned_abs_attn_s1,L1H0,0.0176657143718408,0.6318708028058089,22400,0.1979517314309892,0.4755501877076155,0.4755510696368098,0.013889583606675089,-6.330499619920824,-0.07537750195507124,0.00937069070042229,-6.430730743130767,0.014344568105110844,-6.235781891280904,0.013408453226727539
E2a_h0.01_e0.1_L3_learned_abs_attn_s1,L1H1,0.0074335408069385,0.7365303852222626,22400,0.1251048154071045,0.42817790358976104,0.4282712728098286,0.028914935848790038,-6.743567893054542,-0.11583511646186494,-0.09785151551785187,-6.878733383991909,0.03007065446638286,-6.550829910230313,0.0280322402358265
E2a_h0.01_e0.1_L3_learned_abs_attn_s1,L1H2,-0.0016159511294943,0.8627319430930918,13229,0.7322989849956782,0.7380955681806762,0.7381648780438053,-0.08223978717130624,-1.6153782149569926,-0.02844652309913774,0.1336154116901871,-1.6308824272330853,-0.08263436927935751,-1.5512987747944331,-0.08286889412784548
E2a_h0.01_e0.1_L3_learned_abs_attn_s1,L1H3,-0.0124033482854785,0.1468484265489158,22400,0.00037133144968160003,0.35883377413952056,0.3589953022568477,0.03296364435050559,-3.079623191597836,-0.07390194360284454,-0.054012045330397385,-3.1709056146818453,0.03374371957016483,-2.9565619245672567,0.032334272273503196
E2a_h0.01_e0.1_L3_learned_abs_attn_s1,L2H0,-0.0100139074052733,0.4640003010703808,19069,0.7207754575897456,0.8574441696211592,0.8734253199168803,0.09165241981992552,5.332663220984431,-0.10741994307675598,-1.6861436031989452,5.582611104799666,0.09680497551724818,5.935634593495829,0.09337331412461936
E2a_h0.01_e0.1_L3_learned_abs_attn_s1,L2H1,0.4405858238835077,0.9975049071612636,22297,0.43041732957972145,0.617056990480813,0.6323782802919307,0.04150157919511061,3.15760466068603,-2.5597304868787534,-1.2159150604845943,0.7210738007320275,0.048164673216880005,6.309973194135994,0.03816576713970168
E2a_h0.01_e0.1_L3_learned_abs_attn_s1,L2H2,0.4570785963952706,0.9960381971406084,22344,0.4254847626546139,0.6021231012763852,0.6192168241470173,0.041025146586542695,2.971203179345346,-2.4365000167809945,-1.2558084276745702,0.5924027506346897,0.04938034628638324,6.089205467875924,0.0361335365328623
E2a_h0.01_e0.1_L3_learned_abs_attn_s1,L2H3,0.1003780483524275,0.8710516666095438,22400,0.6504837267015842,0.7234833830662195,0.7570659503966338,0.05280855235686168,2.0458605345394614,-0.5654739148285134,-1.4695919675698184,1.731777182741249,0.05869140149072035,3.2246016403044693,0.051026124278737615
E2a_h0.01_e0.1_L3_learned_abs_attn_s2,L1H0,-0.0034753453662324,0.8108760106602436,22400,0.21046820749943107,0.5199046411013855,0.5203758681922572,0.017961994686385985,-7.274815501115973,-0.06207588221089728,0.23791057657404302,-7.436569933533879,0.018258968110700796,-7.253039531648995,0.017001208748738377
E2a_h0.01_e0.1_L3_learned_abs_attn_s2,L1H1,-0.0129843618601169,0.6879831720375683,15987,0.41326608514704355,0.6897345916802571,0.6928318801901847,-0.0029978608915675175,-9.263693739500805,0.09740928390747537,0.7953320584640928,-9.202544071791543,-0.006304847052982243,-9.594559255418314,-0.0033256772996326477
E2a_h0.01_e0.1_L3_learned_abs_attn_s2,L1H2,0.015339311616993,0.6280722734889943,22400,0.24748305617496913,0.5353153324971038,0.5361726421803368,0.005703375091187339,-4.082691443420634,-0.0450246741428455,0.18745547752514624,-4.209873762722681,0.006014015016060282,-4.065801528910168,0.004869701287510645
E2a_h0.01_e0.1_L3_learned_abs_attn_s2,L1H3,-0.0348830259169093,0.1535974316424407,22400,0.18121515189063686,0.4659239815485,0.46612574209278756,0.009893192279056315,-3.618337712625128,-0.014147518634177056,0.0804705944673989,-3.6626976789319454,0.009919445792490206,-3.6213238975004063,0.009642411599440874
E2a_h0.01_e0.1_L3_learned_abs_attn_s2,L2H0,-0.0254856822786504,0.6045314446983164,20814,0.8322487788773886,0.8700384635266304,0.8934093185809167,0.12195069121821604,2.230461632507722,-0.07020440816255538,-1.7225227721989433,2.549659603668612,0.12880252782711812,2.747581798609398,0.12724557931208658
E2a_h0.01_e0.1_L3_learned_abs_attn_s2,L2H1,0.4439354225082916,0.997809088822188,22123,0.4667219907440845,0.5872222455429852,0.6012183820092674,0.054287369417396585,2.6641556166402065,-2.0901746229486764,-1.2085525361594158,0.6419300708085198,0.06207217445667207,5.397729794202772,0.049706335736717996
E2a_h0.01_e0.1_L3_learned_abs_attn_s2,L2H2,0.2900550737117403,0.9938041517244918,22389,0.43250891029232896,0.5472943385340006,0.5646222098350278,0.040209077988483756,2.331489845373203,-1.5403333912863513,-1.120740427805269,1.0512636555140278,0.04324678307691311,4.271264322583408,0.04029060811346475
E2a_h0.01_e0.1_L3_learned_abs_attn_s2,L2H3,0.3280563367937507,0.9998250604705844,19351,0.544937260253557,0.6770412913675612,0.6850727345897236,0.07737653321231296,4.72791090754334,-1.5971601985916768,-1.1305941726486881,3.403902341990746,0.08019517881209609,6.719508358915458,0.07645918605216702
E2a_h0.01_e0.1_L3_rope_attn_s0,L1H0,0.0064824372268436,0.9999722145364804,20935,0.8484400503545594,0.9166065436731702,0.9206491092784637,0.1315253373438936,3.794449744901449,-0.04596666947032634,-0.7941184576867173,3.8617299605184696,0.13650825197906055,4.120599102419394,0.1319033692603536
E2a_h0.01_e0.1_L3_rope_attn_s0,L1H1,-0.0086367938307711,0.9541911623333154,22003,0.823332652371936,0.8970596164220423,0.9002700938117978,0.0879250345766697,3.3155085618280116,-0.029721300367526408,-0.6112792300175622,3.4412259732830557,0.08948955600319666,3.536058439041589,0.08870622642328824
E2a_h0.01_e0.1_L3_rope_attn_s0,L1H2,0.1260220746394335,0.9919376345476068,22360,0.4304424994997398,0.4455635140762697,0.44580057077505597,0.05334921532767493,1.1296981334436207,-0.0949882257828706,-0.12182422843884488,1.1307343397585785,0.052238139590683234,1.200352656150047,0.0547998834690542
E2a_h0.01_e0.1_L3_rope_attn_s0,L1H3,0.1272039194000024,0.9937504307682892,22397,0.4266553138412825,0.45196690925956706,0.4536592247920639,0.049253923626887804,1.4413777395392382,0.01333647397471229,-0.33017575287614653,1.480158999120052,0.05123343279740639,1.5968514267387883,0.04819596365593305
E2a_h0.01_e0.1_L3_rope_attn_s0,L2H0,0.3840184892009898,0.9998643991296248,21836,0.4116581894954723,0.7849152731698056,0.7849966103188069,0.05510648658040811,3.7704598052624836,-4.857593406149912,-0.09836110381546015,-1.7069657156955338,0.0690181868271999,9.390949874998068,0.0378166936443941
E2a_h0.01_e0.1_L3_rope_attn_s0,L2H1,0.002377145009088,0.3442499924906791,22393,0.5290444721963237,0.6480327693410586,0.6525700721607968,0.0407135055070606,3.5344734172786167,-0.08652173609011474,-0.601897284429974,3.4845711081247757,0.04452796561724115,3.938506843746047,0.038577950820368904
E2a_h0.01_e0.1_L3_rope_attn_s0,L2H2,0.3506463213862774,0.9999017403128424,21954,0.4089838900124153,0.8743996209625373,0.8744024306963388,0.04982449735476856,4.070768514508671,-5.49753260489513,0.01830859032660337,-1.9936506270841166,0.061731585734958946,10.165408565101965,0.03599846797160502
E2a_h0.01_e0.1_L3_rope_attn_s0,L2H3,0.0132183724585468,0.4598218945221538,22105,0.5266193766340235,0.6896527131219137,0.6944492286250606,0.04149358553644762,5.014970210487848,0.02762680932629654,-0.747907462095033,5.195464474018577,0.04410894290745342,5.2622164340841415,0.04147273058207478
E2a_h0.01_e0.1_L3_rope_attn_s1,L1H0,0.0009159290116152,0.9989886587145744,20977,0.8254102341577267,0.9000302710552093,0.9043000053913272,0.1079042667604844,3.5336513068884936,-0.09920312837709935,-0.7595621202765354,3.5902986779086876,0.11117937540647141,3.878987271481035,0.10887782741904276
E2a_h0.01_e0.1_L3_rope_attn_s1,L1H1,0.000852408406911,0.4477379490087315,22263,0.7707663762185702,0.8526015729797011,0.8535846230738275,0.07408133058280665,3.3433362384960437,-0.02467851610098371,-0.3136690616454054,3.3907454952131557,0.07498448110783855,3.4769713992195928,0.0741965568322885
E2a_h0.01_e0.1_L3_rope_attn_s1,L1H2,0.0425865326918136,0.9935958861356734,22400,0.5044755198591185,0.5299749944748557,0.5348970134251247,0.03799371394381974,0.9555764788639087,-0.04146133226841932,-0.3910136845020312,0.9418815701884912,0.040387621721110475,1.1993304935174938,0.03669080338235064
E2a_h0.01_e0.1_L3_rope_attn_s1,L1H3,0.0227020700103294,0.9985571175764756,22400,0.8528721630296625,0.8721256904343662,0.8759738508185504,0.0623612086084503,0.9431839638489936,-0.04441064501282414,-0.39367737173879913,1.007329453943452,0.06306414181784348,1.110664802386499,0.06275670477256098
E2a_h0.01_e0.1_L3_rope_attn_s1,L2H0,0.3303424605411601,0.9999373023498004,21247,0.35090807866576346,0.6265852600558226,0.6273495446260376,0.03713687943001422,5.222546263440574,-3.7035045959986324,-0.329635100520135,0.9771820845709644,0.05143885835940995,9.728301402324194,0.02111043089660819
E2a_h0.01_e0.1_L3_rope_attn_s1,L2H1,0.2319389895821262,0.999968420298371,21610,0.41054303670633363,0.6455333791231677,0.646451123411551,0.03813214175741833,5.5484956147591316,-2.779776488924104,-0.3622108813706646,2.382391217974034,0.04944253599223457,8.948516868108069,0.02701334582040593
E2a_h0.01_e0.1_L3_rope_attn_s1,L2H2,0.0054491281444953,0.6567603606407866,22396,0.5831201761307784,0.7371286172719971,0.7400562043368653,0.04604520292845152,4.7833636698532604,0.011141427431744028,-0.5664561396799921,4.901741831928418,0.04809638588131639,4.998107837093822,0.045580874513792675
E2a_h0.01_e0.1_L3_rope_attn_s1,L2H3,0.3651142218495102,0.7257220900958471,22400,0.29323038849760263,0.7541308840955883,0.7645765442191075,0.025051558764850188,2.3816653692479903,-3.642306857832767,0.7140338675221318,-2.3611179212813993,0.04291630778730277,6.704335503355554,0.005194529184592994
E2a_h0.01_e0.1_L3_rope_attn_s2,L1H0,-0.0020416389736139,0.8906818670344155,21914,0.8202574319379975,0.8722463760981958,0.8737025021218968,0.09159206812111849,2.7242427097480024,-0.045694057503360565,-0.3980704861242028,2.7629217511123927,0.0929306976207958,2.9150021636612933,0.09159208079682757
E2a_h0.01_e0.1_L3_rope_attn_s2,L1H1,0.1045754798924661,0.9368593576509738,22400,0.658127502434154,0.6670998128124308,0.6671654537385147,0.05021322455931997,0.6441433258888123,-0.008065601653217843,0.044800795308208796,0.6034377400502107,0.05056293307812866,0.6584896528977812,0.049738513911723674
E2a_h0.01_e0.1_L3_rope_attn_s2,L1H2,0.0221124009464462,0.9896819576768264,22195,0.6571310978664224,0.7077678690505227,0.7078909110635214,0.06497381518021628,2.348884049818772,-0.08274079550621372,0.09534362897545123,2.2030102964479816,0.06559590000182017,2.4397343447462965,0.06403948163293875
E2a_h0.01_e0.1_L3_rope_attn_s2,L1H3,0.0044347853442688,0.9999992819389576,16624,0.7027420202261631,0.8399294132609788,0.8466547867547622,0.15283015549625714,5.523210045129496,-0.12281479033896466,-1.1160402001639464,5.665582969371537,0.15852328297156346,5.9357490326835,0.1577319999164107
E2a_h0.01_e0.1_L3_rope_attn_s2,L2H0,0.0547148224636216,0.7756133756129137,22392,0.5725430589026415,0.793442831290318,0.7982923935230513,0.035662985865343104,5.98473076843509,-0.10657270483120931,-0.7642863606204331,5.966713307564506,0.03963156518181789,6.451207279877597,0.033877191490234874
E2a_h0.01_e0.1_L3_rope_attn_s2,L2H1,-0.0043355257347839,0.05493174457355,22265,0.489906499159633,0.5741356948438041,0.5809251788950951,0.043446465273359915,2.8510685304004797,-0.03143732493481396,-0.7248409088368947,2.9784475287410843,0.04570451219484666,3.1417787936307375,0.04355935423183754
E2a_h0.01_e0.1_L3_rope_attn_s2,L2H2,0.3376345281120909,0.9990308524242468,22199,0.37580356343125454,0.6178824935228041,0.6203459578239316,0.0277569055237833,4.263082900524706,-2.627297121855422,-0.4873270414948334,1.2995640799158004,0.03859534777564153,7.5215095146735305,0.017979983203938208
E2a_h0.01_e0.1_L3_rope_attn_s2,L2H3,0.4833595064454204,0.996715532050335,22337,0.3397766109728255,0.825068921120276,0.826140372780661,0.02644583400664978,4.234694210839877,-4.979546124930915,-0.3286877478769892,-1.2118470594836666,0.038844462908966544,9.879440540975631,0.014769849759939134
E2a_h0.03_e0.2_L2_learned_abs_attn_s0,L1H0,0.088836892533768,0.9999999260841228,17796,0.7924716027387606,0.8213978733306285,0.8216309851444994,0.24892400269762024,2.8672939147743586,-0.4448964644765947,-0.20717679713724113,2.4481135717459033,0.25110812623929013,3.362029945800408,0.25009473737000193
E2a_h0.03_e0.2_L2_learned_abs_attn_s0,L1H1,0.4381105062548717,0.9987203345011378,20916,0.6207107596809416,0.6405668057669296,0.6420869022745326,0.10486813597825147,1.6497694142107628,-0.11163833712772431,-0.4026894620386219,1.530932541084364,0.108958280077719,1.9867035287841355,0.10275309196843656
E2a_h0.03_e0.2_L2_learned_abs_attn_s0,L1H2,-0.0110185106568028,0.3314804653409394,21208,0.4772425723097903,0.747626205167752,0.7557712297221519,0.02623633454771865,7.498343188550365,-0.026636493190077028,-1.1557409634474833,7.805336816410475,0.02832959611791014,7.890559469006295,0.0276532420085708
E2a_h0.03_e0.2_L2_learned_abs_attn_s0,L1H3,0.4806790055638064,0.999847096698111,20301,0.6584390175507022,0.6658382829286773,0.6660296501824327,0.1319525365301167,0.9423809773194275,-0.22135914712579055,-0.12781493500407964,0.6699111396016056,0.13503448817977481,1.2722869195146806,0.12998890019940637
E2a_h0.03_e0.2_L2_learned_abs_attn_s1,L1H0,0.3199714489440961,0.9998967750550752,19308,0.5957884136964522,0.6742713139754255,0.6761844236051762,0.11219663231744631,4.017255781889755,-0.6905758706762865,-0.5621188229399143,3.2107008508111496,0.122378805616544,5.094261881865685,0.10701490821291604
E2a_h0.03_e0.2_L2_learned_abs_attn_s1,L1H1,0.4007047956697012,0.9985690904529838,20930,0.47639869383299216,0.5365767195385966,0.5397285177469837,0.07346730620934559,3.150761482356469,-0.35564214091609786,-0.6459209385953644,2.7526613717936286,0.08065013574360944,3.8872079023883357,0.07010425859967456
E2a_h0.03_e0.2_L2_learned_abs_attn_s1,L1H2,-0.0205365710070701,0.5630383805661723,22255,0.7979709540152016,0.8847066453293049,0.8871188956666649,0.0889517090755407,4.024734391156951,-0.03599843904113243,-0.5833075308601177,4.128590750647653,0.09054419823477554,4.253665374533343,0.08940763420085938
E2a_h0.03_e0.2_L2_learned_abs_attn_s1,L1H3,0.2974339990031587,0.999949092142043,17767,0.49461843402287164,0.6053334867011175,0.60792410760788,0.09828644898264728,4.984992245847055,-0.5555716550925818,-0.6765080969473902,4.563302195823446,0.10264064774329475,5.766609684225038,0.09934387688487212
E2a_h0.03_e0.2_L2_learned_abs_attn_s2,L1H0,0.0057983882997869,0.259991678709929,21197,0.2668611637648334,0.6798101033414529,0.6901497284970226,-0.026226478042475767,9.599936053762624,-0.027469012971372355,-1.3217576124528323,9.95466191857027,-0.02398035173556176,10.064095811001653,-0.02516368081615131
E2a_h0.03_e0.2_L2_learned_abs_attn_s2,L1H1,0.0371114924953096,0.999999841225151,17701,0.6867380007941123,0.7671062203886848,0.7694574138307493,0.17189258574212019,4.442992802508916,-0.6258751446538701,-0.6724380783324344,4.202074326483476,0.16690491686891526,4.968811616304813,0.18593563469516966
E2a_h0.03_e0.2_L2_learned_abs_attn_s2,L1H2,0.5060264452201961,0.99856755390413,21387,0.46049892509987034,0.4934484956777454,0.49598673889584477,0.07347635727637032,2.103232896441313,-0.22759085398290457,-0.5287945423263396,1.937649039046708,0.07662748124865916,2.5702464917296473,0.0723229050083059
E2a_h0.03_e0.2_L2_learned_abs_attn_s2,L1H3,0.4479941215787988,0.9914796819955102,20683,0.3766413851256636,0.42743811101824625,0.431807776532388,0.06596403286178762,2.8137846457111477,-0.14912782788665607,-0.758221189467849,2.6446349791871095,0.07403499759519683,3.422256165657168,0.061543746896615195
E2a_h0.03_e0.2_L2_rope_attn_s0,L1H0,0.4124410376137734,0.955464877830969,20294,0.5380388803248335,0.5878347159932392,0.5882866215386751,0.09419447159464177,2.867528821606315,-0.32758110057867973,-0.23270777255870945,2.429162929762477,0.09988821117965263,3.419014667433271,0.09020274583626653
E2a_h0.03_e0.2_L2_rope_attn_s0,L1H1,0.0227318125403835,0.4988311051113014,22260,0.6443735314248572,0.8183431312731151,0.8192898323402686,0.050250623009169826,5.2765774026639285,-0.05721298088271135,-0.3315578190388151,5.277690186152459,0.05161974672065502,5.464624900080562,0.05005151888462516
E2a_h0.03_e0.2_L2_rope_attn_s0,L1H2,0.4058259304012404,0.9622484558289977,20494,0.574585249355952,0.6163117652299733,0.6166062221272302,0.09799460162719963,2.6178702948088075,-0.31080479688134666,-0.18861801929243294,2.163547246436067,0.10383616017272775,3.1656221447424615,0.09341201115517887
E2a_h0.03_e0.2_L2_rope_attn_s0,L1H3,0.1574027031609234,0.9958283293837606,16668,0.5468998383783216,0.6584263171262168,0.6617078621258632,0.1113490777190436,5.141967456574145,-0.7811456586163308,-0.7730044793358382,4.532012360827668,0.1175860092684056,6.138807761067676,0.11513595961111273
E2a_h0.03_e0.2_L2_rope_attn_s1,L1H0,0.0077106587384804,0.7727803519177,15436,0.3407417044415114,0.5168651661305919,0.5200224157371773,0.04824916089606281,6.348764068561513,-0.12425203962132692,-0.7797964332264149,6.42220973280985,0.050970258071828874,6.819652903639304,0.04677082759601667
E2a_h0.03_e0.2_L2_rope_attn_s1,L1H1,0.4952766075271808,0.9657875840015152,21115,0.6194127729085288,0.6451252470606719,0.6451428253038216,0.09358374180412585,1.7312617461025517,-0.4442296929544545,0.040474650923013056,1.0242089643810586,0.09999483516576824,2.4197319914731965,0.08684276317995178
E2a_h0.03_e0.2_L2_rope_attn_s1,L1H2,0.488499804908907,0.9616414685805792,21109,0.5799903081326503,0.597531195649405,0.5979710827091667,0.09247471969300332,1.373417999704269,-0.44794871804746883,0.1946743858640606,0.6764655125504951,0.09701600798976352,1.9747417981055595,0.08660272360825051
E2a_h0.03_e0.2_L2_rope_attn_s1,L1H3,0.0092280130149282,0.6221730800312665,18543,0.43812873757255055,0.6380082970870699,0.6399228177097092,0.03612359126112939,5.667231848772294,-0.11208244867740062,-0.49414426053093563,5.6364987239945155,0.03861257197345692,5.9979599283045975,0.03522633248098159
E2a_h0.03_e0.2_L2_rope_attn_s2,L1H0,0.5006158152341796,0.9599214294468662,21184,0.6080896277837458,0.6288413617230899,0.6289697114081617,0.09680585893449734,1.540976012374353,-0.4023670268977769,-0.10893852397479631,0.8993120697782137,0.10423455980935377,2.2289882186576864,0.09038637045819459
E2a_h0.03_e0.2_L2_rope_attn_s2,L1H1,0.4641956666693612,0.9648031396709892,21183,0.6006540309034538,0.6221290498211112,0.6224783202160913,0.09739858421091191,1.637929758753524,-0.40122566752639716,0.17985205083857625,1.0540178876604291,0.10041890294717365,2.140900705574428,0.09286077026008165
E2a_h0.03_e0.2_L2_rope_attn_s2,L1H2,0.0193154627779372,0.9371251933680445,15124,0.3970015057816675,0.5767475419036889,0.5873316091867946,0.08010609475252227,6.096758390024207,-0.21869257019151514,-1.4258568605067092,6.246020789617784,0.08617645085660157,6.841041759909237,0.0801048748003555
E2a_h0.03_e0.2_L2_rope_attn_s2,L1H3,0.0153553383879917,0.5928085018970941,20482,0.6172399108569395,0.7651250346605006,0.7696109812164896,0.058897847601004735,4.8214693701877085,-0.10137067863398266,-0.7478436151326169,4.877696549511552,0.061504447919789026,5.201500524513012,0.05875349547531138
E2a_h0.03_e0.2_L3_learned_abs_attn_s0,L1H0,-0.0312478638128082,0.8542045639101646,19197,0.9891157316102428,0.9895927582686901,0.9897713137414044,0.24550695065901518,0.27829102414945095,-0.0021668860848594942,-0.14045808344888724,0.29391606149570654,0.24684963041902608,0.31082395463349277,0.2463764976068278
E2a_h0.03_e0.2_L3_learned_abs_attn_s0,L1H1,-0.0009818308462806,0.0501626714328702,12745,0.9787881694749312,0.9788055240482818,0.9805362594509988,0.6823602361933622,-0.18958536929672298,-0.00881570817977088,-0.49567625274828075,-0.076311531082382,0.6845473219015328,-0.056050728009992154,0.6843846964294487
E2a_h0.03_e0.2_L3_learned_abs_attn_s0,L1H2,0.281715111094022,0.7034173643050922,22400,0.9170816168490388,0.9307781602075638,0.9331167165352613,0.07631180822830955,-0.6989947923600268,-0.0038175521701904586,0.2666332265136255,-0.7807562435718531,0.0759293452689322,-0.7741112309691647,0.07595031740984835
E2a_h0.03_e0.2_L3_learned_abs_attn_s0,L1H3,0.002669438029298,0.9956210866364428,19822,0.9253599754962416,0.9310362206411635,0.9310813708138201,0.1982480770552848,1.0061189540505127,-0.00497154564861284,-0.07164225423732085,1.0109838425221433,0.19884591496899517,1.0275962217915526,0.19862219255348465
E2a_h0.03_e0.2_L3_learned_abs_attn_s0,L2H0,0.2155132171713849,0.9998971974651282,17234,0.2623040218795478,0.3521230060907574,0.3656330993040532,0.04573795988324249,3.6924338032076682,-0.036504487938593566,-1.3761863517256943,3.526685106642649,0.06551680332563034,4.69553287315818,0.032928045263116164
E2a_h0.03_e0.2_L3_learned_abs_attn_s0,L2H1,0.1964375097734298,0.9997379092863736,15913,0.2837321032316178,0.3859802701016579,0.397926247532997,0.057480050985467844,4.0775854171250305,-1.0817481216053428,-1.3569536522117185,2.5657678036599014,0.087773516789767,6.634024672968472,0.024727065147177773
E2a_h0.03_e0.2_L3_learned_abs_attn_s0,L2H2,0.152758846970472,0.9997646227761,16565,0.28069848973023703,0.38222442325998074,0.39204663832595243,0.05166871881491672,4.045378823844021,-0.6009357293652886,-1.1898056900748932,3.295817451067663,0.06953313979296548,5.674180516229989,0.03408305438221794
E2a_h0.03_e0.2_L3_learned_abs_attn_s0,L2H3,0.184833088634476,0.999687535263612,16270,0.2353033539911098,0.3243839156334801,0.3329830343383864,0.047454266860723834,3.82226831490357,-0.7956887665821392,-1.1194057476256765,2.548430612907425,0.07596708311941447,5.896125693211794,0.020865649676642332
E2a_h0.03_e0.2_L3_learned_abs_attn_s1,L1H0,-0.00603792773395,0.1106677362231233,19942,0.7270890763081168,0.7276158827508499,0.7278888805648085,0.15643575332636192,-0.22253908468874806,-0.004044803016859227,0.14683128949205923,-0.24966758739940112,0.15527320311390735,-0.24814860436562033,0.1554934341068926
E2a_h0.03_e0.2_L3_learned_abs_attn_s1,L1H1,0.0050799583462364,0.3984069667419752,20885,0.2009256345297339,0.3339035843511188,0.34323794244151906,0.11497086143051853,-3.218980698670319,-0.04967587282899281,0.7214509373627361,-3.4293895016224525,0.11182825040261817,-3.3255853093717644,0.11169909846312367
E2a_h0.03_e0.2_L3_learned_abs_attn_s1,L1H2,0.0589885222547265,0.7745573613795785,21600,0.10243388499046269,0.326600929180644,0.3372576293699545,0.10000725382898004,-4.397060286622028,-0.02103373303916441,0.8310964320331309,-4.611791790636419,0.09712484301278689,-4.61432324212373,0.09824349468659986
E2a_h0.03_e0.2_L3_learned_abs_attn_s1,L1H3,0.050517161609084,0.747210887737029,22333,0.3778042732358292,0.46206748357716954,0.4687788481637194,0.0845434790521515,-2.302973302094926,0.02725208237626068,0.5784481914438768,-2.4132929400788594,0.08303574196769156,-2.5328744324323313,0.08442865679405008
E2a_h0.03_e0.2_L3_learned_abs_attn_s1,L2H0,0.1240382053471416,0.8819912175332968,20085,0.6512677556704607,0.7451170337629992,0.745829127701531,0.0993889753019762,4.136630507168396,0.23288898858204193,-0.3139751936001689,4.526511556645497,0.0985119126626589,3.8854037062723257,0.10358754606036528
E2a_h0.03_e0.2_L3_learned_abs_attn_s1,L2H1,0.4180374852506242,0.9967135090041696,18593,0.4702796222583232,0.5916828156736968,0.5927992674242892,0.07845776715958688,4.735006702284814,-1.5927234364769414,-0.43162261778563416,2.656242751882948,0.09631307534263711,7.144270403287617,0.060899004379605916
E2a_h0.03_e0.2_L3_learned_abs_attn_s1,L2H2,0.3407397747063704,0.9976224393000402,18480,0.4889088789270366,0.6041618275617828,0.6066212352931395,0.08376227763460893,4.676117497299743,-1.1468033121049592,-0.6340128897810375,3.3407778741679746,0.09673286128438491,6.396335177374532,0.0750035905614033
E2a_h0.03_e0.2_L3_learned_abs_attn_s1,L2H3,0.0036063131359507,0.1601318205353953,12697,0.9092754546374728,0.9114586011911883,0.9135384121112556,0.6614127925158556,0.9942638394258005,-0.06794184026891843,0.6341537864961377,0.7907380588927166,0.6501510591784608,0.8788209438836091,0.6542532327189949
E2a_h0.03_e0.2_L3_learned_abs_attn_s2,L1H0,0.094817101584416,0.9093091654392226,21104,0.8565691222081417,0.857580964187059,0.8576096705957994,0.1152592788365355,-0.2664042616009775,-0.026298890102740204,0.038072059996604804,-0.33112358868942054,0.11592040702337301,-0.21839651833797794,0.11425950132634874
E2a_h0.03_e0.2_L3_learned_abs_attn_s2,L1H1,0.0809501463034362,0.947262567597703,21047,0.8769105480613434,0.8772830458206147,0.8772896985161392,0.12313384610153498,-0.16641808927975893,-0.034567286137082924,0.019319805870574788,-0.21149849001544613,0.12322323591579806,-0.1298104085071595,0.1228722815693551
E2a_h0.03_e0.2_L3_learned_abs_attn_s2,L1H2,0.1422889870917421,0.7413990432654313,21692,0.8831051546610782,0.8910277897851028,0.892051413787375,0.09359689162685775,-0.6091452023307193,-0.02904339203623613,0.19692734092239855,-0.6987622081455617,0.09327120817382396,-0.6214882931979597,0.09280630427209074
E2a_h0.03_e0.2_L3_learned_abs_attn_s2,L1H3,-0.0122408745650791,0.8049439904519253,18655,0.9555294703403808,0.9609263791039686,0.9616809822802799,0.273395198678148,1.106715346143381,-0.05410965151714085,-0.3271358623926877,1.0764608216161144,0.2773760154926116,1.240647804948969,0.2751112007477003
E2a_h0.03_e0.2_L3_learned_abs_attn_s2,L2H0,-0.0063588042210557,0.1076298680214777,12569,0.9920932606854005,0.9927970419057209,0.9932021961114738,0.7242984017422706,0.3733288847455212,-0.04340967217715667,-0.2504752905835256,0.42630828136154336,0.7230174197192153,0.4500155057833882,0.7284735078155432
E2a_h0.03_e0.2_L3_learned_abs_attn_s2,L2H1,0.3071173882175714,0.9991771364883392,17327,0.38631515265149985,0.5071141551701783,0.5128955802185593,0.07795485256438507,4.3062514928710796,-1.7353113052140405,-0.9358384510588076,2.503117197547307,0.090498477182753,6.773164942885033,0.06547299053962514
E2a_h0.03_e0.2_L3_learned_abs_attn_s2,L2H2,0.2550853251556871,0.9996325964752504,15387,0.37117859255286545,0.4455242287089439,0.4560587918632085,0.09603381062665711,3.6757044499028804,-0.9530181822127988,-1.328610232047021,2.77442438875922,0.11284277398251513,5.4429582828768615,0.08686136270007623
E2a_h0.03_e0.2_L3_learned_abs_attn_s2,L2H3,0.1353828380221035,0.9978346495672336,19795,0.45644620024385374,0.5609534315845561,0.563260080069419,0.0715685096607565,4.0113341220157555,1.011637728939729,-0.5571309171042291,4.96294507730029,0.07981738894679823,3.3102754866732806,0.06889790293181428
E2a_h0.03_e0.2_L3_rope_attn_s0,L1H0,0.0162013816184127,1.000000000555111,8877,0.9843601344270945,0.9846782084296013,0.985746224140222,1.9395819809538235,-1.15342499288289,-0.3597406737782226,-1.061674714909356,-0.7756219506579427,1.950383845371682,0.03600348750550419,1.9297795418738033
E2a_h0.03_e0.2_L3_rope_attn_s0,L1H1,0.1872157407173175,0.9683847057057048,21134,0.49556616416235566,0.525616772471712,0.5256292661259896,0.08716668931595431,2.164491220663804,-0.28572279234618464,0.03703358166020998,1.7532442126116825,0.09011173972242607,2.5566568793365145,0.08400545017632964
E2a_h0.03_e0.2_L3_rope_attn_s0,L1H2,0.1261975637087654,0.975762854743436,21089,0.5812918135376499,0.6513941223289959,0.6538135673924926,0.09186981455908289,3.6713750107212655,-0.39188414670139277,-0.5944012116808157,3.324647123845242,0.09625342518167772,4.359676530348427,0.08960366471056014
E2a_h0.03_e0.2_L3_rope_attn_s0,L1H3,0.1617372080022153,0.9693458513125672,21108,0.5636949236067108,0.6195000163846927,0.6205269548485199,0.0906558340194169,3.1583679092811296,-0.1891870127916231,-0.36583066567927613,2.8811962871633456,0.09654216448240029,3.6257635067301544,0.08684463489758587
E2a_h0.03_e0.2_L3_rope_attn_s0,L2H0,0.0066502845507102,0.98238975405096,21889,0.726976756091945,0.864704121281124,0.8661810601179892,0.07633833758433145,5.28855499817862,-0.09722814936622215,-0.4731706008762757,5.180930455774492,0.08065493611607256,5.655792346947674,0.07423819801979117
E2a_h0.03_e0.2_L3_rope_attn_s0,L2H1,-0.0015321027822523,0.2627834663570331,21691,0.5111283493038179,0.6404511490364319,0.6467833882683544,0.045355336101143846,4.193257485870667,0.08542807920745504,-0.8228085273137458,4.493796876335934,0.04729572657351454,4.365525303763696,0.04633488499543541
E2a_h0.03_e0.2_L3_rope_attn_s0,L2H2,0.5017366832211154,0.6370847386320487,22321,0.4399087791949684,0.8497422896851291,0.8497434673053065,0.051312690548736335,1.2342886200684604,-3.9481040336565276,-0.008241044887236093,-3.8116197450730875,0.07465933233409675,6.3021986332066104,0.027311593298480135
E2a_h0.03_e0.2_L3_rope_attn_s0,L2H3,0.0015422113497649,0.6823242299480177,21524,0.5821847107705291,0.7498758776076446,0.7544039887570765,0.05228567252845994,5.3933223321374255,0.1292888792926311,-0.7762571252389032,5.725074343445699,0.05428463747063661,5.486617630651183,0.05379921331460668
E2a_h0.03_e0.2_L3_rope_attn_s1,L1H0,0.0034421762545656,1.0000000007916805,10067,0.9814414092927665,0.981675051107542,0.9817577109517369,1.454954280924311,0.3363633854936042,-0.25201284417816994,0.21276147064334405,-0.06736719850471155,1.458989208979379,0.5027836537125927,1.4497407313095991
E2a_h0.03_e0.2_L3_rope_attn_s1,L1H1,-0.0029612072648735,0.8796933383576889,20241,0.7222641981973532,0.8426774507693502,0.8453945520527993,0.09143233733883561,4.463480416052534,-0.08590455582456595,-0.6000635772914313,4.4930161703070155,0.09441734993134669,4.752056622673401,0.09196490968453047
E2a_h0.03_e0.2_L3_rope_attn_s1,L1H2,0.0478693271986738,0.9641959604503072,19608,0.21529373010617425,0.21832742486960344,0.22121351578467852,0.09028013337315474,0.7165362496173853,0.008581299586748144,-0.7107981822961185,0.6852936924336658,0.09858114857113197,1.1167338880571103,0.08606941092299462
E2a_h0.03_e0.2_L3_rope_attn_s1,L1H3,0.0351079841250556,0.9689820349955818,20601,0.4595837700118707,0.4893771576941479,0.49311278189769603,0.09052045850467384,2.1208669091662076,-0.07512690800336211,-0.6771627172843738,2.2760944771146656,0.09085912113226517,2.3334414339347354,0.0935005679479813
E2a_h0.03_e0.2_L3_rope_attn_s1,L2H0,0.3702820738708836,0.9322238599696512,22248,0.5296994481376923,0.5995948099910378,0.6016474081589254,0.057950344556581275,1.8158172116745777,-1.3191621616459805,-0.3861575019254796,0.12499815121546508,0.06887589801029777,3.733545366978896,0.04806696623591989
E2a_h0.03_e0.2_L3_rope_attn_s1,L2H1,0.0638317454897385,0.9678595651992764,22339,0.773747146522861,0.8507439282292067,0.8532733500805801,0.07319322216982366,3.0702550272037197,-0.3658558817423446,-0.49119138487132097,2.63150154989552,0.07852335436187113,3.7976628330353743,0.069268649311901
E2a_h0.03_e0.2_L3_rope_attn_s1,L2H2,-0.0019058612839047,0.1431070717819084,22400,0.5308535002502967,0.5777742558933486,0.5852315005631277,0.04710479372906253,1.771895620604511,-0.01993482200712685,-0.649598132637716,1.9286437442922846,0.04831643727444703,1.997348866237209,0.04770564366459861
E2a_h0.03_e0.2_L3_rope_attn_s1,L2H3,0.4851066936972851,0.934164717440061,22323,0.47198694493892457,0.593665028137401,0.5965011590605915,0.050019659669622685,1.8579517932867888,-1.9612001860400994,-0.44009869820964564,-0.3720893759026028,0.059126930679913474,4.346863287334631,0.0421434829201975
E2a_h0.03_e0.2_L3_rope_attn_s2,L1H0,0.0428623289809308,0.9939475504673456,21758,0.7331458853587685,0.7894968221904006,0.7903406321355563,0.09021691241720677,2.8913324299919827,-0.21264049450966943,-0.30527722262963786,2.7293527298242757,0.09172586982329724,3.2171665193229004,0.09022203505581611
E2a_h0.03_e0.2_L3_rope_attn_s2,L1H1,0.1039994687601111,0.9707881050477626,21135,0.5204739802903071,0.5682604990556672,0.5687117161390103,0.08921982960019413,2.9678991643746615,-0.2448067494296545,-0.24546586350962674,2.6672901222275165,0.09308322614138431,3.3925111927737057,0.08689792334565644
E2a_h0.03_e0.2_L3_rope_attn_s2,L1H2,0.0101746202438517,1.000000001193722,8306,0.9883180602903751,0.9883632492671401,0.9895300052443278,2.1192159093519036,-0.8239364766986695,-0.19901401795675422,-1.1574979107925176,-0.23135844862577587,2.121011427026027,0.17064869842015715,2.1180341323315113
E2a_h0.03_e0.2_L3_rope_attn_s2,L1H3,0.0739065302978122,0.967249847875548,21685,0.6020185901755926,0.6572200912459194,0.6578959430098632,0.08044377166575732,2.9466925771121577,-0.1643125357148607,-0.2805254798990936,2.810233116069323,0.0822914346980076,3.234586390778141,0.07996545591483264
E2a_h0.03_e0.2_L3_rope_attn_s2,L2H0,0.0068293228468101,0.2235587795131977,21951,0.6110075020269683,0.7109393987808319,0.7163993156366457,0.05812912280721662,3.5648237988944316,0.04453117088989007,-0.7380580148373066,3.7877283297051623,0.060191048697943346,3.757667965115259,0.05887162240692039
E2a_h0.03_e0.2_L3_rope_attn_s2,L2H1,0.3539777973870914,0.8963804655546223,22078,0.5072182520548603,0.6551946172230159,0.6555486210273384,0.05550603453635457,2.981488021097497,-2.243571491138878,-0.18116174951946884,0.1519146270286065,0.06946760217252416,5.93767970989495,0.04121439746002512
E2a_h0.03_e0.2_L3_rope_attn_s2,L2H2,0.003982834499196,0.9479663583941118,22398,0.6724434397595628,0.8465447959844801,0.847696215881293,0.048107243298066794,4.920045074548355,-0.114103668860947,-0.33903508062623877,4.799321874298805,0.050833155362050235,5.240195029733142,0.046329436876694864
E2a_h0.03_e0.2_L3_rope_attn_s2,L2H3,0.4046430317251189,0.7480997080430305,22277,0.49112813192847005,0.7401569456572793,0.7410324679099307,0.05603451451496344,2.00797935276177,-3.270901844376791,0.25213622978482,-2.084529361251388,0.07160951256644461,5.960278506344341,0.03937795870998968
E2b_h0.003_e0.05_L2_alibi_learn_attn_s0,L1H0,0.4869470322239492,0.9999999992196535,21833,0.38141928866013086,0.39399828847310725,0.39435011323275837,0.06549961692777535,0.5565841357043326,-0.7082826359928562,0.15914877892660387,0.2255344977598305,0.05541464712604989,0.8141894922848251,0.0742774967576465
E2b_h0.003_e0.05_L2_alibi_learn_attn_s0,L1H1,0.5343749533198322,0.999581550002014,21981,0.48830879478595,0.4963492862668437,0.4964322017933034,0.06683069519343698,0.7985556552666706,-0.2310297203857705,-0.07501904927976649,0.5072483845579352,0.06878812634613841,1.132014323406486,0.0651756093560878
E2b_h0.003_e0.05_L2_alibi_learn_attn_s0,L1H2,-0.0185904921709262,1.000000001959583,15019,0.9773696458267523,0.9788778727469951,0.9798294697659355,0.5883603703579582,0.2654298205432314,-0.4382834288874224,0.4270529598570747,-0.31912275758242115,0.5878231293101316,0.7217217808963444,0.5773521087132737
E2b_h0.003_e0.05_L2_alibi_learn_attn_s0,L1H3,-0.002881130589352,0.7423761484769206,19967,0.9971321763212581,0.9972671834059451,0.9972717311241667,0.20468725063484908,0.10959111748624814,-0.06129265261121867,-0.020747918892341954,0.04437211930956733,0.2050553875984343,0.1846098084305242,0.20447761987378793
E2b_h0.003_e0.05_L2_alibi_learn_attn_s1,L1H0,0.5204696592835204,0.99999999749811,21686,0.3561987980759824,0.3716360216492065,0.37163682253426233,0.06834751538155659,1.0431341554430673,-0.6859391433101913,-0.00863011172548006,0.44202563105168385,0.06639825542443571,1.6519515767681396,0.07021686641350904
E2b_h0.003_e0.05_L2_alibi_learn_attn_s1,L1H1,0.5353693294024444,0.9999969284159046,21871,0.3892879442587096,0.3939934802220362,0.3940606120713065,0.07219271765460944,0.667801811977932,-0.2916713993086972,0.077116079467416,0.44850683313558676,0.0698602648487213,0.8470692243048553,0.07407521116964316
E2b_h0.003_e0.05_L2_alibi_learn_attn_s1,L1H2,-0.0556091985310301,1.0000000000576048,14889,0.9667077860908302,0.9676053506055898,0.9694783985266203,0.5984494482311646,0.43762115026090237,-0.2938967224022739,0.6107883945572508,-0.010679629117068802,0.5941012116144637,0.6920362189775694,0.5866856416158447
E2b_h0.003_e0.05_L2_alibi_learn_attn_s1,L1H3,-0.0005700279886837,0.7555808808830969,19944,0.9953100780463551,0.9953768790641183,0.99537733514217,0.20769154512749524,0.10383003864814568,-0.020354632572314003,0.0066388207638266306,0.08149428756365351,0.2076795107336234,0.1230557397533986,0.20765152148956467
E2b_h0.003_e0.05_L2_alibi_learn_attn_s2,L1H0,0.5325681315558157,0.9999999994557486,21435,0.3878786052472607,0.40795528588370145,0.408140684464807,0.067074741769057,1.4011078467989688,-0.4703525139314758,-0.12826471511758286,0.8776841213725308,0.06948837435841947,2.0018601305944106,0.06500895084222917
E2b_h0.003_e0.05_L2_alibi_learn_attn_s2,L1H1,0.5681787078466228,0.9999987811573712,21279,0.3710183114898371,0.3806166904145045,0.3814742136684416,0.07191659718043378,1.1357659989012878,-0.16234592141547075,0.26954240816817837,0.8443550051554953,0.07268873497610871,1.2757637239866915,0.06999141227968887
E2b_h0.003_e0.05_L2_alibi_learn_attn_s2,L1H2,-0.0960197191829796,1.000000003241286,15259,0.9799843701760296,0.9811453117941399,0.9815874226574173,0.553299435930513,0.49848504539736554,-0.2831184159161826,0.28964771809581913,0.09905438217164625,0.5539237975482865,0.8119281499978126,0.5449488553599597
E2b_h0.003_e0.05_L2_alibi_learn_attn_s2,L1H3,-0.0051519939402698,0.7546807580880186,19642,0.9969796442931488,0.997236983857629,0.997281258887985,0.21959120023924678,0.1764171991623382,-0.062403933885597535,-0.06677256140425139,0.12658238158266505,0.21996362662162927,0.2573347006333149,0.21976335333063154
E2b_h0.003_e0.1_L2_alibi_learn_attn_s0,L1H0,0.4911497015845495,0.9999999990840088,21605,0.27484060357624174,0.2965461935791823,0.2965462323790552,0.05592320990232442,0.9045446071022434,-0.8827952994215805,0.0017506550555301814,0.108171163774001,0.05386773197276996,1.694911313999983,0.058162583588965824
E2b_h0.003_e0.1_L2_alibi_learn_attn_s0,L1H1,0.5267159740481361,0.9999985250308652,21850,0.3325274684785028,0.33977547602679314,0.33987412315333354,0.058160081970013405,0.7538266309534661,-0.28222792517816997,-0.08575301750803388,0.4058089643154318,0.060369460792890225,1.1507384355179975,0.05627117275979561
E2b_h0.003_e0.1_L2_alibi_learn_attn_s0,L1H2,-0.0136933191075214,1.0000000031211935,14785,0.978801986031965,0.9798381413582068,0.9804386612057822,0.6090892457892566,0.2160321351526428,-0.3651294046070954,0.33979376204100065,-0.22694259670520114,0.6062733699175145,0.5453044148663986,0.6036188198651102
E2b_h0.003_e0.1_L2_alibi_learn_attn_s0,L1H3,-0.0033452757832866,0.7490806153456739,20179,0.9896719011346962,0.9904110680459492,0.9906120775245988,0.1882350123363746,0.1272892679665279,-0.18434919378549178,-0.13161604491010404,-0.044579422752240604,0.18933692944748556,0.3607237033549037,0.18816018630942785
E2b_h0.003_e0.1_L2_alibi_learn_attn_s1,L1H0,0.5259221541231948,1.0000000060632117,21204,0.18495439349087417,0.21196151296215582,0.21231481572394795,0.04593746860821443,1.3419693455626873,-0.9616485587155565,-0.1893403812129092,0.3704005795361935,0.04795532405057117,2.42309763301215,0.04472237427565072
E2b_h0.003_e0.1_L2_alibi_learn_attn_s1,L1H1,0.5155455853700347,0.9999988767698856,21286,0.20737616249506785,0.2146464038706909,0.21501941656531443,0.05355368673336141,0.9077695399239039,-0.21095025772749773,-0.19188915076345545,0.6685993353891897,0.05596431990716785,1.2617421124352661,0.05177178239078343
E2b_h0.003_e0.1_L2_alibi_learn_attn_s1,L1H2,-0.0430982913763603,1.0000000002911351,15013,0.9761037778890838,0.977311230887424,0.978259928603928,0.5864462498960072,0.30119534142212606,-0.38009860931752976,0.4247953136365864,-0.201480838522282,0.5845385908071685,0.6725452438381163,0.57733704449972
E2b_h0.003_e0.1_L2_alibi_learn_attn_s1,L1H3,-0.0002575050589251,0.8010836463718932,20136,0.9943418618733901,0.9945586459790496,0.9945883182101946,0.1945072793339246,0.11986668226166969,-0.08111274212744428,-0.05159506091128214,0.055984873436782476,0.19454263251370163,0.2078292973569677,0.1948772323501752
E2b_h0.003_e0.1_L2_alibi_learn_attn_s2,L1H0,0.533302633782953,1.0000000010615102,21450,0.2362873162801451,0.256811808900547,0.256916280494067,0.05189435605867159,1.0503387924767904,-0.8110956024435977,-0.09519904036435528,0.22898603974676685,0.05296935045429308,1.9299889610154206,0.051060962840866184
E2b_h0.003_e0.1_L2_alibi_learn_attn_s2,L1H1,0.5040307116594547,0.9999784043414236,21187,0.2390794861146306,0.24742710131735646,0.24754305022494283,0.05979859779309964,1.1111414065187164,-0.10832152622564281,0.10842110121716775,0.9126251477759627,0.06104741845424149,1.2474163870721269,0.05805579440549034
E2b_h0.003_e0.1_L2_alibi_learn_attn_s2,L1H2,-0.0318773121581765,1.0000000013253811,15463,0.9784891864357548,0.9797074791834736,0.9802006934160052,0.5375472161347744,0.4141741347555582,-0.32980614611885944,0.30227655058406433,-0.050479745933357696,0.5390307412451557,0.7922117952523825,0.5279363965270648
E2b_h0.003_e0.1_L2_alibi_learn_attn_s2,L1H3,-0.0055657344753735,0.7400824042138036,19990,0.9939950804523443,0.9943540835523785,0.994465439399011,0.20018406104773934,0.13032995594609745,-0.11691779561793116,-0.1013322837880102,0.04604292487314283,0.20028950960213385,0.2621901985817656,0.20086570924576103
E2b_h0.003_e0.2_L2_alibi_learn_attn_s0,L1H0,0.4674339417709375,0.9999999956593716,20335,0.03905241090589029,0.05503826225836139,0.07676444859452014,0.021720328741416637,0.1916660505771982,-1.1171520868249707,-1.7826612763616203,-0.2978147029849841,0.023939322641547925,1.862506170078459,0.02612710191406682
E2b_h0.003_e0.2_L2_alibi_learn_attn_s0,L1H1,0.5014445957486795,0.999985329549028,21598,0.12038731110091982,0.13062476725262506,0.13082761010754151,0.03866865227819213,1.2194045269080047,-0.33385452382700903,-0.15863413590971676,0.8676301079020261,0.04044941240320324,1.6668669273361238,0.03739441854022216
E2b_h0.003_e0.2_L2_alibi_learn_attn_s0,L1H2,0.0240441510196473,1.0000000020565838,15472,0.9696219948232345,0.9698277856178728,0.9735976696352382,0.5677285108945715,0.09016452743248218,-0.1657981142489372,0.8576521417142416,-0.17835395691684547,0.5546770042313528,0.10221845347473658,0.5578572097270195
E2b_h0.003_e0.2_L2_alibi_learn_attn_s0,L1H3,0.0074270940125671,0.8181718539172927,20389,0.9829675551488213,0.9843213611648227,0.9851347690746182,0.16844197464770852,0.3172531343755247,-0.1251006707091098,-0.2522608157819906,0.2522029930417427,0.16939521978359073,0.4998090751303124,0.1694794814556633
E2b_h0.003_e0.2_L2_alibi_learn_attn_s1,L1H0,0.5148686058465738,1.0000000000831537,20208,0.022765616109068354,0.044182360336709414,0.054505430383837705,0.013881556114434724,0.456018418657963,-1.3435244199800223,-1.234630990799554,-0.5736844413866116,0.018848057603573866,2.323393527791361,0.013255672247810199
E2b_h0.003_e0.2_L2_alibi_learn_attn_s1,L1H1,0.4532518362052247,0.999995024234522,21169,0.11778966119663903,0.13105325175935012,0.13604959361976843,0.036290886146010067,1.3263193341243231,0.10046285471868513,-0.8186025664722035,1.5284395909367974,0.04129910930754126,1.6213569573820004,0.034144298830999384
E2b_h0.003_e0.2_L2_alibi_learn_attn_s1,L1H2,0.0210940472019797,1.0000000036829593,15653,0.9569110625554365,0.9584637801069382,0.9610923466386864,0.532309242300059,0.40095003252753025,-0.4235783417402958,0.7177637852150509,-0.16451357614480147,0.5248580044834658,0.755082943790437,0.5206072386155073
E2b_h0.003_e0.2_L2_alibi_learn_attn_s1,L1H3,0.0094463232798163,0.715472727137195,19914,0.9869349325161079,0.9885148851606657,0.9892427504459109,0.1993455005347021,0.283215982480645,-0.23861600939008673,-0.26186811090579337,0.0555549149445832,0.20202216698828265,0.6356694639654402,0.19861889234914812
E2b_h0.003_e0.2_L2_alibi_learn_attn_s2,L1H0,0.4857242684666442,0.9999999961582944,20348,0.03434391458695174,0.04412947108552956,0.06539594533304582,0.023068167686114235,-0.011284752723390579,-0.9009502308965439,-1.7370972199213468,-0.2540207553948722,0.024443117819836064,1.4033624413238528,0.027501709836403244
E2b_h0.003_e0.2_L2_alibi_learn_attn_s2,L1H1,0.4865547003236014,0.9999985483633022,21277,0.11228032421393419,0.12588425321357566,0.12735700907594183,0.03545503258438046,1.3762650249719757,-0.3770675680127509,-0.4448590338364619,0.9619743116960378,0.04041753078173351,2.0539692042716764,0.03235753392256259
E2b_h0.003_e0.2_L2_alibi_learn_attn_s2,L1H2,0.0231037581788326,1.000000002767434,15684,0.9732684594044453,0.9736822363374994,0.9755913368895116,0.5316135866881407,0.3208418125782979,-0.1855023716202902,0.5995964832456561,0.05413240863616455,0.5233468935160608,0.40731789069114754,0.524481702280567
E2b_h0.003_e0.2_L2_alibi_learn_attn_s2,L1H3,0.0009103772776662,0.8256676446818147,20223,0.9887961556955491,0.9896117228942469,0.990324497364593,0.18305679315270412,0.2534650022509749,-0.09960151672895327,-0.24686984882159624,0.19542845242143447,0.18454129263223243,0.42619145904410416,0.18353105411025
E2b_h0.003_e0.3_L2_alibi_learn_attn_s0,L1H0,0.5178900422991755,0.9999999989356312,19087,0.00211760345623202,0.02587505672114787,0.056020761514818496,-0.0009183034147928114,-0.26681291322629963,-1.532171699989566,-2.2003084704516445,-1.3031967963314737,0.009415269699527603,2.496011938223971,-0.0072525331094141585
E2b_h0.003_e0.3_L2_alibi_learn_attn_s0,L1H1,0.4260321849546107,0.9999948493205012,21188,0.0602171203831785,0.06631314112895303,0.07004512770443028,0.02638667271128551,0.8269313175335831,0.14174404352670145,-0.6933387746870344,1.1085159206966808,0.029249294056911207,0.9810835505510462,0.02557972893737013
E2b_h0.003_e0.3_L2_alibi_learn_attn_s0,L1H2,0.0584179564845851,1.0000000037300514,15936,0.97791340604795,0.9783277402441581,0.9798293075910102,0.5108191290220857,0.35486256158302765,-0.15585740593443922,0.5297713711647186,0.1284630594466579,0.5034642109000574,0.42882921905623866,0.5042251338900812
E2b_h0.003_e0.3_L2_alibi_learn_attn_s0,L1H3,-0.0002844296431776,0.7855333922739564,20404,0.9933417912671804,0.9938985839425065,0.9941689540297195,0.17030072959004075,0.19087203654343055,-0.09381241841394222,-0.14291503919938053,0.1181337341916176,0.1712546038723816,0.32911689144489265,0.17051769218244142
E2b_h0.003_e0.3_L2_alibi_learn_attn_s1,L1H0,0.5104135722517006,0.9999999978380012,19828,0.0057037903577066285,0.026629497613240516,0.03798726657622398,-0.004185280201103007,0.8670019550341277,-1.134302332260777,-1.3129780570932934,-0.19542174391140613,0.0070928648126375995,2.8559308785802417,-0.013148692058069084
E2b_h0.003_e0.3_L2_alibi_learn_attn_s1,L1H1,0.4293561677488929,0.9995641418000948,20805,0.05855146967511793,0.07398322567786741,0.08168667945949815,0.01900530031315651,1.299132212103491,0.3608767217403222,-1.0144006203822982,1.8695209124760925,0.023285358398981902,1.3549183022731242,0.01829777800003254
E2b_h0.003_e0.3_L2_alibi_learn_attn_s1,L1H2,0.0546977259384386,0.9999999992752114,15978,0.9830769586961388,0.9834565569052394,0.98436489846329,0.5069878861720104,0.2528444489472252,-0.18560906415554643,0.40939679561952214,0.016600229878391402,0.5011917386518709,0.3689139803795682,0.5023276160447032
E2b_h0.003_e0.3_L2_alibi_learn_attn_s1,L1H3,0.0042263067709575,0.7605989608847652,19795,0.9972133588968034,0.997524531962355,0.9975795597630043,0.211679239324565,0.16462059408418225,-0.09192365365011682,-0.07348334409993769,0.08265717574916266,0.21220834997959728,0.281346492287331,0.21171362646757416
E2b_h0.003_e0.3_L2_alibi_learn_attn_s2,L1H0,0.525905129400247,0.9999999993347696,19583,0.0031649202764559847,0.06079777474450243,0.07492871399830914,0.010857872121412253,-0.7614808778349409,-2.3939626442982718,-1.4210056715846595,-2.677002418501205,0.013978636831092526,2.265172092092051,0.009813588435564312
E2b_h0.003_e0.3_L2_alibi_learn_attn_s2,L1H1,0.3778534538752461,0.9999982024476464,21760,0.14945054244540057,0.17634595687586407,0.18020787145618877,0.03129407882230501,1.7606617181491935,0.460939203814161,-0.6550753606457871,2.2637649154723136,0.0358262535845771,1.634630962139653,0.029187164958027523
E2b_h0.003_e0.3_L2_alibi_learn_attn_s2,L1H2,0.1051532677307074,1.0000000005086116,16001,0.9785233852546273,0.9787387296027376,0.9801833234875151,0.5125933549000441,0.06157661238869756,-0.164808871871747,0.5157762866368942,-0.17378320955228244,0.5056166548558922,0.1458558152354588,0.5062591840681386
E2b_h0.003_e0.3_L2_alibi_learn_attn_s2,L1H3,-0.0099365483759421,0.7850763081874376,20246,0.9931373362554194,0.9936534734373716,0.993991271516843,0.18434407582540574,0.1790618024255085,-0.1062414770090671,-0.16925403854022142,0.10030096310884312,0.1853948271168281,0.33622602893397324,0.18464611088790908
E2b_h0.01_e0.05_L2_alibi_learn_attn_s0,L1H0,0.5066521166326614,0.9999966297726262,21255,0.7814010598694161,0.7894747617941102,0.7895284095775241,0.1116512337671734,0.40343853323820394,-0.5696503235579646,0.061506868392270986,-0.20770462284233504,0.11214978508517519,0.9818056526582258,0.110835766894319
E2b_h0.01_e0.05_L2_alibi_learn_attn_s0,L1H1,0.5332653026213711,0.9997379796828476,21308,0.7427250225279542,0.748302333121928,0.7485480177112348,0.10957060626875216,0.5378022115034595,-0.43133665246481095,0.14014742778223557,-0.023334093007994522,0.11154274662862071,1.0205982170871009,0.10703086195021265
E2b_h0.01_e0.05_L2_alibi_learn_attn_s0,L1H2,-0.024025890005593,1.0000000012789585,12843,0.9865728360617302,0.9874542496054062,0.9874865763094135,0.8359279831426347,0.447541393156733,-0.2687280087900309,0.08481654677201242,0.14567053184511608,0.8361587444901436,0.7066268023374419,0.8341866467668098
E2b_h0.01_e0.05_L2_alibi_learn_attn_s0,L1H3,-0.013143770300096,0.6091863179804946,19267,0.998017076260373,0.9983246638264929,0.9985193543967842,0.22964114717995301,0.1924664182671481,-0.04424837801190279,-0.13832075854340176,0.16770802878953808,0.23080754441463994,0.27120010058354715,0.23025512888689184
E2b_h0.01_e0.05_L2_alibi_learn_attn_s1,L1H0,0.4778503240822359,1.0000000011020234,22176,0.7447551599739691,0.7593512589478689,0.7597837168553238,0.08786439560761067,1.0538898187709818,-0.46436618318075595,-0.1851431207921495,0.5219625286778415,0.09081465951421865,1.6917817395751065,0.08555467471211334
E2b_h0.01_e0.05_L2_alibi_learn_attn_s1,L1H1,0.4982991134426357,1.0000000025640603,22221,0.7606244233629569,0.7726973117634343,0.7728490773624067,0.0894197610218414,0.8472286416495288,-0.524097755247865,-0.10825423526309852,0.11941779368200833,0.09465551285313321,1.6395390509923877,0.08446556988513039
E2b_h0.01_e0.05_L2_alibi_learn_attn_s1,L1H2,0.0217834913866459,0.9999999986328124,12917,0.9611245049217141,0.9620045411001654,0.9626139829075668,0.8209691000129982,0.40370431947319324,-0.34027325739667413,0.3777392687378114,-0.13270498393536662,0.8251346774321665,0.7479059026700111,0.8085424658774297
E2b_h0.01_e0.05_L2_alibi_learn_attn_s1,L1H3,0.0019024567065483,0.7106532139372514,19886,0.9946847924484453,0.9958128720696515,0.9966793126666784,0.20317210313308678,0.3643523126858937,-0.06557786910015104,-0.2921519134752378,0.3386496974666662,0.20524696112335863,0.5288898420650517,0.20329602179042472
E2b_h0.01_e0.05_L2_alibi_learn_attn_s2,L1H0,0.5137051921407638,0.9999997984735236,20840,0.7024435525807116,0.7108809794670718,0.711052228099959,0.12126547149752731,0.7612713166294867,-0.5229219185882291,0.12382239566610725,0.07678674003774952,0.12442352527264554,1.3812936304399157,0.11738802368204124
E2b_h0.01_e0.05_L2_alibi_learn_attn_s2,L1H1,0.5609850434063939,0.999928719206392,20769,0.6653174844437462,0.674296116168942,0.6753939956524813,0.11520399901367041,1.0929732845601214,-0.29148375523487335,0.31410106844191443,0.6305137322423359,0.11671668566508803,1.3886930536456032,0.11194552003925719
E2b_h0.01_e0.05_L2_alibi_learn_attn_s2,L1H2,-0.066278986885396,1.0000000020948825,13227,0.9794557992724052,0.9802820044377247,0.981700227700499,0.8146707708388292,0.1685052758167278,-0.37465649180607963,0.5683917453380685,-0.3847792357257883,0.8118530083183623,0.4536412008950074,0.8045427029536584
E2b_h0.01_e0.05_L2_alibi_learn_attn_s2,L1H3,-0.0072052017932337,0.6065003494386545,18692,0.9989427076095957,0.9990586348214002,0.9990700088604475,0.26149752601425796,0.13747526760133133,0.003807743034284851,-0.033667315673838225,0.14204718888769874,0.261984504784553,0.14328921416517443,0.26162175679412075
E2b_h0.01_e0.2_L2_alibi_learn_attn_s0,L1H0,0.4969471586225459,1.0000000007786736,20084,0.2926548813990688,0.3096870211610314,0.3113738985508214,0.07956052408728437,1.1566050437068958,-0.7916186510710891,-0.4573654926582449,0.4336687671820832,0.08230234466794682,2.1434832037590947,0.07880775014366159
E2b_h0.01_e0.2_L2_alibi_learn_attn_s0,L1H1,0.4963851792115714,0.9999998524601834,20251,0.2623894264976312,0.28068321829770937,0.28073275795492836,0.07009404090740527,1.556974277764999,-0.5460165198071217,-0.07780848533796036,0.8109678159669114,0.07629183768452293,2.358809279693659,0.0637612288789141
E2b_h0.01_e0.2_L2_alibi_learn_attn_s0,L1H2,0.009987101275495,0.9999999991684022,13562,0.9690347325443095,0.9694885282533025,0.9732158010712548,0.7849268947782194,-0.053413223537386145,-0.21939793475560096,0.9192237884674249,-0.4995373124659025,0.7754377340226916,-0.012436841995557122,0.7719257532928447
E2b_h0.01_e0.2_L2_alibi_learn_attn_s0,L1H3,-0.0015363701293402,0.7003997176210898,19073,0.9967044258237943,0.9973265750622082,0.9974215104493785,0.23964957216789112,0.1718406887120515,-0.16709764472575148,-0.0968190635467949,0.003406152140836931,0.2410629613862679,0.3769547443340027,0.23955881888518143
E2b_h0.01_e0.2_L2_alibi_learn_attn_s1,L1H0,0.478279354393173,0.9999999997440422,20816,0.18289652469925233,0.19228668673576998,0.19255543068277858,0.0599024657913235,1.0732236117489788,-0.471672859026001,-0.18838686556199774,0.4969352365527818,0.06434264333050538,1.768694196135594,0.05584940241355402
E2b_h0.01_e0.2_L2_alibi_learn_attn_s1,L1H1,0.4453557448673351,0.9999987769937674,18789,0.0998473160948874,0.10084677083960103,0.10529118871986098,0.07202453838040465,-0.8088711181986228,0.09381196296505556,-0.902034286144261,-0.452487458909009,0.07496438253868398,-0.4912535242412999,0.07102875756098259
E2b_h0.01_e0.2_L2_alibi_learn_attn_s1,L1H2,0.0993830874569298,0.9999999991052853,13857,0.9602086326429248,0.9608417904348396,0.9655676054938311,0.7473959674248349,-0.13564413108194961,-0.2263314356650931,1.0194875215984758,-0.6560219803243356,0.740254704653566,-0.02779840727509728,0.7282353776667039
E2b_h0.01_e0.2_L2_alibi_learn_attn_s1,L1H3,-0.0230954351523115,0.706089386782163,22400,0.9884793028494627,0.9887720312258478,0.9896601977329444,0.09744347206222385,0.01786533263868209,-0.09339742999017006,-0.23221021514923423,-0.04713479158190703,0.09861290556172733,0.21949002171117754,0.09692194606124127
E2b_h0.01_e0.2_L2_alibi_learn_attn_s2,L1H0,0.5080217449175966,0.9999999938650304,20069,0.24364963130862494,0.25826277641759154,0.2596844442532321,0.07615059935110918,0.8661551891347894,-0.9005070391128059,-0.4335107094323994,-0.10638522683671603,0.08266052704895648,2.1079238351262037,0.07124965203356991
E2b_h0.01_e0.2_L2_alibi_learn_attn_s2,L1H1,0.4833637651749475,0.9999989679390374,19821,0.21873122266164435,0.23009045219707525,0.23019526556664438,0.07089817347290527,1.267851169483693,-0.41624998500301497,-0.11819563319044163,0.7658548651101518,0.07454507033789871,1.8489625811217771,0.06741488621805812
E2b_h0.01_e0.2_L2_alibi_learn_attn_s2,L1H2,0.0155794717681146,1.0000000023920756,13270,0.9743334202112779,0.974751085481936,0.9781904641774184,0.8346684774123191,-0.1262049902473159,-0.15285218997955802,0.8981100872190518,-0.5376256605866417,0.8275228577647563,-0.14241493983051826,0.8203602392141336
E2b_h0.01_e0.2_L2_alibi_learn_attn_s2,L1H3,-0.0072587845533583,0.7056690990747553,19344,0.9965843525887778,0.99685851062804,0.9970117262487751,0.22699544180789236,0.17316224463042668,-0.056136848693688554,-0.12140174146766188,0.12992313776405315,0.2280998751931472,0.26939118039669685,0.22710801217910875
E2b_h0.01_e0.3_L2_alibi_learn_attn_s0,L1H0,0.4735112301658952,0.9999999969584884,19660,0.14871439064805747,0.15914181858120113,0.1670781825867571,0.05167447989470284,0.9539738465407317,-0.4177557583267556,-1.05660039834377,0.8629239038637327,0.053584142237878794,1.7016172918890293,0.053362424214998726
E2b_h0.01_e0.3_L2_alibi_learn_attn_s0,L1H1,0.5050068188950518,0.9999975692347068,19252,0.07431027066947071,0.08061974229226254,0.08255964683458805,0.03937767284714258,0.839493705280686,-0.3544695430033231,-0.5438760676883275,0.3622833635237879,0.04844181997723441,1.6950707948895691,0.031345075570904636
E2b_h0.01_e0.3_L2_alibi_learn_attn_s0,L1H2,0.020491851654891,1.0000000010643877,13719,0.9802109901588641,0.9807377930572087,0.9826812987822909,0.7519146252898603,-0.12286337150351878,-0.23444164685677563,0.6395253707458938,-0.4990025740176048,0.7450986234964311,-0.01735493386576235,0.7441922369286939
E2b_h0.01_e0.3_L2_alibi_learn_attn_s0,L1H3,0.0024037442065859,0.7101155869062798,19302,0.9979465359251096,0.9979616207017942,0.9979624058451193,0.23385209354003275,0.04777627648961866,-0.014247241219929152,0.008805033421935542,0.024679775052325898,0.23405704607837294,0.06730305463840586,0.23354221684562146
E2b_h0.01_e0.3_L2_alibi_learn_attn_s1,L1H0,0.4851656141398222,0.9998835172134152,14064,0.007342293335769856,0.46178092996958586,0.4622209627278304,0.11731280931722023,-12.726499770971646,-0.7818270834760132,-0.278329562015319,-15.036840515064014,0.1425931459711839,-10.459837743441947,0.09495555827511239
E2b_h0.01_e0.3_L2_alibi_learn_attn_s1,L1H1,0.430335673108673,0.999958772991314,13083,0.019789749805556145,0.12085528174944127,0.12462086365045888,0.07007817489925587,-6.271292977332264,0.5715818608884173,-0.769217678917486,-4.112091315992779,0.05216745161680118,-8.309806590299596,0.0916168855149047
E2b_h0.01_e0.3_L2_alibi_learn_attn_s1,L1H2,0.0801891753210738,1.0000000031144582,13826,0.9624330458872059,0.9629851011570595,0.9662411867397412,0.7276388789030789,0.1951976199581554,-0.29049633029092303,0.8384569245682117,-0.3321811732644469,0.7217621294741708,0.3824153754939235,0.712375637095118
E2b_h0.01_e0.3_L2_alibi_learn_attn_s1,L1H3,0.0039056175749413,0.7104086038683155,20736,0.9963288853641324,0.9963502273955701,0.9965321595540033,0.13164064209040788,-0.014491575566114329,-0.02748766082561777,-0.0989172240226597,-0.02694262018041683,0.1322615168187063,0.04420311885162593,0.1317941633039152
E2b_h0.01_e0.3_L2_alibi_learn_attn_s2,L1H0,0.4987165360959001,1.000000000350581,18318,0.06963356249629371,0.07294274096406284,0.08766531119916543,0.05726380368957818,-1.0612909203387693,-0.4578843755966369,-1.5216571691790612,-1.3601513602804296,0.06957698386183465,0.2454600433437205,0.05029811583618107
E2b_h0.01_e0.3_L2_alibi_learn_attn_s2,L1H1,0.4543528840149808,0.9999999945740105,17428,0.06354242907522722,0.06654491574996835,0.09196098575613065,0.06241691580444024,-1.6649061472917084,0.02745734015147534,-2.1017892354479675,-0.5969660846618159,0.058598002894112565,-1.0810706887539465,0.06980990135787056
E2b_h0.01_e0.3_L2_alibi_learn_attn_s2,L1H2,0.0410609826280215,0.9999999999239604,13236,0.9742981694727656,0.9747696448561953,0.9778445219499415,0.8395665373101082,-0.19550610605014052,-0.1207639506756819,0.8463735414538471,-0.5313079665849497,0.8305249197334245,-0.2618965492729288,0.8290423694873684
E2b_h0.01_e0.3_L2_alibi_learn_attn_s2,L1H3,0.0045782686861767,0.5974250763928295,18264,0.9977403723570617,0.9980102481377353,0.9981708315780949,0.2924276952211078,0.18224524393217892,-0.0662847335039654,-0.13243588667264802,0.12522471366629292,0.29407999755018843,0.28428080296969155,0.29291991229844005
E2b_h0.03_e0.05_L2_alibi_learn_attn_s0,L1H0,0.5231445736785386,0.9999935097582412,19073,0.8912689823740773,0.8973045442616401,0.8979020983615924,0.2411342535274296,0.28474779429205294,-0.6675499423331577,0.2598810707867447,-0.604322881164337,0.24591265939097418,1.07508857234818,0.23286334862670752
E2b_h0.03_e0.05_L2_alibi_learn_attn_s0,L1H1,0.4692091680748523,0.9999999855603308,18245,0.8654210958341093,0.873304055083079,0.8742532975458919,0.30794048536425694,0.008308073626266482,-0.850159094806686,0.359061064994591,-1.0063893287188732,0.3092475326451106,0.9143407978128079,0.29976373038960047
E2b_h0.03_e0.05_L2_alibi_learn_attn_s0,L1H2,0.0115987149892899,0.9986957389818654,15010,0.9885895411858655,0.990138151300732,0.9901568739546988,0.5519923012719269,0.72695435699349,0.07536802921534035,-0.05832513292080571,0.8434610968061016,0.5506497551196192,0.6297592677728343,0.5546914821041571
E2b_h0.03_e0.05_L2_alibi_learn_attn_s0,L1H3,-0.0034012093999546,0.5423180653087433,17847,0.9962974924661718,0.9972901361081525,0.9978505309098837,0.3262451695931136,0.444114301988082,-0.0201208550352286,-0.26759449344424524,0.4646811679808206,0.32866211484762525,0.5139374830632828,0.3282501965601935
E2b_h0.03_e0.05_L2_alibi_learn_attn_s1,L1H0,0.4901743748152027,0.9999632145510758,20189,0.9134914685897296,0.9173725795319049,0.917453588965169,0.190221654670248,0.07703301434507079,-0.4968617733120685,0.08699250248131662,-0.6668957909014044,0.19714270101524253,0.7824601132785691,0.18251393595747228
E2b_h0.03_e0.05_L2_alibi_learn_attn_s1,L1H1,0.4757199392353606,0.9999999977808186,18535,0.8491941392747093,0.8582569785929844,0.8593586293035945,0.2787760476938076,0.07978731741677592,-0.8827560434354639,0.3750655030823812,-1.1661704154705825,0.2879660628513153,1.2010567122619027,0.26323908348744246
E2b_h0.03_e0.05_L2_alibi_learn_attn_s1,L1H2,0.0255988880617913,0.9999932760039228,14995,0.990210878960336,0.9919451418834317,0.9919860562309168,0.5524107983334106,0.7669505365787648,0.06047174998006201,-0.08629620909619531,0.8181748276207418,0.5549268590144503,0.7443363758801125,0.5518881234443817
E2b_h0.03_e0.05_L2_alibi_learn_attn_s1,L1H3,0.0080338855361272,0.5622565422905239,18054,0.9966043701946679,0.9974833322451404,0.9979495117403439,0.3104620951268623,0.40544296437833777,-0.02124869578492253,-0.23811297212373006,0.4014719524952665,0.3134515386167222,0.48948352141617624,0.3114081976723338
E2b_h0.03_e0.05_L2_alibi_learn_attn_s2,L1H0,0.5128261556363481,0.9999530366147422,19726,0.906764401712345,0.9121948755054001,0.9129752146897937,0.21495796198495393,-0.13588908463132857,-0.6018079902053148,0.2811537454451376,-1.0218134897535998,0.22109325643612082,0.6344612690471685,0.20571615649227465
E2b_h0.03_e0.05_L2_alibi_learn_attn_s2,L1H1,0.4975447629746197,0.9997475081665694,19433,0.9073793498484828,0.9114537615633598,0.9118908467101969,0.22381383710518649,0.09035662729784866,-0.5397046748648197,0.21388715971318056,-0.6566141055623145,0.2284017086331239,0.7490107637464922,0.2167876984821041
E2b_h0.03_e0.05_L2_alibi_learn_attn_s2,L1H2,-0.0003559885802071,0.9998440611497345,13135,0.9917710318945034,0.9923230502441921,0.9923635284576205,0.7836145981199165,0.44192739945119835,-0.11994173691501482,0.09220316827587202,0.27545651532452486,0.7847577394506698,0.5650993936610109,0.780650056497219
E2b_h0.03_e0.05_L2_alibi_learn_attn_s2,L1H3,-0.0082047472633383,0.4845054752162471,17507,0.9981651326540223,0.9986426241679859,0.9988477635424892,0.3540659838272003,0.32193342989746226,0.0077134989591987795,-0.16527511129498243,0.3492181334830363,0.3558628547529393,0.3503819470813887,0.3550753084496284
E2b_h0.03_e0.1_L2_alibi_learn_attn_s0,L1H0,0.5208980980136231,0.9999954549994772,19130,0.8410228343853272,0.8497332916141938,0.8500472696209012,0.22927395335543943,0.31861618114172996,-0.7999686391079474,0.18835843490590054,-0.7590158480621823,0.23706074988984957,1.3239814388717845,0.2189790250876329
E2b_h0.03_e0.1_L2_alibi_learn_attn_s0,L1H1,0.5100401518399087,0.9999986980716888,18872,0.8069656347441752,0.8185626048448841,0.8186392782178049,0.23988646084931803,-0.09681670625319597,-0.9331292973617761,0.09258363229243757,-1.2825016544130137,0.2483496380364402,1.0579576863457625,0.22989519348012913
E2b_h0.03_e0.1_L2_alibi_learn_attn_s0,L1H2,0.0232351608966534,0.9999702262771386,13638,0.9839692336613003,0.9842728532114414,0.985315563211799,0.7437355528399269,0.3013065528484072,-0.1777415399905452,0.4703824822087287,-0.09834361994880378,0.7478168883647331,0.501266057671227,0.7288956385242653
E2b_h0.03_e0.1_L2_alibi_learn_attn_s0,L1H3,-0.0529262002694155,0.5782088572845373,18714,0.9964687818485399,0.9970868112447117,0.997514392073026,0.2501773193830822,0.2604562874924604,-0.08473041864895046,-0.20287563856699983,0.17070392743285895,0.25347454908913836,0.4162275717824646,0.25034781238681303
E2b_h0.03_e0.1_L2_alibi_learn_attn_s1,L1H0,0.469794225668476,0.999961274828146,20180,0.8718019550593288,0.87785254018652,0.8778734015244223,0.1871494335166106,0.10310121906932565,-0.6286435909110988,0.04486090883656446,-0.8314172484105327,0.1964376565439146,1.0160067052261215,0.1775037979750079
E2b_h0.03_e0.1_L2_alibi_learn_attn_s1,L1H1,0.4820662069497883,0.9999999998628656,19290,0.8169273766947002,0.8270334372267784,0.8273312233712675,0.22470016601598528,0.3003896224931599,-0.8850017073325619,0.1876983759496747,-0.9739379413752278,0.2362919883257148,1.504112492131335,0.21049493673448874
E2b_h0.03_e0.1_L2_alibi_learn_attn_s1,L1H2,0.0584361086921059,1.0000000006718957,13194,0.9867979094781898,0.9877642025561333,0.9878392698240132,0.7756723455007056,0.6495237844383576,-0.01696108452414588,0.1273561142258814,0.5207891074416481,0.7811572060363592,0.7184464421671162,0.7676983166835757
E2b_h0.03_e0.1_L2_alibi_learn_attn_s1,L1H3,-0.0110901787120438,0.6278981060457566,18301,0.9962753777827262,0.997097132933301,0.9974533504268068,0.28532403052677424,0.35273599766491054,-0.07070136940384386,-0.19659789958474638,0.2775713458385728,0.28858646736382587,0.4936927913056108,0.2853086946560285
E2b_h0.03_e0.1_L2_alibi_learn_attn_s2,L1H0,0.4943580379559901,0.999955121961919,20178,0.8413583259320562,0.8482954808629646,0.8482990313937353,0.18220803790488432,-0.037360778114841606,-0.6586824340117329,0.018003621771099897,-0.8736632480817778,0.18771796310393699,0.7929619380263322,0.17647700055302934
E2b_h0.03_e0.1_L2_alibi_learn_attn_s2,L1H1,0.4570543914722467,0.9999999992692524,18849,0.7864149111782023,0.8001687510066722,0.8012103104732723,0.22876605545891657,0.6227224463003562,-0.9852720756859273,0.3481819213785028,-0.545178365752309,0.23090307809877708,1.6542297873186165,0.22198063132254586
E2b_h0.03_e0.1_L2_alibi_learn_attn_s2,L1H2,0.0783226610832602,1.000000001493105,12991,0.9880826538412949,0.9882681690117356,0.9886166796731564,0.820568678718853,0.31986004480526775,-0.06084269296936193,0.2766494419462823,0.16871041925140273,0.8197127274727749,0.3351722038325506,0.8159929705782313
E2b_h0.03_e0.1_L2_alibi_learn_attn_s2,L1H3,-0.0306302135946693,0.6124015711756526,18774,0.9959389005771612,0.9968522665063293,0.9973691306774761,0.2461444037159216,0.3320634915997319,-0.08634981240107449,-0.2243214997314124,0.2619660295439324,0.2488525242612337,0.47759470669763604,0.2471133825496969
E2b_h0.03_e0.3_L2_alibi_learn_attn_s0,L1H0,0.4682380930591379,0.9997800479133556,19376,0.510334382082556,0.5254166580842411,0.5269147123722344,0.12988946020787862,1.4015522969775827,-0.4175953662316917,-0.4055414895277702,0.9844823308565068,0.13495989261104951,1.9962470556628593,0.12884655971769798
E2b_h0.03_e0.3_L2_alibi_learn_attn_s0,L1H1,0.4464198497391622,0.9999519268397814,19442,0.5477505087468938,0.5613522953396084,0.5650415351624898,0.12906967130817035,1.2802656430962447,-0.28005740648385963,-0.6171507929367579,0.9888352722174277,0.13693828213337583,1.8533332697422393,0.12671794836237435
E2b_h0.03_e0.3_L2_alibi_learn_attn_s0,L1H2,0.158770329665146,0.9999998457341202,12493,0.9787161789826258,0.9798501583826397,0.9818990484212126,0.9685474940189523,-0.3239067831994705,-0.29614393729514693,0.7301944321205965,-0.9596479273495172,0.9722025121751825,-0.11087601495569262,0.949255034514013
E2b_h0.03_e0.3_L2_alibi_learn_attn_s0,L1H3,-0.0738380060326667,0.5090249531458496,18544,0.9962588090095563,0.9968179175704325,0.9971338766916304,0.26255736872587476,0.16366245300269677,-0.15169768914043666,-0.17603209055825822,-0.015032901216102132,0.2664258660860855,0.39789838835694386,0.26181040206134304
E2b_h0.03_e0.3_L2_alibi_learn_attn_s1,L1H0,0.4831896277882672,0.9976443844034312,19949,0.5624795182934204,0.5687677793311723,0.570731977232586,0.13874988404671534,0.4456755860580305,-0.540529065962505,-0.4385408727999032,-0.10614768320317648,0.1443343738531292,1.2123927068744298,0.13657683146897237
E2b_h0.03_e0.3_L2_alibi_learn_attn_s1,L1H1,0.4364351988274411,0.9989026214704184,19600,0.5417302712297052,0.5484437144853778,0.5488425820501395,0.13622133786784943,0.8665860747677623,-0.2909279812936306,-0.1943053148608373,0.4674169194523092,0.1422742918543942,1.3629870924615695,0.13150120269971807
E2b_h0.03_e0.3_L2_alibi_learn_attn_s1,L1H2,0.1580789314613484,1.0000000012462862,13015,0.974880715007553,0.975593912792603,0.9779078412179272,0.8652295691463854,-0.14414940222028383,-0.27981032344562357,0.735845270319714,-0.7691804338290719,0.8707009024696472,0.12342371945279064,0.8430384397488263
E2b_h0.03_e0.3_L2_alibi_learn_attn_s1,L1H3,-0.0790125724185752,0.6146311904038457,20441,0.9958580150713309,0.996011148181029,0.9963466269804216,0.1678145219127516,0.045505156310814296,-0.06977263961781419,-0.15508803510258806,-0.010154541677563913,0.16912387628752537,0.1721643499978505,0.16777926610826452
E2b_h0.03_e0.3_L2_alibi_learn_attn_s2,L1H0,0.4246528244735311,0.9999633022947244,19490,0.5622811435191059,0.5758480985100737,0.5791874695593011,0.13433744142202408,1.3738592132977274,-0.10449818616631805,-0.5932001388663868,1.3698064679741158,0.13819809634597624,1.6490835912874287,0.13574356011976388
E2b_h0.03_e0.3_L2_alibi_learn_attn_s2,L1H1,0.4986487297629636,0.99998647788599,19357,0.5236325195837499,0.5315536493068909,0.5334161789056209,0.14072286960536481,0.6177578978513442,-0.562865274066485,-0.4281506568890132,-0.04545687653013522,0.149689328707894,1.4603486617630084,0.13637883218012628
E2b_h0.03_e0.3_L2_alibi_learn_attn_s2,L1H2,0.1363163361526152,0.9999999971512736,12362,0.9771697441230505,0.9780413422044726,0.9803413044394418,0.9979215211695701,-0.28510881289851064,-0.20973519953545952,0.7942758691212832,-0.8590397015066894,1.0002210208388846,-0.19928914474959353,0.9787622160081265
E2b_h0.03_e0.3_L2_alibi_learn_attn_s2,L1H3,-0.0589136955736553,0.5419601646808409,19246,0.99826042215393,0.9985137352201283,0.9986148024964439,0.23029852078901825,0.1151444805347023,-0.09862645087755843,-0.09886412820660317,-0.012354950773211122,0.23270056970519745,0.28156942913499255,0.22915038558135534
E2c_h0.01_e0.1_L2_alibi_learn_attn_cf0.2_s0,L1H0,0.299576041258986,0.999856656450512,22400,0.2786450382090968,0.28759743100277124,0.28804333197895526,0.027667497325899727,0.4512826803659988,-0.23903257217989432,0.10112262934326804,0.06521597267883338,0.03001076766506794,0.7778522844402777,0.02504207699699252
E2c_h0.01_e0.1_L2_alibi_learn_attn_cf0.2_s0,L1H1,0.3394940504272504,0.9999931738462432,22400,0.41528038811113666,0.417469465204935,0.41854861754939965,0.04852278202227501,0.2549037737129276,-0.1967253592992346,0.20166697057538635,-0.14744848706396285,0.05134036632813645,0.5386020722506583,0.04514251126286623
E2c_h0.01_e0.1_L2_alibi_learn_attn_cf0.2_s0,L1H2,0.1891240582789465,0.9999950118814632,19867,0.9765247717316139,0.9812230576570213,0.9820747739610264,0.20276173180121082,0.5227147097462823,-0.44330646246966393,-0.2949768753432037,-0.05290743839685856,0.21059970898383865,1.23884271336054,0.19714600623451256
E2c_h0.01_e0.1_L2_alibi_learn_attn_cf0.2_s0,L1H3,0.1721270623502698,0.8445336817060244,17920,0.9910551412789063,0.9930850608184778,0.9942295463801254,0.3229696364370022,0.4726577300909779,-0.2758705135802324,-0.38690885017874854,0.1856561771065899,0.32960382441638303,0.8930680867065809,0.3225341619594603
E2c_h0.01_e0.1_L2_alibi_learn_attn_cf0.2_s1,L1H0,0.3107754888871583,0.9999253066156858,22400,0.2879228133763063,0.2910584141620314,0.29174507880407763,0.031960633975818824,0.16578451993552334,-0.2077339438229872,0.1272625471326747,-0.17515978808739666,0.03381173347603471,0.4318518889195096,0.029754449500055537
E2c_h0.01_e0.1_L2_alibi_learn_attn_cf0.2_s1,L1H1,0.3324551326338146,0.9999964073067532,22400,0.4205352232608194,0.4279849233100933,0.43029580056144323,0.04746356169553436,0.6828838842994726,-0.22380820199142326,0.3118012586493883,0.22042696984386428,0.05014067803794528,0.9618875804895888,0.043916464790910215
E2c_h0.01_e0.1_L2_alibi_learn_attn_cf0.2_s1,L1H2,0.1942006370446634,0.999996170859028,19896,0.9767278304037088,0.9812549457442442,0.9817195818212084,0.20506605740916953,0.5018408328044003,-0.45551122368470887,-0.22017247209429258,-0.11344225527719375,0.2129140350154682,1.2216220461231793,0.19889193014027975
E2c_h0.01_e0.1_L2_alibi_learn_attn_cf0.2_s1,L1H3,0.1629414653760572,0.8397048105289594,17953,0.9910884040105585,0.9930874541473332,0.9941609216920789,0.3207273827442456,0.4582888128246805,-0.2791414954533036,-0.3729177828259518,0.1651145804225845,0.32725417563962605,0.8800489847085488,0.3201573684920861
E2c_h0.01_e0.1_L2_alibi_learn_attn_cf0.2_s2,L1H0,0.3092839648069856,0.9999091603759942,22400,0.3388825059579972,0.34260366189289926,0.34342383399398335,0.03216497689770911,0.22739337096144197,-0.19292207255462326,0.1315589210726904,-0.1132687545226987,0.034291078330058324,0.490650717623121,0.02967180284796653
E2c_h0.01_e0.1_L2_alibi_learn_attn_cf0.2_s2,L1H1,0.3268145290033197,0.9999954655691649,22400,0.4057208295510084,0.41152475635484,0.4141821587221983,0.047121170650224795,0.5202246106726705,-0.2735769532430197,0.32631688792275204,0.007208754807204939,0.04970432170981263,0.8412467474520815,0.04362753785992038
E2c_h0.01_e0.1_L2_alibi_learn_attn_cf0.2_s2,L1H2,0.1872612486234119,0.9999921311215006,19973,0.9760883756345414,0.9808671035123164,0.9814025038714542,0.19950412562538042,0.52367775386802,-0.4535481791106092,-0.23363116196294442,-0.10616016208361272,0.20795013191782927,1.2662193400959707,0.19273839695172124
E2c_h0.01_e0.1_L2_alibi_learn_attn_cf0.2_s2,L1H3,0.1773928079505501,0.8541996730030893,17857,0.9901138268673788,0.9924093536833993,0.9935673359301886,0.3284857912127878,0.4985515698043297,-0.30686803342288005,-0.39352185607710044,0.18188554763165582,0.33518743424788566,0.9512861755753369,0.3280828113351296
E2c_h0.01_e0.1_L3_alibi_learn_attn_cf0.2_s0,L1H0,0.0611731932642696,0.9195026401430368,22400,0.9493433411295554,0.9579977528108167,0.9584791886560167,0.01729172095190231,0.16243391030527332,-0.015088575720522863,-0.03402865173736116,0.14091146057896453,0.017687522097616995,0.20397765725628078,0.01699086575251917
E2c_h0.01_e0.1_L3_alibi_learn_attn_cf0.2_s0,L1H1,0.0190328018426507,0.5703921337416042,22400,0.9965309862310479,0.9965878540159852,0.9966527214488429,0.0494806693580774,0.023121119919087545,-0.01019111685797667,-0.03158103508780561,0.01654740312911188,0.04964489754563315,0.04827603983861235,0.049404557834257935
E2c_h0.01_e0.1_L3_alibi_learn_attn_cf0.2_s0,L1H2,0.005986096233979,0.9999998534682968,17367,0.9931450442898955,0.9943999193499456,0.9948308304571204,0.3797762438213811,0.5295519984699628,-0.13053498011809112,-0.25886406748191804,0.4080763827194345,0.38365638979053573,0.7396154405109842,0.38025236353511566
E2c_h0.01_e0.1_L3_alibi_learn_attn_cf0.2_s0,L1H3,2.101319595123857e-05,0.0756406309500445,9162,0.9994553929331024,0.9995431233086203,0.9995888278430408,1.4878565152911138,0.09759726552429648,-0.07021286093759137,-0.14729232737893547,0.1051692522933049,1.4901467185591064,0.2687617142251602,1.4861909577692562
E2c_h0.01_e0.1_L3_alibi_learn_attn_cf0.2_s0,L2H0,0.3573542533458503,0.9949450974568858,22386,0.2355781583083003,0.9019663048357983,0.9041257958512954,0.032186196443307086,2.874774171822877,-6.49816687472761,0.4641217709752705,-3.8085838298283856,0.0325693044505047,9.285809502086416,0.030478579359963443
E2c_h0.01_e0.1_L3_alibi_learn_attn_cf0.2_s0,L2H1,0.3029386610599629,0.9996390108970948,19185,0.3801313699879947,0.8233692345881074,0.8312241418221747,0.09775615703790445,4.8930420289996235,-6.74265504413021,1.1600027224300176,-2.4295466186972683,0.10122315944387646,11.728076918092396,0.06621086793385185
E2c_h0.01_e0.1_L3_alibi_learn_attn_cf0.2_s0,L2H2,0.2118293577131464,0.9548721936848764,17484,0.6439038257927139,0.9728440346209122,0.9735265852104372,0.29270525194545066,1.2740311226689514,-5.99712670132424,-0.3227217046324622,-4.560204672676761,0.2909263919492528,7.094157253041739,0.30963925612996934
E2c_h0.01_e0.1_L3_alibi_learn_attn_cf0.2_s0,L2H3,0.0412214463297498,0.7612419560798832,14248,0.997956267147082,0.9991041593585154,0.9991091784179209,0.6232289822390422,0.3348880940031601,0.32048157342725286,-0.029552641758575582,0.6728511753738103,0.6226699639066917,0.008757384098814453,0.624288468193291
E2c_h0.01_e0.1_L3_alibi_learn_attn_cf0.2_s1,L1H0,0.0603100138746409,0.928067298256792,22400,0.9343218926041537,0.9460877182035144,0.9475272785677478,0.01691773727598411,0.18213865372368349,-0.028885113992292606,-0.05919868867579803,0.15704861506641501,0.017288827327724424,0.2420591802427219,0.016711822017570613
E2c_h0.01_e0.1_L3_alibi_learn_attn_cf0.2_s1,L1H1,0.0175721510844515,0.5454257109002876,22400,0.9941533427524395,0.9944321155220043,0.994538365335687,0.040819243477978114,0.05102348510541309,-0.017049507818057825,-0.033700261298669626,0.03527470181155189,0.04104870575718768,0.08660035189838848,0.040683810877796635
E2c_h0.01_e0.1_L3_alibi_learn_attn_cf0.2_s1,L1H2,0.0061238355777705,0.9999989825316816,17705,0.9923230897215805,0.9940407445662185,0.9948233107617431,0.3480650197698857,0.5906263390710442,-0.14024656774401953,-0.3367715568305817,0.4761310921655292,0.3522820804232667,0.8209344877714849,0.34930841077945457
E2c_h0.01_e0.1_L3_alibi_learn_attn_cf0.2_s1,L1H3,-0.0001211898563776,0.0719685735424537,8897,0.9992152579769832,0.9994011475415958,0.999477781913796,1.6696963221903223,0.12434199830031331,-0.1479916618273576,-0.24357644723102226,0.13898029048077346,1.6741582157139954,0.47934285557044376,1.6659545313386774
E2c_h0.01_e0.1_L3_alibi_learn_attn_cf0.2_s1,L2H0,0.4064302891800452,0.993503548416941,22400,0.2956862004879566,0.9391468504904769,0.9411851132455847,0.032338729846389934,2.5551747018492725,-5.4114257285506815,0.38418135513602647,-2.8648754238745635,0.029591461921774427,7.749185630994515,0.0340140639604081
E2c_h0.01_e0.1_L3_alibi_learn_attn_cf0.2_s1,L2H1,0.2766197212939262,0.9997161107199044,20036,0.4491249156012338,0.8814901791209387,0.8892181271399072,0.100874561945196,4.982506347570433,-6.118964454556783,1.1115495120547498,-1.441626706905469,0.09879459463942077,10.769041975252588,0.09214677262667952
E2c_h0.01_e0.1_L3_alibi_learn_attn_cf0.2_s1,L2H2,0.1848526740612722,0.9672025899699128,17622,0.7026221968455372,0.9809492483643976,0.9815965336530305,0.2975428832809695,1.2728141918394291,-5.463628649507621,-0.3157576094576761,-4.0036957796468995,0.2948634169228446,6.5039174902539445,0.3167722871239891
E2c_h0.01_e0.1_L3_alibi_learn_attn_cf0.2_s1,L2H3,0.0475470478227436,0.7625871998809627,14590,0.9964732520691381,0.9990644167524719,0.9990644522739716,0.5926248310159565,0.38113278837756276,0.5219430594071458,0.002476043955213031,0.8913777565184178,0.593376925946723,-0.13024795133219058,0.5918516798694137
E2c_h0.01_e0.1_L3_alibi_learn_attn_cf0.2_s2,L1H0,0.0536653855420211,0.9081452451646328,22400,0.9597702097360596,0.9662169895367072,0.9666591349113703,0.018556300942978526,0.14566221809213,-0.016519904009394824,-0.034250199582851935,0.12874942898153746,0.018825831382975382,0.18272665561789145,0.018382334606917874
E2c_h0.01_e0.1_L3_alibi_learn_attn_cf0.2_s2,L1H1,0.0294704408884244,0.5472528756280164,22400,0.9970543448851026,0.9970717090282278,0.9971256044838951,0.0490599101998519,0.003752398584945027,-0.01046612254351233,-0.028403359849851737,0.00025229141742307313,0.04912897349260579,0.023964073231633166,0.049070097295880834
E2c_h0.01_e0.1_L3_alibi_learn_attn_cf0.2_s2,L1H2,0.0075429932606235,1.000000002361839,16586,0.993718457329618,0.9950361535210404,0.9956223243121335,0.42621561633685423,0.5497299352890173,-0.1318470261804623,-0.3108224549081794,0.43960958765293273,0.43098798415209505,0.7592385882306182,0.4280430309554603
E2c_h0.01_e0.1_L3_alibi_learn_attn_cf0.2_s2,L1H3,-9.133455410941877e-05,0.0368613951600884,8903,0.9993404476364199,0.9994125181947991,0.9994558079874709,1.628915488026452,0.07187693562063097,-0.033358513124912545,-0.17836643747425085,0.1650919540946227,1.6309425983207437,0.25027022708071855,1.6274299891612585
E2c_h0.01_e0.1_L3_alibi_learn_attn_cf0.2_s2,L2H0,0.3381951403124602,0.9990815865166952,22389,0.24678605865530823,0.9064293228157886,0.9082026250604491,0.03207180418425539,2.9881752575644343,-6.442221996107557,0.42077744108848036,-3.5551825485870214,0.03100501547563569,9.283826219774127,0.031969199615341164
E2c_h0.01_e0.1_L3_alibi_learn_attn_cf0.2_s2,L2H1,0.2944168458584221,0.9997611820586972,19806,0.38822305836253257,0.8205960837813369,0.8285088975560438,0.08781007274944073,4.800015575158712,-6.3248290844038735,1.1410838927240794,-2.1851510801438425,0.09310628546731312,11.374875356270266,0.05731971729721594
E2c_h0.01_e0.1_L3_alibi_learn_attn_cf0.2_s2,L2H2,0.214673870919644,0.950516838946653,17703,0.6892610934448021,0.9786040153472206,0.9797655323322851,0.2935923218399254,1.0651723318453896,-5.5880701960386485,-0.42014579689246034,-4.317763170986567,0.2915476447827164,6.4604354949971095,0.3124267714841258
E2c_h0.01_e0.1_L3_alibi_learn_attn_cf0.2_s2,L2H3,0.0622142588353132,0.7345396963479806,13739,0.9979086220154417,0.9991893226881507,0.9991923161660332,0.6854126032380398,0.30788526510301795,0.3701137844346158,-0.023482722393924627,0.6663158538470108,0.6869229953406277,-0.040575420909955494,0.6843665154509037
E2c_h0.03_e0.2_L2_alibi_learn_attn_cf0.2_s0,L1H0,0.4342574132636796,0.9975621519130948,22210,0.757733313549231,0.7611666879496326,0.7613748863340783,0.0894045015650407,0.3618259581388833,-0.29669035673518773,-0.11951251889746178,-0.06357130378440835,0.0931348473133248,0.8566543669026803,0.08605028835866035
E2c_h0.03_e0.2_L2_alibi_learn_attn_cf0.2_s0,L1H1,0.4492927877222574,0.9992666496316508,21653,0.7583775934984491,0.7641522509567491,0.7641947609239426,0.10211899894142293,0.26004193456105146,-0.4992304245813899,-0.05527021608183931,-0.4657295322005304,0.10796019737706362,1.020559456382227,0.09635327018430882
E2c_h0.03_e0.2_L2_alibi_learn_attn_cf0.2_s0,L1H2,0.0816678629103774,0.9999998789839648,14279,0.9829602538388348,0.9854782115437208,0.9858897525295828,0.6532927133632939,0.295862588051805,-0.5784050165683359,0.28225539932156063,-0.4496879349377099,0.657853515419125,0.950088003396965,0.6409079049024567
E2c_h0.03_e0.2_L2_alibi_learn_attn_cf0.2_s0,L1H3,0.03588705405737,0.609285872553165,17100,0.998327829013243,0.9988289475623483,0.9988612852834833,0.3989225396367628,0.11329771216141815,-0.21458575872382243,-0.06940187357115774,-0.128907208039524,0.4015329072716009,0.37903223610005193,0.39759147163166947
E2c_h0.03_e0.2_L2_alibi_learn_attn_cf0.2_s1,L1H0,0.4371173127785789,0.9969184961883814,22192,0.7614098047805163,0.7641068472528453,0.7642978128957951,0.09339542817788049,0.19175538036593126,-0.3285977790236987,-0.1163112870792687,-0.24092828429638816,0.09656757062290927,0.692199558643556,0.0905794529282226
E2c_h0.03_e0.2_L2_alibi_learn_attn_cf0.2_s1,L1H1,0.4416892322640348,0.9983231964427272,21685,0.7827745158135063,0.7885794336642412,0.7887097415016209,0.10084853305117765,0.5101154165044847,-0.4015065802205253,-0.09911524624269955,-0.07410715863003575,0.10597196411788073,1.149533165103205,0.09613574254696436
E2c_h0.03_e0.2_L2_alibi_learn_attn_cf0.2_s1,L1H2,0.0866841381538276,0.9999998244680204,14081,0.9821964207541896,0.9848879042198312,0.9850894078863444,0.6715530257805249,0.2763120194462254,-0.6035448130340204,0.1984246399826551,-0.47713993856586706,0.6771878383777161,0.9652181093211591,0.6602040907505241
E2c_h0.03_e0.2_L2_alibi_learn_attn_cf0.2_s1,L1H3,0.0341363846532003,0.5983375709002984,17004,0.998282906896747,0.9987731063543069,0.998823770237479,0.4011204897782957,0.13762775041741598,-0.20444399495871163,-0.08640207200127566,-0.08983725972510408,0.40385102839276044,0.3936619746971226,0.40006486410632414
E2c_h0.03_e0.2_L2_alibi_learn_attn_cf0.2_s2,L1H0,0.4457253886023432,0.9961318707121986,22180,0.7631932146935381,0.7658921703414366,0.7662499984871569,0.09077529485350291,0.11474061728310991,-0.3327860012492134,-0.15360798536847492,-0.3345691475667809,0.09453322627131715,0.6518848390447867,0.08755064772400022
E2c_h0.03_e0.2_L2_alibi_learn_attn_cf0.2_s2,L1H1,0.4287531251946098,0.9990508853304776,21517,0.8018366658446048,0.8073434779503044,0.807396889170019,0.10742400048193604,0.38932538023819857,-0.45150380278803404,-0.06311093689563302,-0.2846217798014299,0.11334373387323368,1.1015644137928569,0.10164815348866788
E2c_h0.03_e0.2_L2_alibi_learn_attn_cf0.2_s2,L1H2,0.083380251588155,0.9999998055046604,14454,0.9843535205102608,0.9870463966185359,0.987540206208277,0.638271062948178,0.26035917918512075,-0.5984772470601227,0.3092249995007092,-0.5093186094365348,0.6424456280562149,0.9279885200972049,0.6260583086849439
E2c_h0.03_e0.2_L2_alibi_learn_attn_cf0.2_s2,L1H3,0.0421253079658004,0.5708083213349132,17097,0.9981702378937292,0.9986928157731302,0.9987594582062401,0.39396510151109504,0.13618014118802457,-0.21077830221783678,-0.0983693109515877,-0.09962976769654035,0.39693759545925256,0.40563260643479987,0.39275351415129356
E2c_h0.03_e0.2_L3_alibi_learn_attn_cf0.2_s0,L1H0,-0.0055786164530006,0.3080124692060053,22400,0.9750303919794006,0.9762452730377834,0.9769500006768256,0.02014323641804319,0.05165415519797359,-0.018196771011274863,-0.04413976953018402,0.03064699810790567,0.020539396979402696,0.09863164611185357,0.01987023360684216
E2c_h0.03_e0.2_L3_alibi_learn_attn_cf0.2_s0,L1H1,0.0510365652925746,0.8550636094943391,22400,0.982603384034896,0.9838565397997782,0.9853841282285463,0.04911822642691318,0.11121892642473727,-0.048138222311632305,-0.158075381748001,0.07567067064135825,0.05005710370772919,0.23977334143862175,0.04862040737043186
E2c_h0.03_e0.2_L3_alibi_learn_attn_cf0.2_s0,L1H2,0.0038205497878049,0.9993016996042016,16124,0.9922260052180083,0.99406917220346,0.995018825767191,0.45516544840995826,0.658627045744627,-0.1613858455722082,-0.4044424268791163,0.5240763299603286,0.4618747143617361,0.9193051345891271,0.45779512384495075
E2c_h0.03_e0.2_L3_alibi_learn_attn_cf0.2_s0,L1H3,7.452777757621227e-05,0.0049483924112032,5996,0.9992211293559724,0.9994428212272007,0.9995036121071843,3.090174909087608,0.18718233695023873,-0.17915158019103772,-0.42472693886065815,0.38971433313501525,3.094916892533731,0.776294131630881,3.084984275981099
E2c_h0.03_e0.2_L3_alibi_learn_attn_cf0.2_s0,L2H0,0.3839901927659168,0.8457280427080279,22400,0.33558446411156273,0.9836616421771146,0.9856400995761457,0.039312249291568,1.7606362435125535,-5.058600327448241,0.34515002868858036,-3.357268885174652,0.03793616608556189,6.675466875895211,0.03972530297900495
E2c_h0.03_e0.2_L3_alibi_learn_attn_cf0.2_s0,L2H1,0.4147813335061007,0.9993503894711466,20810,0.3397541480013322,0.984052723188434,0.9842491533226633,0.09851248319734494,3.2057345134815667,-7.343937436508972,0.15985038892778414,-4.183152039490868,0.09824550095940492,10.51217728433729,0.09769625027215996
E2c_h0.03_e0.2_L3_alibi_learn_attn_cf0.2_s0,L2H2,0.1512104320433211,0.9898694918171448,19289,0.825176734463692,0.9889708669329633,0.9900399426930253,0.22130696397755245,1.1163284516180825,-3.5806977476922004,-0.35866406867242945,-2.4042602339531003,0.2234723201088825,4.796646283462091,0.22258411494122857
E2c_h0.03_e0.2_L3_alibi_learn_attn_cf0.2_s0,L2H3,0.0006309586037697,0.6963366485344313,14572,0.9984833337198193,0.9991902233984173,0.9992759121374863,0.5987198966484175,0.4574857301703505,0.07879914326102422,-0.1233460425571488,0.5453957570609392,0.6008207124989667,0.41558007058682417,0.598914534233472
E2c_h0.03_e0.2_L3_alibi_learn_attn_cf0.2_s1,L1H0,-0.0009705105301447,0.3134903185751422,22400,0.9582605802655721,0.9603311966276088,0.9608805851343645,0.01268265812951911,0.046871031876036674,-0.015185886214328535,-0.025027495438485918,0.03322351850581564,0.012840943893115785,0.07524386932994916,0.012594203496966229
E2c_h0.03_e0.2_L3_alibi_learn_attn_cf0.2_s1,L1H1,0.0524783219417648,0.882034475333577,22400,0.9925502892925179,0.9932365543252097,0.993524373668326,0.04405277837615269,0.08855092663785513,-0.025589734350224647,-0.06055703547468887,0.06332181433627021,0.04450697647878317,0.14940973169491875,0.04376754509424313
E2c_h0.03_e0.2_L3_alibi_learn_attn_cf0.2_s1,L1H2,0.0034797472402449,0.999988205475536,15267,0.9926041591760317,0.9944575926133032,0.9950881309988096,0.522402340371449,0.6934156231706234,-0.16061929090352722,-0.3336017619373184,0.5523209988158811,0.5283098246437662,0.9457253911506113,0.5237741574045407
E2c_h0.03_e0.2_L3_alibi_learn_attn_cf0.2_s1,L1H3,5.359642958866599e-06,0.0047036284252343,6525,0.9996572684176769,0.9997302149293115,0.9997497152289931,2.967704223186689,0.09433963862912567,-0.10849676063435461,-0.2259584509821484,0.2131960364800514,2.9702310686359126,0.4453562456562119,2.965175506000095
E2c_h0.03_e0.2_L3_alibi_learn_attn_cf0.2_s1,L2H0,0.3898965862228689,0.8843371809385384,22400,0.3039986032965557,0.9676521451511187,0.9725992719407904,0.036238933189609704,1.5618142498072516,-4.83323194330304,0.512705751439835,-3.477737652780215,0.03669906791902882,6.299707587794018,0.03434825889207064
E2c_h0.03_e0.2_L3_alibi_learn_attn_cf0.2_s1,L2H1,0.4288042676670029,0.99905812760455,20929,0.3555182880494159,0.9638734497596576,0.9647614211756947,0.09809185403504866,3.325514209189226,-7.249635394343944,0.34946065885304645,-3.977979591877748,0.09656753028342255,10.375166257558018,0.10030304655104337
E2c_h0.03_e0.2_L3_alibi_learn_attn_cf0.2_s1,L2H2,0.1272525458092833,0.9672390840907772,19654,0.9005017220171729,0.9897938938307154,0.9904090780867787,0.2059561241812709,0.8921558836864294,-2.4850390447749215,-0.2583659294688519,-1.4891133080802128,0.20559197090600267,3.364330345286898,0.21010202896837527
E2c_h0.03_e0.2_L3_alibi_learn_attn_cf0.2_s1,L2H3,-0.0011972138521861,0.7329782955588521,14652,0.9984194219812771,0.9992248186751423,0.9992381944647092,0.5800590856789161,0.5057978497892992,0.041265382118813664,-0.04796660874480188,0.5586811365498242,0.5803269693179092,0.4704499569865464,0.5807156753094554
E2c_h0.03_e0.2_L3_alibi_learn_attn_cf0.2_s2,L1H0,-0.0070971458354579,0.3517639096244238,22400,0.9828892931315865,0.9839057754389944,0.9845542880325023,0.02460199487269739,0.05900486283231855,-0.015641486110312814,-0.051392977458011815,0.047167315227560874,0.024913367111772305,0.10108028424091456,0.024434018114501577
E2c_h0.03_e0.2_L3_alibi_learn_attn_cf0.2_s2,L1H1,0.0563093579900279,0.8522362299936503,22400,0.9812027594242749,0.9822141694928871,0.9839655563484558,0.050330032289718045,0.09033695994292348,-0.049275310858338986,-0.1728557620875658,0.05979535290331035,0.05125149503991652,0.22258099752453855,0.04989086763457583
E2c_h0.03_e0.2_L3_alibi_learn_attn_cf0.2_s2,L1H2,0.0057975881145561,0.9997249599286854,15788,0.9914778591983429,0.9935517007264635,0.9948355826181454,0.4718998569904771,0.6876106923740507,-0.171148041800181,-0.4675554348618779,0.5490974228246117,0.47960981387341356,0.9779341036331974,0.4744653734170596
E2c_h0.03_e0.2_L3_alibi_learn_attn_cf0.2_s2,L1H3,3.835567221924864e-05,0.0091307886654101,6528,0.9992503073653107,0.9994699411140704,0.9995216276481801,2.9148178946393717,0.18723445367960534,-0.18134704238708327,-0.36208101426472067,0.3659194144990236,2.920294943989811,0.7614757953758107,2.909340845288939
E2c_h0.03_e0.2_L3_alibi_learn_attn_cf0.2_s2,L2H0,0.3645287349496051,0.8130774913235135,22400,0.3664105744861744,0.9817932628649689,0.9843969364217923,0.039932336196114616,1.666983637478283,-4.667298443920536,0.375208561606983,-3.02656686208608,0.037626888447459435,6.139774225919357,0.041190885812324815
E2c_h0.03_e0.2_L3_alibi_learn_attn_cf0.2_s2,L2H1,0.4201697113595507,0.9994277809277848,21095,0.3565401885781204,0.9835483545608081,0.9836338956482398,0.09208373150575784,3.0717075818670705,-7.062562496898203,0.10403834637197118,-3.987981233119025,0.09122941512486309,10.021508117190713,0.09459730115758319
E2c_h0.03_e0.2_L3_alibi_learn_attn_cf0.2_s2,L2H2,0.162596011407965,0.9909387902693064,19265,0.8122545018497651,0.9881034145061651,0.9889320711660947,0.2239174089713477,1.1768783397871105,-3.7724278785552956,-0.3205109993476547,-2.4701254677301048,0.22356193485131218,4.908924664541761,0.2307201479910588
E2c_h0.03_e0.2_L3_alibi_learn_attn_cf0.2_s2,L2H3,-0.0020935027428089,0.729602679201682,15376,0.9985911306904494,0.999289145956327,0.9993351779448938,0.5268528788024404,0.46549696254309636,0.03102507849536251,-0.08971656225311204,0.4935555909050678,0.5289656194382577,0.46600101570791364,0.5268297750055689
